url,name,nickname,record,wins,losses,draws,Height,Weight,Reach,STANCE,DOB,SLpM,Str. Acc.,SApM,Str. Def,TD Avg.,TD Acc.,TD Def.,Sub. Avg.,ID
http://ufcstats.com/fighter-details/767755fd74662dbf,Khamzat Chimaev,Borz,15-1-0,15,1,0.0,"6' 2""",185 lbs.,"75""",Orthodox,"May 01, 1994",4.01,54%,2.98,52%,5.32,58%,87%,1.4,2672
http://ufcstats.com/fighter-details/0d8011111be000b2,Sean Strickland,,31-7-0,31,7,0.0,"6' 1""",185 lbs.,"76""",Orthodox,"Feb 27, 1991",5.98,42%,4.53,60%,0.66,62%,68%,0.1,2671
http://ufcstats.com/fighter-details/17e97649403ba428,Joshua Van,The Fearless,17-2-0,17,2,0.0,"5' 5""",125 lbs.,"65""",Orthodox,"Oct 10, 2001",8.43,57%,5.82,58%,0.82,61%,75%,0.2,2670
http://ufcstats.com/fighter-details/4461d7e47375a895,Tatsuro Taira,The Best,18-2-0,18,2,0.0,"5' 7""",125 lbs.,"70""",Orthodox,"Jan 27, 2000",2.87,54%,3.1,44%,3.57,43%,46%,1.3,2669
http://ufcstats.com/fighter-details/279566840aa55bf2,Alexander Volkov,Drago,40-11-0,40,11,0.0,"6' 7""",250 lbs.,"80""",Orthodox,"Oct 24, 1988",4.84,57%,2.9,54%,0.54,62%,68%,0.2,2668
http://ufcstats.com/fighter-details/fc08099550072fe4,Waldo Cortes Acosta,Salsa Boy,17-3-0,17,3,0.0,"6' 4""",260 lbs.,"78""",Orthodox,"Oct 03, 1991",5.34,48%,3.63,54%,0.4,50%,73%,0.1,2667
http://ufcstats.com/fighter-details/45f7cb591c3ab00b,Sean Brady,,19-2-0,19,2,0.0,"5' 10""",170 lbs.,"72""",Orthodox,"Nov 23, 1992",4.08,53%,2.77,59%,3.58,51%,86%,0.8,2666
http://ufcstats.com/fighter-details/b9437600497350f3,Joaquin Buckley,New Mansa,21-8-0,21,8,0.0,"5' 10""",170 lbs.,"76""",Southpaw,"Apr 27, 1994",3.62,36%,3.1,58%,1.43,45%,70%,0.1,2665
http://ufcstats.com/fighter-details/887961364be5ceb3,King Green,,35-17-1 (1 NC),35,17,,"5' 10""",155 lbs.,"71""",Orthodox,"Sep 09, 1986",6.46,53%,3.55,62%,1.33,43%,72%,0.3,2664
http://ufcstats.com/fighter-details/18968f97ad34f15c,Jeremy Stephens,Lil' Heathen,29-23-0 (1 NC),29,23,,"5' 9""",155 lbs.,"71""",Orthodox,"May 25, 1986",3.13,40%,3.25,57%,1.1,38%,61%,0.4,2663
http://ufcstats.com/fighter-details/2f815ed5f8278ba6,Ateba Gautier,The Storm,11-1-0,11,1,0.0,"6' 4""",185 lbs.,"81""",Switch,"Apr 10, 2002",4.32,43%,2.6,54%,0.41,100%,93%,0.0,2662
http://ufcstats.com/fighter-details/6967153c7edb4d87,Ozzy Diaz,,10-4-0,10,4,0.0,"6' 4""",185 lbs.,"79""",Orthodox,"Nov 22, 1990",5.33,49%,6.52,61%,0.0,0%,50%,0.0,2661
http://ufcstats.com/fighter-details/58bbef3770bb2dfc,Joel Alvarez,El Fenomeno,23-4-0,23,4,0.0,"6' 3""",170 lbs.,"77""",Orthodox,"Mar 02, 1993",4.53,54%,3.03,53%,0.18,33%,46%,1.1,2660
http://ufcstats.com/fighter-details/f139d6836efd43dd,Yaroslav Amosov,,30-1-0,30,1,0.0,"6' 0""",170 lbs.,"75""",Orthodox,"Sep 09, 1993",2.65,53%,1.38,60%,11.11,53%,0%,3.2,2659
http://ufcstats.com/fighter-details/99bd51917728c25d,Grant Dawson,KGD,24-3-1,24,3,1.0,"5' 10""",155 lbs.,"72""",Switch,"Feb 20, 1994",3.14,51%,2.14,44%,3.58,39%,66%,1.4,2658
http://ufcstats.com/fighter-details/849c5d9979df5357,Mateusz Rebecki,,20-5-0,20,5,0.0,"5' 7""",155 lbs.,"66""",Southpaw,"Oct 03, 1992",4.79,46%,4.36,54%,3.05,48%,53%,0.4,2657
http://ufcstats.com/fighter-details/d1941565abf50b16,Jim Miller,A-10,39-19-0 (1 NC),39,19,,"5' 8""",155 lbs.,"71""",Southpaw,"Aug 30, 1983",2.92,42%,3.43,56%,1.49,45%,47%,1.7,2656
http://ufcstats.com/fighter-details/7026eca45f65377b,Jared Gordon,Flash,21-9-0 (1 NC),21,9,,"5' 9""",155 lbs.,"68""",Orthodox,"Sep 06, 1988",5.57,53%,4.11,55%,1.91,34%,60%,0.0,2655
http://ufcstats.com/fighter-details/9d83f6da776ff7d6,Roman Kopylov,,15-5-0,15,5,0.0,"6' 0""",185 lbs.,"75""",Southpaw,"May 04, 1992",4.54,50%,5.08,53%,1.12,50%,88%,0.0,2654
http://ufcstats.com/fighter-details/9384e71bca6c409d,Marco Tulio,Matuto,14-3-0,14,3,0.0,"6' 0""",185 lbs.,"74""",Orthodox,"Jun 13, 1994",6.02,53%,2.97,56%,1.05,26%,0%,0.3,2653
http://ufcstats.com/fighter-details/b8bbdeff718dbb7d,Pat Sabatini,,22-5-0,22,5,0.0,"5' 8""",145 lbs.,"70""",Orthodox,"Nov 09, 1990",1.69,54%,1.16,54%,4.27,41%,50%,1.3,2652
http://ufcstats.com/fighter-details/e1d40e8782d80bc2,William Gomis,Jaguar,15-4-0,15,4,0.0,"6' 0""",145 lbs.,"73""",Southpaw,"Jun 13, 1997",3.2,48%,2.6,61%,0.73,38%,77%,0.3,2651
http://ufcstats.com/fighter-details/d1feea7a4bdcd503,Baisangur Susurkaev,The Real Hunter,12-0-0,12,0,0.0,"6' 2""",185 lbs.,"79""",Orthodox,"Jan 08, 2001",5.74,54%,4.45,58%,2.09,26%,100%,0.8,2650
http://ufcstats.com/fighter-details/312f7d7b2b2f7de4,Djorden Santos,Shakur,11-3-0,11,3,0.0,"6' 0""",185 lbs.,"75""",Orthodox,"Aug 01, 1997",6.64,42%,6.35,48%,0.51,28%,85%,0.0,2649
http://ufcstats.com/fighter-details/b62d5280966b2460,Clayton Carpenter,,8-3-0,8,3,0.0,"5' 6""",125 lbs.,"66""",Orthodox,"Jun 09, 1996",3.88,50%,4.47,49%,1.75,35%,50%,1.0,2648
http://ufcstats.com/fighter-details/88be62d6c1e6dadb,Jose Ochoa,Kalzifer,9-2-0 (1 NC),9,2,,"5' 7""",125 lbs.,"67""",Southpaw,"Dec 31, 2000",5.16,47%,2.99,58%,0.3,25%,65%,0.9,2647
http://ufcstats.com/fighter-details/6b453bc35a823c3f,Jack Della Maddalena,,18-4-0,18,4,0.0,"5' 11""",170 lbs.,"73""",Switch,"Sep 10, 1996",5.32,51%,4.24,61%,0.34,20%,64%,0.1,2646
http://ufcstats.com/fighter-details/7ee0fd831c0fe7c3,Carlos Prates,The Nightmare,24-7-0,24,7,0.0,"6' 1""",170 lbs.,"78""",Switch,"Aug 17, 1993",4.41,54%,4.3,47%,0.18,100%,77%,0.0,2645
http://ufcstats.com/fighter-details/08af939f41b5a57b,Beneil Dariush,,23-8-1,23,8,1.0,"5' 10""",155 lbs.,"72""",Southpaw,"May 06, 1989",3.74,49%,2.63,57%,2.21,38%,82%,0.8,2644
http://ufcstats.com/fighter-details/17734443a833cdf7,Quillan Salkilld,,12-1-0,12,1,0.0,"6' 0""",155 lbs.,"75""",Orthodox,"Dec 28, 1999",5.01,57%,3.03,45%,7.25,35%,80%,0.8,2643
http://ufcstats.com/fighter-details/c96d9178c9ed9e62,Tim Elliott,,22-14-1,22,14,1.0,"5' 7""",125 lbs.,"66""",Southpaw,"Dec 24, 1986",3.51,43%,3.0,56%,3.61,45%,59%,1.1,2642
http://ufcstats.com/fighter-details/32ab52e5de93092d,Steve Erceg,Astroboy,14-4-0,14,4,0.0,"5' 8""",125 lbs.,"68""",Orthodox,"Jul 27, 1995",4.64,47%,4.07,55%,1.13,28%,67%,0.4,2641
http://ufcstats.com/fighter-details/6eedb757f13b9978,Marwan Rahiki,Freaky,9-0-0,9,0,0.0,"5' 8""",145 lbs.,"72""",Orthodox,"May 10, 2002",7.75,52%,5.9,57%,0.0,0%,100%,0.8,2640
http://ufcstats.com/fighter-details/b701f095e6ccb149,Ollie Schmid,The Hungarian Stallion,4-3-0,4,3,0.0,"6' 0""",145 lbs.,"71""",Orthodox,"Dec 28, 2000",3.23,30%,7.9,45%,0.0,0%,0%,0.0,2639
http://ufcstats.com/fighter-details/6747ccd6d1acd266,Shamil Gaziev,,14-3-0,14,3,0.0,"6' 4""",265 lbs.,"78""",Orthodox,"Feb 10, 1990",2.94,46%,4.92,45%,1.06,33%,83%,0.3,2638
http://ufcstats.com/fighter-details/d0fd0d9ee560dae7,Brando Pericic,The Balkan Bear,7-1-0,7,1,0.0,"6' 5""",245 lbs.,"79""",Orthodox,"Aug 03, 1994",11.0,57%,4.26,58%,0.0,0%,71%,0.0,2637
http://ufcstats.com/fighter-details/c62fbc117d57b943,Tai Tuivasa,Bam Bam,15-10-0,15,10,0.0,"6' 2""",264 lbs.,"75""",Southpaw,"Mar 16, 1993",3.37,48%,4.61,42%,0.0,0%,58%,0.0,2636
http://ufcstats.com/fighter-details/cdb7b38b1b357f26,Louie Sutherland,Vanilla Gorilla,11-5-0,11,5,0.0,"6' 3""",264 lbs.,"76""",Orthodox,"Feb 08, 1994",1.81,68%,2.03,30%,4.95,42%,0%,0.0,2635
http://ufcstats.com/fighter-details/8ebc3a8da015d70c,Cam Rowston,,15-3-0,15,3,0.0,"6' 3""",185 lbs.,"78""",Orthodox,"Jan 19, 1995",4.6,48%,2.12,52%,1.34,44%,33%,0.3,2634
http://ufcstats.com/fighter-details/f96856f9d69fd7e4,Robert Bryczek,,18-7-0,18,7,0.0,"6' 0""",185 lbs.,"75""",Orthodox,"Jul 04, 1990",2.8,37%,4.51,55%,0.36,100%,71%,0.4,2633
http://ufcstats.com/fighter-details/c15fa95b9a12fde4,Junior Tafa,The Juggernaut,7-5-0,7,5,0.0,"6' 3""",205 lbs.,"75""",Orthodox,"Sep 21, 1996",3.62,53%,2.66,51%,0.0,0%,72%,0.0,2632
http://ufcstats.com/fighter-details/7e9b36a9847db116,Kevin Christian,,9-4-0,9,4,0.0,"6' 7""",205 lbs.,"80""",Orthodox,"Jan 21, 1995",2.19,58%,3.54,40%,0.0,0%,50%,1.9,2631
http://ufcstats.com/fighter-details/d4270315cbcf2569,Jacob Malkoun,Mamba,10-3-0,10,3,0.0,"5' 9""",185 lbs.,"73""",Orthodox,"Aug 26, 1995",4.23,56%,2.33,55%,5.39,42%,55%,0.8,2630
http://ufcstats.com/fighter-details/6ac9bc2953c47345,Gerald Meerschaert,GM3,37-22-0,37,22,0.0,"6' 1""",185 lbs.,"77""",Southpaw,"Dec 18, 1987",2.95,45%,3.44,53%,1.7,29%,40%,1.5,2629
http://ufcstats.com/fighter-details/ed7d329d7c29428d,Colby Thicknesse,Slickness,9-1-0,9,1,0.0,"5' 7""",135 lbs.,"69""",Orthodox,"Jun 23, 1999",3.24,41%,2.93,54%,0.67,7%,33%,1.7,2628
http://ufcstats.com/fighter-details/37098a6e6c27fb66,Vince Morales,Vandetta,16-11-0,16,11,0.0,"5' 7""",135 lbs.,"70""",Orthodox,"Nov 12, 1990",3.54,37%,3.91,54%,0.71,47%,63%,0.5,2627
http://ufcstats.com/fighter-details/3261aa79bf6caa64,Ben Johnston,,5-2-0,5,2,0.0,"6' 4""",185 lbs.,"76""",Orthodox,"Oct 11, 1990",1.01,75%,1.01,29%,2.54,100%,100%,0.0,2626
http://ufcstats.com/fighter-details/b4443fae47e7eb9d,Wes Schultz,Party Time,9-3-0,9,3,0.0,"6' 1""",185 lbs.,"77""",Orthodox,"Aug 09, 1996",2.91,46%,3.11,43%,2.39,21%,0%,3.6,2625
http://ufcstats.com/fighter-details/f782f953bfe7b5f2,Jonathan Micallef,The Captain,10-1-0,10,1,0.0,"6' 0""",170 lbs.,"77""",Southpaw,"Mar 05, 1999",3.85,43%,3.64,56%,1.08,42%,66%,0.7,2624
http://ufcstats.com/fighter-details/40f3cb27fc7305a1,Themba Gorimbo,Mamba,14-7-0,14,7,0.0,"6' 1""",170 lbs.,"77""",Orthodox,"Jan 23, 1991",2.7,56%,1.75,51%,4.52,62%,73%,0.4,2623
http://ufcstats.com/fighter-details/530af2900b5a1693,Dom Mar Fan,Street Buddha,9-3-0,9,3,0.0,"5' 11""",155 lbs.,"75""",Orthodox,"Mar 19, 2000",3.43,56%,2.31,44%,1.84,50%,62%,0.3,2622
http://ufcstats.com/fighter-details/aebaa8cec15b083d,Kody Steele,,8-1-0,8,1,0.0,"5' 9""",155 lbs.,"71""",Orthodox,"Apr 21, 1995",3.85,32%,6.2,52%,1.07,25%,100%,0.5,2621
http://ufcstats.com/fighter-details/cb696ebfb6598724,Aljamain Sterling,Funk Master,26-5-0,26,5,0.0,"5' 7""",145 lbs.,"71""",Orthodox,"Jul 31, 1989",4.26,52%,2.15,59%,2.54,32%,44%,0.6,2620
http://ufcstats.com/fighter-details/52c2ae6d2f2d2613,Youssef Zalal,The Moroccan Devil,18-6-1,18,6,1.0,"5' 10""",145 lbs.,"72""",Switch,"Sep 04, 1996",2.78,50%,1.79,64%,1.84,31%,55%,1.3,2619
http://ufcstats.com/fighter-details/d3f5d33d61cd00c9,Norma Dumont,The Immortal,13-3-0,13,3,0.0,"5' 7""",135 lbs.,"67""",Orthodox,"Oct 01, 1990",3.85,50%,2.33,64%,1.43,54%,71%,0.0,2618
http://ufcstats.com/fighter-details/f9ab66e67240db7b,Joselyne Edwards,La Pantera,18-6-0,18,6,0.0,"5' 8""",135 lbs.,"70""",Orthodox,"Sep 29, 1995",4.61,53%,3.26,50%,1.29,36%,62%,0.6,2617
http://ufcstats.com/fighter-details/e132d47bd9efbbe0,Rafa Garcia,Gifted,19-4-0,19,4,0.0,"5' 7""",155 lbs.,"70""",Orthodox,"Aug 05, 1994",4.28,44%,4.42,61%,3.22,45%,77%,0.4,2616
http://ufcstats.com/fighter-details/262a7d06203657e6,Alexander Hernandez,El Gran Chango,18-9-0,18,9,0.0,"5' 9""",155 lbs.,"72""",Orthodox,"Oct 01, 1992",4.23,40%,4.45,59%,1.05,35%,68%,0.1,2615
http://ufcstats.com/fighter-details/113df4fde64735c6,Davey Grant,Dangerous,18-8-0,18,8,0.0,"5' 8""",135 lbs.,"69""",Orthodox,"Dec 18, 1985",5.58,45%,4.04,54%,0.95,38%,65%,0.2,2614
http://ufcstats.com/fighter-details/e3b30b573e7f0d19,Adrian Luna Martinetti,,17-2-0,17,2,0.0,"5' 8""",135 lbs.,"71""",Orthodox,"Aug 20, 1995",8.8,58%,9.3,47%,2.0,33%,100%,0.0,2613
http://ufcstats.com/fighter-details/cc1a8b4b38b92c6d,Montel Jackson,Quik,15-4-0,15,4,0.0,"5' 10""",135 lbs.,"75""",Southpaw,"Apr 24, 1992",3.02,52%,1.4,60%,2.71,63%,67%,0.3,2612
http://ufcstats.com/fighter-details/b9f28e7045fdfce7,Raoni Barcelos,,22-5-0,22,5,0.0,"5' 7""",135 lbs.,"67""",Orthodox,"May 01, 1987",4.65,51%,4.24,60%,2.51,31%,87%,0.7,2611
http://ufcstats.com/fighter-details/095854a135e6db55,Marcus Buchecha,,5-3-1,5,3,1.0,"6' 2""",255 lbs.,"77""",Orthodox,"Jan 08, 1990",1.59,50%,2.15,50%,2.02,16%,0%,0.4,2610
http://ufcstats.com/fighter-details/a67f5afa8d6a1b80,Ryan Spann,Superman,24-11-0,24,11,0.0,"6' 5""",205 lbs.,"79""",Orthodox,"Aug 24, 1991",3.11,39%,3.92,43%,1.21,34%,59%,1.7,2609
http://ufcstats.com/fighter-details/260e9e0d4954aea6,Rodolfo Vieira,,11-5-0,11,5,0.0,"6' 0""",185 lbs.,"73""",Orthodox,"Sep 25, 1989",3.43,54%,4.28,49%,2.87,22%,60%,0.9,2608
http://ufcstats.com/fighter-details/9508cc6184cb2450,Eric McConico,,11-4-1,11,4,1.0,"6' 0""",185 lbs.,"77""",Southpaw,"May 09, 1990",2.92,46%,3.05,45%,0.64,100%,68%,0.0,2607
http://ufcstats.com/fighter-details/3eeec2f53cebdf12,Jackson McVey,The Moose,7-2-0,7,2,0.0,"6' 4""",185 lbs.,"77""",Southpaw,"Mar 25, 1999",6.51,69%,3.37,23%,0.0,0%,0%,1.2,2606
http://ufcstats.com/fighter-details/4e6738062d469256,Sedriques Dumas,The Reaper,10-5-0 (1 NC),10,5,,"6' 2""",185 lbs.,"79""",Orthodox,"Aug 06, 1995",1.97,44%,2.64,53%,1.3,31%,33%,0.2,2605
http://ufcstats.com/fighter-details/cc8c623cca88f54f,Mayra Bueno Silva,Sheetara,10-7-1 (1 NC),10,7,,"5' 6""",135 lbs.,"66""",Orthodox,"Aug 22, 1991",3.52,56%,4.71,51%,0.46,23%,64%,1.3,2604
http://ufcstats.com/fighter-details/ca80d72da81d7224,Michelle Montague,The Wild One,8-0-0,8,0,0.0,"5' 9""",135 lbs.,"68""",Southpaw,"Nov 25, 1993",2.77,48%,2.47,41%,3.5,53%,0%,0.0,2603
http://ufcstats.com/fighter-details/65adf3856c4d9256,Jafel Filho,Pastor,17-5-0,17,5,0.0,"5' 7""",125 lbs.,"68""",Orthodox,"May 05, 1993",1.78,40%,1.76,50%,2.4,47%,50%,1.8,2602
http://ufcstats.com/fighter-details/7f6ed67d3ed3c036,Cody Durden,Custom Made,18-10-1,18,10,1.0,"5' 7""",125 lbs.,"67""",Southpaw,"Mar 29, 1991",3.24,44%,3.94,50%,3.99,49%,56%,0.7,2601
http://ufcstats.com/fighter-details/5d495dec23d7c68e,Francis Marshall,Fire,10-3-0,10,3,0.0,"5' 9""",155 lbs.,"72""",Orthodox,"Mar 03, 1999",3.19,34%,3.45,55%,2.71,47%,88%,0.5,2600
http://ufcstats.com/fighter-details/33a8708747b7f943,Lucas Brennan,Skywalker,11-3-0,11,3,0.0,"5' 10""",155 lbs.,"72""",Southpaw,"Jun 03, 2000",0.6,25%,2.2,52%,0.0,0%,33%,1.0,2599
http://ufcstats.com/fighter-details/b0d6a1d8ac3d563d,Max Griffin,Pain,20-13-0,20,13,0.0,"5' 11""",170 lbs.,"76""",Orthodox,"Nov 29, 1985",3.7,47%,3.69,58%,1.44,41%,69%,0.2,2598
http://ufcstats.com/fighter-details/078695e385ec2f57,Victor Valenzuela,Psicosis,14-4-0,14,4,0.0,"5' 9""",170 lbs.,"71""",Orthodox,"Feb 09, 1994",3.47,40%,4.81,51%,0.63,33%,55%,0.0,2597
http://ufcstats.com/fighter-details/d35298b6df168456,Talita Alencar,Problem Child,8-1-1,8,1,1.0,"5' 1""",115 lbs.,"58""",Orthodox,"Oct 17, 1990",3.09,36%,3.67,51%,3.01,29%,66%,0.5,2596
http://ufcstats.com/fighter-details/abb68e3c7ca128f2,Julia Polastri,Psycho,14-6-0,14,6,0.0,"5' 2""",115 lbs.,"63""",Orthodox,"Mar 05, 1998",6.22,56%,5.18,59%,0.62,80%,57%,0.3,2595
http://ufcstats.com/fighter-details/23024fdfc966410a,Gilbert Burns,Durinho,22-10-0,22,10,0.0,"5' 10""",170 lbs.,"71""",Orthodox,"Jul 20, 1986",3.16,48%,3.68,52%,2.04,35%,53%,0.4,2594
http://ufcstats.com/fighter-details/dd6103dd7127db1d,Mike Malott,Proper,14-2-1,14,2,1.0,"6' 1""",170 lbs.,"73""",Orthodox,"Nov 07, 1991",4.02,48%,3.09,56%,1.63,50%,57%,0.7,2593
http://ufcstats.com/fighter-details/60425d07ef4b91a7,Kyler Phillips,The Matrix,12-5-0,12,5,0.0,"5' 8""",135 lbs.,"72""",Orthodox,"Jun 12, 1995",4.75,43%,3.83,58%,2.82,47%,75%,0.3,2592
http://ufcstats.com/fighter-details/f1d64ae34e088832,Charles Jourdain,Air,18-8-1,18,8,1.0,"5' 9""",135 lbs.,"69""",Switch,"Nov 27, 1995",5.36,49%,4.11,56%,0.38,21%,46%,0.6,2591
http://ufcstats.com/fighter-details/8f4528c10bd34fab,Mandel Nallo,Mango,14-4-0 (1 NC),14,4,,"6' 0""",155 lbs.,"75""",Orthodox,"Jul 26, 1989",8.26,58%,5.03,54%,0.0,0%,100%,0.0,2590
http://ufcstats.com/fighter-details/4c88a1db5a46c6a4,Jai Herbert,Black Country Banger,14-6-1,14,6,1.0,"6' 1""",155 lbs.,"77""",Orthodox,"May 13, 1988",3.19,41%,3.34,52%,0.42,21%,66%,0.0,2589
http://ufcstats.com/fighter-details/a9e260472d321361,Jasmine Jasudavicius,,15-4-0,15,4,0.0,"5' 7""",125 lbs.,"68""",Orthodox,"Mar 01, 1989",3.47,44%,3.46,51%,2.63,46%,75%,0.5,2588
http://ufcstats.com/fighter-details/9d62c2d8ee151f08,Karine Silva,Killer,19-7-0,19,7,0.0,"5' 5""",125 lbs.,"67""",Orthodox,"Dec 02, 1993",2.24,38%,2.74,52%,1.93,50%,26%,1.6,2587
http://ufcstats.com/fighter-details/d945aae53e3e54e6,Thiago Moises,,19-10-0,19,10,0.0,"5' 9""",155 lbs.,"70""",Orthodox,"Mar 23, 1995",2.52,42%,4.4,52%,1.37,29%,52%,1.1,2586
http://ufcstats.com/fighter-details/b2a78df161bd67f9,Gauge Young,Gee Money,11-3-0,11,3,0.0,"5' 9""",155 lbs.,"70""",Orthodox,"Jul 14, 2000",6.32,52%,5.12,49%,0.75,30%,76%,0.0,2585
http://ufcstats.com/fighter-details/c4d039123e62f6a9,Dennis Buzukja,The Great,12-6-0,12,6,0.0,"5' 9""",145 lbs.,"70""",Switch,"Oct 01, 1997",4.21,43%,4.79,48%,0.62,27%,75%,0.2,2584
http://ufcstats.com/fighter-details/c85bad793cd14e28,Marcio Barbosa,Ticoto,18-2-0,18,2,0.0,"5' 6""",145 lbs.,"70""",Orthodox,"May 22, 1998",7.01,47%,6.65,52%,0.0,0%,100%,0.0,2583
http://ufcstats.com/fighter-details/cd0dfd9846bd03b9,Julien Leblanc,,10-3-0,10,3,0.0,"6' 2""",185 lbs.,"74""",Southpaw,"Jan 21, 1992",1.69,66%,2.96,46%,0.0,0%,0%,0.0,2582
http://ufcstats.com/fighter-details/0cd0456d6029cec2,Robert Valentin,Robzilla,12-6-0 (1 NC),12,6,,"6' 2""",185 lbs.,"77""",Orthodox,"Mar 31, 1995",1.3,55%,2.72,33%,0.59,50%,55%,1.8,2581
http://ufcstats.com/fighter-details/04c8b08b16a5b99e,Tanner Boser,The Bulldozer,22-11-1,22,11,1.0,"6' 2""",205 lbs.,"75""",Orthodox,"Aug 02, 1991",4.82,53%,3.0,57%,0.0,0%,69%,0.0,2580
http://ufcstats.com/fighter-details/1a97a3ef4c758fae,Gokhan Saricam,,12-2-0,12,2,0.0,"6' 3""",265 lbs.,"75""",Orthodox,"Feb 28, 1991",5.87,47%,6.18,38%,0.0,0%,100%,0.0,2579
http://ufcstats.com/fighter-details/51e2f44a8dbf6984,Melissa Croden,Scare,8-3-0,8,3,0.0,"5' 9""",135 lbs.,"68""",Orthodox,"Apr 12, 1991",4.27,47%,2.13,59%,2.02,50%,66%,0.3,2578
http://ufcstats.com/fighter-details/07047eb7d17fb0a2,Daria Zhelezniakova,Iron Lady,10-3-0,10,3,0.0,"5' 9""",135 lbs.,"68""",Orthodox,"Jan 23, 1996",4.13,40%,3.38,64%,0.31,100%,50%,0.0,2577
http://ufcstats.com/fighter-details/6fd953151d981979,JJ Aldrich,,15-7-0,15,7,0.0,"5' 5""",125 lbs.,"67""",Southpaw,"Sep 29, 1992",3.92,46%,4.34,61%,0.7,25%,67%,0.0,2576
http://ufcstats.com/fighter-details/5c637af9472ae7cc,Jamey-Lyn Horth,,9-3-0,9,3,0.0,"5' 7""",125 lbs.,"66""",Orthodox,"Mar 30, 1990",3.8,47%,2.64,63%,0.98,42%,80%,0.2,2575
http://ufcstats.com/fighter-details/5fa2974cbd18e05c,John Castaneda,Sexi Mexi,21-8-1,21,8,1.0,"5' 6""",135 lbs.,"71""",Switch,"Dec 18, 1991",4.95,51%,5.07,54%,1.49,37%,75%,0.1,2574
http://ufcstats.com/fighter-details/0e6b611451a9a7d8,Mark Vologdin,,12-4-2,12,4,2.0,"5' 3""",135 lbs.,"65""",Orthodox,"Apr 18, 2000",6.93,47%,10.0,40%,0.5,14%,57%,0.0,2573
http://ufcstats.com/fighter-details/e6679e38e7fab7a8,Jamie Siraj,The Gremlin,14-4-0,14,4,0.0,"5' 7""",135 lbs.,"66""",Orthodox,"Jun 28, 1994",2.21,25%,7.73,38%,0.0,0%,0%,0.0,2572
http://ufcstats.com/fighter-details/450bcab0968562c4,John Yannis,,10-4-0,10,4,0.0,"5' 7""",135 lbs.,"70""",Southpaw,"Jul 07, 1994",3.3,53%,1.26,74%,0.0,0%,66%,0.0,2571
http://ufcstats.com/fighter-details/009341ed974bad72,Jiri Prochazka,,32-6-1,32,6,1.0,"6' 3""",205 lbs.,"80""",Orthodox,"Oct 14, 1992",5.61,55%,5.67,45%,0.49,60%,68%,0.2,2570
http://ufcstats.com/fighter-details/9014c02eff8b3d62,Carlos Ulberg,Black Jag,15-1-0,15,1,0.0,"6' 4""",205 lbs.,"77""",Orthodox,"Nov 07, 1990",6.57,55%,4.03,51%,0.53,60%,85%,0.2,2569
http://ufcstats.com/fighter-details/e90a2f22417af68e,Azamat Murzakanov,The Professional,16-1-0,16,1,0.0,"5' 10""",205 lbs.,"71""",Southpaw,"Apr 12, 1989",4.4,56%,3.2,56%,0.68,20%,88%,0.2,2568
http://ufcstats.com/fighter-details/2e5c2aa8e4ab9d82,Paulo Costa,The Eraser,16-4-0,16,4,0.0,"6' 1""",205 lbs.,"72""",Orthodox,"Apr 21, 1991",6.15,59%,5.96,49%,0.3,42%,77%,0.0,2567
http://ufcstats.com/fighter-details/fa6796c55d6c5440,Curtis Blaydes,Razor,19-6-0 (1 NC),19,6,,"6' 4""",265 lbs.,"80""",Orthodox,"Feb 18, 1991",4.18,52%,2.76,53%,5.12,47%,35%,0.0,2566
http://ufcstats.com/fighter-details/955da1675ad58a50,Josh Hokit,,9-0-0,9,0,0.0,"6' 1""",236 lbs.,"73""",Orthodox,"Nov 12, 1997",9.25,62%,6.81,44%,3.89,43%,75%,0.0,2565
http://ufcstats.com/fighter-details/2e19380f34871c6a,Dominick Reyes,The Devastator,16-5-0,16,5,0.0,"6' 4""",205 lbs.,"77""",Southpaw,"Dec 26, 1989",4.99,53%,3.4,49%,0.25,28%,82%,0.2,2564
http://ufcstats.com/fighter-details/c21f26bbde777573,Johnny Walker,,22-10-0 (1 NC),22,10,,"6' 6""",205 lbs.,"82""",Orthodox,"Mar 30, 1992",3.9,54%,2.99,46%,0.36,50%,57%,0.7,2563
http://ufcstats.com/fighter-details/d247691a6c0e9034,Cub Swanson,,31-14-0,31,14,0.0,"5' 8""",145 lbs.,"70""",Orthodox,"Nov 02, 1983",4.84,51%,3.99,59%,1.0,50%,63%,0.4,2562
http://ufcstats.com/fighter-details/583ee11abddfc581,Nate Landwehr,The Train,18-8-0,18,8,0.0,"5' 9""",145 lbs.,"72""",Orthodox,"Jun 06, 1988",5.55,45%,5.96,51%,0.73,41%,71%,0.7,2561
http://ufcstats.com/fighter-details/98a58c26c5b1ed17,Patricio Pitbull,,37-9-0,37,9,0.0,"5' 6""",145 lbs.,"67""",Orthodox,"Jul 07, 1987",2.77,45%,4.61,55%,1.26,33%,74%,0.5,2560
http://ufcstats.com/fighter-details/5537efc6e496dd84,Aaron Pico,,14-5-0,14,5,0.0,"5' 8""",145 lbs.,"70""",Orthodox,"Sep 23, 1996",6.16,53%,3.11,45%,6.54,50%,0%,0.0,2559
http://ufcstats.com/fighter-details/3a46b268013afede,Kevin Holland,Trailblazer,29-15-0 (1 NC),29,15,,"6' 3""",170 lbs.,"81""",Orthodox,"Nov 05, 1992",4.24,49%,3.21,50%,0.79,36%,57%,0.6,2558
http://ufcstats.com/fighter-details/c6aee362c7a7d482,Randy Brown,Rudeboy,20-8-0,20,8,0.0,"6' 3""",170 lbs.,"78""",Orthodox,"Jul 08, 1990",4.39,47%,3.35,53%,0.71,34%,74%,0.5,2557
http://ufcstats.com/fighter-details/72db2a14ffa73ece,Mateusz Gamrot,Gamer,26-4-0 (1 NC),26,4,,"5' 10""",155 lbs.,"70""",Southpaw,"Dec 11, 1990",3.21,51%,2.81,60%,5.22,38%,83%,0.2,2556
http://ufcstats.com/fighter-details/323d4ca260dfa0ba,Esteban Ribovics,El Gringo,15-3-0,15,3,0.0,"5' 10""",155 lbs.,"69""",Orthodox,"Apr 27, 1996",7.27,43%,5.83,54%,0.35,66%,66%,0.2,2555
http://ufcstats.com/fighter-details/b08012bbe542592a,Tatiana Suarez,,13-1-0,13,1,0.0,"5' 5""",115 lbs.,"66""",Southpaw,"Dec 19, 1990",2.86,60%,1.63,44%,4.52,45%,57%,0.7,2554
http://ufcstats.com/fighter-details/8e5d953bdb9ae5e7,Loopy Godinez,,14-6-0,14,6,0.0,"5' 2""",115 lbs.,"61""",Orthodox,"Sep 06, 1993",4.43,49%,3.94,62%,2.99,42%,76%,0.8,2553
http://ufcstats.com/fighter-details/06626b6287e1ae1e,Chris Padilla,Taco,17-6-1,17,6,1.0,"5' 9""",155 lbs.,"74""",Orthodox,"Sep 14, 1995",6.19,54%,4.88,49%,1.13,28%,80%,0.3,2552
http://ufcstats.com/fighter-details/e2be0c1a9b886d92,MarQuel Mederos,,11-1-1,11,1,1.0,"5' 10""",155 lbs.,"69""",Orthodox,"Nov 30, 1996",5.46,58%,4.58,52%,0.23,8%,82%,0.0,2551
http://ufcstats.com/fighter-details/8c0580d4fff106c1,Kelvin Gastelum,,21-11-0 (1 NC),21,11,,"5' 9""",185 lbs.,"71""",Southpaw,"Oct 24, 1991",3.65,42%,3.52,57%,1.04,35%,60%,0.1,2550
http://ufcstats.com/fighter-details/6d4b63c767106d3a,Vicente Luque,The Silent Assassin,24-12-1,24,12,1.0,"5' 11""",185 lbs.,"75""",Orthodox,"Nov 27, 1991",4.8,50%,5.24,51%,0.89,48%,59%,0.7,2549
http://ufcstats.com/fighter-details/feedf3053472fe56,Charles Radtke,Chuck Buffalo,12-5-0,12,5,0.0,"5' 9""",170 lbs.,"72""",Orthodox,"Jul 09, 1990",2.5,53%,2.45,54%,1.99,44%,100%,0.5,2548
http://ufcstats.com/fighter-details/3920d0cc288f9b0d,Francisco Prado,,12-5-0,12,5,0.0,"5' 10""",170 lbs.,"69""",Orthodox,"Jun 16, 2002",3.68,43%,4.31,54%,0.76,19%,40%,0.8,2547
http://ufcstats.com/fighter-details/b6452706b373eea1,Renato Moicano,,21-7-1,21,7,1.0,"5' 11""",155 lbs.,"72""",Orthodox,"May 21, 1989",4.1,49%,3.55,59%,1.68,40%,64%,0.6,2546
http://ufcstats.com/fighter-details/fd406a32a6fb3a29,Chris Duncan,The Problem,15-3-0,15,3,0.0,"5' 10""",155 lbs.,"71""",Orthodox,"May 10, 1993",4.83,45%,4.57,50%,2.92,40%,55%,0.6,2545
http://ufcstats.com/fighter-details/7dda2cf308f24a02,Virna Jandiroba,Carcara,23-4-0,23,4,0.0,"5' 3""",115 lbs.,"64""",Orthodox,"May 30, 1988",2.27,41%,2.86,55%,3.13,39%,72%,1.4,2544
http://ufcstats.com/fighter-details/d25240135aee03e5,Tabatha Ricci,Baby Shark,12-4-0,12,4,0.0,"5' 1""",115 lbs.,"61""",Orthodox,"Feb 21, 1995",4.0,37%,4.83,57%,2.51,37%,65%,0.1,2543
http://ufcstats.com/fighter-details/95aff2fd8d09a5f0,Abdul Rakhman Yakhyaev,The Hunter,9-0-0,9,0,0.0,"6' 2""",205 lbs.,"78""",Orthodox,"Mar 01, 2001",7.4,67%,2.3,57%,11.49,75%,100%,7.7,2542
http://ufcstats.com/fighter-details/49edd0d90f60fb7d,Brendson Ribeiro,The Gorilla,17-10-0 (1 NC),17,10,,"6' 3""",205 lbs.,"81""",Orthodox,"Sep 08, 1996",3.04,42%,3.91,53%,0.85,42%,21%,0.6,2541
http://ufcstats.com/fighter-details/d776b5814f2400b4,Ethyn Ewing,The Professor Finesser,10-2-0,10,2,0.0,"5' 6""",135 lbs.,"69""",Orthodox,"Feb 19, 1996",7.44,55%,4.53,63%,1.68,60%,100%,0.0,2540
http://ufcstats.com/fighter-details/83455a9d17f57dae,Rafael Estevam,Macapa,14-1-0,14,1,0.0,"5' 8""",135 lbs.,"69""",Orthodox,"Aug 10, 1996",2.4,39%,3.9,45%,4.91,33%,66%,0.2,2539
http://ufcstats.com/fighter-details/6b0a6def604de298,Tommy McMillen,Gun,10-0-0,10,0,0.0,"6' 0""",145 lbs.,"74""",Orthodox,"Dec 15, 1997",9.87,53%,5.54,58%,0.0,0%,83%,0.0,2538
http://ufcstats.com/fighter-details/fd7ab338e4953644,Manolo Zecchini,Angelo Veneziano,11-5-0,11,5,0.0,"5' 8""",145 lbs.,"68""",Orthodox,"Oct 22, 1996",3.72,28%,12.82,45%,0.0,0%,0%,0.0,2537
http://ufcstats.com/fighter-details/d7c4956d61ae76a9,Jose Delano,,17-3-0,17,3,0.0,"5' 8""",145 lbs.,"70""",Orthodox,"Sep 11, 1996",8.43,64%,3.5,68%,0.0,0%,75%,0.0,2536
http://ufcstats.com/fighter-details/92aed9d16794f42b,Robert Ruchala,Faker,11-3-0,11,3,0.0,"5' 8""",145 lbs.,"72""",Switch,"May 15, 1998",3.37,34%,5.2,45%,1.0,22%,71%,0.0,2535
http://ufcstats.com/fighter-details/ba15006c804a8de0,Guilherme Pat,Kong,6-1-0,6,1,0.0,"6' 6""",265 lbs.,"81""",Orthodox,"Apr 20, 1994",2.7,61%,2.03,51%,0.0,0%,100%,0.0,2534
http://ufcstats.com/fighter-details/764d39074a352e33,Thomas Petersen,The Train,11-4-0,11,4,0.0,"6' 1""",250 lbs.,"74""",Southpaw,"Mar 30, 1995",3.1,59%,2.61,54%,3.01,43%,87%,0.4,2533
http://ufcstats.com/fighter-details/3fa97913cfd205d3,Alessandro Costa,Nono,15-5-0,15,5,0.0,"5' 4""",125 lbs.,"67""",Orthodox,"Jan 28, 1996",3.73,45%,3.72,56%,0.79,26%,86%,0.4,2532
http://ufcstats.com/fighter-details/2bd98ab77a8daa75,Stewart Nicoll,Kakamora,8-3-0,8,3,0.0,"5' 5""",125 lbs.,"65""",Orthodox,"Apr 11, 1996",3.63,39%,5.84,49%,1.63,11%,28%,0.0,2531
http://ufcstats.com/fighter-details/f9b200db02b488d9,Lando Vannata,Groovy,12-8-2,12,8,2.0,"5' 9""",155 lbs.,"71""",Orthodox,"Mar 14, 1992",4.52,45%,4.71,54%,1.24,36%,66%,0.3,2530
http://ufcstats.com/fighter-details/65db4065e2bc107d,Darrius Flowers,Beast Mode,13-8-1,13,8,1.0,"5' 9""",155 lbs.,"71""",Orthodox,"Aug 25, 1994",3.13,50%,5.35,42%,1.65,44%,66%,0.4,2529
http://ufcstats.com/fighter-details/81d2c551886bd5a1,Alice Pereira,Golden Girl,7-1-0,7,1,0.0,"5' 8""",135 lbs.,"71""",Orthodox,"Dec 20, 2005",2.83,36%,3.11,66%,0.0,0%,75%,0.0,2528
http://ufcstats.com/fighter-details/3c26c420584d912d,Hailey Cowan,All Hail,7-5-0,7,5,0.0,"5' 8""",135 lbs.,"67""",Southpaw,"Feb 12, 1992",2.66,43%,2.92,40%,1.95,42%,80%,0.0,2527
http://ufcstats.com/fighter-details/3bc3f60b21cddc6a,Azamat Bekoev,Iron,20-5-0,20,5,0.0,"6' 0""",185 lbs.,"72""",Orthodox,"Dec 30, 1995",4.57,52%,6.83,31%,3.48,43%,62%,0.0,2526
http://ufcstats.com/fighter-details/147e70aa6cc48cfc,Tresean Gore,Mr. Vicious,7-4-0,7,4,0.0,"6' 0""",185 lbs.,"75""",Switch,"Jun 21, 1994",3.41,49%,7.0,40%,1.91,72%,83%,1.0,2525
http://ufcstats.com/fighter-details/27b388f0aab49780,Dione Barbosa,The Witch,9-4-0,9,4,0.0,"5' 6""",125 lbs.,"66""",Orthodox,"May 08, 1992",2.21,45%,2.4,64%,2.4,44%,63%,1.7,2524
http://ufcstats.com/fighter-details/a4a80dd7336ffd59,Melissa Gatto,,9-3-2,9,3,2.0,"5' 5""",125 lbs.,"69""",Orthodox,"May 02, 1996",3.47,49%,2.67,54%,1.77,27%,58%,0.4,2523
http://ufcstats.com/fighter-details/eee0ef3e2b14816b,Kai Kamaka III,Da Fighting Hawaiian,18-7-1,18,7,1.0,"5' 7""",145 lbs.,"69""",Orthodox,"Jan 05, 1995",5.4,59%,5.67,56%,1.51,53%,55%,0.2,2522
http://ufcstats.com/fighter-details/6142edbd477d20c9,Dakota Hope,Huracan,11-2-0,11,2,0.0,"5' 6""",155 lbs.,"68""",,"Jan 29, 1997",7.07,41%,7.0,33%,1.0,33%,100%,0.0,2521
http://ufcstats.com/fighter-details/1338e2c7480bdf9e,Israel Adesanya,The Last Stylebender,24-6-0,24,6,0.0,"6' 4""",185 lbs.,"80""",Switch,"Jul 22, 1989",4.03,48%,3.22,55%,0.05,9%,76%,0.1,2520
http://ufcstats.com/fighter-details/c1085e1701b13eca,Joe Pyfer,Bodybagz,16-3-0,16,3,0.0,"6' 2""",185 lbs.,"75""",Orthodox,"Sep 17, 1996",3.52,44%,3.22,52%,1.45,30%,62%,0.9,2519
http://ufcstats.com/fighter-details/e8b731feff72294b,Alexa Grasso,,17-5-1,17,5,1.0,"5' 5""",125 lbs.,"66""",Orthodox,"Aug 09, 1993",4.11,41%,3.71,58%,0.4,35%,54%,0.7,2518
http://ufcstats.com/fighter-details/6a740daf1b279661,Maycee Barber,The Future,15-3-0,15,3,0.0,"5' 5""",125 lbs.,"65""",Switch,"May 18, 1998",4.56,53%,2.78,55%,1.56,45%,51%,0.1,2517
http://ufcstats.com/fighter-details/c58f51dedb310998,Michael Chiesa,Maverick,20-7-0,20,7,0.0,"6' 1""",170 lbs.,"75""",Southpaw,"Dec 07, 1987",2.02,40%,1.73,57%,3.11,47%,65%,1.0,2516
http://ufcstats.com/fighter-details/d8da10db80131bec,Niko Price,The Hybrid,16-11-0 (2 NC),16,11,,"6' 0""",170 lbs.,"76""",Orthodox,"Sep 29, 1989",5.11,43%,5.57,48%,1.06,30%,50%,0.6,2515
http://ufcstats.com/fighter-details/902ec2cc48c8ae8a,Julian Erosa,Juicy J,31-14-0,31,14,0.0,"6' 1""",145 lbs.,"74""",Southpaw,"Jul 31, 1989",6.18,48%,6.31,48%,1.73,43%,61%,0.7,2514
http://ufcstats.com/fighter-details/640a0f838f057a81,Lerryan Douglas,Gunslinger,14-5-0,14,5,0.0,"5' 9""",145 lbs.,"72""",Orthodox,"Apr 27, 1995",8.67,64%,4.82,63%,0.0,0%,0%,0.0,2513
http://ufcstats.com/fighter-details/841695e02c99a521,Mansur Abdul-Malik,,9-1-1,9,1,1.0,"6' 2""",185 lbs.,"80""",Orthodox,"Oct 07, 1997",3.28,44%,4.49,46%,1.65,41%,83%,0.3,2512
http://ufcstats.com/fighter-details/7674b836ce0698a0,Yousri Belgaroui,,10-3-0,10,3,0.0,"6' 6""",185 lbs.,"79""",Orthodox,"Jun 02, 1992",6.1,64%,2.17,63%,0.29,100%,66%,0.0,2511
http://ufcstats.com/fighter-details/809bd1a871491508,Terrance McKinney,T. Wrecks,18-8-0,18,8,0.0,"5' 10""",155 lbs.,"73""",Switch,"Sep 15, 1994",6.53,55%,3.45,43%,3.31,40%,72%,2.1,2510
http://ufcstats.com/fighter-details/31f8081c7600da93,Kyle Nelson,The Monster,17-7-1,17,7,1.0,"5' 11""",155 lbs.,"71""",Switch,"Apr 20, 1991",3.6,45%,4.58,53%,1.18,23%,66%,0.5,2509
http://ufcstats.com/fighter-details/e4a47b07044ddd72,Ignacio Bahamondes,La Jaula,17-7-0,17,7,0.0,"6' 3""",155 lbs.,"75""",Orthodox,"Aug 27, 1997",5.99,46%,4.07,55%,0.0,0%,70%,0.6,2508
http://ufcstats.com/fighter-details/ae81a3ac7b260411,Tofiq Musayev,,23-6-0,23,6,0.0,"5' 9""",155 lbs.,"69""",Orthodox,"Dec 15, 1989",1.84,46%,1.74,50%,2.3,60%,50%,0.0,2507
http://ufcstats.com/fighter-details/971246648e162f0d,Chase Hooper,The Dream,16-5-1,16,5,1.0,"6' 1""",155 lbs.,"74""",Southpaw,"Sep 13, 1999",4.5,49%,3.02,39%,2.43,32%,55%,2.1,2506
http://ufcstats.com/fighter-details/07bc580bdf3eb9c8,Lance Gibson Jr.,Fearless,10-2-0,10,2,0.0,"5' 9""",155 lbs.,"72""",Switch,"Feb 02, 1995",2.4,45%,4.24,56%,1.67,66%,75%,0.0,2505
http://ufcstats.com/fighter-details/c9cf753cfdf77fc2,Marcin Tybura,Tybur,27-11-0,27,11,0.0,"6' 3""",249 lbs.,"78""",Orthodox,"Nov 09, 1985",3.56,48%,3.26,55%,1.3,33%,70%,0.1,2504
http://ufcstats.com/fighter-details/bc7f4b2d4c2724a2,Tyrell Fortune,,18-3-0 (2 NC),18,3,,"6' 0""",259 lbs.,"75""",Orthodox,"Jul 04, 1990",2.0,50%,3.13,57%,3.0,60%,100%,0.0,2503
http://ufcstats.com/fighter-details/04835018f90b118c,Casey O'Neill,King,11-2-0,11,2,0.0,"5' 6""",125 lbs.,"69""",Orthodox,"Oct 07, 1997",7.89,52%,5.53,57%,1.4,34%,70%,0.7,2502
http://ufcstats.com/fighter-details/a6eb54ae17a551be,Gabriella Fernandes,Gabi,11-4-0,11,4,0.0,"5' 6""",125 lbs.,"66""",Southpaw,"Aug 13, 1993",3.51,46%,5.31,53%,0.42,18%,68%,0.2,2501
http://ufcstats.com/fighter-details/b4b496ec2197ee3e,Navajo Stirling,,9-0-0,9,0,0.0,"6' 4""",205 lbs.,"79""",Orthodox,"Nov 07, 1997",6.25,52%,2.67,58%,0.98,28%,82%,0.0,2500
http://ufcstats.com/fighter-details/0abcf6bc47191219,Bruno Lopes,The Brazilian Cowboy,14-3-0,14,3,0.0,"6' 2""",205 lbs.,"74""",Orthodox,"Apr 24, 1993",2.88,43%,4.21,54%,1.93,21%,100%,0.0,2499
http://ufcstats.com/fighter-details/5987b2458f4b5290,Ricky Simon,,22-7-1,22,7,1.0,"5' 6""",135 lbs.,"69""",Orthodox,"Aug 31, 1992",3.03,42%,3.9,61%,4.49,41%,76%,0.3,2498
http://ufcstats.com/fighter-details/0232cabbc30a2372,Adrian Yanez,,17-6-1,17,6,1.0,"5' 7""",135 lbs.,"70""",Orthodox,"Nov 29, 1993",5.96,41%,5.24,56%,0.0,0%,75%,0.0,2497
http://ufcstats.com/fighter-details/545092d13c67aa49,Alexia Thainara,Burguesinha,14-1-0,14,1,0.0,"5' 4""",115 lbs.,"67""",Orthodox,"Nov 20, 1995",4.62,43%,2.46,59%,4.54,57%,100%,1.8,2496
http://ufcstats.com/fighter-details/7138a15258dabf20,Bruna Brasil,,11-7-1,11,7,1.0,"5' 6""",115 lbs.,"65""",Orthodox,"Sep 07, 1993",2.56,57%,3.75,52%,1.23,52%,57%,0.1,2495
http://ufcstats.com/fighter-details/76e2870ffafbe38f,Movsar Evloev,,20-0-0,20,0,0.0,"5' 7""",145 lbs.,"72""",Orthodox,"Feb 11, 1994",3.91,47%,2.8,61%,4.78,52%,61%,0.2,2494
http://ufcstats.com/fighter-details/396fe87b84ac2e1c,Lerone Murphy,The Miracle,17-1-1,17,1,1.0,"5' 9""",145 lbs.,"73""",Orthodox,"Jul 22, 1991",4.34,51%,2.65,60%,1.2,54%,44%,0.5,2493
http://ufcstats.com/fighter-details/b1de86d835638319,Luke Riley,,13-0-0,13,0,0.0,"5' 9""",145 lbs.,"69""",Orthodox,"Jun 30, 1999",5.56,57%,3.32,64%,0.0,0%,37%,0.0,2492
http://ufcstats.com/fighter-details/01c9e4013afce141,Michael Aswell Jr.,The Texas Kid,11-4-0,11,4,0.0,"5' 8""",145 lbs.,"69""",Orthodox,"Sep 27, 2000",7.79,42%,7.43,51%,0.32,100%,57%,0.0,2491
http://ufcstats.com/fighter-details/a67d071163962af8,Michael Page,Venom,25-3-0,25,3,0.0,"6' 3""",170 lbs.,"79""",Switch,"Apr 07, 1987",2.28,58%,1.51,62%,0.19,16%,70%,0.0,2490
http://ufcstats.com/fighter-details/8b6e5dc2ba1edbe7,Sam Patterson,,14-3-1,14,3,1.0,"6' 3""",170 lbs.,"78""",Orthodox,"Apr 30, 1996",2.62,37%,3.06,50%,0.82,50%,33%,1.6,2489
http://ufcstats.com/fighter-details/1c23ec2f1b71be40,Iwo Baraniewski,Rudy,8-0-0,8,0,0.0,"6' 0""",205 lbs.,"73""",Orthodox,"Nov 20, 1998",15.77,70%,14.01,46%,0.0,0%,100%,0.0,2488
http://ufcstats.com/fighter-details/be9bdec19b7e9ffe,Austen Lane,,13-8-0 (1 NC),13,8,,"6' 6""",205 lbs.,"80""",Orthodox,"Nov 09, 1987",2.7,50%,2.45,39%,1.5,28%,33%,0.0,2487
http://ufcstats.com/fighter-details/327d5f279895110d,Roman Dolidze,,15-5-0,15,5,0.0,"6' 2""",185 lbs.,"76""",Orthodox,"Jul 15, 1988",3.19,41%,3.71,48%,1.16,43%,32%,0.7,2486
http://ufcstats.com/fighter-details/a93f94c923c3a9cb,Christian Leroy Duncan,CLD,14-2-0,14,2,0.0,"6' 2""",185 lbs.,"79""",Switch,"Jul 24, 1995",4.43,57%,2.59,52%,0.33,16%,63%,0.0,2485
http://ufcstats.com/fighter-details/9d51798e61f2e0c7,Kurtis Campbell,The Pink Panther,8-1-0,8,1,0.0,"5' 9""",145 lbs.,"72""",Switch,"Jul 29, 2002",3.5,48%,2.63,51%,8.76,40%,50%,0.0,2484
http://ufcstats.com/fighter-details/d964a59c48381cb6,Danny Silva,El Puma,11-2-0,11,2,0.0,"5' 7""",145 lbs.,"69""",Switch,"Jan 30, 1997",6.35,54%,7.1,61%,2.06,36%,75%,0.2,2483
http://ufcstats.com/fighter-details/f6ad6a1e4d600e0d,Mason Jones,The Dragon,18-2-0 (1 NC),18,2,,"5' 10""",155 lbs.,"74""",Orthodox,"Apr 26, 1995",5.98,42%,4.45,50%,3.48,55%,73%,0.2,2482
http://ufcstats.com/fighter-details/1d2d98ddd05b38fb,Axel Sola,,11-1-1,11,1,1.0,"6' 0""",155 lbs.,"74""",Southpaw,"Sep 17, 1997",4.07,45%,5.29,61%,2.22,36%,0%,0.0,2481
http://ufcstats.com/fighter-details/329e403448756217,Nathaniel Wood,The Last Kingsman,23-6-0,23,6,0.0,"5' 6""",145 lbs.,"69""",Orthodox,"May 08, 1993",5.64,51%,4.25,54%,1.35,48%,73%,0.5,2480
http://ufcstats.com/fighter-details/5b43d68174b6e2ab,Losene Keita,Black Panther,16-2-0,16,2,0.0,"5' 7""",145 lbs.,"72""",Orthodox,"Dec 30, 1997",3.47,43%,4.47,62%,0.0,0%,100%,0.0,2479
http://ufcstats.com/fighter-details/39d309957c5c210d,Mario Pinto,,12-0-0,12,0,0.0,"6' 5""",265 lbs.,"79""",Orthodox,"Mar 14, 1998",2.85,69%,1.93,58%,2.38,26%,100%,0.9,2478
http://ufcstats.com/fighter-details/e564146b9cf6dbef,Felipe Franco,,10-2-0,10,2,0.0,"6' 1""",205 lbs.,"76""",Orthodox,"Jan 22, 2001",1.81,50%,2.55,38%,3.02,37%,87%,0.0,2477
http://ufcstats.com/fighter-details/3cc506f115cbb9d5,Mantas Kondratavicius,,9-1-0,9,1,0.0,"6' 2""",185 lbs.,"75""",Orthodox,"Jul 17, 1999",4.97,65%,1.3,57%,2.8,60%,91%,0.9,2476
http://ufcstats.com/fighter-details/6d48a2df51749d91,Antonio Trocoli,Malvado,12-7-0 (1 NC),12,7,,"6' 5""",185 lbs.,"80""",Orthodox,"Dec 06, 1990",1.27,47%,5.3,26%,0.88,9%,42%,0.4,2475
http://ufcstats.com/fighter-details/52b6bf4528130e86,Shem Rock,,12-3-1,12,3,1.0,"5' 11""",155 lbs.,"73""",Southpaw,"Nov 05, 1993",3.03,39%,4.4,49%,1.0,13%,88%,0.0,2474
http://ufcstats.com/fighter-details/597499ac7a5aac62,Abdul-Kareem Al-Selwady,Pride of Palestine,16-4-0,16,4,0.0,"5' 8""",155 lbs.,"69""",Orthodox,"Apr 10, 1995",4.61,41%,3.43,60%,1.47,23%,54%,0.0,2473
http://ufcstats.com/fighter-details/cfbb3edab781dfd2,Shanelle Dyer,The Nightmare,7-1-0,7,1,0.0,"5' 6""",115 lbs.,"65""",Orthodox,"Apr 23, 2001",7.71,46%,6.72,51%,0.7,8%,100%,0.0,2472
http://ufcstats.com/fighter-details/4948e412fa6ab67d,Ravena Oliveira,Kenoudy,7-4-1,7,4,1.0,"5' 5""",115 lbs.,"65""",Orthodox,"Feb 20, 1997",1.91,30%,3.72,46%,0.88,50%,46%,0.0,2471
http://ufcstats.com/fighter-details/fba03cd6cc28dc41,Josh Emmett,,19-7-0,19,7,0.0,"5' 6""",145 lbs.,"70""",Orthodox,"Mar 04, 1985",3.67,35%,4.52,59%,1.07,36%,43%,0.1,2470
http://ufcstats.com/fighter-details/239d8e5359022f3b,Kevin Vallejos,El Chino,18-1-0,18,1,0.0,"5' 7""",145 lbs.,"68""",Switch,"Dec 08, 2001",6.12,48%,4.41,57%,0.66,28%,84%,0.0,2469
http://ufcstats.com/fighter-details/3df5493bb279226f,Amanda Lemos,,15-6-1,15,6,1.0,"5' 4""",115 lbs.,"65""",Southpaw,"May 22, 1987",2.75,55%,3.01,45%,1.02,64%,63%,0.7,2468
http://ufcstats.com/fighter-details/38c7f72747f4f712,Gillian Robertson,The Savage,17-8-0,17,8,0.0,"5' 5""",115 lbs.,"63""",Orthodox,"May 17, 1995",2.71,48%,2.86,56%,2.76,40%,38%,0.9,2467
http://ufcstats.com/fighter-details/8fd808923cffff82,Andre Fili,Touchy,25-13-0 (1 NC),25,13,,"5' 11""",145 lbs.,"74""",Orthodox,"Jun 25, 1990",3.88,37%,4.34,50%,2.32,46%,71%,0.2,2466
http://ufcstats.com/fighter-details/7d6ceff6747f2de2,Jose Delgado,,11-2-0,11,2,0.0,"5' 11""",145 lbs.,"74""",Switch,"Apr 21, 1998",7.48,54%,4.95,50%,1.51,40%,50%,0.0,2465
http://ufcstats.com/fighter-details/2dbc60c52de126d8,Harry Hardwick,Houdini,13-5-1,13,5,1.0,"5' 8""",145 lbs.,"71""",Switch,"Sep 29, 1994",5.47,42%,8.54,44%,0.0,0%,0%,0.0,2464
http://ufcstats.com/fighter-details/cd13728ae1151f46,Ion Cutelaba,The Hulk,20-11-1 (1 NC),20,11,,"6' 1""",205 lbs.,"75""",Southpaw,"Dec 14, 1993",4.23,43%,3.28,47%,3.76,49%,75%,0.2,2463
http://ufcstats.com/fighter-details/46e2011d92463b7e,Oumar Sy,,12-2-0,12,2,0.0,"6' 4""",205 lbs.,"83""",Orthodox,"Nov 21, 1995",3.41,48%,1.87,66%,2.45,35%,66%,0.3,2462
http://ufcstats.com/fighter-details/814e5233e2acf2ee,Charles Johnson,InnerG,19-8-0,19,8,0.0,"5' 9""",125 lbs.,"70""",Switch,"Jan 10, 1991",4.77,49%,4.02,55%,0.51,16%,69%,0.3,2461
http://ufcstats.com/fighter-details/294aa73dbf37d281,Bruno Silva,Bulldog,15-8-2 (1 NC),15,8,,"5' 4""",125 lbs.,"65""",Orthodox,"Mar 16, 1990",3.95,51%,4.69,51%,2.01,25%,72%,0.2,2460
http://ufcstats.com/fighter-details/5442f1bc4b47eaf3,Chris Curtis,Action-Man,32-13-0 (1 NC),32,13,,"5' 10""",170 lbs.,"75""",Orthodox,"Jul 15, 1987",5.52,50%,5.75,54%,0.0,0%,64%,0.0,2459
http://ufcstats.com/fighter-details/bf2c8e01b07d3eb1,Myktybek Orolbai,,16-2-1,16,2,1.0,"5' 10""",170 lbs.,"74""",Orthodox,"Feb 10, 1998",2.78,50%,2.7,51%,8.77,59%,40%,0.5,2458
http://ufcstats.com/fighter-details/71171fc96445bf65,Vitor Petrino,,14-2-0,14,2,0.0,"6' 2""",225 lbs.,"77""",Orthodox,"Aug 28, 1997",3.24,48%,2.71,51%,2.6,46%,79%,0.7,2457
http://ufcstats.com/fighter-details/e56cee1ad697db04,Steven Asplund,Concrete,7-2-0,7,2,0.0,"6' 5""",260 lbs.,"78""",Orthodox,"Jul 16, 1998",10.05,51%,6.64,50%,0.0,0%,100%,0.0,2456
http://ufcstats.com/fighter-details/7478b7f959ba61f5,Elijah Smith,Swift,10-1-0,10,1,0.0,"5' 9""",135 lbs.,"71""",Orthodox,"Sep 05, 2002",4.18,48%,2.96,46%,2.98,53%,53%,1.1,2455
http://ufcstats.com/fighter-details/a474aade8eb3a8f0,SuYoung You,Yoo-Jitsu,16-4-0 (2 NC),16,4,,"5' 6""",135 lbs.,"65""",Orthodox,"Dec 11, 1995",2.15,47%,2.01,68%,4.26,47%,66%,0.4,2454
http://ufcstats.com/fighter-details/4bdedbdeedff7d1d,Bolaji Oki,The Zulu Warrior,10-4-0,10,4,0.0,"5' 10""",155 lbs.,"73""",Orthodox,"Nov 15, 1995",6.42,45%,5.12,61%,1.02,57%,75%,0.0,2453
http://ufcstats.com/fighter-details/5870c541798124ae,Manoel Sousa,Manumito,14-1-0,14,1,0.0,"5' 9""",155 lbs.,"70""",Orthodox,"Jun 04, 1997",4.15,45%,3.71,51%,0.0,0%,60%,1.6,2452
http://ufcstats.com/fighter-details/0c6d9ea8306c029e,Brad Tavares,,21-13-0,21,13,0.0,"6' 1""",185 lbs.,"74""",Orthodox,"Dec 21, 1987",3.41,43%,3.32,54%,0.7,26%,80%,0.0,2451
http://ufcstats.com/fighter-details/cad24459b28592ca,Eryk Anders,Ya Boi,18-9-0 (1 NC),18,9,,"6' 1""",185 lbs.,"75""",Southpaw,"Apr 21, 1987",3.44,47%,4.03,50%,1.83,25%,80%,0.1,2450
http://ufcstats.com/fighter-details/eff9074bc066f0f2,Bia Mesquita,The Lady GOAT,7-0-0,7,0,0.0,"5' 4""",135 lbs.,"67""",Orthodox,"Apr 07, 1991",5.78,60%,0.64,80%,4.81,75%,0%,3.2,2449
http://ufcstats.com/fighter-details/60193e707634e560,Montse Rendon,Monster,7-2-0,7,2,0.0,"5' 8""",135 lbs.,"68""",Orthodox,"Mar 16, 1989",2.95,27%,3.65,57%,1.91,37%,85%,0.3,2448
http://ufcstats.com/fighter-details/6fc506e1099afe20,Luan Lacerda,,13-4-0,13,4,0.0,"5' 7""",135 lbs.,"71""",Orthodox,"Jan 07, 1993",4.06,42%,6.15,49%,2.82,39%,66%,0.6,2447
http://ufcstats.com/fighter-details/ec3bd30378d63dd1,Hecher Sosa,Guanche Warrior,15-1-0,15,1,0.0,"5' 9""",135 lbs.,"70""",Orthodox,"Aug 25, 1995",4.53,47%,2.5,61%,2.0,36%,69%,1.0,2446
http://ufcstats.com/fighter-details/e375cb5caf4717b6,Piera Rodriguez,La Fiera,12-2-0,12,2,0.0,"5' 3""",115 lbs.,"63""",Orthodox,"Nov 11, 1992",4.04,46%,3.13,53%,4.04,50%,81%,0.0,2445
http://ufcstats.com/fighter-details/e94085e821bd81de,Sam Hughes,Sampage,11-7-0,11,7,0.0,"5' 5""",115 lbs.,"64""",Orthodox,"Jun 28, 1992",4.41,47%,4.69,58%,1.12,29%,63%,0.2,2444
http://ufcstats.com/fighter-details/150ff4cc642270b9,Max Holloway,Blessed,27-9-0,27,9,0.0,"5' 11""",155 lbs.,"69""",Orthodox,"Dec 04, 1991",6.91,48%,4.61,58%,0.23,53%,81%,0.3,2443
http://ufcstats.com/fighter-details/07225ba28ae309b6,Charles Oliveira,Do Bronxs,37-11-0 (1 NC),37,11,,"5' 10""",155 lbs.,"74""",Orthodox,"Oct 17, 1989",3.23,55%,3.05,48%,2.29,39%,54%,2.6,2442
http://ufcstats.com/fighter-details/4126a78111c0855a,Caio Borralho,The Natural,18-2-0 (1 NC),18,2,,"6' 1""",185 lbs.,"75""",Southpaw,"Jan 16, 1993",3.47,56%,2.61,60%,1.25,50%,76%,0.4,2441
http://ufcstats.com/fighter-details/d549cefc7c54ab78,Reinier de Ridder,RdR,21-4-0,21,4,0.0,"6' 4""",185 lbs.,"78""",Southpaw,"Sep 07, 1990",2.47,48%,2.36,46%,2.56,29%,40%,0.6,2440
http://ufcstats.com/fighter-details/05339613bf8e9808,Rob Font,,22-10-0,22,10,0.0,"5' 8""",135 lbs.,"71""",Orthodox,"Jun 25, 1987",5.11,45%,3.53,57%,0.7,29%,37%,0.3,2439
http://ufcstats.com/fighter-details/fe2babf95de24fb1,Raul Rosas Jr.,El Nino Problema,12-1-0,12,1,0.0,"5' 9""",135 lbs.,"67""",Switch,"Oct 08, 2004",1.34,42%,1.24,52%,6.1,54%,25%,0.9,2438
http://ufcstats.com/fighter-details/519e4fe37ce9ff75,Drew Dober,,29-15-0 (1 NC),29,15,,"5' 8""",155 lbs.,"70""",Southpaw,"Oct 19, 1988",4.48,41%,4.33,53%,0.61,16%,58%,0.1,2437
http://ufcstats.com/fighter-details/511e82663651438d,Michael Johnson,The Menace,25-20-0,25,20,0.0,"5' 10""",155 lbs.,"73""",Southpaw,"Jun 04, 1986",4.27,39%,3.78,58%,0.57,38%,81%,0.0,2436
http://ufcstats.com/fighter-details/d1c65d2cf2925ddd,Gregory Rodrigues,Robocop,19-6-0,19,6,0.0,"6' 3""",185 lbs.,"75""",Orthodox,"Feb 17, 1992",5.53,51%,4.78,50%,1.9,34%,75%,0.4,2435
http://ufcstats.com/fighter-details/1e719d4b676dc19a,Brunno Ferreira,The Hulk,15-3-0,15,3,0.0,"5' 10""",185 lbs.,"72""",Orthodox,"Nov 04, 1992",3.77,50%,3.91,51%,1.25,23%,61%,0.8,2434
http://ufcstats.com/fighter-details/d8c7c61b176e3994,Cody Garbrandt,No Love,15-7-0,15,7,0.0,"5' 8""",135 lbs.,"65""",Orthodox,"Jul 07, 1991",2.79,40%,3.66,58%,0.85,22%,81%,0.0,2433
http://ufcstats.com/fighter-details/86bace9e4ad85542,Xiao Long,,27-11-0,27,11,0.0,"5' 8""",135 lbs.,"70""",Orthodox,"Apr 13, 1998",5.06,47%,3.85,50%,0.74,27%,82%,0.0,2432
http://ufcstats.com/fighter-details/ad5cb64af10fc946,Donte Johnson,Lock Jaw,8-0-0,8,0,0.0,"5' 8""",185 lbs.,"74""",Southpaw,"Jan 25, 1999",3.11,48%,2.0,61%,2.0,100%,75%,0.7,2431
http://ufcstats.com/fighter-details/f14f644d41ade29f,Cody Brundage,,12-9-1 (1 NC),12,9,,"6' 0""",185 lbs.,"72""",Orthodox,"May 16, 1994",2.5,51%,2.95,50%,1.8,41%,66%,0.5,2430
http://ufcstats.com/fighter-details/cd3d7e37ff2d679c,Ricky Turcios,,13-6-0,13,6,0.0,"5' 9""",145 lbs.,"71""",Orthodox,"Jun 05, 1993",4.68,39%,3.84,51%,0.85,17%,44%,0.3,2429
http://ufcstats.com/fighter-details/a112097ad877a48f,Alberto Montes,The Promise,12-1-0,12,1,0.0,"5' 7""",145 lbs.,"69""",Orthodox,"May 31, 1994",5.26,60%,4.44,60%,0.0,0%,77%,6.8,2428
http://ufcstats.com/fighter-details/17cb6d8e8187f304,Nyamjargal Tumendemberel,Art of Knockout,10-1-0,10,1,0.0,"5' 7""",125 lbs.,"71""",Orthodox,"Mar 22, 1998",2.72,42%,2.47,53%,3.37,50%,56%,2.1,2427
http://ufcstats.com/fighter-details/3cf18e01cb6cbde3,Sumudaerji,The Tibetan Eagle,19-7-0,19,7,0.0,"5' 8""",125 lbs.,"72""",Southpaw,"Jan 20, 1996",4.43,50%,2.35,62%,0.67,35%,72%,0.5,2426
http://ufcstats.com/fighter-details/c051c2e12d692b8a,Jesus Aguilar,,12-4-0,12,4,0.0,"5' 4""",125 lbs.,"62""",Orthodox,"Mar 13, 1996",2.54,38%,2.29,61%,1.52,29%,45%,1.1,2425
http://ufcstats.com/fighter-details/d6a8edb7410223a0,Rafael Tobias,Bipolar,14-2-0,14,2,0.0,"6' 2""",205 lbs.,"74""",Orthodox,"Mar 20, 2003",2.77,36%,5.81,35%,2.4,33%,100%,1.6,2424
http://ufcstats.com/fighter-details/709fadb644ee3f51,Diyar Nurgozhay,,11-2-0,11,2,0.0,"6' 2""",205 lbs.,"74""",Southpaw,"Apr 22, 1997",4.52,59%,2.81,61%,1.37,75%,80%,0.0,2423
http://ufcstats.com/fighter-details/d62e280d0f7b6d6f,Luke Fernandez,,6-1-0,6,1,0.0,"6' 1""",205 lbs.,"76""",Orthodox,"Jun 29, 1995",8.14,58%,10.17,36%,0.0,0%,0%,0.0,2422
http://ufcstats.com/fighter-details/69898645d600abdb,Rodolfo Bellato,Trator,13-3-1 (1 NC),13,3,,"6' 3""",205 lbs.,"75""",Orthodox,"Feb 05, 1996",5.37,60%,5.86,46%,1.38,35%,94%,0.2,2421
http://ufcstats.com/fighter-details/792be9a24df82ed6,Brandon Moreno,The Assassin Baby,23-10-2,23,10,2.0,"5' 7""",125 lbs.,"70""",Orthodox,"Dec 07, 1993",3.84,44%,3.64,59%,1.36,39%,65%,0.4,2420
http://ufcstats.com/fighter-details/bb2c3c3a466224af,Lone'er Kavanagh,,10-1-0,10,1,0.0,"5' 6""",125 lbs.,"67""",Orthodox,"Jun 09, 1999",4.13,48%,3.49,56%,1.12,45%,94%,0.2,2419
http://ufcstats.com/fighter-details/7c7332319c14094c,Marlon Vera,Chito,23-12-1,23,12,1.0,"5' 8""",135 lbs.,"70""",Switch,"Dec 02, 1992",4.18,47%,5.34,50%,0.47,39%,71%,0.8,2418
http://ufcstats.com/fighter-details/9a97acbfd5a08bfa,David Martinez,,14-1-0,14,1,0.0,"5' 5""",135 lbs.,"67""",Orthodox,"Aug 03, 1998",4.82,46%,2.9,69%,0.6,25%,100%,0.0,2417
http://ufcstats.com/fighter-details/4148802ae4a50768,Daniel Zellhuber,Golden Boy,15-4-0,15,4,0.0,"6' 1""",155 lbs.,"77""",Switch,"Jul 07, 1999",5.45,38%,6.17,54%,0.14,25%,81%,0.3,2416
http://ufcstats.com/fighter-details/5ef94841c4bc3f86,Edgar Chairez,Puro Chicali,13-6-0 (1 NC),13,6,,"5' 7""",125 lbs.,"71""",Orthodox,"Jan 27, 1996",3.65,45%,4.75,46%,0.0,0%,38%,1.3,2415
http://ufcstats.com/fighter-details/53c10176e3bc7416,Felipe Bunes,Felipinho,14-9-0,14,9,0.0,"5' 7""",125 lbs.,"69""",Orthodox,"Oct 29, 1989",3.17,46%,4.57,47%,1.08,25%,40%,1.4,2414
http://ufcstats.com/fighter-details/6e8349a0a0476d60,Imanol Rodriguez,Himan,7-0-0,7,0,0.0,"5' 4""",125 lbs.,"64""",Orthodox,"Nov 15, 1999",5.71,55%,2.42,58%,1.3,33%,0%,0.0,2413
http://ufcstats.com/fighter-details/34b96d52db1d26e6,Kevin Borjas,El Gallo Negro,10-5-0,10,5,0.0,"5' 5""",125 lbs.,"68""",Orthodox,"Dec 06, 1997",3.96,44%,5.64,49%,0.0,0%,70%,0.0,2412
http://ufcstats.com/fighter-details/faf317c665546a36,Santiago Luna,BorderBoy,8-0-0,8,0,0.0,"5' 9""",135 lbs.,"74""",Orthodox,"Aug 06, 2004",8.2,54%,3.82,71%,4.21,83%,50%,0.8,2411
http://ufcstats.com/fighter-details/07797f10b9569cfc,Angel Pacheco,,7-4-0,7,4,0.0,"5' 8""",135 lbs.,"70""",Orthodox,"Jan 13, 1992",7.58,36%,10.56,41%,0.33,50%,16%,0.0,2410
http://ufcstats.com/fighter-details/e463ce0a2ca474f4,Ryan Gandra,Problema,9-1-0,9,1,0.0,"6' 1""",185 lbs.,"74""",Orthodox,"May 08, 1995",13.02,50%,1.7,81%,0.0,0%,100%,0.0,2409
http://ufcstats.com/fighter-details/baa9be02c3e3e038,Jose Daniel Medina,Chicho,11-7-0,11,7,0.0,"6' 0""",185 lbs.,"74""",Orthodox,"May 17, 1991",2.13,36%,5.34,46%,0.39,33%,27%,0.0,2408
http://ufcstats.com/fighter-details/06e4245d16fc5315,Ailin Perez,Fiona,13-2-0,13,2,0.0,"5' 5""",135 lbs.,"66""",Switch,"Oct 05, 1994",2.88,56%,1.58,56%,4.9,49%,72%,0.2,2407
http://ufcstats.com/fighter-details/9cdd2da1a9104a0b,Macy Chiasson,,11-6-0,11,6,0.0,"5' 11""",135 lbs.,"72""",Orthodox,"Jul 27, 1991",3.21,46%,2.76,44%,1.87,35%,62%,0.4,2406
http://ufcstats.com/fighter-details/7debc13b36343605,Cristian Quinonez,Problema,19-5-0,19,5,0.0,"5' 8""",135 lbs.,"70""",Orthodox,"Apr 26, 1996",3.67,43%,3.71,56%,3.14,55%,85%,0.6,2405
http://ufcstats.com/fighter-details/9c27f3217891f3f0,Kris Moutinho,,14-8-0,14,8,0.0,"5' 7""",135 lbs.,"68""",Southpaw,"Aug 09, 1992",3.35,33%,9.36,30%,0.0,0%,30%,0.0,2404
http://ufcstats.com/fighter-details/3a314d9fa7c6825d,Douglas Silva de Andrade,D Silva,29-7-0 (1 NC),29,7,,"5' 7""",145 lbs.,"68""",Orthodox,"Jun 22, 1985",3.54,38%,4.09,56%,0.54,42%,71%,0.2,2403
http://ufcstats.com/fighter-details/4a574b8512fc1b30,Javier Reyes,Blair,23-5-0,23,5,0.0,"5' 7""",145 lbs.,"73""",,"Oct 10, 1993",8.91,55%,2.53,47%,2.0,50%,50%,0.0,2402
http://ufcstats.com/fighter-details/9f5609dba6584ab2,Regina Tarin,Kill Bill,8-0-0,8,0,0.0,"5' 7""",135 lbs.,"66""",Southpaw,"Oct 19, 2004",7.6,47%,7.0,57%,1.0,33%,50%,0.0,2401
http://ufcstats.com/fighter-details/e4faa79383c9f214,Ernesta Kareckaite,Heavy-Handed,6-2-1,6,2,1.0,"5' 9""",125 lbs.,"71""",Orthodox,"Jul 05, 1998",7.28,42%,6.47,49%,0.75,60%,81%,0.0,2400
http://ufcstats.com/fighter-details/21b813b919776d90,Erik Silva,The King,9-4-0,9,4,0.0,"5' 9""",145 lbs.,"71""",Orthodox,"Mar 16, 1987",2.06,67%,1.52,40%,3.26,80%,60%,0.0,2399
http://ufcstats.com/fighter-details/fdd22e895a70e4a8,Damian Pinas,The Baba Yaga,9-1-0,9,1,0.0,"6' 1""",185 lbs.,"79""",Orthodox,"Mar 12, 2002",7.5,56%,3.75,56%,0.0,0%,100%,0.0,2398
http://ufcstats.com/fighter-details/093e1f5bb73850be,Anthony Hernandez,Fluffy,15-3-0 (1 NC),15,3,,"6' 0""",185 lbs.,"75""",Orthodox,"Oct 18, 1993",4.57,60%,3.1,51%,5.88,48%,68%,1.6,2397
http://ufcstats.com/fighter-details/b997be68943010fc,Geoff Neal,Handz of Steel,16-8-0,16,8,0.0,"5' 11""",170 lbs.,"75""",Southpaw,"Aug 28, 1990",5.02,50%,5.5,57%,0.54,45%,87%,0.1,2396
http://ufcstats.com/fighter-details/681399317dbf4701,Uros Medic,The Doctor,13-3-0,13,3,0.0,"6' 1""",170 lbs.,"71""",Southpaw,"Apr 25, 1993",5.59,60%,3.42,56%,0.34,50%,55%,0.0,2395
http://ufcstats.com/fighter-details/82a5152216251682,Dan Ige,100K,19-11-0,19,11,0.0,"5' 7""",145 lbs.,"71""",Orthodox,"Aug 06, 1991",3.6,45%,3.56,56%,0.93,26%,56%,0.2,2394
http://ufcstats.com/fighter-details/20bccc9bb4ceb23e,Melquizael Costa,The Dalmatian,26-8-0,26,8,0.0,"5' 10""",145 lbs.,"71""",Southpaw,"Sep 14, 1996",4.29,47%,3.19,50%,1.53,35%,50%,0.8,2393
http://ufcstats.com/fighter-details/e2f6b2769aaedd6c,Serghei Spivac,Polar Bear,18-6-0,18,6,0.0,"6' 3""",260 lbs.,"78""",Orthodox,"Jan 24, 1995",3.57,47%,4.23,52%,3.82,59%,63%,0.5,2392
http://ufcstats.com/fighter-details/7d8435c56043b0ae,Ante Delija,Walking Trouble,26-8-0,26,8,0.0,"6' 3""",239 lbs.,"78""",Orthodox,"Aug 07, 1990",4.28,38%,3.95,52%,0.0,0%,75%,0.0,2391
http://ufcstats.com/fighter-details/85497ffd934ecf7e,Jacobe Smith,Cobe,12-0-0,12,0,0.0,"5' 10""",170 lbs.,"72""",Southpaw,"Jan 17, 1996",6.89,67%,2.78,47%,7.78,91%,100%,0.7,2390
http://ufcstats.com/fighter-details/e5864a42c80294f6,Josiah Harrell,The Muscle Hamster,11-1-0,11,1,0.0,"5' 7""",170 lbs.,"68""",Southpaw,"Nov 13, 1998",2.32,50%,10.94,29%,0.0,0%,0%,0.0,2389
http://ufcstats.com/fighter-details/23dec7c47cb418f8,Zach Reese,Savage,10-3-0 (1 NC),10,3,,"6' 4""",185 lbs.,"77""",Switch,"Mar 24, 1994",4.48,54%,3.92,43%,2.8,61%,52%,1.3,2388
http://ufcstats.com/fighter-details/595db60957de51d3,Michel Pereira,Demolidor,32-14-0 (2 NC),32,14,,"6' 1""",185 lbs.,"73""",Orthodox,"Oct 06, 1993",4.46,51%,4.4,51%,1.21,56%,75%,0.7,2387
http://ufcstats.com/fighter-details/c68c68efaa5ca6ef,Chidi Njokuani,Bang Bang,25-12-0 (1 NC),25,12,,"6' 3""",170 lbs.,"80""",Orthodox,"Dec 31, 1988",5.16,61%,3.32,57%,0.0,0%,75%,0.1,2386
http://ufcstats.com/fighter-details/28d421729451c8ca,Carlos Leal,The Lion,23-7-0,23,7,0.0,"5' 11""",170 lbs.,"74""",Orthodox,"May 04, 1994",8.75,47%,7.78,48%,0.43,11%,90%,0.0,2385
http://ufcstats.com/fighter-details/6d68c1afe954f121,Ode Osbourne,The Jamaican Sensation,13-9-0 (2 NC),13,9,,"5' 7""",125 lbs.,"73""",Southpaw,"Jan 09, 1992",2.94,40%,3.24,49%,0.94,29%,66%,0.4,2384
http://ufcstats.com/fighter-details/30cad5a751adcb48,Alibi Idiris,,11-1-0 (1 NC),11,1,,"5' 6""",125 lbs.,"68""",Orthodox,"Oct 22, 1994",2.51,44%,2.64,60%,3.25,31%,66%,0.0,2383
http://ufcstats.com/fighter-details/5e9ca8dd7d783a75,Alden Coria,Cobra,12-3-0 (1 NC),12,3,,"5' 8""",125 lbs.,"67""",Orthodox,"Apr 24, 1998",4.69,44%,2.4,69%,1.75,50%,71%,0.0,2382
http://ufcstats.com/fighter-details/29162be25ebef5f0,Luis Gurule,Grim,11-3-0,11,3,0.0,"5' 5""",125 lbs.,"64""",Orthodox,"Nov 16, 1993",5.7,43%,5.37,57%,0.67,15%,59%,0.2,2381
http://ufcstats.com/fighter-details/f2b3f4ef3f780168,Nora Cornolle,,9-4-0,9,4,0.0,"5' 7""",135 lbs.,"67""",Orthodox,"Dec 06, 1989",2.73,55%,2.04,56%,0.22,11%,47%,0.2,2380
http://ufcstats.com/fighter-details/3d074044a33825e7,Ramiz Brahimaj,,13-6-0,13,6,0.0,"5' 10""",170 lbs.,"72""",Orthodox,"Nov 17, 1992",2.29,48%,3.27,47%,1.99,34%,44%,1.6,2379
http://ufcstats.com/fighter-details/64facb6cc564262d,Punahele Soriano,Puna,13-4-0,13,4,0.0,"5' 11""",170 lbs.,"72""",Southpaw,"Nov 22, 1992",4.42,53%,3.31,47%,1.97,51%,48%,0.1,2378
http://ufcstats.com/fighter-details/8e382b585a92affe,Phil Rowe,The Fresh Prince,11-7-0,11,7,0.0,"6' 3""",170 lbs.,"80""",Orthodox,"Jul 18, 1990",3.51,49%,4.15,50%,0.46,36%,53%,0.2,2377
http://ufcstats.com/fighter-details/a3dda21be645be93,Jean-Paul Lebosnoyani,Mufasa,10-2-0,10,2,0.0,"5' 11""",170 lbs.,"72""",Switch,"Jan 27, 1999",4.77,61%,3.72,53%,2.79,30%,0%,1.9,2376
http://ufcstats.com/fighter-details/ac026518a9b4dc0f,Jordan Leavitt,The Monkey King,13-3-0,13,3,0.0,"5' 9""",145 lbs.,"71""",Southpaw,"Jun 02, 1995",2.21,57%,1.59,58%,3.15,34%,30%,1.1,2375
http://ufcstats.com/fighter-details/70380ccdc81915b8,Yadier del Valle,The Cuban Problem,10-1-0,10,1,0.0,"5' 9""",145 lbs.,"69""",Southpaw,"Jul 29, 1996",4.05,60%,2.16,55%,1.23,42%,58%,2.0,2374
http://ufcstats.com/fighter-details/aa0c573da7119292,Juliana Miller,Killer,5-4-0,5,4,0.0,"5' 7""",125 lbs.,"66""",Orthodox,"May 07, 1996",2.65,39%,4.14,44%,2.16,29%,44%,1.2,2373
http://ufcstats.com/fighter-details/f1ab6f37492c630a,Carli Judice,Crispy,6-2-0,6,2,0.0,"5' 7""",125 lbs.,"68""",Southpaw,"Mar 02, 1999",9.32,50%,6.62,57%,0.52,25%,80%,0.0,2372
http://ufcstats.com/fighter-details/bc711b6dd95c1af6,Mario Bautista,,17-3-0,17,3,0.0,"5' 9""",135 lbs.,"69""",Switch,"Jul 01, 1993",5.3,48%,3.98,54%,1.91,38%,55%,0.8,2371
http://ufcstats.com/fighter-details/18d01f7f8338ae72,Vinicius Oliveira,LokDog,23-4-0,23,4,0.0,"5' 9""",135 lbs.,"70""",Switch,"Nov 30, 1995",4.73,43%,2.7,57%,1.45,46%,70%,0.2,2370
http://ufcstats.com/fighter-details/6d35bf94f7d30241,Amir Albazi,The Prince,17-3-0,17,3,0.0,"5' 5""",125 lbs.,"68""",Orthodox,"Oct 27, 1993",2.47,33%,3.88,59%,1.18,25%,62%,0.4,2369
http://ufcstats.com/fighter-details/98aa60cf58071fd6,Kyoji Horiguchi,Karate Kid,36-5-0 (1 NC),36,5,,"5' 4""",125 lbs.,"63""",Orthodox,"Oct 12, 1990",3.77,47%,2.13,63%,1.61,40%,61%,0.1,2368
http://ufcstats.com/fighter-details/41e83a89929d1327,Jailton Almeida,Malhadinho,22-5-0,22,5,0.0,"6' 3""",225 lbs.,"79""",Orthodox,"Jun 26, 1991",2.23,62%,1.3,43%,5.64,55%,60%,1.7,2367
http://ufcstats.com/fighter-details/739fd4fbb5d862f4,Rizvan Kuniev,,13-3-1 (1 NC),13,3,,"6' 4""",240 lbs.,"76""",Orthodox,"Mar 10, 1992",3.94,54%,2.33,48%,0.98,75%,93%,0.0,2366
http://ufcstats.com/fighter-details/0d65c432720accb9,Michal Oleksiejczuk,Hussar,22-9-0 (1 NC),22,9,,"6' 0""",185 lbs.,"74""",Southpaw,"Feb 22, 1995",5.85,53%,4.5,59%,1.02,42%,52%,0.0,2365
http://ufcstats.com/fighter-details/8e9eb3fc86db0f7d,Marc-Andre Barriault,Powerbar,17-11-0 (1 NC),17,11,,"6' 1""",185 lbs.,"74""",Orthodox,"Feb 18, 1990",5.65,47%,5.94,49%,0.34,28%,68%,0.1,2364
http://ufcstats.com/fighter-details/ffd3224638c01b57,Jean Matsumoto,,17-2-0,17,2,0.0,"5' 6""",135 lbs.,"68""",Orthodox,"Sep 09, 1999",5.37,39%,5.41,47%,3.0,48%,56%,0.5,2363
http://ufcstats.com/fighter-details/a09ed60aa67a3f67,Farid Basharat,Ferocious,15-0-0,15,0,0.0,"5' 8""",135 lbs.,"71""",Orthodox,"Aug 02, 1997",4.25,52%,2.89,62%,3.34,44%,54%,0.3,2362
http://ufcstats.com/fighter-details/e4277e87a789d687,Dustin Jacoby,The Hanyak,22-9-1,22,9,1.0,"6' 3""",205 lbs.,"76""",Orthodox,"Apr 04, 1988",5.4,48%,3.92,57%,0.32,25%,62%,0.0,2361
http://ufcstats.com/fighter-details/6add18754930182b,Julius Walker,Juice Box,7-2-0,7,2,0.0,"6' 4""",205 lbs.,"78""",Orthodox,"Jul 16, 1999",3.73,53%,4.03,43%,4.09,38%,100%,0.0,2360
http://ufcstats.com/fighter-details/cdb96af67d096b1e,Alex Morono,The Great White,24-13-0 (1 NC),24,13,,"5' 11""",170 lbs.,"72""",Orthodox,"Aug 16, 1990",4.9,39%,4.88,55%,0.32,24%,47%,0.3,2359
http://ufcstats.com/fighter-details/70dd69b6a703257e,Daniil Donchenko,,14-2-0,14,2,0.0,"5' 11""",170 lbs.,"71""",Orthodox,"Aug 04, 2001",7.15,60%,2.57,72%,0.77,33%,75%,0.0,2358
http://ufcstats.com/fighter-details/0f1efce7d2571d10,Nikolay Veretennikov,Gladiator,14-8-0,14,8,0.0,"6' 1""",170 lbs.,"74""",Orthodox,"Dec 22, 1989",2.74,56%,3.43,47%,0.4,16%,62%,0.4,2357
http://ufcstats.com/fighter-details/8bd4200561c77a62,Ketlen Souza,Esquentadinha,16-6-0,16,6,0.0,"5' 3""",115 lbs.,"63""",Orthodox,"Aug 18, 1994",4.01,56%,3.86,52%,0.46,13%,53%,0.2,2356
http://ufcstats.com/fighter-details/bbab3baf66128ae2,Javid Basharat,The Snow Leopard,15-2-0 (1 NC),15,2,,"5' 9""",135 lbs.,"69""",Orthodox,"Sep 07, 1995",5.18,54%,2.75,63%,1.83,40%,83%,0.1,2355
http://ufcstats.com/fighter-details/51ec9dc3b4964f19,Gianni Vazquez,Kriptonita,13-5-1,13,5,1.0,"5' 7""",135 lbs.,"71""",Orthodox,"Jul 17, 1994",1.6,22%,3.93,39%,0.0,0%,62%,2.0,2354
http://ufcstats.com/fighter-details/2997e7fe3c9d3d4a,Wang Cong,The Joker,9-1-0,9,1,0.0,"5' 6""",125 lbs.,"66""",Southpaw,"May 15, 1992",6.22,56%,2.19,63%,0.78,75%,84%,0.8,2353
http://ufcstats.com/fighter-details/de594b35c45c2e9a,Eduarda Moura,Ronda,12-2-0,12,2,0.0,"5' 6""",125 lbs.,"67""",Orthodox,"Feb 28, 1994",2.57,37%,2.5,58%,3.58,34%,80%,0.4,2352
http://ufcstats.com/fighter-details/a54660deb6a8489c,Muin Gafurov,Tajik,20-7-0,20,7,0.0,"5' 7""",135 lbs.,"68""",Orthodox,"May 17, 1996",3.36,47%,2.51,55%,1.57,28%,70%,0.0,2351
http://ufcstats.com/fighter-details/6902fcf0610dd303,Jakub Wiklacz,,18-3-2,18,3,2.0,"5' 10""",135 lbs.,"72""",Orthodox,"Sep 10, 1996",3.4,44%,3.87,46%,0.0,0%,41%,2.5,2350
http://ufcstats.com/fighter-details/9f5e3c20ce40b344,Klaudia Sygula,,8-2-0,8,2,0.0,"5' 8""",135 lbs.,"69""",Orthodox,"Dec 30, 1998",7.27,48%,5.5,56%,0.41,12%,40%,0.0,2349
http://ufcstats.com/fighter-details/b1e5bcaad32a3cac,Priscila Cachoeira,Zombie Girl,13-8-0,13,8,0.0,"5' 7""",135 lbs.,"65""",Orthodox,"Aug 19, 1988",4.43,44%,7.6,45%,0.25,40%,69%,0.0,2348
http://ufcstats.com/fighter-details/e1248941344b3288,Alexander Volkanovski,The Great,28-4-0,28,4,0.0,"5' 6""",145 lbs.,"71""",Orthodox,"Sep 29, 1988",5.99,57%,3.31,58%,1.63,34%,68%,0.2,2347
http://ufcstats.com/fighter-details/f166e93d04a8c274,Diego Lopes,,27-8-0,27,8,0.0,"5' 11""",145 lbs.,"72""",Orthodox,"Dec 30, 1994",3.83,47%,4.56,45%,0.88,50%,68%,1.4,2346
http://ufcstats.com/fighter-details/193b9d1858bc4df3,Dan Hooker,The Hangman,24-14-0,24,14,0.0,"6' 0""",155 lbs.,"75""",Switch,"Feb 13, 1990",4.82,48%,4.94,49%,0.68,33%,77%,0.6,2345
http://ufcstats.com/fighter-details/c2299ec916bc7c56,Benoit Saint Denis,God of War,17-3-0 (1 NC),17,3,,"5' 11""",155 lbs.,"73""",Southpaw,"Dec 18, 1995",5.62,58%,4.09,42%,4.19,35%,72%,1.8,2344
http://ufcstats.com/fighter-details/c814b4c899793af6,Rafael Fiziev,Ataman,13-5-0,13,5,0.0,"5' 8""",155 lbs.,"71""",Switch,"Mar 05, 1993",4.71,52%,4.84,49%,0.83,66%,90%,0.0,2343
http://ufcstats.com/fighter-details/9c393e836a852f30,Mauricio Ruffy,,13-2-0,13,2,0.0,"5' 11""",155 lbs.,"75""",Orthodox,"Jun 17, 1996",4.19,58%,4.09,58%,0.0,0%,85%,0.0,2342
http://ufcstats.com/fighter-details/17923f676f100e16,Tallison Teixeira,Xicao,9-1-0,9,1,0.0,"6' 7""",258 lbs.,"83""",Orthodox,"Dec 07, 1999",5.02,64%,3.86,42%,2.48,30%,0%,0.0,2341
http://ufcstats.com/fighter-details/af9f42e6894047fc,Jamie Mullarkey,,18-9-0,18,9,0.0,"6' 0""",155 lbs.,"74""",Orthodox,"Aug 17, 1994",4.1,46%,4.28,54%,2.46,30%,70%,0.1,2340
http://ufcstats.com/fighter-details/07a74004d964c7f4,Billy Elekana,Son of Susie,10-2-0,10,2,0.0,"6' 3""",205 lbs.,"77""",Southpaw,"May 28, 1995",2.71,56%,3.59,46%,0.85,22%,0%,0.8,2339
http://ufcstats.com/fighter-details/fbb60f24af5d5a02,Torrez Finney,The Punisher,11-1-0,11,1,0.0,"5' 8""",185 lbs.,"75""",Orthodox,"Oct 24, 1998",1.78,54%,3.34,40%,6.86,59%,75%,0.8,2338
http://ufcstats.com/fighter-details/6b56e94a59b7b134,Oban Elliott,The Welsh Gangster,12-4-0,12,4,0.0,"6' 0""",170 lbs.,"72""",Orthodox,"Dec 19, 1997",3.62,48%,2.24,61%,1.52,40%,52%,0.0,2337
http://ufcstats.com/fighter-details/7facc9c45d792985,Kaan Ofli,Genghis,14-4-1,14,4,1.0,"5' 7""",145 lbs.,"66""",Orthodox,"Jun 19, 1993",2.33,45%,3.34,54%,0.38,7%,0%,0.4,2336
http://ufcstats.com/fighter-details/3f11fd1751fa83b1,Yizha,,26-6-0,26,6,0.0,"5' 7""",145 lbs.,"71""",Orthodox,"Jan 08, 1997",3.25,47%,2.88,49%,3.42,33%,64%,0.9,2335
http://ufcstats.com/fighter-details/a264d4e9a4d6bfe4,Sangwook Kim,Frogman,13-4-0,13,4,0.0,"6' 0""",155 lbs.,"71""",Orthodox,"Oct 17, 1993",5.11,55%,5.82,44%,1.77,22%,72%,1.2,2334
http://ufcstats.com/fighter-details/3618e0632ecdba9c,Keiichiro Nakamura,,8-1-0,8,1,0.0,"5' 10""",145 lbs.,"70""",Southpaw,"Dec 02, 1998",4.48,41%,4.28,63%,0.0,0%,78%,0.0,2333
http://ufcstats.com/fighter-details/f201f21cf2c79eb2,Sebastian Szalay,Seb,10-2-0,10,2,0.0,"5' 6""",145 lbs.,"66""",Orthodox,"Feb 03, 1994",4.94,41%,2.2,65%,0.51,20%,84%,0.0,2332
http://ufcstats.com/fighter-details/1dd1a3aacde66f72,Sulangrangbo,,10-4-0,10,4,0.0,"5' 9""",135 lbs.,"66""",Southpaw,"Jul 17, 2005",3.96,48%,3.2,62%,0.0,0%,72%,0.0,2331
http://ufcstats.com/fighter-details/a1ad35b98a9136e5,Lawrence Lui,Lok Yin,8-1-0,8,1,0.0,"5' 7""",135 lbs.,"72""",Orthodox,"Aug 04, 1996",3.72,39%,3.32,60%,5.3,40%,100%,0.0,2330
http://ufcstats.com/fighter-details/9e8f6c728eb01124,Justin Gaethje,The Highlight,27-5-0,27,5,0.0,"5' 11""",155 lbs.,"70""",Orthodox,"Nov 14, 1988",6.48,58%,7.05,51%,0.33,40%,74%,0.0,2329
http://ufcstats.com/fighter-details/7826923b47f8d72a,Paddy Pimblett,The Baddy,23-4-0,23,4,0.0,"5' 10""",155 lbs.,"73""",Orthodox,"Jan 03, 1995",5.49,52%,3.89,42%,0.69,21%,44%,1.2,2328
http://ufcstats.com/fighter-details/b50a426a33da0012,Sean O'Malley,Suga,19-3-0 (1 NC),19,3,,"5' 11""",135 lbs.,"72""",Switch,"Oct 24, 1994",6.05,60%,3.4,60%,0.24,42%,60%,0.2,2327
http://ufcstats.com/fighter-details/efb96bf3e9ada36f,Song Yadong,Kung Fu Kid,22-9-1 (1 NC),22,9,,"5' 8""",135 lbs.,"67""",Orthodox,"Dec 02, 1997",4.42,43%,3.94,55%,0.78,39%,73%,0.1,2326
http://ufcstats.com/fighter-details/d3df1add9d9a7efb,Derrick Lewis,The Black Beast,29-13-0 (1 NC),29,13,,"6' 3""",260 lbs.,"79""",Orthodox,"Feb 07, 1985",2.46,49%,2.57,39%,0.55,26%,52%,0.0,2325
http://ufcstats.com/fighter-details/262d32ebda89efc4,Natalia Silva,,20-5-1,20,5,1.0,"5' 4""",125 lbs.,"65""",Southpaw,"Feb 03, 1997",4.81,45%,2.36,66%,0.43,30%,90%,0.0,2324
http://ufcstats.com/fighter-details/47b63240018d5d86,Rose Namajunas,Thug,15-8-0,15,8,0.0,"5' 5""",125 lbs.,"65""",Orthodox,"Jun 29, 1992",3.5,41%,3.38,63%,1.47,48%,62%,0.3,2323
http://ufcstats.com/fighter-details/040a74bb0a465c54,Arnold Allen,Almighty,21-4-0,21,4,0.0,"5' 8""",145 lbs.,"70""",Southpaw,"Jan 22, 1994",3.52,43%,3.15,60%,1.24,60%,73%,0.3,2322
http://ufcstats.com/fighter-details/52ef95b5860fb28c,Jean Silva,Lord,17-3-0,17,3,0.0,"5' 7""",145 lbs.,"69""",Orthodox,"Dec 27, 1996",4.82,51%,4.5,53%,1.2,60%,78%,0.6,2321
http://ufcstats.com/fighter-details/2b6fc1c02736833d,Umar Nurmagomedov,,20-1-0,20,1,0.0,"5' 8""",135 lbs.,"69""",Orthodox,"Jan 03, 1996",3.86,56%,1.86,61%,4.03,46%,79%,0.2,2320
http://ufcstats.com/fighter-details/aa72b0f831d0bfe5,Deiveson Figueiredo,Deus da Guerra,25-6-1,25,6,1.0,"5' 5""",135 lbs.,"68""",Orthodox,"Dec 18, 1987",2.63,53%,3.47,49%,1.61,35%,57%,1.2,2319
http://ufcstats.com/fighter-details/22e07d3da1aa3475,Andrey Pulyaev,,10-4-0,10,4,0.0,"6' 4""",185 lbs.,"78""",Southpaw,"Sep 10, 1997",3.84,56%,3.14,55%,0.29,16%,64%,0.0,2318
http://ufcstats.com/fighter-details/1091d4d957141094,Nikita Krylov,The Miner,31-11-0,31,11,0.0,"6' 3""",205 lbs.,"77""",Orthodox,"Mar 07, 1992",4.36,54%,2.59,47%,2.05,37%,53%,1.2,2317
http://ufcstats.com/fighter-details/476fe566d2df676e,Modestas Bukauskas,The Baltic Gladiator,20-7-0,20,7,0.0,"6' 3""",205 lbs.,"76""",Switch,"Feb 10, 1994",3.14,43%,3.86,50%,0.23,66%,82%,0.1,2316
http://ufcstats.com/fighter-details/ab2b4ff41d6ebe0f,Alex Perez,,26-10-0,26,10,0.0,"5' 6""",125 lbs.,"65""",Orthodox,"Mar 21, 1992",4.41,46%,3.2,59%,2.21,48%,75%,0.7,2315
http://ufcstats.com/fighter-details/b5c19c34f12c917e,Denzel Freeman,Luke Fox,7-2-0,7,2,0.0,"6' 1""",265 lbs.,"77""",Southpaw,"Nov 10, 1991",2.45,56%,3.4,50%,0.0,0%,50%,0.0,2314
http://ufcstats.com/fighter-details/a01a62132460a98d,Adam Fugitt,,10-6-0,10,6,0.0,"6' 1""",170 lbs.,"77""",Southpaw,"Jan 12, 1989",4.88,46%,5.33,51%,1.63,22%,50%,0.0,2313
http://ufcstats.com/fighter-details/0859524157a19045,Ty Miller,Thriller,7-0-0 (1 NC),7,0,,"6' 2""",170 lbs.,"77""",Orthodox,"Jun 04, 2000",7.16,38%,4.65,64%,0.0,0%,75%,0.0,2312
http://ufcstats.com/fighter-details/6e15f63b6c2e2c15,Brandon Royval,Raw Dawg,17-9-0,17,9,0.0,"5' 9""",125 lbs.,"68""",Southpaw,"Aug 16, 1992",5.54,41%,4.25,43%,0.65,75%,45%,1.1,2311
http://ufcstats.com/fighter-details/5d1b7e3dd9e11074,Manel Kape,StarBoy,22-7-0,22,7,0.0,"5' 5""",125 lbs.,"68""",Southpaw,"Nov 14, 1993",5.04,56%,4.08,57%,0.4,30%,81%,0.3,2310
http://ufcstats.com/fighter-details/9560ff14eb3129f7,Giga Chikadze,Ninja,15-6-0,15,6,0.0,"6' 0""",145 lbs.,"74""",Orthodox,"Aug 25, 1988",3.75,42%,3.47,59%,0.18,33%,65%,0.2,2309
http://ufcstats.com/fighter-details/64d47ef881a437a4,Cesar Almeida,Cesinha,7-2-0,7,2,0.0,"6' 1""",185 lbs.,"74""",Orthodox,"Mar 28, 1988",3.46,58%,2.03,46%,0.0,0%,52%,0.2,2308
http://ufcstats.com/fighter-details/084532da3d25f3b8,Cezary Oleksiejczuk,,17-3-0,17,3,0.0,"6' 3""",185 lbs.,"75""",Southpaw,"Jan 06, 2000",1.99,86%,0.77,47%,5.77,85%,100%,0.0,2307
http://ufcstats.com/fighter-details/5b03b61f9d90125e,Morgan Charriere,The Last Pirate,21-12-1,21,12,1.0,"5' 8""",145 lbs.,"69""",Orthodox,"Oct 26, 1995",4.02,50%,4.51,53%,2.06,46%,83%,0.3,2306
http://ufcstats.com/fighter-details/8667caa0451d245b,Kennedy Nzechukwu,Chosen,14-6-1,14,6,1.0,"6' 5""",236 lbs.,"83""",Southpaw,"Jun 13, 1992",4.96,46%,4.58,51%,0.5,45%,80%,0.2,2305
http://ufcstats.com/fighter-details/84b3e7d38f2d2ec5,Neil Magny,The Haitian Sensation,31-15-0,31,15,0.0,"6' 3""",170 lbs.,"80""",Orthodox,"Aug 03, 1987",3.4,46%,2.44,51%,2.17,39%,55%,0.3,2304
http://ufcstats.com/fighter-details/791c8437b341fba5,Joanderson Brito,Tubarao,18-5-1,18,5,1.0,"5' 8""",145 lbs.,"72""",Orthodox,"Feb 11, 1995",2.43,51%,2.32,44%,3.38,67%,47%,1.1,2303
http://ufcstats.com/fighter-details/5d8006587d6a6711,Isaac Thomson,,9-3-0,9,3,0.0,"5' 10""",145 lbs.,"69""",,"May 03, 2002",1.4,44%,2.2,42%,4.0,80%,33%,0.0,2302
http://ufcstats.com/fighter-details/0f3a990526c5e706,Sean Sharaf,The Smoke,4-2-0,4,2,0.0,"6' 3""",252 lbs.,"77""",Orthodox,"Jul 11, 1993",7.41,43%,15.0,42%,0.93,11%,0%,0.0,2301
http://ufcstats.com/fighter-details/5078e1dacf9d25f4,Luana Santos,,10-2-0,10,2,0.0,"5' 6""",135 lbs.,"67""",Orthodox,"Apr 16, 2000",2.99,52%,2.93,63%,2.17,47%,85%,1.2,2300
http://ufcstats.com/fighter-details/73a78713bd899f4c,Allen Frye Jr.,,6-1-0,6,1,0.0,"6' 5""",265 lbs.,"80""",Orthodox,"Apr 15, 1998",2.2,38%,4.27,36%,0.0,0%,0%,0.0,2299
http://ufcstats.com/fighter-details/59c438c81fbf3ece,Tereza Bleda,,7-2-0,7,2,0.0,"5' 9""",125 lbs.,"71""",Orthodox,"Nov 30, 2001",2.92,51%,2.14,43%,1.72,22%,83%,0.7,2298
http://ufcstats.com/fighter-details/c03520b5c88ed6b4,Merab Dvalishvili,The Machine,21-5-0,21,5,0.0,"5' 6""",135 lbs.,"68""",Orthodox,"Jan 10, 1991",4.42,41%,2.8,54%,5.97,35%,76%,0.3,2297
http://ufcstats.com/fighter-details/d661ce4da776fc20,Petr Yan,No Mercy,20-5-0,20,5,0.0,"5' 7""",135 lbs.,"67""",Switch,"Feb 11, 1993",5.16,54%,4.24,59%,1.7,49%,86%,0.1,2296
http://ufcstats.com/fighter-details/a0f0004aadf10b71,Alexandre Pantoja,The Cannibal,30-6-0,30,6,0.0,"5' 5""",125 lbs.,"67""",Orthodox,"Apr 16, 1990",4.38,50%,3.88,49%,2.79,47%,69%,1.0,2295
http://ufcstats.com/fighter-details/056c493bbd76a918,Henry Cejudo,Triple C,16-6-0,16,6,0.0,"5' 4""",135 lbs.,"64""",Orthodox,"Feb 09, 1987",3.83,47%,3.84,57%,1.78,29%,72%,0.1,2294
http://ufcstats.com/fighter-details/6e743a33d56bdaa4,Payton Talbott,,11-1-0,11,1,0.0,"5' 10""",135 lbs.,"70""",Switch,"Sep 09, 1998",6.62,56%,3.41,46%,0.78,44%,77%,0.2,2293
http://ufcstats.com/fighter-details/99df7d0a2a08a8a8,Jan Blachowicz,,29-11-2,29,11,2.0,"6' 2""",205 lbs.,"78""",Orthodox,"Feb 24, 1983",3.55,50%,3.14,52%,0.98,48%,69%,0.4,2292
http://ufcstats.com/fighter-details/ef5dcb10d2bd4b0f,Bogdan Guskov,Hitman,18-3-1,18,3,1.0,"6' 3""",205 lbs.,"76""",Orthodox,"Sep 12, 1992",4.57,55%,4.09,44%,0.0,0%,57%,0.7,2291
http://ufcstats.com/fighter-details/2e7878927067fdca,Manuel Torres,El Loco,17-3-0,17,3,0.0,"5' 10""",155 lbs.,"73""",Switch,"Mar 25, 1995",7.29,59%,4.08,54%,1.72,66%,90%,0.9,2290
http://ufcstats.com/fighter-details/ff62013d2fce6d13,Nazim Sadykhov,Black Wolf,11-2-1,11,2,1.0,"5' 10""",155 lbs.,"69""",Southpaw,"May 16, 1994",4.79,49%,5.49,49%,1.1,45%,72%,0.2,2289
http://ufcstats.com/fighter-details/1e4f273069fb9e85,Fares Ziam,The Smile Killer,18-4-0,18,4,0.0,"6' 1""",155 lbs.,"75""",Orthodox,"Mar 21, 1997",2.87,52%,1.53,65%,1.73,40%,71%,0.5,2288
http://ufcstats.com/fighter-details/7acbb0972e75281a,Marvin Vettori,The Italian Dream,19-10-1,19,10,1.0,"6' 0""",185 lbs.,"74""",Southpaw,"Sep 20, 1993",4.74,45%,4.55,56%,1.41,43%,68%,0.4,2287
http://ufcstats.com/fighter-details/64a50dad704d1d49,Edson Barboza,Junior,24-14-0,24,14,0.0,"5' 11""",155 lbs.,"75""",Orthodox,"Jan 21, 1986",4.14,44%,4.68,55%,0.43,50%,73%,0.1,2286
http://ufcstats.com/fighter-details/4d8fa64202cee4c1,Jalin Turner,The Tarantula,15-9-0,15,9,0.0,"6' 3""",155 lbs.,"77""",Southpaw,"May 18, 1995",5.79,48%,4.54,41%,0.75,55%,75%,1.1,2285
http://ufcstats.com/fighter-details/6e8f1bcdda94ff45,Ibo Aslan,The Last Ottoman,14-4-0,14,4,0.0,"6' 3""",205 lbs.,"77""",Orthodox,"Apr 23, 1996",5.75,48%,3.96,56%,0.0,0%,87%,0.0,2284
http://ufcstats.com/fighter-details/8d11d9c13e2ccdf7,Muhammad Naimov,Hillman,13-4-0,13,4,0.0,"5' 9""",145 lbs.,"70""",Orthodox,"Aug 07, 1994",2.51,40%,3.35,44%,1.49,30%,68%,0.2,2283
http://ufcstats.com/fighter-details/480779d7f9a424d3,Mairon Santos,The Legend,18-1-0,18,1,0.0,"5' 7""",145 lbs.,"72""",Orthodox,"Jun 10, 2000",3.33,48%,2.24,65%,0.0,0%,69%,0.0,2282
http://ufcstats.com/fighter-details/eae48ff31db420c2,Arman Tsarukyan,Ahalkalakets,23-3-0,23,3,0.0,"5' 7""",155 lbs.,"72""",Orthodox,"Oct 11, 1996",3.85,50%,1.8,54%,3.26,37%,75%,0.1,2281
http://ufcstats.com/fighter-details/b1b0729d27936f2f,Belal Muhammad,Remember the Name,24-5-0 (1 NC),24,5,,"5' 11""",170 lbs.,"72""",Orthodox,"Jul 09, 1988",4.43,43%,3.82,55%,2.14,36%,90%,0.1,2280
http://ufcstats.com/fighter-details/442c9011034ae1fd,Ian Machado Garry,The Future,17-1-0,17,1,0.0,"6' 3""",170 lbs.,"74""",Orthodox,"Nov 17, 1997",4.78,54%,2.86,52%,0.92,31%,80%,0.4,2279
http://ufcstats.com/fighter-details/0845c81e37d3bcb3,Volkan Oezdemir,No Time,21-8-0,21,8,0.0,"6' 2""",205 lbs.,"75""",Orthodox,"Sep 19, 1989",4.99,48%,4.19,55%,0.5,29%,80%,0.1,2278
http://ufcstats.com/fighter-details/a495f599e787614f,Alonzo Menifield,Atomic,17-6-1,17,6,1.0,"6' 0""",205 lbs.,"76""",Orthodox,"Oct 18, 1987",3.77,53%,3.81,50%,0.5,31%,78%,0.2,2277
http://ufcstats.com/fighter-details/0a1942069c9ad6b6,Jack Hermansson,The Joker,24-10-0,24,10,0.0,"6' 1""",170 lbs.,"77""",Orthodox,"Jun 10, 1988",5.15,45%,3.72,56%,1.48,29%,80%,0.4,2276
http://ufcstats.com/fighter-details/f00ac08ab056af5d,Tagir Ulanbekov,,17-3-0,17,3,0.0,"5' 7""",125 lbs.,"70""",Southpaw,"Aug 07, 1991",3.01,48%,3.44,50%,2.73,39%,63%,1.5,2275
http://ufcstats.com/fighter-details/fb37795db81f93f3,Bogdan Grad,The Unleashed,15-4-0,15,4,0.0,"5' 8""",145 lbs.,"70""",Orthodox,"Sep 28, 1995",4.06,51%,5.06,49%,4.22,40%,75%,0.0,2274
http://ufcstats.com/fighter-details/9d19d9e4aa2662e8,Nicolas Dalby,Lokomotivo,24-6-1 (2 NC),24,6,,"5' 11""",170 lbs.,"74""",Orthodox,"Nov 16, 1984",3.88,43%,3.51,52%,0.9,26%,59%,0.1,2273
http://ufcstats.com/fighter-details/de26d906f2874dd4,Saygid Izagakhmaev,,22-3-0,22,3,0.0,"6' 0""",170 lbs.,"74""",,"Sep 03, 1994",1.33,58%,1.73,58%,4.0,40%,100%,0.0,2272
http://ufcstats.com/fighter-details/8d3273573b85be09,Asu Almabayev,Zulfikar,23-3-0,23,3,0.0,"5' 4""",125 lbs.,"65""",Orthodox,"Jan 25, 1994",2.31,50%,1.99,53%,4.46,42%,44%,1.5,2271
http://ufcstats.com/fighter-details/09a4447655fd4b7b,Rafael Cerqueira,The Lion,11-4-0,11,4,0.0,"6' 3""",205 lbs.,"76""",Southpaw,"Mar 15, 1990",1.56,43%,5.05,36%,0.0,0%,36%,0.0,2270
http://ufcstats.com/fighter-details/a4dc0f2b95df4cc1,Bekzat Almakhan,The Turan Warrior,12-3-0,12,3,0.0,"5' 7""",135 lbs.,"68""",Orthodox,"Oct 08, 1997",1.61,34%,3.73,36%,0.0,0%,41%,0.0,2269
http://ufcstats.com/fighter-details/4a6dff1b260bcf61,Aleksandre Topuria,El Conquistador,7-1-0,7,1,0.0,"5' 7""",135 lbs.,"68""",Orthodox,"Jan 28, 1996",2.93,55%,2.57,68%,1.5,33%,100%,0.0,2268
http://ufcstats.com/fighter-details/6a96ad1bc34fb113,Ismail Naurdiev,,25-8-0,25,8,0.0,"5' 10""",185 lbs.,"74""",Orthodox,"Aug 18, 1996",3.66,52%,1.75,64%,1.48,40%,73%,0.2,2267
http://ufcstats.com/fighter-details/d5bab53a1a603aac,Ryan Loder,Man of Steel,8-3-0,8,3,0.0,"6' 2""",185 lbs.,"76""",Southpaw,"Jun 05, 1991",5.1,69%,2.46,50%,1.37,14%,100%,1.4,2266
http://ufcstats.com/fighter-details/ca28cdf526d6b6e9,Nurullo Aliev,Tajik Eagle,11-0-0,11,0,0.0,"5' 10""",155 lbs.,"72""",Orthodox,"Dec 08, 2000",2.72,44%,1.63,58%,2.12,43%,80%,0.3,2265
http://ufcstats.com/fighter-details/ac0874309da489b9,Marek Bujlo,Bujdzilla,6-1-0,6,1,0.0,"6' 4""",265 lbs.,"77""",Orthodox,"Oct 10, 1992",2.07,38%,3.27,37%,0.0,0%,0%,0.0,2264
http://ufcstats.com/fighter-details/275aca31f61ba28c,Islam Makhachev,,28-1-0,28,1,0.0,"5' 10""",170 lbs.,"70""",Southpaw,"Oct 27, 1991",2.45,58%,1.45,61%,3.1,56%,91%,1.0,2263
http://ufcstats.com/fighter-details/132deb59abae64b1,Valentina Shevchenko,Bullet,26-4-1,26,4,1.0,"5' 5""",125 lbs.,"66""",Southpaw,"Mar 07, 1988",3.04,52%,2.0,63%,2.65,61%,76%,0.3,2262
http://ufcstats.com/fighter-details/1ebe20ebbfa15e29,Zhang Weili,Magnum,26-4-0,26,4,0.0,"5' 4""",115 lbs.,"63""",Switch,"Aug 13, 1989",4.66,52%,2.63,53%,1.96,44%,63%,0.5,2261
http://ufcstats.com/fighter-details/c32aeb1a59e6272d,Michael Morales,,19-0-0,19,0,0.0,"6' 0""",170 lbs.,"79""",Orthodox,"Jun 24, 1999",5.68,49%,3.26,53%,1.04,41%,89%,0.0,2260
http://ufcstats.com/fighter-details/f1fac969a1d70b08,Leon Edwards,Rocky,22-6-0 (1 NC),22,6,,"6' 2""",170 lbs.,"74""",Southpaw,"Aug 25, 1991",2.6,54%,2.44,52%,1.25,37%,63%,0.4,2259
http://ufcstats.com/fighter-details/35673bf5204524ee,Bo Nickal,,8-1-0,8,1,0.0,"6' 1""",185 lbs.,"76""",Southpaw,"Jan 14, 1996",3.35,61%,2.07,59%,3.1,55%,100%,2.5,2258
http://ufcstats.com/fighter-details/669970f7feba8ecd,Erin Blanchfield,Cold Blooded,14-2-0,14,2,0.0,"5' 4""",125 lbs.,"66""",Orthodox,"May 04, 1999",5.24,44%,4.25,58%,1.96,34%,78%,0.9,2257
http://ufcstats.com/fighter-details/68d4a891e5cf2029,Tracy Cortez,,12-3-0,12,3,0.0,"5' 5""",125 lbs.,"65""",Orthodox,"Dec 10, 1993",3.86,48%,3.01,57%,2.15,46%,59%,0.3,2256
http://ufcstats.com/fighter-details/2e45d08b3f2f02c8,Malcolm Wellmaker,The Machine,10-2-0,10,2,0.0,"5' 10""",135 lbs.,"71""",Switch,"Jun 04, 1994",4.58,55%,4.23,52%,0.0,0%,46%,0.0,2255
http://ufcstats.com/fighter-details/d6c0cdd7e467c440,Kyle Daukaus,,17-4-0 (1 NC),17,4,,"6' 2""",185 lbs.,"76""",Southpaw,"Feb 27, 1993",3.32,53%,2.9,42%,2.08,25%,82%,2.1,2254
http://ufcstats.com/fighter-details/e0c6edcb5b5d0b90,Chepe Mariscal,Machine Gun,18-7-0 (1 NC),18,7,,"5' 7""",145 lbs.,"69""",Orthodox,"Oct 27, 1992",4.14,55%,2.66,52%,2.34,39%,59%,0.2,2253
http://ufcstats.com/fighter-details/f0feeb2192937424,Angela Hill,Overkill,18-16-0,18,16,0.0,"5' 3""",115 lbs.,"64""",Orthodox,"Jan 12, 1985",5.37,50%,5.02,60%,0.75,30%,72%,0.1,2252
http://ufcstats.com/fighter-details/745fa7b605f8e2da,Fatima Kline,The Archangel,9-1-0,9,1,0.0,"5' 6""",115 lbs.,"67""",Orthodox,"Jul 12, 2000",5.01,50%,2.71,57%,2.02,58%,50%,0.0,2251
http://ufcstats.com/fighter-details/19c591115a58982c,Viacheslav Borshchev,Slava Claus,8-7-1,8,7,1.0,"5' 11""",155 lbs.,"69""",Orthodox,"Jan 08, 1992",5.1,50%,4.46,57%,0.0,0%,43%,0.1,2250
http://ufcstats.com/fighter-details/72f890c5d421e705,Matheus Camilo,Jaguar,10-3-0,10,3,0.0,"5' 10""",155 lbs.,"69""",Orthodox,"Jan 02, 2001",2.19,43%,3.25,64%,4.43,53%,0%,0.6,2249
http://ufcstats.com/fighter-details/01641ba5df0c69b0,Gabriel Bonfim,Marretinha,19-1-0,19,1,0.0,"6' 1""",170 lbs.,"72""",Orthodox,"Aug 20, 1997",4.61,46%,3.68,63%,3.6,55%,76%,1.4,2248
http://ufcstats.com/fighter-details/67c1d46f4ed16f9e,Matt Schnell,Danger,17-10-0 (1 NC),17,10,,"5' 8""",125 lbs.,"70""",Orthodox,"Jan 15, 1990",4.07,40%,4.11,55%,0.6,45%,43%,1.2,2247
http://ufcstats.com/fighter-details/2fe9032955c2e013,Joseph Morales,Bopo,15-2-0,15,2,0.0,"5' 6""",125 lbs.,"69""",Switch,"Aug 22, 1994",2.0,40%,2.05,57%,1.14,42%,26%,3.0,2246
http://ufcstats.com/fighter-details/447f9858ae78f921,Muslim Salikhov,King of Kung Fu,22-6-0,22,6,0.0,"5' 11""",170 lbs.,"70""",Orthodox,"Jun 09, 1984",3.37,49%,2.96,62%,1.07,32%,72%,0.0,2245
http://ufcstats.com/fighter-details/eb393afdbe3293d5,Ismael Bonfim,Marreta,20-6-0,20,6,0.0,"5' 8""",155 lbs.,"71""",Orthodox,"Dec 28, 1995",5.51,54%,3.71,65%,1.06,33%,76%,0.0,2244
http://ufcstats.com/fighter-details/41cc71cbf210e0fe,Hyder Amil,The Hurricane,11-2-0,11,2,0.0,"5' 9""",145 lbs.,"70""",Switch,"May 28, 1990",5.81,52%,3.95,51%,0.56,18%,65%,0.8,2243
http://ufcstats.com/fighter-details/e00a3dee329a51f7,Jamall Emmers,Pretty Boy,22-8-0,22,8,0.0,"5' 10""",145 lbs.,"74""",Orthodox,"Jul 24, 1989",5.1,49%,3.92,57%,2.59,53%,81%,0.3,2242
http://ufcstats.com/fighter-details/e3964ece586e0635,Jacqueline Cavalcanti,,10-2-0,10,2,0.0,"5' 8""",135 lbs.,"70""",Orthodox,"Aug 29, 1997",5.3,46%,2.98,68%,0.0,0%,85%,0.0,2241
http://ufcstats.com/fighter-details/6a311920edd73c85,Max Gimenis,,6-2-0,6,2,0.0,"6' 2""",256 lbs.,"75""",Orthodox,"Apr 14, 1993",3.21,42%,9.64,47%,0.0,0%,0%,0.0,2240
http://ufcstats.com/fighter-details/31ef8b67e13495b3,Tecia Pennington,Tiny Tornado,15-8-0,15,8,0.0,"5' 1""",115 lbs.,"60""",Orthodox,"Aug 16, 1989",4.73,48%,3.48,61%,0.56,14%,62%,0.1,2239
http://ufcstats.com/fighter-details/cffb87059e645bd1,Denise Gomes,Dee,12-3-0,12,3,0.0,"5' 2""",115 lbs.,"63""",Orthodox,"Dec 30, 1999",4.43,49%,3.16,51%,1.45,34%,66%,0.7,2238
http://ufcstats.com/fighter-details/46e0d677f91bacc0,Miles Johns,Chapo,15-5-0 (1 NC),15,5,,"5' 7""",135 lbs.,"68""",Orthodox,"Mar 30, 1994",3.36,44%,2.99,65%,1.22,26%,77%,0.0,2237
http://ufcstats.com/fighter-details/850266b3dc4e506e,Daniel Marcos,Soncora,18-1-0 (1 NC),18,1,,"5' 7""",135 lbs.,"69""",Orthodox,"Mar 07, 1993",4.9,53%,3.79,61%,1.35,52%,85%,0.1,2236
http://ufcstats.com/fighter-details/97cf1a2c7c5e7889,Steve Garcia,Mean Machine,19-5-0,19,5,0.0,"6' 0""",145 lbs.,"75""",Southpaw,"May 22, 1992",5.39,49%,2.12,59%,0.86,40%,88%,0.4,2235
http://ufcstats.com/fighter-details/ffe9703408fb5964,David Onama,,14-3-0,14,3,0.0,"5' 11""",145 lbs.,"74""",Orthodox,"Jun 07, 1994",5.07,50%,4.89,51%,1.05,30%,52%,0.5,2234
http://ufcstats.com/fighter-details/d66a46de8d705353,Jeremiah Wells,,13-4-1,13,4,1.0,"5' 9""",170 lbs.,"74""",Switch,"Oct 30, 1986",2.35,46%,1.28,48%,3.06,46%,50%,1.3,2233
http://ufcstats.com/fighter-details/a57cb948c4c70a47,Isaac Dulgarian,The Midwest Choppa,7-2-0,7,2,0.0,"5' 7""",145 lbs.,"71""",Orthodox,"Jul 04, 1996",2.99,63%,1.65,40%,4.57,50%,0%,1.8,2232
http://ufcstats.com/fighter-details/7cec3c4a5e7b6d68,Daniel Frunza,,9-4-0,9,4,0.0,"6' 1""",170 lbs.,"73""",Orthodox,"Apr 13, 1994",3.25,38%,4.32,50%,0.0,0%,50%,0.0,2231
http://ufcstats.com/fighter-details/253076a23d03dcd0,Allan Nascimento,Puro Osso,22-6-0,22,6,0.0,"5' 8""",125 lbs.,"69""",Orthodox,"Sep 11, 1991",3.06,55%,2.53,52%,1.26,23%,37%,1.1,2230
http://ufcstats.com/fighter-details/0e46690e55a8df75,Timmy Cuamba,Twilight,10-4-0,10,4,0.0,"5' 9""",135 lbs.,"71""",Orthodox,"Feb 08, 1999",2.88,42%,3.72,55%,1.18,31%,71%,0.0,2229
http://ufcstats.com/fighter-details/117a06469813e4ef,ChangHo Lee,,11-2-0,11,2,0.0,"5' 8""",135 lbs.,"69""",Orthodox,"May 09, 1994",3.88,66%,2.13,37%,3.2,34%,40%,0.3,2228
http://ufcstats.com/fighter-details/b9706f80d005036c,Ketlen Vieira,Fenomeno,16-5-0,16,5,0.0,"5' 8""",135 lbs.,"68""",Orthodox,"Aug 26, 1991",2.71,40%,3.73,50%,1.31,42%,90%,0.5,2227
http://ufcstats.com/fighter-details/87f8699fdcc2c404,Alice Ardelean,,12-7-0,12,7,0.0,"5' 3""",115 lbs.,"62""",Orthodox,"Apr 19, 1992",7.0,46%,4.97,61%,1.08,50%,85%,0.2,2226
http://ufcstats.com/fighter-details/1235b31de15d0c6e,Montserrat Conejo Ruiz,,10-5-0,10,5,0.0,"5' 0""",115 lbs.,"61""",Southpaw,"Feb 03, 1993",2.21,29%,6.19,44%,1.75,50%,44%,0.6,2225
http://ufcstats.com/fighter-details/4a07b1988477502c,Seokhyeon Ko,The Korean Tyson,13-2-0,13,2,0.0,"5' 10""",170 lbs.,"71""",Southpaw,"Sep 24, 1993",2.73,59%,1.42,58%,4.0,63%,75%,0.3,2224
http://ufcstats.com/fighter-details/c0d5c0c95c59050b,Ariane Carnelossi,Sorriso,15-4-0,15,4,0.0,"5' 2""",115 lbs.,"61""",Orthodox,"Nov 17, 1992",2.63,38%,4.61,44%,1.08,50%,22%,0.2,2223
http://ufcstats.com/fighter-details/399afbabc02376b5,Tom Aspinall,,15-3-0 (1 NC),15,3,,"6' 5""",255 lbs.,"78""",Orthodox,"Apr 11, 1993",7.63,67%,3.62,56%,2.62,80%,100%,1.3,2222
http://ufcstats.com/fighter-details/787bb1f087ccff8a,Ciryl Gane,Bon Gamin,13-2-0 (1 NC),13,2,,"6' 4""",247 lbs.,"81""",Orthodox,"Apr 12, 1990",5.29,61%,2.33,60%,0.68,25%,47%,0.6,2221
http://ufcstats.com/fighter-details/7447e9f28508106a,Mackenzie Dern,,16-5-0,16,5,0.0,"5' 4""",115 lbs.,"63""",Orthodox,"Mar 24, 1993",3.47,41%,3.93,51%,0.93,18%,37%,1.1,2220
http://ufcstats.com/fighter-details/333b9e5c723ac873,Aleksandar Rakic,Rocket,14-6-0,14,6,0.0,"6' 4""",205 lbs.,"78""",Orthodox,"Feb 06, 1992",4.13,50%,2.86,51%,0.64,21%,85%,0.1,2219
http://ufcstats.com/fighter-details/b7b84ccd221be298,Nasrat Haqparast,,18-6-0,18,6,0.0,"5' 10""",155 lbs.,"72""",Southpaw,"Aug 22, 1995",6.36,45%,6.0,63%,0.34,20%,86%,0.0,2218
http://ufcstats.com/fighter-details/b07aed698fba8624,Ikram Aliskerov,,17-2-0,17,2,0.0,"6' 0""",185 lbs.,"76""",Southpaw,"Dec 07, 1992",6.86,64%,5.47,41%,3.2,60%,100%,0.5,2217
http://ufcstats.com/fighter-details/285ae0b4a68221f4,JunYong Park,The Iron Turtle,19-7-0,19,7,0.0,"5' 10""",185 lbs.,"73""",Orthodox,"Feb 27, 1991",4.64,51%,3.82,51%,1.69,42%,54%,0.8,2216
http://ufcstats.com/fighter-details/5b86d491d63890c5,Ludovit Klein,Mr. Highlight,24-5-1,24,5,1.0,"5' 7""",155 lbs.,"72""",Southpaw,"Feb 22, 1995",3.76,53%,3.48,53%,1.37,51%,76%,0.0,2215
http://ufcstats.com/fighter-details/f5779a2303ed76ec,Valter Walker,The Clean Monster,15-1-0,15,1,0.0,"6' 6""",244 lbs.,"78""",Orthodox,"Dec 14, 1997",2.0,52%,2.85,42%,5.74,69%,0%,2.5,2214
http://ufcstats.com/fighter-details/3329d692aea4dc28,Hamdy Abdelwahab,The Hammer,7-1-0 (1 NC),7,1,,"6' 2""",265 lbs.,"72""",Southpaw,"Jan 22, 1993",4.27,55%,3.67,51%,3.25,65%,100%,0.0,2213
http://ufcstats.com/fighter-details/7a5e8c94a86f9895,Chris Barnett,Beastboy,23-10-0,23,10,0.0,"5' 9""",261 lbs.,"75""",Orthodox,"Jun 14, 1986",3.36,47%,6.55,36%,0.0,0%,35%,0.0,2212
http://ufcstats.com/fighter-details/7f1bf0c255ec8756,Azat Maksum,Qazaq,15-3-0,15,3,0.0,"5' 7""",125 lbs.,"70""",Southpaw,"Feb 02, 1995",2.75,27%,4.25,52%,3.5,31%,85%,0.2,2211
http://ufcstats.com/fighter-details/0be6776db31d98ec,Mitch Raposo,,10-3-0,10,3,0.0,"5' 5""",125 lbs.,"64""",Switch,"Oct 16, 1998",1.73,36%,2.65,61%,2.54,37%,61%,0.0,2210
http://ufcstats.com/fighter-details/bc7d1ad49fcb2d08,Jaqueline Amorim,,10-2-0,10,2,0.0,"5' 3""",115 lbs.,"68""",Orthodox,"Jun 24, 1995",2.43,50%,2.16,54%,2.16,36%,0%,3.8,2209
http://ufcstats.com/fighter-details/43a59ce3bb40449e,Mizuki,,16-6-0,16,6,0.0,"5' 3""",115 lbs.,"65""",Orthodox,"Aug 19, 1994",4.45,52%,4.65,49%,0.75,33%,80%,0.0,2208
http://ufcstats.com/fighter-details/2f181c0467965b98,Brendan Allen,All In,26-7-0,26,7,0.0,"6' 2""",185 lbs.,"75""",Orthodox,"Dec 28, 1995",3.59,53%,3.62,47%,1.56,42%,56%,1.1,2207
http://ufcstats.com/fighter-details/24656ef4d605c96f,Aiemann Zahabi,,14-2-0,14,2,0.0,"5' 8""",135 lbs.,"68""",Orthodox,"Nov 19, 1987",4.54,47%,4.08,69%,0.12,14%,83%,0.0,2206
http://ufcstats.com/fighter-details/34ff304266360297,Manon Fiorot,The Beast,13-2-0,13,2,0.0,"5' 7""",125 lbs.,"65""",Orthodox,"Feb 17, 1990",5.66,42%,3.58,66%,1.05,29%,87%,0.0,2205
http://ufcstats.com/fighter-details/dccb63727f2f5f74,Matt Frevola,The SteamRolla,11-6-1,11,6,1.0,"5' 9""",155 lbs.,"71""",Orthodox,"Jun 11, 1990",3.3,39%,3.76,56%,2.34,41%,40%,0.8,2204
http://ufcstats.com/fighter-details/873626e5547b5235,Kyle Prepolec,Killshot,18-10-0,18,10,0.0,"5' 10""",155 lbs.,"70""",Southpaw,"Aug 30, 1989",3.25,34%,5.69,48%,0.0,0%,45%,0.0,2203
http://ufcstats.com/fighter-details/700a674c042b7a96,Cody Gibson,The Renegade,22-12-0,22,12,0.0,"5' 10""",135 lbs.,"71""",Orthodox,"Sep 11, 1987",3.63,46%,3.22,57%,2.12,37%,69%,0.6,2202
http://ufcstats.com/fighter-details/7d420039bbfe7c1a,Aoriqileng,The Mongolian Murderer,26-12-0 (1 NC),26,12,,"5' 7""",135 lbs.,"69""",Orthodox,"Jun 25, 1993",4.69,49%,5.47,48%,1.2,46%,58%,0.0,2201
http://ufcstats.com/fighter-details/b671bdf981ad527d,HyunSung Park,Peace of Mind,10-2-0,10,2,0.0,"5' 7""",125 lbs.,"66""",Orthodox,"Nov 04, 1995",3.38,41%,3.14,55%,1.5,31%,47%,1.8,2200
http://ufcstats.com/fighter-details/b7c5eb7cdbac6a63,Danny Barlow,LeftHand2God,9-2-0,9,2,0.0,"6' 2""",185 lbs.,"79""",Southpaw,"Aug 02, 1995",5.81,51%,4.65,52%,0.0,0%,100%,0.0,2199
http://ufcstats.com/fighter-details/1b35af4d1529adf6,Stephanie Luciano,Rondinha,7-2-1,7,2,1.0,"5' 6""",115 lbs.,"65""",Orthodox,"Dec 16, 1999",5.2,42%,3.04,64%,1.3,71%,80%,0.3,2198
http://ufcstats.com/fighter-details/2c5f5749569eef66,Tainara Lisboa,Thai Panther,7-4-0,7,4,0.0,"5' 7""",135 lbs.,"67""",Orthodox,"Mar 02, 1991",2.01,44%,2.88,45%,1.67,31%,53%,0.3,2197
http://ufcstats.com/fighter-details/25f9a5f3e8a52618,Jhonata Diniz,,9-2-0,9,2,0.0,"6' 4""",254 lbs.,"79""",Orthodox,"Jun 23, 1991",3.89,56%,3.62,56%,0.0,0%,70%,0.0,2196
http://ufcstats.com/fighter-details/1ae8f3c723aacff4,Ricardo Ramos,,17-8-0,17,8,0.0,"5' 9""",145 lbs.,"72""",Orthodox,"Aug 01, 1995",2.91,36%,3.97,54%,2.51,57%,67%,1.0,2195
http://ufcstats.com/fighter-details/710f0f8c5d5c9d41,Lucas Almeida,,15-5-0,15,5,0.0,"5' 11""",145 lbs.,"71""",Orthodox,"Jan 31, 1991",4.94,39%,5.36,44%,0.0,0%,53%,0.0,2194
http://ufcstats.com/fighter-details/103e2e33a60683e1,Irina Alekseeva,Russian Ronda,5-4-0,5,4,0.0,"5' 8""",135 lbs.,"67""",Orthodox,"Jun 27, 1990",3.42,38%,5.02,45%,0.38,20%,50%,0.4,2193
http://ufcstats.com/fighter-details/e0d3d9b564f95635,Lucas Rocha,Fenomeno,18-2-0,18,2,0.0,"5' 3""",125 lbs.,"64""",Orthodox,"Aug 12, 2000",5.09,49%,3.67,56%,1.64,75%,76%,0.0,2192
http://ufcstats.com/fighter-details/d7c3816669784109,Karolina Kowalkiewicz,,16-10-0,16,10,0.0,"5' 3""",115 lbs.,"64""",Orthodox,"Oct 15, 1985",5.54,42%,5.77,56%,0.36,23%,74%,0.2,2191
http://ufcstats.com/fighter-details/72ea1984c52019b5,Saimon Oliveira,,18-7-0,18,7,0.0,"5' 4""",135 lbs.,"72""",Orthodox,"Apr 21, 1991",2.62,42%,3.87,45%,1.18,28%,36%,1.2,2190
http://ufcstats.com/fighter-details/d802174b0c0c1f4e,Magomed Ankalaev,,21-2-1 (1 NC),21,2,,"6' 3""",205 lbs.,"75""",Orthodox,"Jun 02, 1992",3.65,52%,2.59,56%,0.79,22%,87%,0.0,2189
http://ufcstats.com/fighter-details/e5549c82bfb5582d,Alex Pereira,Poatan,13-3-0,13,3,0.0,"6' 4""",205 lbs.,"79""",Orthodox,"Jul 07, 1987",5.16,62%,3.5,53%,0.11,50%,79%,0.2,2188
http://ufcstats.com/fighter-details/65f09bacd3957381,Cory Sandhagen,,18-6-0,18,6,0.0,"5' 11""",135 lbs.,"70""",Switch,"Apr 20, 1992",4.86,45%,3.47,56%,1.15,34%,56%,0.2,2187
http://ufcstats.com/fighter-details/749f572d1d3161fb,Khalil Rountree Jr.,,15-7-0 (1 NC),15,7,,"6' 1""",205 lbs.,"76""",Southpaw,"Feb 26, 1990",3.88,40%,4.33,49%,0.0,0%,58%,0.1,2186
http://ufcstats.com/fighter-details/36b8f265bcd1b7a4,Abus Magomedov,,28-7-1,28,7,1.0,"6' 2""",185 lbs.,"78""",Orthodox,"Sep 02, 1990",3.07,49%,3.43,55%,2.61,59%,100%,0.4,2185
http://ufcstats.com/fighter-details/563a1d42bb0e3cef,Tre'ston Vines,TVTime,10-4-0,10,4,0.0,"6' 1""",185 lbs.,"79""",Orthodox,"Jun 18, 1996",0.0,0%,3.56,50%,0.0,0%,0%,0.0,2184
http://ufcstats.com/fighter-details/b67d6bacc68d4c92,Daniel Santos,Willycat,14-3-0,14,3,0.0,"5' 7""",145 lbs.,"67""",Orthodox,"Mar 12, 1995",5.15,40%,5.38,50%,2.6,33%,73%,0.0,2183
http://ufcstats.com/fighter-details/a44020ea2e8cd026,JooSang Yoo,Zombie Jr.,9-1-0,9,1,0.0,"5' 7""",145 lbs.,"71""",Orthodox,"Jan 21, 1994",6.36,58%,4.99,56%,0.0,0%,50%,0.0,2182
http://ufcstats.com/fighter-details/2cfba6c837c03ed0,Patchy Mix,No Love,20-3-0,20,3,0.0,"5' 11""",135 lbs.,"70""",Southpaw,"Aug 16, 1993",5.3,43%,7.3,43%,2.5,62%,0%,0.0,2181
http://ufcstats.com/fighter-details/4144798612ef96e5,Edmen Shahbazyan,The Golden Boy,16-5-0,16,5,0.0,"6' 2""",185 lbs.,"75""",Orthodox,"Nov 20, 1997",3.8,48%,3.6,49%,1.62,37%,66%,0.4,2180
http://ufcstats.com/fighter-details/886264a0c9f4ea5e,Andre Muniz,Sergipano,24-8-0,24,8,0.0,"6' 1""",185 lbs.,"78""",Southpaw,"Feb 17, 1990",2.08,48%,2.46,51%,3.98,48%,35%,1.1,2179
http://ufcstats.com/fighter-details/3143bf892608139a,Yana Santos,,17-8-0 (1 NC),17,8,,"5' 6""",135 lbs.,"68""",Orthodox,"Nov 11, 1989",4.41,57%,3.12,52%,0.78,47%,51%,0.1,2178
http://ufcstats.com/fighter-details/45f0cc9d18f35137,Chris Gutierrez,El Guapo,22-7-2,22,7,2.0,"5' 9""",135 lbs.,"67""",Orthodox,"Apr 22, 1991",4.4,57%,2.65,63%,0.3,30%,67%,0.1,2177
http://ufcstats.com/fighter-details/32c3ee378671a5d9,Austin Vanderford,The Gentleman,13-3-0,13,3,0.0,"5' 11""",170 lbs.,"74""",Orthodox,"Mar 21, 1990",3.04,59%,2.71,48%,3.08,35%,100%,1.2,2176
http://ufcstats.com/fighter-details/4798e823ada58fe9,Veronica Hardy,,10-5-1,10,5,1.0,"5' 4""",125 lbs.,"64""",Southpaw,"Oct 30, 1995",3.06,45%,3.24,50%,0.82,41%,51%,0.3,2175
http://ufcstats.com/fighter-details/4333a8e70a672eb7,Brogan Walker,The Bear,8-5-0,8,5,0.0,"5' 4""",125 lbs.,"67""",Switch,"Aug 02, 1988",1.84,32%,3.32,47%,1.02,75%,11%,0.0,2174
http://ufcstats.com/fighter-details/70e1f8a821b72c8b,Jimmy Crute,,14-4-2,14,4,2.0,"6' 2""",205 lbs.,"74""",Orthodox,"Mar 04, 1996",4.15,52%,3.65,42%,4.39,52%,58%,2.0,2173
http://ufcstats.com/fighter-details/64ad3e3b0efa30bb,Ivan Erslan,,15-6-0 (1 NC),15,6,,"6' 2""",205 lbs.,"72""",Orthodox,"Nov 15, 1991",2.53,49%,4.57,54%,0.93,37%,70%,0.0,2172
http://ufcstats.com/fighter-details/a9da3158dd2c2b5a,Jack Jenkins,Phar,14-4-0,14,4,0.0,"5' 7""",145 lbs.,"68""",Switch,"Nov 03, 1993",4.48,61%,2.95,59%,1.98,60%,71%,0.2,2171
http://ufcstats.com/fighter-details/c5ccd878231c5407,Ramon Taveras,The Savage,10-4-0,10,4,0.0,"5' 8""",145 lbs.,"70""",Southpaw,"Jan 09, 1994",4.07,43%,6.45,54%,0.0,0%,72%,0.0,2170
http://ufcstats.com/fighter-details/a845f0735bc67405,Jake Matthews,The Celtic Kid,22-8-0,22,8,0.0,"5' 11""",170 lbs.,"73""",Orthodox,"Aug 19, 1994",3.34,43%,2.62,60%,1.44,41%,64%,0.8,2169
http://ufcstats.com/fighter-details/6c3b2525436cf5d4,Tom Nolan,Big Train,10-1-0,10,1,0.0,"6' 3""",155 lbs.,"73""",Southpaw,"Mar 08, 2000",5.87,45%,4.73,48%,0.74,22%,71%,1.9,2168
http://ufcstats.com/fighter-details/b39f7a6c2be17ee8,Charlie Campbell,The Cannibal,9-3-0,9,3,0.0,"6' 0""",155 lbs.,"72""",Orthodox,"Jul 03, 1995",5.23,51%,4.17,55%,2.45,36%,62%,0.0,2167
http://ufcstats.com/fighter-details/5f61780fe5e9b6d0,Andre Petroski,,13-6-0,13,6,0.0,"6' 0""",185 lbs.,"73""",Switch,"Jun 12, 1991",2.75,49%,2.99,51%,3.13,52%,86%,1.2,2166
http://ufcstats.com/fighter-details/40a456a25d52ee65,Rolando Bedoya,The Machine,14-5-0,14,5,0.0,"5' 11""",155 lbs.,"74""",Orthodox,"Jan 13, 1997",6.23,47%,5.5,52%,0.0,0%,75%,0.2,2165
http://ufcstats.com/fighter-details/723b64c0e9a8f348,Josias Musasa,The KO Wizard,8-2-0,8,2,0.0,"5' 8""",135 lbs.,"74""",Southpaw,"Oct 10, 1998",3.19,45%,4.39,36%,0.9,50%,81%,0.5,2164
http://ufcstats.com/fighter-details/528b071cf3da7c56,Luana Carolina,Dread,11-5-0,11,5,0.0,"5' 6""",135 lbs.,"69""",Orthodox,"Jun 11, 1993",4.65,51%,3.46,51%,0.3,37%,68%,0.6,2163
http://ufcstats.com/fighter-details/87e4a3a5080ee7ce,Elisha Ellison,The Snack Panther,5-2-0,5,2,0.0,"6' 0""",238 lbs.,"78""",Orthodox,"Mar 05, 1997",1.57,33%,15.13,40%,0.0,0%,0%,0.0,2162
http://ufcstats.com/fighter-details/4e30e4250cb08b61,Loma Lookboonmee,,10-4-0,10,4,0.0,"5' 1""",115 lbs.,"61""",Orthodox,"Jan 18, 1996",3.67,55%,2.52,53%,1.81,50%,68%,0.1,2161
http://ufcstats.com/fighter-details/71505842fb6455c3,Dustin Stoltzfus,,16-8-0,16,8,0.0,"6' 0""",185 lbs.,"75""",Orthodox,"Nov 15, 1991",3.3,45%,3.23,47%,2.08,37%,46%,1.1,2160
http://ufcstats.com/fighter-details/f53d4f21d1b5f2dc,Diego Ferreira,,19-7-0,19,7,0.0,"5' 9""",155 lbs.,"74""",Orthodox,"Jan 18, 1985",4.7,39%,3.46,55%,0.82,30%,57%,0.6,2159
http://ufcstats.com/fighter-details/32feae6d9a1e5047,Quang Le,Bang,9-3-0,9,3,0.0,"5' 7""",135 lbs.,"70""",Orthodox,"Oct 18, 1991",2.82,38%,4.59,49%,2.9,33%,100%,0.4,2158
http://ufcstats.com/fighter-details/866fd7b1a6c90e7f,Dusko Todorovic,Thunder,13-6-0,13,6,0.0,"6' 1""",185 lbs.,"74""",Orthodox,"May 19, 1994",4.73,57%,4.4,48%,1.77,21%,42%,0.3,2157
http://ufcstats.com/fighter-details/d747eb273a40a920,Claudio Puelles,Prince of Peru,13-5-0,13,5,0.0,"5' 10""",155 lbs.,"72""",Southpaw,"Apr 21, 1996",1.54,46%,2.62,48%,3.29,33%,60%,1.0,2156
http://ufcstats.com/fighter-details/ae7fe94f117f98cf,Joaquim Silva,Netto BJJ,14-6-0,14,6,0.0,"5' 8""",155 lbs.,"69""",Southpaw,"Feb 05, 1989",3.43,43%,4.17,53%,0.34,50%,70%,0.8,2155
http://ufcstats.com/fighter-details/c06d6b18862f9a53,Rodrigo Sezinando,,9-2-0,9,2,0.0,"5' 9""",170 lbs.,"71""",Orthodox,"Dec 11, 1997",2.25,27%,8.76,42%,3.37,25%,66%,0.0,2154
http://ufcstats.com/fighter-details/881bf86d4cba8578,Nassourdine Imavov,The Sniper,17-4-0 (1 NC),17,4,,"6' 3""",185 lbs.,"75""",Orthodox,"Mar 01, 1996",4.28,54%,3.17,58%,0.74,32%,81%,1.0,2153
http://ufcstats.com/fighter-details/eabf206b162b3b83,Paul Craig,Bearjew,17-10-1 (1 NC),17,10,,"6' 3""",205 lbs.,"76""",Orthodox,"Nov 27, 1987",2.5,45%,3.04,43%,1.43,18%,35%,1.3,2152
http://ufcstats.com/fighter-details/f748267c4ab6c127,Rhys McKee,Skeletor,14-7-1,14,7,1.0,"6' 2""",170 lbs.,"78""",Orthodox,"Sep 10, 1995",4.71,40%,7.15,47%,0.0,0%,47%,0.0,2151
http://ufcstats.com/fighter-details/ec13c393d029297d,Kaue Fernandes,,11-2-0,11,2,0.0,"5' 9""",155 lbs.,"73""",Orthodox,"Mar 17, 1995",4.28,55%,1.42,62%,1.18,100%,76%,0.0,2150
http://ufcstats.com/fighter-details/31dbfbe4e7a6727c,Trey Waters,The Truth,9-2-0,9,2,0.0,"6' 5""",170 lbs.,"77""",Orthodox,"Feb 21, 1995",6.39,44%,5.83,55%,0.4,33%,85%,0.8,2149
http://ufcstats.com/fighter-details/2caf993f53541fa1,Andreas Gustafsson,Bane,12-3-0,12,3,0.0,"6' 1""",170 lbs.,"73""",Orthodox,"Feb 20, 1991",5.82,71%,3.63,45%,6.19,58%,100%,0.0,2148
http://ufcstats.com/fighter-details/8f765fd5775a8873,Rinat Fakhretdinov,Gladiator,24-1-1,24,1,1.0,"6' 0""",170 lbs.,"74""",Orthodox,"Sep 28, 1991",5.03,52%,3.61,54%,3.91,34%,91%,0.2,2147
http://ufcstats.com/fighter-details/9c442aaf149ea982,Shauna Bannon,Mama B,7-3-0,7,3,0.0,"5' 5""",115 lbs.,"65""",Switch,"Oct 23, 1993",3.85,44%,3.25,45%,0.0,0%,47%,0.5,2146
http://ufcstats.com/fighter-details/8a65fd9ba31fd3f7,Zhang Mingyang,Mountain Tiger,19-7-0,19,7,0.0,"6' 2""",205 lbs.,"75""",Orthodox,"Aug 16, 1998",7.71,60%,5.33,43%,0.0,0%,75%,0.0,2145
http://ufcstats.com/fighter-details/def8166ff24bd237,Brian Ortega,T-City,16-5-0 (1 NC),16,5,,"5' 8""",155 lbs.,"69""",Switch,"Feb 21, 1991",3.84,37%,6.38,49%,0.93,25%,54%,0.9,2144
http://ufcstats.com/fighter-details/f14cf73e51b29254,Sergei Pavlovich,,20-3-0,20,3,0.0,"6' 3""",257 lbs.,"84""",Southpaw,"May 13, 1992",4.43,44%,3.62,55%,0.48,25%,75%,0.0,2143
http://ufcstats.com/fighter-details/7498b3ac79a3b948,Taiyilake Nueraji,Super Saiyan,12-1-0 (1 NC),12,1,,"6' 2""",170 lbs.,"75""",Southpaw,"Jan 12, 2001",9.82,53%,5.01,58%,1.47,33%,100%,0.0,2142
http://ufcstats.com/fighter-details/4729c93ba705a3bf,Kiefer Crosbie,BDK,10-6-0,10,6,0.0,"5' 11""",170 lbs.,"70""",Switch,"Apr 05, 1990",4.46,64%,5.8,46%,0.0,0%,40%,0.0,2141
http://ufcstats.com/fighter-details/8c1ca54b5089d199,Maheshate,,10-5-0,10,5,0.0,"6' 0""",155 lbs.,"71""",Orthodox,"Dec 01, 1999",3.96,31%,5.96,51%,0.0,0%,47%,0.0,2140
http://ufcstats.com/fighter-details/a13d755965a4ec9f,Rongzhu,,27-6-0,27,6,0.0,"5' 9""",155 lbs.,"71""",Orthodox,"Mar 07, 2000",6.02,51%,5.44,52%,1.35,62%,84%,0.1,2139
http://ufcstats.com/fighter-details/d2cd7a69cc55e7ed,Austin Hubbard,Thud,17-10-0,17,10,0.0,"5' 10""",155 lbs.,"71""",Orthodox,"Dec 22, 1991",3.97,42%,4.1,55%,1.63,28%,68%,0.1,2138
http://ufcstats.com/fighter-details/7b3503352cd53abb,Westin Wilson,,17-10-0,17,10,0.0,"6' 1""",145 lbs.,"73""",Southpaw,"Jan 24, 1989",1.57,31%,6.71,30%,1.57,16%,33%,7.9,2137
http://ufcstats.com/fighter-details/02f484417a6fa69d,Uran Satybaldiev,Gorilla,9-1-0,9,1,0.0,"6' 4""",205 lbs.,"79""",Orthodox,"Aug 10, 1994",2.14,25%,3.66,44%,0.0,0%,50%,1.7,2136
http://ufcstats.com/fighter-details/d683f4870742b273,Shi Ming,,17-6-0,17,6,0.0,"5' 2""",115 lbs.,"60""",Orthodox,"Nov 14, 1994",3.12,36%,2.92,53%,0.81,30%,57%,0.0,2135
http://ufcstats.com/fighter-details/a78f7a9135eb6249,Terrance Saeteurn,Wrong Turn,8-2-0,8,2,0.0,"5' 6""",125 lbs.,"67""",Orthodox,"May 30, 1995",3.82,40%,3.82,52%,0.0,0%,0%,0.0,2134
http://ufcstats.com/fighter-details/0d7b51c9d2649a6e,Dricus Du Plessis,Stillknocks,23-3-0,23,3,0.0,"6' 1""",185 lbs.,"76""",Switch,"Jan 14, 1994",5.18,48%,4.33,52%,2.22,51%,34%,0.7,2133
http://ufcstats.com/fighter-details/13a0275fa13c4d26,Jared Cannonier,The Killa Gorilla,18-9-0,18,9,0.0,"5' 11""",185 lbs.,"77""",Switch,"Mar 16, 1984",4.42,49%,4.35,56%,0.54,40%,64%,0.0,2132
http://ufcstats.com/fighter-details/d33da8a3d82bdb62,Kai Asakura,,21-6-0,21,6,0.0,"5' 8""",135 lbs.,"69""",Orthodox,"Oct 31, 1993",2.27,32%,3.53,52%,0.0,0%,50%,0.0,2131
http://ufcstats.com/fighter-details/64b12fe31be7560c,Eric Nolan,Nightime,8-4-0,8,4,0.0,"6' 2""",170 lbs.,"74""",Orthodox,"Sep 13, 1997",3.14,39%,5.13,41%,0.0,0%,71%,0.0,2130
http://ufcstats.com/fighter-details/6a1901c62ab3870f,Jessica Andrade,Bate Estaca,26-15-0,26,15,0.0,"5' 1""",115 lbs.,"62""",Orthodox,"Sep 25, 1991",6.37,48%,5.58,54%,2.1,54%,75%,0.3,2129
http://ufcstats.com/fighter-details/7cbf7c78d3b34218,Drakkar Klose,,16-3-1,16,3,1.0,"5' 9""",155 lbs.,"70""",Orthodox,"Mar 09, 1988",4.25,55%,3.65,49%,1.49,26%,69%,0.0,2128
http://ufcstats.com/fighter-details/abcf2cc6efc42031,Iasmin Lucindo,,18-6-0,18,6,0.0,"5' 3""",115 lbs.,"66""",Orthodox,"Jan 08, 2002",3.22,45%,2.8,62%,2.28,55%,68%,0.1,2127
http://ufcstats.com/fighter-details/5ec591b78349ba7e,Christian Rodriguez,Ceerod,12-4-0,12,4,0.0,"5' 7""",145 lbs.,"71""",Orthodox,"Dec 17, 1997",3.85,50%,2.85,56%,1.75,40%,67%,1.1,2126
http://ufcstats.com/fighter-details/148bb103cfbf123e,Toshiomi Kazama,,11-5-0,11,5,0.0,"5' 7""",135 lbs.,"69""",Orthodox,"May 15, 1997",1.49,53%,4.56,38%,1.94,16%,66%,1.0,2125
http://ufcstats.com/fighter-details/b12fb759e02378de,Gilbert Urbina,The RGV Bad Boy,7-5-0,7,5,0.0,"6' 3""",170 lbs.,"75""",Orthodox,"Apr 05, 1996",5.57,56%,4.62,44%,2.86,44%,0%,0.7,2124
http://ufcstats.com/fighter-details/a78a87d8c2bbb1cb,Julija Stoliarenko,,11-10-2,11,10,2.0,"5' 7""",125 lbs.,"66""",Orthodox,"Apr 08, 1993",2.74,38%,4.45,46%,0.78,20%,54%,1.4,2123
http://ufcstats.com/fighter-details/48a9a128784d53d1,Elves Brener,,16-6-0,16,6,0.0,"5' 10""",155 lbs.,"72""",Orthodox,"Sep 27, 1997",4.76,47%,5.86,50%,0.99,16%,76%,0.0,2122
http://ufcstats.com/fighter-details/351c4ec637380ad5,Karol Rosa,,19-7-0,19,7,0.0,"5' 5""",135 lbs.,"67""",Orthodox,"Dec 30, 1994",5.88,56%,4.59,49%,1.17,48%,70%,0.2,2121
http://ufcstats.com/fighter-details/8adcbd525fab8d9b,Elizeu Zaleski dos Santos,Capoeira,25-10-1,25,10,1.0,"5' 11""",170 lbs.,"73""",Orthodox,"Dec 11, 1986",4.16,41%,3.56,55%,0.79,20%,67%,0.4,2120
http://ufcstats.com/fighter-details/d8c811df0386d5e8,Rinya Nakamura,Hybred,10-1-0,10,1,0.0,"5' 7""",135 lbs.,"68""",Southpaw,"Mar 23, 1995",3.27,52%,1.72,63%,2.58,81%,100%,1.4,2119
http://ufcstats.com/fighter-details/a2d342ffc83913ed,Nathan Fletcher,,9-3-0,9,3,0.0,"5' 7""",135 lbs.,"70""",Orthodox,"Jan 03, 1998",3.41,59%,2.16,57%,3.37,38%,50%,0.7,2118
http://ufcstats.com/fighter-details/7eaa5e31c2dd86aa,Nick Klein,Blue Collar,6-3-0,6,3,0.0,"6' 1""",185 lbs.,"77""",Orthodox,"Sep 08, 1995",2.51,56%,3.41,39%,5.79,35%,66%,1.9,2117
http://ufcstats.com/fighter-details/d3f89fa685bd8420,Austin Bashi,,14-1-0,14,1,0.0,"5' 6""",145 lbs.,"70""",Orthodox,"Sep 29, 2001",1.75,47%,2.34,48%,7.81,41%,62%,1.7,2116
http://ufcstats.com/fighter-details/e1147d3d2dabe1ce,Robert Whittaker,The Reaper,27-9-0,27,9,0.0,"6' 0""",205 lbs.,"73""",Orthodox,"Dec 20, 1990",4.39,43%,3.36,59%,0.73,38%,82%,0.0,2115
http://ufcstats.com/fighter-details/c0ac37a4a1133da9,Marcus McGhee,The Maniac,10-2-0,10,2,0.0,"5' 8""",135 lbs.,"69""",Orthodox,"May 07, 1990",5.5,45%,3.64,57%,0.31,14%,90%,0.3,2114
http://ufcstats.com/fighter-details/06734ca9d88dec3a,Shara Magomedov,Bullet,16-1-0,16,1,0.0,"6' 2""",185 lbs.,"73""",Orthodox,"May 16, 1994",5.93,62%,3.85,43%,0.0,0%,71%,0.0,2113
http://ufcstats.com/fighter-details/d9c6f19f958643e9,Bryce Mitchell,Thug Nasty,18-4-0,18,4,0.0,"5' 10""",135 lbs.,"70""",Southpaw,"Oct 04, 1994",2.27,59%,1.6,58%,3.24,36%,33%,1.2,2112
http://ufcstats.com/fighter-details/0fd5f4b838e890cc,Said Nurmagomedov,,18-5-0,18,5,0.0,"5' 8""",135 lbs.,"70""",Orthodox,"Apr 05, 1992",3.08,48%,2.05,55%,0.86,15%,63%,1.1,2111
http://ufcstats.com/fighter-details/da22387a0407a2dc,Da'Mon Blackshear,The Monster,17-8-1,17,8,1.0,"5' 10""",135 lbs.,"72""",Switch,"Aug 12, 1994",4.33,45%,4.19,52%,1.48,33%,71%,1.5,2110
http://ufcstats.com/fighter-details/beecb672a279223e,Amanda Ribas,,13-7-0,13,7,0.0,"5' 4""",115 lbs.,"66""",Orthodox,"Aug 26, 1993",4.26,39%,3.29,60%,2.05,52%,82%,0.6,2109
http://ufcstats.com/fighter-details/3753714927f18437,Mohammad Yahya,The UAE Warrior,12-6-0,12,6,0.0,"5' 9""",145 lbs.,"73""",Switch,"May 23, 1994",3.5,39%,6.39,43%,0.5,20%,42%,0.5,2108
http://ufcstats.com/fighter-details/69037fc7730e4225,Steven Nguyen,The Ninja,10-2-0,10,2,0.0,"5' 11""",145 lbs.,"73""",Switch,"May 19, 1993",7.47,42%,7.1,60%,0.24,100%,88%,0.0,2107
http://ufcstats.com/fighter-details/8eb046f83e82bf26,Martin Buday,Badys,16-2-0,16,2,0.0,"6' 4""",265 lbs.,"77""",Orthodox,"Nov 11, 1991",4.39,53%,4.49,55%,0.15,20%,93%,0.1,2106
http://ufcstats.com/fighter-details/029eaff01e6bb8f0,Dustin Poirier,The Diamond,30-10-0 (1 NC),30,10,,"5' 9""",155 lbs.,"72""",Southpaw,"Jan 19, 1989",5.24,50%,4.57,52%,1.15,35%,64%,1.2,2105
http://ufcstats.com/fighter-details/8a1f3b5c526cd6e6,Daniel Rodriguez,D-Rod,20-5-0,20,5,0.0,"6' 1""",170 lbs.,"74""",Southpaw,"Dec 31, 1986",7.2,49%,5.4,57%,0.51,50%,64%,0.1,2104
http://ufcstats.com/fighter-details/e803242fb2e41112,Islam Dulatov,The Ripper,12-1-0,12,1,0.0,"6' 3""",170 lbs.,"75""",Orthodox,"Aug 02, 1998",8.78,54%,4.24,50%,2.2,100%,100%,0.0,2103
http://ufcstats.com/fighter-details/6370c1c1e12723d5,Marcin Prachnio,,17-9-0,17,9,0.0,"6' 3""",205 lbs.,"73""",Orthodox,"Jul 14, 1988",5.52,54%,3.15,54%,0.14,20%,53%,0.0,2102
http://ufcstats.com/fighter-details/0c25d0a5e8cdbf19,Lukasz Brzeski,The Bull,9-7-1 (1 NC),9,7,,"6' 3""",236 lbs.,"78""",Orthodox,"May 17, 1992",4.9,50%,3.65,54%,0.41,33%,35%,0.4,2101
http://ufcstats.com/fighter-details/fc0a4053eb8a3a59,Nicolle Caliari,,9-4-0,9,4,0.0,"5' 3""",115 lbs.,"62""",Orthodox,"Nov 04, 1996",2.88,39%,5.59,52%,3.38,29%,50%,1.0,2100
http://ufcstats.com/fighter-details/4a28cb716c19157a,Stephen Thompson,Wonderboy,17-9-1,17,9,1.0,"6' 0""",170 lbs.,"75""",Orthodox,"Feb 11, 1983",4.05,46%,3.0,54%,0.23,35%,63%,0.0,2099
http://ufcstats.com/fighter-details/751de04455cfaac0,Calvin Kattar,,23-10-0,23,10,0.0,"5' 11""",145 lbs.,"72""",Orthodox,"Mar 26, 1988",4.41,37%,6.55,54%,0.34,29%,77%,0.1,2098
http://ufcstats.com/fighter-details/3e8118c1ab52f211,Tuco Tokkos,,11-6-0,11,6,0.0,"6' 4""",205 lbs.,"76""",Orthodox,"Jun 30, 1990",2.59,41%,3.7,46%,2.87,36%,33%,0.6,2097
http://ufcstats.com/fighter-details/729d4bd5a6cd0a97,Lauren Murphy,Lucky,16-7-0,16,7,0.0,"5' 5""",125 lbs.,"67""",Orthodox,"Jul 27, 1983",3.94,38%,5.19,56%,1.09,24%,67%,0.2,2096
http://ufcstats.com/fighter-details/e99eb0ef25885de5,Mitch Ramirez,,8-3-0,8,3,0.0,"5' 11""",155 lbs.,"71""",Orthodox,"Nov 03, 1992",3.51,44%,3.98,37%,0.59,33%,25%,0.0,2095
http://ufcstats.com/fighter-details/fb3e61720be4690c,Mike Davis,Beast Boy,12-3-0,12,3,0.0,"6' 0""",155 lbs.,"72""",Orthodox,"Oct 07, 1992",4.73,53%,5.23,54%,2.4,44%,60%,0.8,2094
http://ufcstats.com/fighter-details/3f4c3bc822bea45d,Melissa Martinez,Super Mely,8-2-0,8,2,0.0,"5' 2""",115 lbs.,"66""",Southpaw,"Aug 18, 1997",3.78,47%,5.21,53%,0.35,50%,50%,0.0,2093
http://ufcstats.com/fighter-details/54f64b5e283b0ce7,Ilia Topuria,El Matador,17-0-0,17,0,0.0,"5' 7""",155 lbs.,"69""",Orthodox,"Jan 21, 1997",4.81,48%,3.83,64%,1.96,61%,93%,1.1,2092
http://ufcstats.com/fighter-details/853eb0dd5c0e2149,Kai Kara-France,Don't Blink,25-12-0 (1 NC),25,12,,"5' 4""",125 lbs.,"69""",Orthodox,"Mar 26, 1993",4.46,40%,3.24,64%,0.56,30%,83%,0.0,2091
http://ufcstats.com/fighter-details/9256f591b30c073e,Felipe Lima,Jungle Boy,14-2-0,14,2,0.0,"5' 6""",135 lbs.,"68""",Orthodox,"May 07, 1998",2.86,45%,2.91,64%,2.18,27%,85%,0.7,2090
http://ufcstats.com/fighter-details/36541f1e6c5d4955,Viviane Araujo,Vivi,13-7-0,13,7,0.0,"5' 4""",125 lbs.,"68""",Orthodox,"Nov 21, 1986",3.84,47%,4.83,55%,1.72,43%,75%,0.6,2089
http://ufcstats.com/fighter-details/ab2a4b5e04dc5fe9,Alvin Hines,Goozie,7-1-0,7,1,0.0,"6' 2""",265 lbs.,"74""",Orthodox,"Oct 20, 1991",5.47,31%,7.47,38%,1.0,10%,0%,0.0,2088
http://ufcstats.com/fighter-details/5444c5a201d3ee5a,Jamahal Hill,Sweet Dreams,12-4-0 (1 NC),12,4,,"6' 4""",205 lbs.,"79""",Southpaw,"May 19, 1991",6.19,51%,4.03,44%,0.0,0%,73%,0.0,2087
http://ufcstats.com/fighter-details/37f560436d745c18,Nikolas Motta,Iron,15-6-0 (1 NC),15,6,,"5' 9""",155 lbs.,"70""",Orthodox,"Feb 08, 1993",4.13,38%,5.28,52%,0.0,0%,83%,0.0,2086
http://ufcstats.com/fighter-details/bd532e9a2b93870c,Melissa Mullins,No Mess,7-2-0,7,2,0.0,"5' 7""",135 lbs.,"68""",Orthodox,"Jul 23, 1991",3.71,50%,4.39,52%,2.03,42%,85%,0.0,2085
http://ufcstats.com/fighter-details/da7f113b5ea39c43,Mohammed Usman,The Motor,12-4-0,12,4,0.0,"6' 2""",239 lbs.,"79""",Orthodox,"Apr 01, 1989",3.85,39%,4.27,51%,0.56,14%,66%,0.0,2084
http://ufcstats.com/fighter-details/f1b2aa7853d1ed6e,Kamaru Usman,The Nigerian Nightmare,21-4-0,21,4,0.0,"6' 0""",170 lbs.,"76""",Switch,"May 11, 1987",4.16,51%,2.67,55%,2.79,44%,89%,0.1,2083
http://ufcstats.com/fighter-details/f29a6350c69f4a33,Miranda Maverick,Fear The,17-6-0,17,6,0.0,"5' 3""",125 lbs.,"65""",Southpaw,"Jul 01, 1997",3.22,44%,2.25,61%,2.16,40%,45%,0.4,2082
http://ufcstats.com/fighter-details/523fa774700d7d3f,Court McGee,The Crusher,23-14-0,23,14,0.0,"5' 11""",170 lbs.,"75""",Orthodox,"Dec 12, 1984",4.5,36%,3.65,60%,1.78,24%,70%,0.5,2081
http://ufcstats.com/fighter-details/5c84f673b7bb7c15,Cameron Smotherman,The Baby-Faced Killa,12-6-0,12,6,0.0,"5' 9""",135 lbs.,"69""",Orthodox,"Sep 17, 1997",4.07,37%,3.52,58%,0.0,0%,62%,0.0,2080
http://ufcstats.com/fighter-details/1497e735d9f2560a,Ange Loosa,The Last Ninja,10-5-0 (1 NC),10,5,,"5' 10""",170 lbs.,"74""",Orthodox,"Mar 18, 1993",5.46,46%,6.59,52%,2.53,39%,83%,0.2,2079
http://ufcstats.com/fighter-details/2c483cf443f38ece,Vanessa Demopoulos,Lil Monster,11-8-0,11,8,0.0,"5' 2""",125 lbs.,"59""",Orthodox,"Sep 22, 1988",3.37,39%,5.39,41%,0.32,9%,26%,0.4,2078
http://ufcstats.com/fighter-details/3253b16d38ae087d,Julianna Pena,The Venezuelan Vixen,13-6-0,13,6,0.0,"5' 6""",135 lbs.,"69""",Orthodox,"Aug 19, 1989",3.1,44%,2.56,57%,1.7,54%,24%,0.8,2077
http://ufcstats.com/fighter-details/1af1170ed937cba7,Kayla Harrison,,19-1-0,19,1,0.0,"5' 8""",135 lbs.,"66""",Southpaw,"Jul 02, 1990",4.29,62%,1.1,66%,2.84,37%,100%,0.9,2076
http://ufcstats.com/fighter-details/2558ae2e5671e318,Khaos Williams,The OxFighter,16-5-0,16,5,0.0,"6' 0""",170 lbs.,"77""",Orthodox,"Mar 30, 1994",4.97,39%,5.34,41%,0.0,0%,51%,0.0,2075
http://ufcstats.com/fighter-details/6551c64fbcd1a467,Ariane da Silva,Queen of Violence,17-11-0,17,11,0.0,"5' 6""",125 lbs.,"67""",Orthodox,"Jan 26, 1994",4.05,41%,4.4,50%,0.47,38%,68%,0.3,2074
http://ufcstats.com/fighter-details/57186c150c645200,Jeka Saragih,,14-5-0,14,5,0.0,"5' 8""",145 lbs.,"69""",Orthodox,"Jan 01, 1995",2.75,50%,2.82,40%,2.17,80%,66%,0.5,2073
http://ufcstats.com/fighter-details/c739c2995a275314,Yanal Ashmouz,Red Fox,8-2-0,8,2,0.0,"5' 9""",155 lbs.,"69""",Orthodox,"Mar 31, 1995",2.88,50%,4.78,50%,3.24,38%,64%,0.0,2072
http://ufcstats.com/fighter-details/001eb2ab0f30e7ea,Mark Choinski,The Shark,8-1-0,8,1,0.0,"5' 8""",155 lbs.,"69""",Orthodox,"Oct 22, 1995",3.87,50%,7.33,33%,2.0,18%,0%,0.0,2071
http://ufcstats.com/fighter-details/fa07345cc9db5cc9,Billy Ray Goff,,9-4-0,9,4,0.0,"5' 10""",170 lbs.,"72""",Switch,"Jun 18, 1998",7.51,46%,5.02,59%,1.75,16%,66%,0.0,2070
http://ufcstats.com/fighter-details/a7151778b3381036,Kurt Holobaugh,The Hurt,22-10-0 (1 NC),22,10,,"5' 11""",155 lbs.,"70""",Orthodox,"Sep 08, 1986",4.58,44%,4.24,49%,0.65,33%,38%,0.8,2069
http://ufcstats.com/fighter-details/02bb48869eb7ac8f,Rayanne dos Santos,,14-9-0,14,9,0.0,"5' 2""",115 lbs.,"62""",Orthodox,"Jun 08, 1995",4.57,40%,6.47,59%,0.5,14%,80%,0.0,2068
http://ufcstats.com/fighter-details/94426bb170c88115,Sodiq Yusuff,Super,13-5-0,13,5,0.0,"5' 9""",155 lbs.,"71""",Orthodox,"May 19, 1993",5.27,49%,4.29,53%,0.36,23%,62%,0.4,2067
http://ufcstats.com/fighter-details/49d2a08964c5eb11,Nursulton Ruziboev,Black,36-9-2 (2 NC),36,9,,"6' 5""",185 lbs.,"76""",Orthodox,"Nov 19, 1993",2.59,46%,2.89,48%,0.75,66%,33%,0.0,2066
http://ufcstats.com/fighter-details/5eb50529a8418b77,Gabe Green,Gifted,12-5-0,12,5,0.0,"5' 10""",155 lbs.,"73""",Switch,"May 02, 1993",5.6,45%,6.19,47%,0.71,50%,50%,0.5,2065
http://ufcstats.com/fighter-details/36e78278a77006d4,Connor Matthews,The Controller,7-4-0,7,4,0.0,"5' 8""",145 lbs.,"71""",Switch,"May 31, 1992",4.82,43%,6.06,55%,3.24,55%,46%,0.7,2064
http://ufcstats.com/fighter-details/ac7c765882f2c68c,Elise Reed,,8-5-0,8,5,0.0,"5' 3""",115 lbs.,"63""",Orthodox,"Dec 05, 1992",3.41,53%,3.26,51%,0.46,60%,53%,0.0,2063
http://ufcstats.com/fighter-details/798e48f9e7f6ba22,Carlos Hernandez,,10-5-0,10,5,0.0,"5' 8""",125 lbs.,"67""",Orthodox,"Oct 25, 1993",3.83,45%,3.5,50%,1.56,21%,65%,0.2,2062
http://ufcstats.com/fighter-details/a3a542074109b347,Luana Pinheiro,,11-5-0,11,5,0.0,"5' 2""",115 lbs.,"62""",Orthodox,"Nov 18, 1992",3.29,39%,4.06,60%,2.33,37%,71%,0.2,2061
http://ufcstats.com/fighter-details/d0f3959b4a9747e6,Jose Aldo,,32-10-0,32,10,0.0,"5' 7""",135 lbs.,"70""",Orthodox,"Sep 09, 1986",3.65,46%,3.81,60%,0.47,51%,92%,0.1,2060
http://ufcstats.com/fighter-details/12ebd7d157e91701,Bruno Silva,Blindado,23-13-0,23,13,0.0,"6' 0""",185 lbs.,"74""",Orthodox,"Jul 13, 1989",3.86,48%,5.35,41%,0.77,22%,74%,0.0,2059
http://ufcstats.com/fighter-details/d008d785f6347dc2,JeongYeong Lee,Korean Tiger,11-3-0,11,3,0.0,"5' 10""",145 lbs.,"73""",Orthodox,"Nov 13, 1995",3.38,49%,3.82,50%,0.63,66%,72%,0.3,2058
http://ufcstats.com/fighter-details/7b433309b0fd12aa,Brad Katona,Superman,16-5-0,16,5,0.0,"5' 6""",135 lbs.,"64""",Orthodox,"Dec 19, 1991",4.81,52%,4.75,50%,1.86,34%,61%,0.0,2057
http://ufcstats.com/fighter-details/6d1bffff14897645,Santiago Ponzinibbio,Argentine Dagger,31-9-0,31,9,0.0,"6' 0""",170 lbs.,"73""",Orthodox,"Sep 26, 1986",4.78,41%,4.68,61%,0.6,27%,71%,0.0,2056
http://ufcstats.com/fighter-details/1a2bf44edb8055b6,Serhiy Sidey,,12-2-0,12,2,0.0,"5' 11""",135 lbs.,"72""",Switch,"Jul 04, 1996",4.49,39%,4.26,54%,1.58,25%,20%,1.3,2055
http://ufcstats.com/fighter-details/b96619b3acd7d9da,Miesha Tate,Cupcake,20-10-0,20,10,0.0,"5' 6""",135 lbs.,"65""",Orthodox,"Aug 18, 1986",2.62,44%,3.05,51%,1.97,30%,56%,1.2,2054
http://ufcstats.com/fighter-details/cd2c4d30c6e13b47,Marina Rodriguez,,17-6-2,17,6,2.0,"5' 6""",115 lbs.,"65""",Orthodox,"Apr 29, 1987",4.51,46%,3.01,55%,0.27,50%,61%,0.3,2053
http://ufcstats.com/fighter-details/96924b0019b3aff1,Gaston Bolanos,The Dreamkiller,8-5-0,8,5,0.0,"5' 7""",145 lbs.,"69""",Orthodox,"Sep 14, 1992",3.28,49%,2.4,50%,0.66,100%,42%,0.0,2052
http://ufcstats.com/fighter-details/1a9480fc288e55d7,Don'Tale Mayes,Lord Kong,11-9-0 (1 NC),11,9,,"6' 6""",260 lbs.,"81""",Orthodox,"Jan 16, 1992",3.22,43%,3.61,46%,0.59,38%,46%,0.0,2051
http://ufcstats.com/fighter-details/38c5817ade8a8014,Ivana Petrovic,,7-3-0,7,3,0.0,"5' 8""",125 lbs.,"70""",Southpaw,"Jun 11, 1994",1.91,41%,2.05,56%,2.12,38%,61%,0.8,2050
http://ufcstats.com/fighter-details/d4c9dcd330403612,Anthony Smith,Lionheart,38-22-0,38,22,0.0,"6' 4""",205 lbs.,"76""",Orthodox,"Jul 26, 1988",3.19,49%,5.04,44%,0.44,22%,50%,0.6,2049
http://ufcstats.com/fighter-details/09e62c450e754913,Jimmy Flick,The Brick,17-9-0,17,9,0.0,"5' 7""",125 lbs.,"68""",Orthodox,"Sep 07, 1990",1.67,50%,4.7,43%,2.36,33%,0%,3.5,2048
http://ufcstats.com/fighter-details/d9a56ecb6e94f02e,Evan Elder,The Phenom,10-2-0,10,2,0.0,"5' 10""",155 lbs.,"72""",Switch,"Apr 11, 1997",5.66,50%,4.94,57%,0.48,15%,40%,0.5,2047
http://ufcstats.com/fighter-details/1897b7b913736a7c,Alatengheili,The Mongolian Knight,17-10-2,17,10,2.0,"5' 5""",135 lbs.,"66""",Orthodox,"Dec 14, 1991",2.82,32%,5.12,57%,1.74,43%,75%,0.0,2046
http://ufcstats.com/fighter-details/3c8a5200436e19f3,Cameron Saaiman,MSP,9-3-0,9,3,0.0,"5' 8""",135 lbs.,"67""",Southpaw,"Dec 20, 2000",5.3,46%,4.14,51%,0.89,28%,47%,0.7,2045
http://ufcstats.com/fighter-details/9673a497a9da119a,Polyana Viana,Dama de Ferro,13-9-0,13,9,0.0,"5' 5""",115 lbs.,"67""",Orthodox,"Jun 14, 1992",2.82,40%,2.74,52%,0.67,33%,33%,1.5,2044
http://ufcstats.com/fighter-details/15ea371202eb25e1,Roberto Romero,El Charro Negro,8-5-1,8,5,1.0,"5' 8""",145 lbs.,"70""",Orthodox,"Jan 30, 2000",4.56,49%,6.44,44%,0.0,0%,71%,0.0,2043
http://ufcstats.com/fighter-details/af9efbfd63d39734,Chelsea Chandler,,6-4-0,6,4,0.0,"5' 8""",135 lbs.,"68""",Southpaw,"Nov 23, 1990",3.55,45%,4.44,40%,0.87,60%,28%,0.0,2042
http://ufcstats.com/fighter-details/4b93a88f3b1de35b,Michael Chandler,Iron,23-10-0,23,10,0.0,"5' 8""",155 lbs.,"71""",Orthodox,"Apr 24, 1986",4.04,49%,4.52,43%,1.96,41%,61%,0.6,2041
http://ufcstats.com/fighter-details/cbf5e6f231b55443,Yair Rodriguez,El Pantera,21-6-0 (1 NC),21,6,,"5' 11""",145 lbs.,"71""",Orthodox,"Oct 06, 1992",4.65,46%,3.78,52%,0.71,29%,59%,0.6,2040
http://ufcstats.com/fighter-details/4682bc59d5f55145,Sean Woodson,The Sniper,13-2-1,13,2,1.0,"6' 2""",145 lbs.,"78""",Orthodox,"Jun 07, 1992",5.57,46%,4.18,58%,0.58,55%,84%,0.3,2039
http://ufcstats.com/fighter-details/c41d426cc7326d1b,Yan Xiaonan,,19-5-0 (1 NC),19,5,,"5' 5""",115 lbs.,"63""",Orthodox,"Jun 16, 1989",4.69,45%,3.23,60%,0.84,73%,64%,0.0,2038
http://ufcstats.com/fighter-details/92a9aa9c93192871,Darren Elkins,The Damage,29-12-0,29,12,0.0,"5' 10""",145 lbs.,"71""",Orthodox,"May 16, 1984",3.4,38%,3.34,51%,2.87,34%,56%,1.1,2037
http://ufcstats.com/fighter-details/8173f134396cb971,Cortavious Romious,,9-4-0,9,4,0.0,"5' 4""",135 lbs.,"68""",Southpaw,"Jan 06, 1994",1.91,38%,3.46,39%,2.29,66%,64%,0.8,2036
http://ufcstats.com/fighter-details/d7e40dca3ae125be,Diana Belbita,The Warrior Princess,15-10-0,15,10,0.0,"5' 7""",125 lbs.,"68""",Orthodox,"Jun 26, 1996",6.45,41%,6.55,51%,0.86,62%,64%,0.0,2035
http://ufcstats.com/fighter-details/efc67b07eed39794,Istela Nunes,,6-6-0 (1 NC),6,6,,"5' 4""",115 lbs.,"66""",Orthodox,"Jul 23, 1992",4.28,47%,4.07,59%,0.0,0%,47%,0.0,2034
http://ufcstats.com/fighter-details/eb8d8c2a95cfccb8,Victor Henry,La Mangosta,25-7-0 (1 NC),25,7,,"5' 7""",135 lbs.,"68""",Switch,"May 04, 1987",7.17,53%,5.19,48%,1.04,42%,81%,0.3,2033
http://ufcstats.com/fighter-details/f7be1db194e03d7e,Pedro Falcao,Pedrinho,16-5-0,16,5,0.0,"5' 6""",135 lbs.,"66""",Orthodox,"Jul 30, 1992",3.21,48%,3.39,50%,2.73,25%,66%,0.0,2032
http://ufcstats.com/fighter-details/077e3ace32b72be9,CJ Vergara,,12-7-1,12,7,1.0,"5' 6""",125 lbs.,"68""",Orthodox,"Jun 18, 1991",5.02,56%,4.69,53%,0.0,0%,60%,0.2,2031
http://ufcstats.com/fighter-details/f2900678e98f6d6a,Ronaldo Rodriguez,Lazy Boy,17-3-0,17,3,0.0,"5' 6""",125 lbs.,"65""",Orthodox,"May 07, 1999",2.71,43%,3.8,44%,1.09,36%,64%,0.8,2030
http://ufcstats.com/fighter-details/c77a953488e5607d,Vinc Pichel,From Hell,14-5-0,14,5,0.0,"5' 10""",155 lbs.,"72""",Orthodox,"Nov 23, 1982",3.78,46%,3.17,54%,2.5,51%,31%,0.2,2029
http://ufcstats.com/fighter-details/b909a9a9688b5284,Gabriel Miranda,Fly,17-8-0,17,8,0.0,"5' 11""",145 lbs.,"71""",Orthodox,"Mar 25, 1990",3.23,43%,6.01,37%,4.75,38%,0%,1.9,2028
http://ufcstats.com/fighter-details/fd55393021a8c255,Gunnar Nelson,Gunni,19-6-1,19,6,1.0,"5' 11""",170 lbs.,"72""",Switch,"Jul 28, 1988",1.77,61%,3.06,48%,2.0,52%,68%,1.0,2027
http://ufcstats.com/fighter-details/51018a31ddf31eb2,Molly McCann,Meatball,14-8-0,14,8,0.0,"5' 4""",115 lbs.,"62""",Orthodox,"May 04, 1990",5.28,49%,4.65,62%,1.78,36%,38%,0.5,2026
http://ufcstats.com/fighter-details/6d38e41efa47a72d,Jordan Vucenic,The Epidemic,13-4-0,13,4,0.0,"5' 10""",155 lbs.,"73""",Orthodox,"Mar 02, 1996",2.11,45%,1.9,58%,0.63,14%,44%,0.0,2025
http://ufcstats.com/fighter-details/5cdf5339728f580d,Felipe dos Santos,Lipe Detona,8-3-0 (1 NC),8,3,,"5' 7""",125 lbs.,"70""",Orthodox,"Sep 11, 2000",3.75,39%,3.8,41%,0.0,0%,20%,0.5,2024
http://ufcstats.com/fighter-details/0d5cc0170c1a7e71,Mick Parkin,,10-1-0,10,1,0.0,"6' 4""",265 lbs.,"79""",Orthodox,"Oct 02, 1995",4.7,50%,4.13,58%,1.38,46%,50%,0.2,2023
http://ufcstats.com/fighter-details/19f8a2f6eecd92ac,Puja Tomar,Cyclone,9-5-0,9,5,0.0,"5' 4""",115 lbs.,"59""",Southpaw,"Dec 05, 1993",5.61,48%,5.82,46%,0.0,0%,100%,0.0,2022
http://ufcstats.com/fighter-details/42ac4020cba261ad,Caolan Loughran,The Don,10-2-0,10,2,0.0,"5' 6""",135 lbs.,"68""",Orthodox,"May 18, 1996",4.73,42%,5.2,52%,3.0,34%,87%,0.0,2021
http://ufcstats.com/fighter-details/7772b283d288dbe2,Guram Kutateladze,Georgian Viking,13-5-0,13,5,0.0,"5' 11""",155 lbs.,"72""",Orthodox,"Jan 08, 1992",3.53,45%,4.22,54%,0.61,15%,75%,0.0,2020
http://ufcstats.com/fighter-details/a68575214ecad140,SeungWoo Choi,Sting,11-8-0,11,8,0.0,"6' 0""",145 lbs.,"74""",Orthodox,"Nov 03, 1992",3.56,38%,3.16,47%,0.83,54%,70%,0.0,2019
http://ufcstats.com/fighter-details/d1053e55f00e53fe,AJ Cunningham,The Savage,11-5-0,11,5,0.0,"5' 10""",135 lbs.,"71""",Orthodox,"Sep 07, 1994",4.22,29%,6.31,48%,0.0,0%,46%,0.5,2018
http://ufcstats.com/fighter-details/07f959e6596307bb,Carlos Vera,Pequeno,12-4-0,12,4,0.0,"5' 6""",135 lbs.,"69""",Orthodox,"Nov 05, 1987",1.53,57%,2.79,49%,0.0,0%,25%,1.6,2017
http://ufcstats.com/fighter-details/e8fe9c15d348e778,Daniel Barez,,17-8-0,17,8,0.0,"5' 6""",125 lbs.,"66""",Orthodox,"Dec 10, 1988",4.6,48%,6.93,50%,1.71,29%,80%,0.5,2016
http://ufcstats.com/fighter-details/b1f21ce050035d58,Andre Lima,Mascote,11-0-0,11,0,0.0,"5' 7""",125 lbs.,"67""",Orthodox,"Feb 04, 1999",4.06,60%,2.49,57%,1.36,75%,75%,1.1,2015
http://ufcstats.com/fighter-details/68d35296f566792b,Josiane Nunes,Josi,10-4-0,10,4,0.0,"5' 2""",135 lbs.,"67""",Southpaw,"Dec 23, 1993",5.65,43%,5.76,51%,0.0,0%,58%,0.0,2014
http://ufcstats.com/fighter-details/c3d2b9bcb4cead6b,Yuneisy Duben,,6-1-0 (1 NC),6,1,,"5' 4""",125 lbs.,"65""",Orthodox,"Jul 08, 1996",13.53,48%,10.75,53%,0.0,0%,0%,0.0,2013
http://ufcstats.com/fighter-details/2f43a3e82661fa99,Rei Tsuruya,,10-1-0,10,1,0.0,"5' 6""",125 lbs.,"68""",Orthodox,"Jun 22, 2002",2.24,52%,2.01,42%,5.06,37%,50%,1.9,2012
http://ufcstats.com/fighter-details/369ea36e450ae62a,Armen Petrosyan,Superman,9-5-0,9,5,0.0,"6' 3""",185 lbs.,"71""",Orthodox,"Nov 03, 1990",5.84,53%,3.31,53%,0.17,33%,41%,0.0,2011
http://ufcstats.com/fighter-details/d0e1b42d41dab603,Julian Marquez,The Cuban Missile Crisis,9-6-0,9,6,0.0,"6' 2""",185 lbs.,"72""",Orthodox,"May 08, 1990",5.06,45%,5.35,50%,0.0,0%,54%,2.6,2010
http://ufcstats.com/fighter-details/05fa626cb33d15b8,Andrea Lee,KGB,13-11-0,13,11,0.0,"5' 6""",125 lbs.,"69""",Orthodox,"Feb 11, 1989",4.62,45%,3.91,61%,1.65,52%,53%,0.6,2009
http://ufcstats.com/fighter-details/7d0a1968b38ca439,Ramazan Temirov,Temurlan,19-3-0,19,3,0.0,"5' 4""",125 lbs.,"63""",Orthodox,"Jan 31, 1997",4.37,40%,3.93,59%,0.84,50%,100%,0.0,2008
http://ufcstats.com/fighter-details/a52bc1e62cf0b7c6,Melsik Baghdasaryan,The Gun,8-3-0,8,3,0.0,"5' 9""",145 lbs.,"70""",Southpaw,"Jan 28, 1992",5.04,59%,3.14,56%,0.0,0%,72%,0.0,2007
http://ufcstats.com/fighter-details/a817e238b2747404,Dylan Budka,The Mindless Hulk,7-5-0,7,5,0.0,"6' 0""",185 lbs.,"75""",Switch,"Jan 14, 2000",1.06,38%,1.8,42%,1.93,38%,76%,0.4,2006
http://ufcstats.com/fighter-details/86d9dbe1bfcbade7,Julia Avila,Raging Panda,9-4-0,9,4,0.0,"5' 7""",135 lbs.,"68""",Orthodox,"May 11, 1988",2.81,42%,3.28,55%,0.63,37%,52%,0.2,2005
http://ufcstats.com/fighter-details/e13abac8089a801a,Justin Tafa,Bad Man,7-5-0 (1 NC),7,5,,"6' 0""",264 lbs.,"74""",Southpaw,"Dec 13, 1993",4.05,54%,5.11,47%,0.0,0%,53%,0.0,2004
http://ufcstats.com/fighter-details/f2f140ce7532e327,Gabriel Santos,Mosquitinho,12-2-0,12,2,0.0,"5' 9""",145 lbs.,"70""",Orthodox,"Nov 28, 1996",4.35,60%,4.31,45%,3.8,54%,87%,1.2,2003
http://ufcstats.com/fighter-details/dda15dbfafb792df,Kevin Jousset,Air,10-4-0,10,4,0.0,"6' 2""",170 lbs.,"75""",Orthodox,"May 02, 1993",6.61,51%,6.49,50%,0.69,40%,100%,0.3,2002
http://ufcstats.com/fighter-details/a72a2a769fa5a2be,Anshul Jubli,King of Lions,7-2-0,7,2,0.0,"6' 0""",155 lbs.,"69""",Switch,"Jan 13, 1995",6.42,46%,5.72,50%,0.81,18%,63%,0.4,2001
http://ufcstats.com/fighter-details/2cd428e9606856fd,Jairzinho Rozenstruik,Bigi Boy,15-6-0,15,6,0.0,"6' 2""",242 lbs.,"78""",Orthodox,"Mar 17, 1988",3.48,48%,2.63,52%,0.0,0%,72%,0.0,2000
http://ufcstats.com/fighter-details/38c626ca912c7bac,Damir Hadzovic,The Bosnian Bomber,14-8-0,14,8,0.0,"5' 9""",155 lbs.,"70""",Orthodox,"Aug 08, 1986",3.34,47%,3.74,59%,0.91,54%,34%,0.1,1999
http://ufcstats.com/fighter-details/11583163f45c7b31,Lucas Alexander,The Lion,8-5-0,8,5,0.0,"5' 11""",145 lbs.,"73""",Orthodox,"Jul 28, 1995",4.69,57%,2.87,56%,0.0,0%,60%,0.0,1998
http://ufcstats.com/fighter-details/f41b9f5efc7162d6,Jamal Pogues,,11-5-0,11,5,0.0,"6' 3""",205 lbs.,"77""",Orthodox,"Dec 01, 1995",3.57,46%,3.97,49%,2.0,46%,70%,0.0,1997
http://ufcstats.com/fighter-details/b6c37948cb226e8c,Benardo Sopaj,Lion King,13-3-0,13,3,0.0,"5' 6""",135 lbs.,"66""",Orthodox,"Sep 25, 2000",4.39,58%,4.69,52%,2.43,60%,76%,0.8,1996
http://ufcstats.com/fighter-details/a53d30163304aa6e,Carlston Harris,Mocambique,19-7-0,19,7,0.0,"6' 0""",170 lbs.,"76""",Orthodox,"Jul 09, 1987",3.79,43%,3.46,54%,1.46,22%,55%,0.6,1995
http://ufcstats.com/fighter-details/eae431e70064e046,Abdul Razak Alhassan,,12-7-0 (1 NC),12,7,,"5' 10""",185 lbs.,"73""",Orthodox,"Aug 11, 1985",3.64,49%,4.01,54%,0.84,33%,51%,0.2,1994
http://ufcstats.com/fighter-details/84f727cf0166d6f2,Jose Johnson,Zhakwarius,16-10-0,16,10,0.0,"6' 0""",125 lbs.,"71""",Orthodox,"May 20, 1995",2.27,57%,1.61,53%,0.69,60%,41%,0.7,1993
http://ufcstats.com/fighter-details/260bd4cef10b033f,Ihor Potieria,Duelist,20-8-0,20,8,0.0,"6' 3""",185 lbs.,"75""",Southpaw,"May 29, 1996",4.44,50%,4.96,50%,0.73,18%,66%,0.0,1992
http://ufcstats.com/fighter-details/cfc3e7bb44685289,Trey Ogden,Shamurai,18-7-0 (1 NC),18,7,,"5' 11""",155 lbs.,"72""",Orthodox,"Nov 14, 1989",3.2,50%,3.49,55%,1.89,32%,100%,0.7,1991
http://ufcstats.com/fighter-details/9fe7af8b3fbe00a0,Preston Parsons,Pressure,11-6-0,11,6,0.0,"5' 11""",170 lbs.,"71""",Orthodox,"Jul 15, 1995",3.54,51%,3.25,54%,3.46,36%,71%,2.3,1990
http://ufcstats.com/fighter-details/6e344b71421103da,Magomed Gadzhiyasulov,,9-1-0,9,1,0.0,"6' 2""",205 lbs.,"75""",Orthodox,"Nov 04, 1993",2.89,49%,1.64,62%,3.67,73%,61%,0.0,1989
http://ufcstats.com/fighter-details/6c9b66b43663f2f7,Viktoriia Dudakova,,8-2-0,8,2,0.0,"5' 5""",115 lbs.,"67""",Orthodox,"Jan 26, 1999",2.87,47%,3.4,50%,2.73,35%,33%,0.0,1988
http://ufcstats.com/fighter-details/af65aa688d13eedf,Joe Solecki,,13-6-0,13,6,0.0,"5' 9""",155 lbs.,"70""",Orthodox,"Aug 27, 1993",1.97,53%,1.85,50%,2.06,48%,14%,1.4,1987
http://ufcstats.com/fighter-details/dc9572dd6ec74859,Colby Covington,Chaos,17-5-0,17,5,0.0,"5' 11""",170 lbs.,"72""",Orthodox,"Feb 22, 1988",3.81,38%,3.09,54%,3.64,42%,68%,0.2,1986
http://ufcstats.com/fighter-details/aa171d55d4b5208f,Billy Quarantillo,,18-7-0,18,7,0.0,"5' 10""",145 lbs.,"70""",Orthodox,"Dec 08, 1988",7.44,54%,5.83,42%,1.47,24%,61%,1.0,1985
http://ufcstats.com/fighter-details/ee18ff42063174df,Ottman Azaitar,Bulldozer,13-3-0,13,3,0.0,"5' 8""",155 lbs.,"71""",Switch,"Feb 20, 1990",4.43,44%,4.11,52%,0.0,0%,100%,0.0,1984
http://ufcstats.com/fighter-details/d2f43cfaf8ca3560,Fernando Padilla,El Valiente,16-6-0,16,6,0.0,"6' 1""",145 lbs.,"76""",Orthodox,"Dec 15, 1996",6.07,40%,5.74,52%,0.0,0%,100%,0.6,1983
http://ufcstats.com/fighter-details/971dba22c622af12,Josefine Knutsson,Thunder,8-1-0,8,1,0.0,"5' 3""",115 lbs.,"60""",Orthodox,"Jan 16, 1996",4.24,51%,2.13,54%,1.6,72%,35%,0.0,1982
http://ufcstats.com/fighter-details/01afe0916a40c7c5,Shavkat Rakhmonov,Nomad,19-0-0,19,0,0.0,"6' 1""",170 lbs.,"77""",Orthodox,"Oct 23, 1994",3.25,60%,2.17,51%,1.4,25%,85%,1.2,1981
http://ufcstats.com/fighter-details/242d36d241b43c12,Kron Gracie,,5-3-0,5,3,0.0,"5' 9""",145 lbs.,"70""",Southpaw,"Jul 11, 1988",2.95,42%,5.73,51%,0.35,25%,0%,0.7,1980
http://ufcstats.com/fighter-details/e93b04e308913c2e,Dooho Choi,The Korean Superboy,17-4-1,17,4,1.0,"5' 10""",145 lbs.,"70""",Orthodox,"Apr 10, 1991",5.0,55%,4.43,57%,1.26,53%,59%,0.5,1979
http://ufcstats.com/fighter-details/f626118b6da0e020,Bryan Battle,The Butcher,13-2-0 (1 NC),13,2,,"6' 1""",185 lbs.,"77""",Orthodox,"Sep 21, 1994",5.12,52%,4.11,44%,0.77,17%,53%,0.4,1978
http://ufcstats.com/fighter-details/3a8176e15b9887c1,Chris Weidman,The All-American,16-8-0,16,8,0.0,"6' 2""",185 lbs.,"78""",Orthodox,"Jun 17, 1984",3.11,45%,3.37,51%,3.27,42%,72%,0.8,1977
http://ufcstats.com/fighter-details/c47df9303d318c67,Clay Guida,The Carpenter,38-22-0,38,22,0.0,"5' 7""",155 lbs.,"70""",Orthodox,"Dec 08, 1981",2.63,33%,3.0,61%,3.1,35%,66%,0.6,1976
http://ufcstats.com/fighter-details/32490e80ddab1e5a,Song Kenan,The Assassin,22-9-0,22,9,0.0,"6' 0""",170 lbs.,"71""",Orthodox,"Mar 10, 1990",4.49,46%,5.82,51%,0.42,30%,73%,0.0,1975
http://ufcstats.com/fighter-details/8677e67a75d65b8e,Baergeng Jieleyisi,,18-7-0,18,7,0.0,"5' 9""",145 lbs.,"71""",Orthodox,"Nov 24, 1995",1.61,35%,2.62,52%,1.73,38%,78%,0.2,1974
http://ufcstats.com/fighter-details/296a120cb880477b,Kiru Sahota,,12-3-0,12,3,0.0,"5' 10""",125 lbs.,"73""",Orthodox,"May 28, 1995",4.05,52%,2.64,41%,0.92,33%,50%,0.5,1973
http://ufcstats.com/fighter-details/3be16d817b36098b,DongHun Choi,,9-0-0,9,0,0.0,"5' 5""",125 lbs.,"66""",Switch,"Jan 02, 1999",4.54,66%,3.13,58%,0.46,14%,81%,0.0,1972
http://ufcstats.com/fighter-details/c940b42df95bbd28,Feng Xiaocan,,10-4-0,10,4,0.0,"5' 7""",115 lbs.,"67""",Southpaw,"Oct 27, 2001",4.18,49%,1.49,68%,0.7,100%,63%,0.0,1971
http://ufcstats.com/fighter-details/07f72a2a7591b409,Jon Jones,Bones,28-1-0 (1 NC),28,1,,"6' 4""",248 lbs.,"84""",Orthodox,"Jul 19, 1987",4.38,58%,2.24,64%,1.89,45%,95%,0.5,1970
http://ufcstats.com/fighter-details/d28dee5c705991df,Stipe Miocic,,20-5-0,20,5,0.0,"6' 4""",240 lbs.,"80""",Orthodox,"Aug 19, 1982",4.67,52%,4.01,52%,1.74,34%,65%,0.0,1969
http://ufcstats.com/fighter-details/93b2b7caa457cbea,James Llontop,Goku,14-5-0,14,5,0.0,"6' 0""",155 lbs.,"73""",Orthodox,"Aug 02, 1999",5.57,41%,4.12,57%,0.0,0%,54%,0.0,1968
http://ufcstats.com/fighter-details/f2477cf43c4975cc,Jonathan Martinez,Dragon,19-6-0,19,6,0.0,"5' 8""",135 lbs.,"70""",Southpaw,"Apr 20, 1994",4.44,49%,4.09,56%,0.38,35%,68%,0.1,1967
http://ufcstats.com/fighter-details/29af297d9f1de0f8,Damon Jackson,The Leech,23-8-1 (1 NC),23,8,,"5' 11""",155 lbs.,"71""",Switch,"Aug 08, 1988",2.96,42%,3.47,49%,2.3,32%,37%,1.2,1966
http://ufcstats.com/fighter-details/9e50097a89442158,Mickey Gall,,7-7-0,7,7,0.0,"6' 2""",170 lbs.,"74""",Switch,"Jan 22, 1992",3.5,49%,4.72,49%,1.15,32%,37%,1.6,1965
http://ufcstats.com/fighter-details/f4d92416da98804b,Bassil Hafez,The Habibi,9-4-1,9,4,1.0,"5' 11""",170 lbs.,"72""",Orthodox,"Jan 31, 1992",3.71,38%,5.68,41%,2.21,24%,50%,0.0,1964
http://ufcstats.com/fighter-details/03dee485905dbc9f,Zachary Scroggin,,7-1-0,7,1,0.0,"6' 3""",170 lbs.,"74""",Orthodox,"Mar 09, 1996",2.4,37%,8.8,68%,0.0,0%,0%,0.0,1963
http://ufcstats.com/fighter-details/4aa58269d0664b5b,Matthew Semelsberger,Semi The Jedi,11-8-0,11,8,0.0,"6' 1""",170 lbs.,"75""",Switch,"Nov 23, 1992",3.77,42%,4.24,54%,1.01,57%,45%,0.4,1962
http://ufcstats.com/fighter-details/bf7ad5628363eec9,Cody Stamann,The Spartan,21-8-1,21,8,1.0,"5' 6""",135 lbs.,"64""",Orthodox,"Nov 09, 1989",4.32,46%,3.91,60%,2.17,37%,76%,0.0,1961
http://ufcstats.com/fighter-details/89839250eb25c9c1,Caio Machado,Bigfoot,8-4-1,8,4,1.0,"6' 4""",250 lbs.,"78""",Southpaw,"Jul 20, 1994",5.82,53%,2.87,63%,0.0,0%,82%,0.0,1960
http://ufcstats.com/fighter-details/b27a1fcb56a3035a,Trevin Giles,,16-7-0,16,7,0.0,"6' 0""",170 lbs.,"74""",Orthodox,"Aug 06, 1992",3.17,54%,2.39,58%,1.07,50%,72%,0.3,1959
http://ufcstats.com/fighter-details/6bd02119599741a4,Pedro Munhoz,The Young Punisher,20-10-0 (2 NC),20,10,,"5' 6""",135 lbs.,"65""",Orthodox,"Sep 07, 1986",5.38,41%,6.29,55%,0.48,16%,82%,0.5,1958
http://ufcstats.com/fighter-details/b8a85389d115e35a,Jack Shore,Tank,17-3-0,17,3,0.0,"5' 8""",145 lbs.,"71""",Orthodox,"Feb 06, 1995",3.6,58%,2.31,56%,3.22,39%,74%,0.6,1957
http://ufcstats.com/fighter-details/c0badf3243907e59,Alexandr Romanov,King Kong,18-3-0,18,3,0.0,"6' 2""",262 lbs.,"75""",Southpaw,"Dec 11, 1990",3.78,51%,2.13,54%,4.49,55%,28%,0.9,1956
http://ufcstats.com/fighter-details/d31a5546c0e9b213,Rodrigo Nascimento,Ze Colmeia,11-3-0 (1 NC),11,3,,"6' 2""",246 lbs.,"80""",Orthodox,"Nov 26, 1992",3.71,47%,4.34,44%,1.02,37%,60%,0.5,1955
http://ufcstats.com/fighter-details/1effd880e1f1bb30,Garrett Armfield,,10-5-0,10,5,0.0,"5' 6""",135 lbs.,"70""",Orthodox,"Oct 09, 1996",5.35,53%,3.64,56%,1.1,50%,64%,0.6,1954
http://ufcstats.com/fighter-details/c7c39e2fb70248b3,Chad Anheliger,The Monster,13-8-0,13,8,0.0,"5' 6""",135 lbs.,"64""",Orthodox,"Dec 01, 1986",3.11,46%,2.76,53%,0.68,30%,38%,0.5,1953
http://ufcstats.com/fighter-details/6a2f7c151031653d,Rafael Dos Anjos,,32-17-0,32,17,0.0,"5' 8""",170 lbs.,"70""",Southpaw,"Oct 26, 1984",3.48,47%,3.23,60%,1.95,35%,54%,0.6,1952
http://ufcstats.com/fighter-details/f264ba50b007f39e,Victor Hugo,Striker,25-5-0,25,5,0.0,"5' 7""",135 lbs.,"71""",Orthodox,"Nov 22, 1992",3.27,44%,2.95,56%,0.81,33%,73%,1.2,1951
http://ufcstats.com/fighter-details/60a42bf82447c919,Jake Hadley,White Kong,11-4-0,11,4,0.0,"5' 7""",135 lbs.,"70""",Southpaw,"Aug 03, 1996",3.8,43%,4.16,61%,0.33,11%,54%,1.1,1950
http://ufcstats.com/fighter-details/361d49960a196976,Daniel Pineda,The Pit,28-17-0 (3 NC),28,17,,"5' 7""",145 lbs.,"69""",Orthodox,"Aug 06, 1985",2.85,49%,3.26,45%,1.42,24%,54%,1.5,1949
http://ufcstats.com/fighter-details/1a31ef98efce7a79,Matheus Nicolau,,19-6-1,19,6,1.0,"5' 6""",125 lbs.,"66""",Orthodox,"Jan 06, 1993",3.31,51%,2.98,65%,1.22,43%,90%,0.8,1948
http://ufcstats.com/fighter-details/4f3064faf17aa711,Tamires Vidal,Tractor,7-4-0,7,4,0.0,"5' 6""",135 lbs.,"68""",Orthodox,"Jul 27, 1998",2.91,53%,4.46,49%,0.0,0%,35%,0.7,1947
http://ufcstats.com/fighter-details/c742287ed86a09bc,Jessica Penne,,14-9-0,14,9,0.0,"5' 5""",115 lbs.,"67""",Orthodox,"Jan 30, 1983",2.63,33%,5.05,45%,1.29,18%,36%,0.5,1946
http://ufcstats.com/fighter-details/140567899d98978a,Robelis Despaigne,The Big Boy,5-2-0,5,2,0.0,"6' 7""",265 lbs.,"84""",Orthodox,"Sep 09, 1988",2.11,59%,2.54,46%,0.0,0%,50%,0.0,1945
http://ufcstats.com/fighter-details/c730a0be691dc081,Jared Gooden,NiteTrain,23-10-0,23,10,0.0,"6' 0""",170 lbs.,"77""",Orthodox,"Dec 05, 1993",4.4,48%,6.74,45%,0.91,45%,65%,0.4,1944
http://ufcstats.com/fighter-details/87c0b1c696ddfb43,Jonathan Pearce,JSP,14-7-0,14,7,0.0,"6' 0""",145 lbs.,"71""",Switch,"May 01, 1992",5.12,54%,3.32,54%,5.02,50%,55%,0.8,1943
http://ufcstats.com/fighter-details/3351aa64aa83c4d9,Cory McKenna,Poppins,8-4-0,8,4,0.0,"5' 3""",115 lbs.,"58""",Orthodox,"Jul 11, 1999",2.94,38%,3.68,46%,2.0,47%,75%,0.4,1942
http://ufcstats.com/fighter-details/e4ba58725825412d,Dan Argueta,The Determined,9-3-0 (2 NC),9,3,,"5' 7""",135 lbs.,"68""",Southpaw,"Aug 13, 1993",2.48,43%,3.44,50%,4.36,35%,55%,1.4,1941
http://ufcstats.com/fighter-details/8e6654e9f0461b8f,Cody Haddon,,8-1-0,8,1,0.0,"5' 7""",135 lbs.,"69""",Orthodox,"Sep 08, 1998",9.2,51%,3.47,64%,2.48,37%,83%,0.8,1940
http://ufcstats.com/fighter-details/fc169c387b4b465d,Raquel Pennington,Rocky,16-10-0,16,10,0.0,"5' 7""",135 lbs.,"67""",Orthodox,"Sep 05, 1988",4.1,49%,3.32,61%,0.83,27%,62%,0.6,1939
http://ufcstats.com/fighter-details/50db8711c70196cd,Ovince Saint Preux,,27-18-0,27,18,0.0,"6' 3""",205 lbs.,"80""",Southpaw,"Apr 08, 1983",3.03,47%,3.33,47%,1.09,36%,67%,0.5,1938
http://ufcstats.com/fighter-details/d910665038efc639,Carla Esparza,Cookie Monster,20-8-0,20,8,0.0,"5' 1""",115 lbs.,"63""",Orthodox,"Oct 10, 1987",2.19,39%,2.87,54%,3.28,36%,47%,0.3,1937
http://ufcstats.com/fighter-details/4b47e71384a9522f,Tim Means,The Dirty Bird,33-17-1 (1 NC),33,17,,"6' 2""",170 lbs.,"75""",Orthodox,"Feb 20, 1984",5.04,49%,3.65,60%,1.14,40%,64%,0.2,1936
http://ufcstats.com/fighter-details/74f9448b97bf8bec,Da Woon Jung,Sseda,15-6-1,15,6,1.0,"6' 4""",205 lbs.,"78""",Orthodox,"Dec 07, 1993",3.24,40%,4.23,49%,1.59,47%,75%,0.2,1935
http://ufcstats.com/fighter-details/37c5366d18ed6c05,Roosevelt Roberts,The Predator,12-6-0 (1 NC),12,6,,"6' 2""",155 lbs.,"73""",Orthodox,"Feb 11, 1994",2.84,43%,3.1,52%,1.18,26%,50%,0.7,1934
http://ufcstats.com/fighter-details/8b1ed83b02303075,Taylor Lapilus,Double Impact,21-4-0,21,4,0.0,"5' 6""",135 lbs.,"73""",Southpaw,"Apr 08, 1992",4.59,48%,2.61,62%,0.27,33%,77%,0.3,1933
http://ufcstats.com/fighter-details/dc7927cd622676a7,Victor Altamirano,El Magnifico,12-5-0,12,5,0.0,"5' 8""",125 lbs.,"70""",Switch,"Jan 23, 1991",4.58,53%,3.82,53%,2.88,38%,63%,0.0,1932
http://ufcstats.com/fighter-details/578ef12674df1e6a,Irene Aldana,,15-8-0,15,8,0.0,"5' 9""",135 lbs.,"68""",Orthodox,"Mar 26, 1988",5.19,39%,6.64,56%,0.15,50%,77%,0.2,1931
http://ufcstats.com/fighter-details/40cb680ae1cd331f,Yazmin Jauregui,,11-2-0,11,2,0.0,"5' 3""",115 lbs.,"64""",Orthodox,"Feb 28, 1999",6.64,39%,5.25,54%,0.0,0%,100%,0.0,1930
http://ufcstats.com/fighter-details/0bc697c5936a2d0a,Trevor Peek,,9-3-0 (1 NC),9,3,,"5' 9""",145 lbs.,"70""",Switch,"Jan 09, 1995",4.39,53%,3.88,43%,1.45,50%,52%,0.0,1929
http://ufcstats.com/fighter-details/d7fe8c6b7d2872e5,Brendon Marotte,The Kid,8-3-0,8,3,0.0,"5' 9""",145 lbs.,"70""",Orthodox,"Jan 12, 1996",0.41,50%,5.7,28%,0.0,0%,0%,0.0,1928
http://ufcstats.com/fighter-details/641ca2c2ed91b93c,Zygimantas Ramaska,,9-3-0,9,3,0.0,"5' 11""",145 lbs.,"71""",Orthodox,"Dec 27, 1996",0.96,60%,2.25,30%,0.0,0%,33%,2.4,1927
http://ufcstats.com/fighter-details/9dedfdd91070ddd8,Victoria Leonardo,Fury,9-7-0,9,7,0.0,"5' 5""",125 lbs.,"64""",Orthodox,"Feb 16, 1990",3.22,38%,4.81,47%,1.57,27%,71%,0.0,1926
http://ufcstats.com/fighter-details/e64b96c07d7ce999,Li Jingliang,The Leech,19-9-0,19,9,0.0,"6' 0""",170 lbs.,"71""",Orthodox,"Mar 20, 1988",4.46,42%,3.95,56%,1.19,41%,60%,0.0,1925
http://ufcstats.com/fighter-details/6751eacd16bd59bc,Josh Culibao,Kuya,11-4-1,11,4,1.0,"5' 10""",145 lbs.,"73""",Orthodox,"May 24, 1994",3.41,44%,3.04,59%,0.0,0%,65%,0.3,1924
http://ufcstats.com/fighter-details/4f140403000158b5,Herbert Burns,The Blaze,11-6-0,11,6,0.0,"5' 9""",145 lbs.,"73""",Orthodox,"Feb 02, 1988",1.86,36%,5.17,41%,2.94,34%,66%,1.8,1923
http://ufcstats.com/fighter-details/dc07493a87dc0a6e,Alex Reyes,The Executioner,13-5-0,13,5,0.0,"5' 11""",155 lbs.,"73""",Orthodox,"Oct 02, 1986",4.46,46%,6.92,48%,1.5,28%,0%,0.0,1922
http://ufcstats.com/fighter-details/814ff3018127e8fc,Ricky Glenn,The Gladiator,22-9-2,22,9,2.0,"6' 0""",170 lbs.,"70""",Southpaw,"Apr 12, 1989",3.79,42%,4.3,51%,0.72,13%,69%,0.4,1921
http://ufcstats.com/fighter-details/68b8ebdfce9dbb61,Charalampos Grigoriou,Ferocious,8-5-0,8,5,0.0,"5' 7""",135 lbs.,"67""",Orthodox,"Mar 31, 1992",2.62,48%,3.97,46%,2.62,80%,90%,0.0,1920
http://ufcstats.com/fighter-details/91dac5e69e28d5b5,Pannie Kianzad,Banzai,17-9-0,17,9,0.0,"5' 7""",135 lbs.,"66""",Orthodox,"Dec 08, 1991",4.88,49%,4.09,51%,0.41,33%,65%,0.1,1919
http://ufcstats.com/fighter-details/d35f734c56a89103,Karl Williams,,10-2-0,10,2,0.0,"6' 3""",235 lbs.,"79""",Orthodox,"Jan 06, 1990",2.68,48%,2.15,55%,4.2,48%,100%,0.2,1918
http://ufcstats.com/fighter-details/082eba4cd80f736f,Jarno Errens,,14-6-1,14,6,1.0,"5' 11""",145 lbs.,"73""",Orthodox,"Nov 17, 1994",3.29,44%,3.29,61%,0.0,0%,33%,0.3,1917
http://ufcstats.com/fighter-details/22a92d7f62195791,Tony Ferguson,El Cucuy,26-11-0,26,11,0.0,"5' 11""",170 lbs.,"76""",Orthodox,"Feb 12, 1984",4.91,45%,4.37,55%,0.39,35%,66%,0.9,1916
http://ufcstats.com/fighter-details/0112352cb32f5026,Denis Tiuliulin,,10-10-0 (1 NC),10,10,,"6' 1""",185 lbs.,"77""",Orthodox,"May 17, 1988",3.61,41%,5.23,38%,0.96,42%,72%,0.0,1915
http://ufcstats.com/fighter-details/75353550928a7921,Muhammad Mokaev,The Punisher,13-0-0 (1 NC),13,0,,"5' 7""",125 lbs.,"70""",Orthodox,"Jul 30, 2000",1.61,45%,1.35,57%,5.29,41%,25%,0.8,1914
http://ufcstats.com/fighter-details/ca36633b80be4a78,Kaynan Kruschewsky,Bahia,15-3-0 (1 NC),15,3,,"6' 0""",155 lbs.,"73""",Orthodox,"Apr 04, 1991",5.67,50%,5.71,46%,2.74,100%,75%,2.1,1913
http://ufcstats.com/fighter-details/9abc648e76c4493a,Bill Algeo,Senor Perfecto,18-9-0,18,9,0.0,"6' 0""",145 lbs.,"73""",Switch,"Jun 09, 1989",5.88,51%,4.38,47%,1.03,50%,55%,0.1,1912
http://ufcstats.com/fighter-details/7be14eaed4c74856,Brian Kelleher,Boom,24-16-0,24,16,0.0,"5' 6""",135 lbs.,"66""",Switch,"Aug 19, 1986",3.31,41%,4.59,54%,1.68,41%,60%,0.7,1911
http://ufcstats.com/fighter-details/8c169fbe1ac33637,Loik Radzhabov,The Tajik Tank,18-6-1,18,6,1.0,"5' 11""",155 lbs.,"69""",Orthodox,"Sep 17, 1990",2.89,44%,3.76,46%,4.65,57%,42%,0.0,1910
http://ufcstats.com/fighter-details/3cf66c62d9069f43,Lucie Pudilova,,14-10-0,14,10,0.0,"5' 8""",125 lbs.,"67""",Orthodox,"Jun 13, 1994",3.6,37%,4.07,50%,0.7,31%,67%,0.6,1909
http://ufcstats.com/fighter-details/a08ddd04eaffd81d,Mariya Agapova,Money Mashka,10-5-0,10,5,0.0,"5' 6""",125 lbs.,"68""",Southpaw,"Apr 07, 1997",4.43,54%,3.62,52%,0.55,66%,45%,0.8,1908
http://ufcstats.com/fighter-details/ca43de99b07b6b40,Josh Fremd,,11-6-0,11,6,0.0,"6' 4""",185 lbs.,"76""",Orthodox,"Jan 15, 1994",2.52,44%,2.23,47%,0.66,25%,30%,1.1,1907
http://ufcstats.com/fighter-details/eb70e786bbdf1d16,Yanis Ghemmouri,The Desert Warrior,12-3-0,12,3,0.0,"5' 9""",135 lbs.,"69""",Orthodox,"Jan 24, 1995",2.29,38%,5.14,35%,0.0,0%,0%,0.0,1906
http://ufcstats.com/fighter-details/eb04b9d31e938edb,Michelle Waterson-Gomez,The Karate Hottie,18-13-0,18,13,0.0,"5' 3""",115 lbs.,"62""",Orthodox,"Jan 06, 1986",3.42,46%,4.25,48%,1.39,33%,69%,0.6,1905
http://ufcstats.com/fighter-details/3738e68d2261e60f,Andrei Arlovski,The Pitbull,34-24-0 (2 NC),34,24,,"6' 3""",240 lbs.,"77""",Orthodox,"Feb 04, 1979",3.82,45%,3.22,57%,0.37,35%,76%,0.2,1904
http://ufcstats.com/fighter-details/a7897d200692ab64,Kyung Ho Kang,Mr. Perfect,19-11-0 (1 NC),19,11,,"5' 9""",135 lbs.,"73""",Orthodox,"Sep 09, 1987",3.13,47%,3.32,54%,1.97,50%,68%,0.8,1903
http://ufcstats.com/fighter-details/7af33fc4435017f1,Brady Hiestand,Bam Bam,9-2-0,9,2,0.0,"5' 8""",135 lbs.,"71""",Orthodox,"Apr 30, 1999",2.7,50%,3.75,51%,4.8,46%,42%,1.1,1902
http://ufcstats.com/fighter-details/876f478f796495f7,Josh Quinlan,Bushido,6-3-0 (1 NC),6,3,,"6' 0""",170 lbs.,"72""",Orthodox,"Feb 06, 1993",3.57,42%,6.38,53%,0.34,11%,71%,0.0,1901
http://ufcstats.com/fighter-details/6e9f40c706f91f32,Nate Maness,Mayhem,16-3-0,16,3,0.0,"5' 10""",125 lbs.,"72""",Orthodox,"Jun 27, 1991",3.14,50%,3.88,42%,0.68,75%,80%,0.7,1900
http://ufcstats.com/fighter-details/0a73acff6325c1e2,Shayilan Nuerdanbieke,Wolverine,39-12-0,39,12,0.0,"5' 8""",145 lbs.,"69""",Orthodox,"May 04, 1994",1.95,45%,2.64,50%,3.3,35%,28%,0.2,1899
http://ufcstats.com/fighter-details/82d4c957649faf9b,Miguel Baeza,Caramel Thunder,10-4-0,10,4,0.0,"6' 2""",170 lbs.,"74""",Orthodox,"Aug 23, 1992",4.09,49%,5.92,46%,0.36,22%,54%,2.0,1898
http://ufcstats.com/fighter-details/a75a48bfe776b2c2,Jesse Butler,,12-6-0,12,6,0.0,"5' 10""",135 lbs.,"73""",Orthodox,"May 24, 1992",2.02,34%,4.62,39%,0.0,0%,0%,0.0,1897
http://ufcstats.com/fighter-details/80d8aed0ca9b00f3,Montana De La Rosa,,13-9-1,13,9,1.0,"5' 7""",125 lbs.,"68""",Orthodox,"Feb 14, 1995",2.9,37%,3.39,45%,1.85,33%,68%,0.8,1896
http://ufcstats.com/fighter-details/65cdf4ec31143d86,Vinicius Salvador,,14-7-0,14,7,0.0,"5' 7""",135 lbs.,"70""",Southpaw,"Jul 24, 1996",5.48,43%,6.5,48%,0.36,11%,86%,0.0,1895
http://ufcstats.com/fighter-details/3e708ce33b6b18e6,Victor Martinez,The Brick,13-6-0,13,6,0.0,"5' 8""",155 lbs.,"70""",Orthodox,"Jul 17, 1991",7.94,51%,7.66,53%,0.7,33%,80%,0.0,1894
http://ufcstats.com/fighter-details/d317a5e2b3f88c5f,Warlley Alves,,15-8-0,15,8,0.0,"5' 11""",185 lbs.,"72""",Orthodox,"Jan 04, 1991",3.04,48%,3.95,50%,1.22,50%,62%,0.8,1893
http://ufcstats.com/fighter-details/102a8fdf8cbf7467,Kleydson Rodrigues,KR,8-4-0,8,4,0.0,"5' 5""",135 lbs.,"67""",Orthodox,"Oct 22, 1995",4.58,57%,2.29,53%,0.6,22%,53%,0.6,1892
http://ufcstats.com/fighter-details/02f8fedc18cbd26c,Emily Ducote,Gordinha,13-9-0,13,9,0.0,"5' 2""",115 lbs.,"63""",Orthodox,"Jan 01, 1994",7.45,52%,7.84,57%,0.2,14%,94%,0.0,1891
http://ufcstats.com/fighter-details/7aa3d6964eff4877,Alex Caceres,Bruce Leeroy,21-15-0 (1 NC),21,15,,"5' 10""",145 lbs.,"73""",Southpaw,"Jun 20, 1988",4.21,49%,3.09,62%,0.54,68%,64%,0.7,1890
http://ufcstats.com/fighter-details/94527830000ab715,Rani Yahya,,28-12-1 (1 NC),28,12,,"5' 6""",135 lbs.,"67""",Orthodox,"Sep 12, 1984",1.71,38%,2.08,50%,2.73,30%,29%,1.8,1889
http://ufcstats.com/fighter-details/b4c57a8c2b773e82,Michal Figlak,Mad Dog,8-2-0,8,2,0.0,"5' 10""",155 lbs.,"70""",Orthodox,"Aug 15, 1996",4.0,39%,4.93,52%,0.5,12%,57%,0.0,1888
http://ufcstats.com/fighter-details/b6203e0492a9336c,Marnic Mann,The Sawed-Off Savage,6-3-0,6,3,0.0,"5' 0""",115 lbs.,"64""",Southpaw,"Mar 05, 1993",1.47,41%,5.08,31%,1.9,33%,25%,0.4,1887
http://ufcstats.com/fighter-details/ec0dcceace7d25a3,Liang Na,The Dragon Girl,19-8-0,19,8,0.0,"5' 5""",125 lbs.,"67""",Orthodox,"Jul 27, 1996",1.99,42%,3.95,36%,3.6,58%,25%,0.5,1886
http://ufcstats.com/fighter-details/436f970c9ea9169c,Gabriel Benitez,Moggly,23-13-0,23,13,0.0,"5' 8""",155 lbs.,"71""",Southpaw,"Jun 15, 1988",5.26,41%,4.49,63%,0.22,50%,55%,0.9,1885
http://ufcstats.com/fighter-details/634e2fb70bde3fd5,Holly Holm,The Preacher's Daughter,15-7-0 (1 NC),15,7,,"5' 8""",135 lbs.,"69""",Southpaw,"Oct 17, 1981",3.13,40%,2.92,55%,0.87,30%,76%,0.1,1884
http://ufcstats.com/fighter-details/de45aaae23dfa392,Christos Giagos,The Spartan,20-12-0,20,12,0.0,"5' 10""",155 lbs.,"71""",Orthodox,"Jan 23, 1990",3.03,41%,3.21,50%,2.84,36%,52%,0.4,1883
http://ufcstats.com/fighter-details/1d239d571e342453,Germaine de Randamie,The Iron Lady,10-5-0,10,5,0.0,"5' 9""",135 lbs.,"71""",Orthodox,"Apr 24, 1984",2.57,46%,2.0,65%,0.0,0%,65%,0.4,1882
http://ufcstats.com/fighter-details/1291edf2d566a71a,Julio Arce,,19-6-0,19,6,0.0,"5' 7""",145 lbs.,"70""",Southpaw,"Oct 27, 1989",4.36,36%,3.05,68%,0.46,28%,96%,0.3,1881
http://ufcstats.com/fighter-details/82529ce93cd9a2cf,Anton Turkalj,The Pleasure Man,8-4-0,8,4,0.0,"6' 4""",205 lbs.,"78""",Orthodox,"Jun 10, 1996",2.45,42%,3.42,54%,4.98,41%,16%,0.0,1880
http://ufcstats.com/fighter-details/009c4420727149ea,AJ Dobson,,7-3-0 (1 NC),7,3,,"6' 1""",185 lbs.,"76""",Orthodox,"Jan 18, 1992",4.29,46%,5.31,46%,1.67,75%,65%,0.3,1879
http://ufcstats.com/fighter-details/e530df53922f413e,Luis Pajuelo,Corazon de Leon,8-2-0,8,2,0.0,"5' 10""",145 lbs.,"69""",Orthodox,"Dec 18, 1994",6.03,57%,8.2,52%,0.0,0%,66%,0.0,1878
http://ufcstats.com/fighter-details/6ad8e4296f7522d9,Igor Severino,,8-1-0,8,1,0.0,"5' 7""",125 lbs.,"69""",Orthodox,"Apr 21, 2003",7.17,52%,4.33,47%,9.69,71%,50%,0.0,1877
http://ufcstats.com/fighter-details/a331233f597090a5,Bryan Barberena,Bam Bam,18-12-0,18,12,0.0,"6' 0""",185 lbs.,"72""",Southpaw,"May 03, 1989",5.35,48%,4.59,44%,0.13,22%,50%,0.3,1876
http://ufcstats.com/fighter-details/a29db9cd4f9ccea5,Natan Levy,Lethal,8-2-0,8,2,0.0,"5' 9""",155 lbs.,"71""",Southpaw,"Sep 30, 1991",3.7,52%,3.19,58%,5.03,58%,41%,0.5,1875
http://ufcstats.com/fighter-details/e872e9a9a902c045,Katlyn Cerminara,Blonde Fighter,18-6-0,18,6,0.0,"5' 9""",125 lbs.,"68""",Orthodox,"Dec 28, 1988",4.58,34%,4.48,62%,0.31,15%,50%,0.3,1874
http://ufcstats.com/fighter-details/53c943c873cffe90,Philipe Lins,Monstro,18-5-0,18,5,0.0,"6' 2""",205 lbs.,"78""",Orthodox,"Aug 17, 1985",3.8,49%,3.59,46%,1.65,33%,100%,0.0,1873
http://ufcstats.com/fighter-details/b5da8f7d05e85a55,Josh Parisian,,15-8-0,15,8,0.0,"6' 4""",265 lbs.,"79""",Orthodox,"Jun 28, 1989",4.55,48%,4.88,41%,0.98,33%,46%,0.2,1872
http://ufcstats.com/fighter-details/12f91bfa8f1f723b,Joanne Wood,JoJo,17-8-0,17,8,0.0,"5' 6""",125 lbs.,"65""",Orthodox,"Dec 23, 1985",7.1,51%,4.89,51%,1.52,55%,58%,0.3,1871
http://ufcstats.com/fighter-details/b4192a975027aab6,Maryna Moroz,Iron Lady,11-6-0,11,6,0.0,"5' 7""",125 lbs.,"67""",Orthodox,"Sep 08, 1991",4.42,33%,4.89,51%,0.7,24%,42%,0.6,1870
http://ufcstats.com/fighter-details/49e96ff8ab781589,Tyson Pedro,,10-5-0,10,5,0.0,"6' 3""",205 lbs.,"79""",Orthodox,"Sep 17, 1991",2.9,59%,2.39,56%,0.76,30%,50%,0.8,1869
http://ufcstats.com/fighter-details/830f60497fab345a,Jamie Pickett,The Night Wolf,13-11-0,13,11,0.0,"6' 2""",185 lbs.,"80""",Orthodox,"Aug 29, 1988",2.65,47%,3.62,50%,1.26,40%,67%,0.1,1868
http://ufcstats.com/fighter-details/972c456ff38b2015,Claudio Ribeiro,,11-5-0,11,5,0.0,"6' 1""",185 lbs.,"77""",Orthodox,"Jul 17, 1992",3.59,51%,4.9,30%,0.56,50%,66%,0.0,1867
http://ufcstats.com/fighter-details/48812daf291a4e23,Mateus Mendonca,Bocao,10-3-0,10,3,0.0,"5' 6""",125 lbs.,"71""",Orthodox,"Jan 17, 1999",1.66,40%,4.14,30%,2.54,27%,55%,0.4,1866
http://ufcstats.com/fighter-details/31bb0772f21cabd8,Daniel Lacerda,Miojo,11-6-0 (1 NC),11,6,,"5' 6""",125 lbs.,"70""",Switch,"Jun 05, 1996",3.95,45%,8.28,34%,2.32,50%,0%,1.2,1865
http://ufcstats.com/fighter-details/2526be54e6a0e62a,Denys Bondar,Psycho,14-5-0,14,5,0.0,"5' 6""",125 lbs.,"69""",Orthodox,"Jun 27, 1992",4.59,50%,5.16,56%,3.99,58%,62%,0.0,1864
http://ufcstats.com/fighter-details/ab943cd2c3c17825,Marcos Rogerio de Lima,Pezao,22-10-1,22,10,1.0,"6' 1""",253 lbs.,"75""",Orthodox,"Jun 25, 1985",3.7,57%,2.9,51%,1.4,45%,59%,0.5,1863
http://ufcstats.com/fighter-details/7a47e068f8017019,Val Woodburn,The Animal,7-2-0,7,2,0.0,"5' 8""",170 lbs.,"74""",Orthodox,"Aug 10, 1993",1.6,35%,4.93,36%,1.92,100%,50%,0.0,1862
http://ufcstats.com/fighter-details/cc7040fe76f0ef91,Devin Clark,Brown Bear,14-9-0,14,9,0.0,"6' 0""",205 lbs.,"75""",Orthodox,"Apr 12, 1990",3.03,54%,3.24,44%,2.17,32%,58%,0.1,1861
http://ufcstats.com/fighter-details/56f7d7ee06be4aab,Zac Pauga,The High Chief,7-3-0,7,3,0.0,"6' 2""",205 lbs.,"76""",Orthodox,"Feb 25, 1988",4.46,62%,2.73,58%,0.38,7%,100%,0.0,1860
http://ufcstats.com/fighter-details/9e92e1ca498d7244,Fernie Garcia,,10-5-0,10,5,0.0,"5' 7""",135 lbs.,"67""",Orthodox,"Apr 12, 1992",2.04,34%,3.79,48%,0.28,50%,50%,0.6,1859
http://ufcstats.com/fighter-details/7ab478c397cd68ef,Aliaskhab Khizriev,Black Wolf,14-0-0 (1 NC),14,0,,"5' 9""",185 lbs.,"74""",Southpaw,"Aug 24, 1990",6.01,64%,4.38,61%,5.64,60%,100%,3.8,1858
http://ufcstats.com/fighter-details/ea7e5bc78d9de658,Makhmud Muradov,,26-8-0 (1 NC),26,8,,"6' 2""",185 lbs.,"75""",Orthodox,"Feb 08, 1990",4.21,43%,2.57,61%,3.03,66%,77%,0.2,1857
http://ufcstats.com/fighter-details/776d4262c4da38bf,Pete Rodriguez,Dead Game,5-2-0,5,2,0.0,"5' 9""",170 lbs.,"71""",Switch,"Nov 13, 1996",9.28,43%,12.83,42%,0.0,0%,100%,0.0,1856
http://ufcstats.com/fighter-details/5095b0920a3602aa,Blake Bilder,El Animal,8-2-1,8,2,1.0,"5' 8""",145 lbs.,"68""",Switch,"Jul 12, 1990",3.81,48%,4.15,53%,0.31,7%,71%,0.6,1855
http://ufcstats.com/fighter-details/267f4a6568abe245,Landon Quinones,The Lone Wolf,7-3-1,7,3,1.0,"5' 9""",155 lbs.,"70""",Southpaw,"Nov 21, 1995",6.77,40%,7.7,55%,0.5,33%,100%,0.0,1854
http://ufcstats.com/fighter-details/f998f5c102250d6e,Yohan Lainesse,White Lion,9-3-0,9,3,0.0,"6' 1""",170 lbs.,"76""",Orthodox,"Aug 14, 1992",2.22,41%,3.38,58%,0.94,28%,72%,0.5,1853
http://ufcstats.com/fighter-details/dee294e9717012c2,Malcolm Gordon,X,14-8-0,14,8,0.0,"5' 7""",125 lbs.,"71""",Switch,"May 19, 1990",2.5,45%,2.0,43%,1.72,35%,26%,1.0,1852
http://ufcstats.com/fighter-details/547afe1017e72dbe,Phil Hawes,No Hype,12-6-0,12,6,0.0,"6' 0""",185 lbs.,"77""",Orthodox,"Jan 08, 1989",5.33,59%,3.72,55%,2.11,34%,90%,0.2,1851
http://ufcstats.com/fighter-details/51c655162e462ceb,Shannon Ross,The Turkish Delight,13-9-0,13,9,0.0,"5' 6""",125 lbs.,"66""",Switch,"May 12, 1989",5.96,39%,7.39,55%,0.0,0%,100%,0.0,1850
http://ufcstats.com/fighter-details/5e6294b37bbef029,Stephanie Egger,,8-5-0,8,5,0.0,"5' 6""",135 lbs.,"68""",Orthodox,"Aug 12, 1988",2.2,46%,2.48,52%,2.48,42%,50%,0.6,1849
http://ufcstats.com/fighter-details/4dcfb28c011c11b2,Wellington Turman,The Prodigy,18-8-0,18,8,0.0,"6' 0""",170 lbs.,"72""",Orthodox,"Jul 22, 1996",3.23,51%,4.17,45%,1.55,20%,42%,0.8,1848
http://ufcstats.com/fighter-details/0978385b2bd9ef9b,Nick Aguirre,Slick,7-2-0,7,2,0.0,"5' 9""",135 lbs.,"74""",Southpaw,"Jan 15, 1996",0.73,33%,2.89,45%,1.16,20%,33%,0.6,1847
http://ufcstats.com/fighter-details/da0995f19b749cfa,Mark Madsen,The Olympian,12-2-0,12,2,0.0,"5' 8""",155 lbs.,"72""",Orthodox,"Sep 23, 1984",3.56,49%,3.97,52%,2.86,66%,62%,0.0,1846
http://ufcstats.com/fighter-details/32c355b04fc57f3a,Marc Diakiese,Bonecrusher,17-7-0,17,7,0.0,"5' 10""",155 lbs.,"73""",Orthodox,"Mar 16, 1993",2.54,40%,2.64,52%,3.29,43%,66%,0.0,1845
http://ufcstats.com/fighter-details/46d0a888d87d91ac,Abu Azaitar,Captain Morocco,14-4-1,14,4,1.0,"5' 9""",185 lbs.,"76""",Orthodox,"Mar 10, 1986",4.38,43%,4.32,51%,1.0,37%,42%,0.0,1844
http://ufcstats.com/fighter-details/d80ee110748171ac,Mike Breeden,Money,11-6-0,11,6,0.0,"5' 10""",155 lbs.,"70""",Orthodox,"Apr 21, 1989",5.75,45%,7.28,42%,0.98,30%,67%,0.0,1843
http://ufcstats.com/fighter-details/d05cb1e8d1b885d8,Jinh Yu Frey,,11-10-0,11,10,0.0,"5' 3""",115 lbs.,"65""",Southpaw,"May 20, 1985",2.97,43%,4.23,52%,1.02,36%,90%,0.3,1842
http://ufcstats.com/fighter-details/8e1f36476ef02a6a,Jennifer Maia,,21-10-1,21,10,1.0,"5' 4""",125 lbs.,"64""",Orthodox,"Oct 06, 1988",4.35,38%,4.52,55%,0.42,27%,58%,0.1,1841
http://ufcstats.com/fighter-details/d31cbcdd7d69536d,TJ Brown,Downtown,17-11-0,17,11,0.0,"5' 9""",145 lbs.,"72""",Switch,"May 22, 1990",3.37,44%,2.89,49%,3.41,57%,36%,1.3,1840
http://ufcstats.com/fighter-details/b4c6c904a9ffc5e8,Ashley Yoder,SpiderMonkey,8-9-0,8,9,0.0,"5' 7""",115 lbs.,"69""",Southpaw,"Oct 20, 1987",3.42,39%,4.13,47%,1.09,27%,66%,0.6,1839
http://ufcstats.com/fighter-details/e0b0cf71e0d69dd0,Kanako Murata,,12-3-0,12,3,0.0,"5' 1""",115 lbs.,"62""",Orthodox,"Aug 10, 1993",2.15,56%,2.4,53%,3.38,56%,100%,0.8,1838
http://ufcstats.com/fighter-details/f6bcbd91b114ff58,Johnny Munoz,Kid Kvenbo,12-4-0,12,4,0.0,"5' 9""",135 lbs.,"71""",Orthodox,"Feb 16, 1993",2.44,36%,2.66,55%,2.4,25%,45%,1.8,1837
http://ufcstats.com/fighter-details/725b1abc9a39d873,AJ Fletcher,The Ghost,10-3-0,10,3,0.0,"5' 10""",170 lbs.,"67""",Switch,"Feb 18, 1997",3.36,49%,4.61,46%,1.54,35%,33%,0.9,1836
http://ufcstats.com/fighter-details/33efaf2d0941cfcf,Andre Fialho,,16-8-0 (1 NC),16,8,,"6' 0""",170 lbs.,"74""",Orthodox,"Apr 07, 1994",3.3,41%,6.26,45%,0.25,100%,66%,0.0,1835
http://ufcstats.com/fighter-details/92fa1401b7927da3,Jake Collier,The Prototype,13-10-0,13,10,0.0,"6' 3""",230 lbs.,"78""",Orthodox,"Oct 25, 1988",5.8,44%,5.08,50%,0.71,33%,67%,0.6,1834
http://ufcstats.com/fighter-details/26e3f3928b1891d9,Hannah Goldy,24K,6-4-0,6,4,0.0,"5' 4""",115 lbs.,"61""",Orthodox,"May 18, 1992",5.19,47%,4.67,50%,0.66,12%,54%,0.2,1833
http://ufcstats.com/fighter-details/f3ca6908f78efebe,Terrence Mitchell,,14-4-0,14,4,0.0,"5' 10""",135 lbs.,"74""",Orthodox,"Dec 30, 1989",2.21,34%,8.85,41%,3.69,50%,0%,0.0,1832
http://ufcstats.com/fighter-details/c21a036b4e012f1c,John Makdessi,The Bull,18-9-0,18,9,0.0,"5' 8""",155 lbs.,"68""",Orthodox,"May 03, 1985",5.52,49%,4.15,68%,0.0,0%,86%,0.0,1831
http://ufcstats.com/fighter-details/9edf2c9082cc2cd8,Blood Diamond,,3-3-0,3,3,0.0,"5' 11""",170 lbs.,"76""",Switch,"Jul 10, 1988",3.12,55%,2.17,48%,0.0,0%,73%,0.0,1830
http://ufcstats.com/fighter-details/4cd8b03aee1d0138,Shane Young,Smokin',13-8-0,13,8,0.0,"5' 8""",145 lbs.,"72""",Orthodox,"Jul 31, 1993",5.19,40%,5.46,52%,0.63,18%,64%,0.0,1829
http://ufcstats.com/fighter-details/862b0b3375aa4b6e,Zarah Fairn,Infinite,6-6-0,6,6,0.0,"5' 8""",135 lbs.,"72""",Orthodox,"Dec 10, 1983",4.55,31%,7.4,45%,0.0,0%,60%,0.0,1828
http://ufcstats.com/fighter-details/c451d67c09c55418,Chan Sung Jung,The Korean Zombie,17-8-0,17,8,0.0,"5' 7""",145 lbs.,"72""",Orthodox,"Mar 17, 1987",3.93,41%,4.52,52%,0.7,44%,72%,0.6,1827
http://ufcstats.com/fighter-details/f7467152fd9f18a2,Taila Santos,,19-3-0,19,3,0.0,"5' 6""",125 lbs.,"68""",Orthodox,"Jun 22, 1993",3.39,48%,2.64,58%,2.0,76%,86%,1.1,1826
http://ufcstats.com/fighter-details/ac40f7e3cbecdda4,Parker Porter,,14-9-0,14,9,0.0,"6' 0""",265 lbs.,"75""",Orthodox,"Apr 22, 1985",6.55,50%,6.32,51%,1.35,26%,66%,0.5,1825
http://ufcstats.com/fighter-details/21b5c82c1b89dab1,Yusaku Kinoshita,,6-3-0,6,3,0.0,"6' 0""",170 lbs.,"71""",Southpaw,"Aug 21, 2000",4.65,50%,5.12,51%,0.0,0%,50%,0.0,1824
http://ufcstats.com/fighter-details/2c9d00968f818270,Hakeem Dawodu,Mean,13-4-1,13,4,1.0,"5' 8""",145 lbs.,"73""",Orthodox,"Jul 02, 1991",5.45,50%,3.37,56%,0.0,0%,65%,0.0,1823
http://ufcstats.com/fighter-details/d0aaedcf7ccd0b45,Chris Daukaus,,12-7-0,12,7,0.0,"6' 3""",205 lbs.,"76""",Orthodox,"Sep 25, 1989",6.05,50%,4.64,55%,0.0,0%,100%,0.0,1822
http://ufcstats.com/fighter-details/6aae253467e8f9ce,Tafon Nchukwi,Da Don,6-4-0,6,4,0.0,"6' 0""",185 lbs.,"77""",Orthodox,"Oct 14, 1994",5.57,52%,4.11,54%,0.76,57%,64%,0.0,1821
http://ufcstats.com/fighter-details/0b362247806341e5,JP Buys,Young Savage,9-6-0,9,6,0.0,"5' 5""",135 lbs.,"67""",Orthodox,"Apr 30, 1996",1.88,39%,3.02,40%,1.55,25%,25%,2.3,1820
http://ufcstats.com/fighter-details/da816417a579a0bd,Gavin Tucker,Guv'nor,13-3-0,13,3,0.0,"5' 6""",145 lbs.,"66""",Southpaw,"Jun 17, 1986",4.29,44%,4.18,57%,3.13,44%,53%,1.5,1819
http://ufcstats.com/fighter-details/c2a670b22d2e196f,Aleksa Camur,,6-3-0,6,3,0.0,"6' 1""",205 lbs.,"74""",Orthodox,"Sep 25, 1995",4.73,57%,4.26,54%,0.46,22%,50%,0.0,1818
http://ufcstats.com/fighter-details/a6cba6bb66c1a8c9,Danny Roberts,Hot Chocolate,18-8-0,18,8,0.0,"6' 1""",170 lbs.,"74""",Southpaw,"Jul 14, 1987",3.18,39%,3.73,50%,0.24,9%,57%,0.2,1817
http://ufcstats.com/fighter-details/2975297f505e9447,Jonny Parsons,The Sluggernaut,9-3-0,9,3,0.0,"5' 9""",170 lbs.,"69""",Orthodox,"Sep 06, 1991",4.65,44%,4.89,60%,0.0,0%,66%,0.0,1816
http://ufcstats.com/fighter-details/6b7c7460855dbbb9,Albert Duraev,,16-5-0,16,5,0.0,"5' 11""",185 lbs.,"75""",Orthodox,"Jan 05, 1989",2.99,40%,3.01,59%,1.97,29%,66%,0.6,1815
http://ufcstats.com/fighter-details/7832f2f62f04178f,Tucker Lutz,Top Gun,12-4-0,12,4,0.0,"5' 8""",145 lbs.,"72""",Orthodox,"Jul 12, 1994",3.74,46%,3.25,44%,1.99,44%,69%,0.2,1814
http://ufcstats.com/fighter-details/305d73ede05e31ad,Austin Lingo,Lights Out,9-3-0,9,3,0.0,"5' 10""",145 lbs.,"70""",Orthodox,"Jul 10, 1994",3.86,37%,4.86,57%,0.43,66%,75%,0.0,1813
http://ufcstats.com/fighter-details/cda1099995b46cc2,Genaro Valdez,Rayadito,10-3-0,10,3,0.0,"5' 9""",155 lbs.,"72""",Orthodox,"Jan 16, 1992",4.08,30%,7.16,48%,1.54,44%,36%,0.4,1812
http://ufcstats.com/fighter-details/6e00cfffd54653c4,Tyson Nam,,21-14-1,21,14,1.0,"5' 7""",125 lbs.,"68""",Orthodox,"Oct 06, 1983",3.87,33%,4.97,65%,0.0,0%,87%,0.0,1811
http://ufcstats.com/fighter-details/f8f1ec513bcfef43,Alexander Munoz,,7-2-0,7,2,0.0,"5' 9""",155 lbs.,"72""",Switch,"Feb 27, 1990",3.7,42%,4.73,55%,3.0,40%,100%,0.0,1810
http://ufcstats.com/fighter-details/914a897455693650,Carl Deaton,The Anishinaabe Kid,17-7-0 (2 NC),17,7,,"5' 7""",155 lbs.,"69""",Orthodox,"Nov 24, 1989",1.53,31%,1.85,61%,0.0,0%,50%,0.0,1809
http://ufcstats.com/fighter-details/fc6e681bf6658faf,Ashlee Evans-Smith,Rebel Girl,6-6-0,6,6,0.0,"5' 8""",135 lbs.,"67""",Orthodox,"Jul 09, 1987",4.03,34%,4.59,53%,0.95,22%,50%,0.0,1808
http://ufcstats.com/fighter-details/f2925e6db404bf1d,Robbie Lawler,Ruthless,30-16-0 (1 NC),30,16,,"5' 11""",170 lbs.,"74""",Southpaw,"Mar 20, 1982",3.85,47%,4.67,59%,0.65,64%,65%,0.0,1807
http://ufcstats.com/fighter-details/c7d7fda69ec410d3,Kamuela Kirk,The Jawaiian,12-6-0,12,6,0.0,"5' 10""",155 lbs.,"75""",Switch,"Apr 13, 1994",3.22,50%,5.87,40%,1.5,26%,47%,1.2,1806
http://ufcstats.com/fighter-details/135d124172a0bea3,Damir Ismagulov,Qazaq,24-3-0,24,3,0.0,"5' 10""",155 lbs.,"74""",Orthodox,"Feb 03, 1991",3.36,42%,2.44,61%,1.0,28%,70%,0.0,1805
http://ufcstats.com/fighter-details/ee9ebceabfd16fa7,Kevin Lee,The Motown Phenom,18-8-0,18,8,0.0,"5' 9""",170 lbs.,"77""",Orthodox,"Sep 04, 1992",3.88,42%,3.6,50%,3.18,43%,75%,0.8,1804
http://ufcstats.com/fighter-details/1788eee370f077b7,Blagoy Ivanov,Baga,19-6-0 (1 NC),19,6,,"5' 11""",250 lbs.,"73""",Southpaw,"Oct 09, 1986",3.25,40%,4.2,53%,0.69,40%,61%,0.1,1803
http://ufcstats.com/fighter-details/55fa6ce3e522c8bb,Zhalgas Zhumagulov,,14-9-0,14,9,0.0,"5' 4""",125 lbs.,"66""",Switch,"Aug 29, 1988",5.24,43%,5.86,52%,1.3,19%,75%,0.2,1802
http://ufcstats.com/fighter-details/e7e01e266a9d4342,Ronnie Lawrence,The Heat,8-2-0 (1 NC),8,2,,"5' 8""",135 lbs.,"68""",Switch,"Jun 13, 1992",2.78,56%,1.75,52%,6.75,77%,45%,0.2,1801
http://ufcstats.com/fighter-details/80fa8218c99f9c58,Amanda Nunes,The Lioness,23-5-0,23,5,0.0,"5' 8""",135 lbs.,"69""",Orthodox,"May 30, 1988",4.55,51%,2.62,57%,2.73,54%,82%,0.7,1800
http://ufcstats.com/fighter-details/9ada30894bf04e19,David Dvorak,Undertaker,20-6-0,20,6,0.0,"5' 5""",125 lbs.,"68""",Orthodox,"Jun 05, 1992",3.48,43%,3.29,59%,0.58,30%,70%,0.2,1799
http://ufcstats.com/fighter-details/37d752ec41ed84bb,Maria Oliveira,Spider-Girl,13-7-0,13,7,0.0,"5' 6""",115 lbs.,"69""",Orthodox,"Dec 12, 1996",5.03,38%,5.76,44%,0.95,44%,47%,0.0,1798
http://ufcstats.com/fighter-details/029e1293e609fd74,Abubakar Nurmagomedov,,17-4-1,17,4,1.0,"5' 11""",170 lbs.,"72""",Orthodox,"Nov 13, 1989",2.78,53%,2.61,65%,1.25,22%,88%,0.0,1797
http://ufcstats.com/fighter-details/950d0ef5c17157c5,Maxim Grishin,Maximus,32-10-2,32,10,2.0,"6' 3""",205 lbs.,"78""",Orthodox,"May 02, 1984",3.26,52%,2.27,58%,0.21,16%,66%,0.0,1796
http://ufcstats.com/fighter-details/2c010b26a3306969,Orion Cosce,Galaxy,8-2-0,8,2,0.0,"5' 11""",170 lbs.,"71""",Switch,"Jul 15, 1994",2.77,53%,4.02,44%,1.92,40%,61%,0.0,1795
http://ufcstats.com/fighter-details/e9a3aeb207578eea,Ilir Latifi,The Sledgehammer,17-9-0 (1 NC),17,9,,"5' 10""",230 lbs.,"73""",Orthodox,"Jul 28, 1982",2.05,45%,2.93,56%,2.11,35%,100%,0.3,1794
http://ufcstats.com/fighter-details/036e96c1c12b8a59,Nick Fiore,,6-2-0,6,2,0.0,"5' 10""",155 lbs.,"72""",Orthodox,"Dec 10, 1997",2.83,46%,7.93,42%,2.5,45%,71%,0.0,1793
http://ufcstats.com/fighter-details/8abac218746e04ca,Takashi Sato,Ten,16-7-0,16,7,0.0,"5' 10""",170 lbs.,"73""",Southpaw,"Jun 09, 1990",2.21,41%,3.73,44%,0.76,37%,60%,0.0,1792
http://ufcstats.com/fighter-details/31123249b0bbf52e,Matt Brown,The Immortal,26-19-0,26,19,0.0,"6' 0""",170 lbs.,"75""",Orthodox,"Jan 10, 1981",3.76,55%,2.92,55%,1.68,46%,63%,1.3,1791
http://ufcstats.com/fighter-details/01b352b6a9074d5c,Chase Sherman,The Vanilla Gorilla,16-12-0,16,12,0.0,"6' 4""",250 lbs.,"78""",Orthodox,"Nov 16, 1989",6.04,45%,6.65,52%,0.09,50%,74%,0.0,1790
http://ufcstats.com/fighter-details/a20f234df70f2182,Ji Yeon Kim,Firefist,9-7-2,9,7,2.0,"5' 7""",125 lbs.,"72""",Orthodox,"Oct 18, 1989",5.37,36%,5.41,56%,0.0,0%,50%,0.1,1789
http://ufcstats.com/fighter-details/297a2b35444c245b,Mandy Bohm,Monster,8-2-0 (1 NC),8,2,,"5' 7""",125 lbs.,"71""",Orthodox,"Jul 30, 1989",2.51,45%,3.24,60%,0.72,18%,75%,0.7,1788
http://ufcstats.com/fighter-details/6c8072b61c276e67,Jessica-Rose Clark,,11-9-0 (1 NC),11,9,,"5' 5""",135 lbs.,"64""",Orthodox,"Nov 28, 1987",3.73,51%,3.51,58%,1.66,42%,62%,0.3,1787
http://ufcstats.com/fighter-details/eaa9402e5a7990ad,Braxton Smith,The Beautiful Monster,5-2-0,5,2,0.0,"5' 11""",257 lbs.,"72""",Orthodox,"Jan 01, 1990",6.46,48%,11.54,32%,0.0,0%,100%,0.0,1786
http://ufcstats.com/fighter-details/8d20d76af3f213ce,Joseph Holmes,Uglyman Joe,8-4-0,8,4,0.0,"6' 4""",185 lbs.,"80""",Orthodox,"Jul 04, 1995",2.88,53%,3.08,54%,1.49,40%,50%,0.8,1785
http://ufcstats.com/fighter-details/78f485f851891d68,Journey Newson,,10-5-0 (1 NC),10,5,,"5' 5""",135 lbs.,"67""",Orthodox,"Mar 07, 1989",2.64,32%,2.57,64%,0.56,16%,43%,0.3,1784
http://ufcstats.com/fighter-details/3b0a516d2921e0d6,Batgerel Danaa,Storm,12-5-0,12,5,0.0,"5' 7""",135 lbs.,"70""",Orthodox,"Jul 04, 1989",5.38,36%,4.21,47%,0.52,50%,62%,0.0,1783
http://ufcstats.com/fighter-details/4ba8d454f762005d,Zak Cummings,,25-7-0,25,7,0.0,"6' 0""",205 lbs.,"75""",Southpaw,"Aug 02, 1984",2.96,35%,2.91,55%,0.62,28%,66%,0.6,1782
http://ufcstats.com/fighter-details/06f36cf4bd97ec77,Ed Herman,Short Fuse,27-16-0 (1 NC),27,16,,"6' 1""",205 lbs.,"77""",Orthodox,"Oct 02, 1980",3.31,48%,3.71,42%,1.96,47%,59%,1.0,1781
http://ufcstats.com/fighter-details/34c2b3656f88f7ef,Aaron Phillips,The Dragon,12-5-0,12,5,0.0,"5' 9""",135 lbs.,"71""",Southpaw,"Aug 05, 1989",1.51,53%,3.66,43%,0.86,50%,44%,0.6,1780
http://ufcstats.com/fighter-details/47b9e0e7703a4868,Jorge Masvidal,Gamebred,35-17-0,35,17,0.0,"5' 11""",170 lbs.,"74""",Orthodox,"Nov 12, 1984",4.05,47%,3.05,64%,1.38,59%,72%,0.3,1779
http://ufcstats.com/fighter-details/98215d037be5bcb7,Cynthia Calvillo,,9-6-1,9,6,1.0,"5' 4""",115 lbs.,"64""",Orthodox,"Jul 13, 1987",4.41,38%,4.12,64%,1.8,44%,77%,0.8,1778
http://ufcstats.com/fighter-details/b93c06d09d1c4ac0,Steven Peterson,Ocho,19-11-0,19,11,0.0,"5' 10""",145 lbs.,"70""",Orthodox,"May 29, 1990",4.76,40%,5.94,53%,1.42,26%,64%,0.7,1777
http://ufcstats.com/fighter-details/87a1dc546b1c5caf,Makwan Amirkhani,Mr. Finland,17-9-0,17,9,0.0,"5' 10""",145 lbs.,"72""",Southpaw,"Nov 08, 1988",1.33,44%,2.98,46%,3.96,43%,35%,1.1,1776
http://ufcstats.com/fighter-details/a0e6753c42698f13,Omar Morales,Venezuelan Fighter,11-4-0,11,4,0.0,"5' 11""",155 lbs.,"73""",Orthodox,"Oct 17, 1985",3.42,40%,3.18,58%,0.46,100%,63%,0.0,1775
http://ufcstats.com/fighter-details/d05412b513b19621,Guido Cannetti,Ninja,10-8-0,10,8,0.0,"5' 6""",135 lbs.,"68""",Southpaw,"Dec 19, 1979",3.44,55%,2.84,51%,2.27,55%,64%,0.4,1774
http://ufcstats.com/fighter-details/2f13e4020cea5b38,Raphael Assuncao,,28-10-0,28,10,0.0,"5' 5""",135 lbs.,"66""",Orthodox,"Jul 19, 1982",3.22,42%,2.5,66%,1.65,39%,78%,0.2,1773
http://ufcstats.com/fighter-details/601964f9654f911a,Tony Gravely,,23-9-0,23,9,0.0,"5' 5""",135 lbs.,"69""",Orthodox,"Sep 28, 1991",3.82,48%,4.47,44%,5.4,41%,52%,0.3,1772
http://ufcstats.com/fighter-details/ec23c1be628d8057,Trevin Jones,5 Star,13-10-0 (1 NC),13,10,,"5' 7""",135 lbs.,"70""",Southpaw,"Aug 04, 1990",2.13,37%,4.29,39%,0.62,15%,60%,0.2,1771
http://ufcstats.com/fighter-details/b1a3e0aca758b322,Derek Brunson,The One,23-9-0,23,9,0.0,"6' 1""",185 lbs.,"77""",Southpaw,"Jan 04, 1984",3.51,47%,3.05,51%,3.14,33%,85%,0.6,1770
http://ufcstats.com/fighter-details/c0386644627a7ee5,Mana Martinez,ManaBoi,10-4-0,10,4,0.0,"5' 10""",135 lbs.,"70""",Orthodox,"Mar 25, 1996",4.33,48%,4.94,50%,0.72,42%,25%,0.5,1769
http://ufcstats.com/fighter-details/441eacbe20e0e80b,Augusto Sakai,,16-5-1,16,5,1.0,"6' 3""",265 lbs.,"77""",Orthodox,"May 09, 1991",4.6,49%,3.83,48%,0.23,40%,56%,0.0,1768
http://ufcstats.com/fighter-details/a2ccf35a88346a91,Erick Gonzalez,The Ghost Pepper,14-8-0,14,8,0.0,"5' 11""",155 lbs.,"75""",Orthodox,"Jan 20, 1992",2.4,36%,8.08,40%,6.0,55%,50%,0.0,1767
http://ufcstats.com/fighter-details/029afd138865d20a,Rafael Alves,The Turn,20-12-0,20,12,0.0,"5' 8""",155 lbs.,"68""",Orthodox,"Nov 14, 1990",1.85,48%,3.3,58%,0.29,25%,44%,1.5,1766
http://ufcstats.com/fighter-details/c878270af633eb11,Jordan Wright,The Beverly Hills Ninja,12-5-0 (1 NC),12,5,,"6' 2""",205 lbs.,"77""",Orthodox,"Oct 07, 1991",4.1,56%,6.03,31%,2.09,45%,100%,0.4,1765
http://ufcstats.com/fighter-details/5da33b8fbfa5ee95,William Knight,Knightmare,11-5-0,11,5,0.0,"5' 10""",205 lbs.,"73""",Orthodox,"Apr 03, 1988",2.62,56%,3.3,35%,1.78,40%,48%,0.4,1764
http://ufcstats.com/fighter-details/2eeaefbfc7f9fcff,Lina Lansberg,Elbow Queen,10-8-0,10,8,0.0,"5' 7""",135 lbs.,"65""",Orthodox,"Mar 13, 1982",2.69,55%,3.87,44%,0.52,27%,47%,0.1,1763
http://ufcstats.com/fighter-details/5c10da56d712ac9c,Khusein Askhabov,Nohcho,23-1-0,23,1,0.0,"5' 8""",145 lbs.,"69""",Orthodox,"Feb 13, 1995",2.0,26%,4.13,56%,0.0,0%,66%,0.0,1762
http://ufcstats.com/fighter-details/4a043165cf47cab2,Juancamilo Ronderos,100,4-2-0,4,2,0.0,"5' 3""",125 lbs.,"64""",Southpaw,"Feb 17, 1995",2.18,30%,2.18,63%,2.72,33%,0%,0.0,1761
http://ufcstats.com/fighter-details/da4628f173337902,Don Shainis,Shameless,12-5-0,12,5,0.0,"5' 6""",145 lbs.,"67""",Orthodox,"Sep 16, 1990",3.42,50%,5.87,31%,0.97,25%,20%,1.9,1760
http://ufcstats.com/fighter-details/aceffa19749c4dc0,Zubaira Tukhugov,Warrior,20-6-1,20,6,1.0,"5' 8""",155 lbs.,"68""",Orthodox,"Jan 15, 1991",3.17,39%,3.07,63%,2.13,39%,100%,0.0,1759
http://ufcstats.com/fighter-details/adccbc19b22e19af,SeungGuk Choi,,7-3-0,7,3,0.0,"5' 6""",125 lbs.,"64""",Orthodox,"Dec 26, 1996",2.69,42%,2.69,65%,1.02,27%,74%,0.0,1758
http://ufcstats.com/fighter-details/7ff97850e8c32bda,Glover Teixeira,,33-9-0,33,9,0.0,"6' 2""",205 lbs.,"76""",Orthodox,"Oct 28, 1979",3.73,49%,4.43,51%,2.11,33%,60%,0.9,1757
http://ufcstats.com/fighter-details/140745cbbcb023ac,Mauricio Rua,Shogun,27-14-1,27,14,1.0,"6' 1""",205 lbs.,"76""",Orthodox,"Nov 25, 1981",3.57,50%,2.79,54%,2.01,48%,49%,0.7,1756
http://ufcstats.com/fighter-details/49ee5024966efc0d,Mounir Lazzez,The Sniper,11-3-0,11,3,0.0,"6' 1""",170 lbs.,"76""",Orthodox,"Nov 16, 1987",7.49,55%,5.42,53%,1.8,57%,71%,0.0,1755
http://ufcstats.com/fighter-details/2f5cbecbbe18bac4,Shamil Abdurakhimov,Abrek,20-8-0,20,8,0.0,"6' 3""",235 lbs.,"76""",Orthodox,"Sep 02, 1981",2.41,44%,3.02,55%,1.01,23%,45%,0.1,1754
http://ufcstats.com/fighter-details/4959f10a62f3fec3,Cheyanne Vlismas,The Warrior Princess,7-3-0,7,3,0.0,"5' 3""",115 lbs.,"63""",Switch,"Jun 25, 1995",4.93,50%,2.57,64%,0.25,33%,66%,0.2,1753
http://ufcstats.com/fighter-details/50a28b9f8314e008,Saidyokub Kakhramonov,,10-3-0,10,3,0.0,"5' 8""",135 lbs.,"69""",Orthodox,"Nov 14, 1995",2.05,51%,0.88,58%,6.63,48%,83%,1.9,1752
http://ufcstats.com/fighter-details/2f6a993c7f547c13,Sergey Morozov,,19-5-0,19,5,0.0,"5' 6""",135 lbs.,"67""",Orthodox,"Jun 14, 1989",3.01,43%,2.97,61%,3.63,31%,68%,0.0,1751
http://ufcstats.com/fighter-details/9ce6d5a03af801b7,Darren Till,The Gorilla,18-5-1,18,5,1.0,"6' 0""",185 lbs.,"74""",Southpaw,"Dec 24, 1992",2.3,46%,3.31,56%,0.55,46%,69%,0.0,1750
http://ufcstats.com/fighter-details/01fed6f61ebea01f,Jay Perrin,The Joker,10-7-0,10,7,0.0,"5' 7""",135 lbs.,"67""",Switch,"Jun 15, 1993",3.71,46%,3.9,44%,2.83,52%,58%,0.0,1749
http://ufcstats.com/fighter-details/ce632027bf2a871b,Dalcha Lungiambula,Champion,11-6-0,11,6,0.0,"5' 8""",185 lbs.,"76""",Orthodox,"Jul 31, 1987",3.07,45%,3.93,52%,2.14,45%,77%,0.0,1748
http://ufcstats.com/fighter-details/84512339473dd300,Steven Koslow,Obi Won Shinobi The Pillow,6-1-0,6,1,0.0,"5' 7""",125 lbs.,"69""",Switch,"Jan 22, 1997",0.77,37%,3.73,40%,5.28,55%,0%,1.1,1747
http://ufcstats.com/fighter-details/df1eb4354d18a906,Scott Holtzman,Hot Sauce,14-6-0,14,6,0.0,"5' 9""",155 lbs.,"69""",Orthodox,"Sep 30, 1983",4.32,47%,3.66,55%,1.88,56%,67%,0.2,1746
http://ufcstats.com/fighter-details/2804ce8dadab5770,Marcelo Rojo,Pitbull,16-10-0,16,10,0.0,"5' 8""",145 lbs.,"71""",Orthodox,"Jul 02, 1988",4.92,39%,6.42,55%,0.46,50%,66%,0.0,1745
http://ufcstats.com/fighter-details/0c258d1d8e16e5f1,Kevin Natividad,Quicksand,9-4-0,9,4,0.0,"5' 6""",135 lbs.,"70""",Orthodox,"Apr 02, 1993",2.68,34%,4.29,47%,3.66,50%,83%,0.0,1744
http://ufcstats.com/fighter-details/f2688492b9a525a3,Frankie Edgar,The Answer,23-11-1,23,11,1.0,"5' 6""",135 lbs.,"68""",Orthodox,"Oct 16, 1981",3.77,40%,2.82,65%,2.29,31%,65%,0.3,1743
http://ufcstats.com/fighter-details/37ed1ab2f8b819f4,Brad Riddell,Quake,10-4-0,10,4,0.0,"5' 7""",155 lbs.,"71""",Orthodox,"Sep 30, 1991",4.71,53%,3.53,53%,1.77,36%,63%,0.0,1742
http://ufcstats.com/fighter-details/b4880ef2f838d4e1,Silvana Gomez Juarez,La Malvada,11-5-0,11,5,0.0,"5' 3""",115 lbs.,"65""",Orthodox,"Dec 06, 1984",4.26,32%,4.04,61%,0.0,0%,30%,0.0,1741
http://ufcstats.com/fighter-details/5bf31a46becc1204,Michael Trizano,The Lone Wolf,11-3-0,11,3,0.0,"5' 11""",145 lbs.,"71""",Orthodox,"Dec 31, 1991",3.63,53%,4.4,50%,0.36,66%,72%,0.5,1740
http://ufcstats.com/fighter-details/8c57c7b8c3bab0eb,Nicolae Negumereanu,,13-2-0,13,2,0.0,"6' 0""",205 lbs.,"78""",Orthodox,"Sep 04, 1994",3.58,41%,5.56,39%,1.02,28%,62%,0.0,1739
http://ufcstats.com/fighter-details/34e516ab361afb1c,Darrick Minner,,26-14-0,26,14,0.0,"5' 7""",145 lbs.,"69""",Orthodox,"Apr 28, 1990",2.63,65%,2.28,35%,2.4,72%,66%,2.7,1738
http://ufcstats.com/fighter-details/568bbad0eaced57c,Shanna Young,The Shanimal,9-6-0,9,6,0.0,"5' 7""",125 lbs.,"65""",Orthodox,"Feb 20, 1991",3.18,47%,4.88,43%,0.0,0%,53%,0.6,1737
http://ufcstats.com/fighter-details/773f7feacf96153e,Benito Lopez,Golden Boy,10-2-0,10,2,0.0,"5' 10""",135 lbs.,"73""",Switch,"Apr 06, 1994",4.39,45%,5.18,56%,0.0,0%,73%,0.3,1736
http://ufcstats.com/fighter-details/1a54231796e24a3f,Liudvik Sholinian,Palmeyros,9-4-1,9,4,1.0,"5' 10""",135 lbs.,"71""",Orthodox,"Jan 20, 1990",2.5,30%,5.67,55%,0.0,0%,66%,0.0,1735
http://ufcstats.com/fighter-details/760a55d5b6098cbe,Carlos Candelario,The Cannon,8-3-0,8,3,0.0,"5' 8""",125 lbs.,"68""",Southpaw,"Jun 04, 1991",3.97,46%,5.17,44%,2.28,36%,53%,0.3,1734
http://ufcstats.com/fighter-details/3eb4dc9a7d4ac906,Ramona Pascual,,6-5-0,6,5,0.0,"5' 7""",135 lbs.,"66""",Southpaw,"Sep 23, 1988",3.87,57%,8.43,46%,1.81,19%,100%,0.0,1733
http://ufcstats.com/fighter-details/2b68d9f125d07b42,Jared Vanderaa,,12-10-0,12,10,0.0,"6' 4""",265 lbs.,"80""",Orthodox,"May 12, 1992",4.96,44%,5.67,45%,0.18,50%,20%,0.0,1732
http://ufcstats.com/fighter-details/b15862fcd6ded451,Carlos Mota,Tizil,8-2-0,8,2,0.0,"5' 4""",125 lbs.,"69""",Orthodox,"Apr 15, 1995",0.8,41%,1.13,54%,0.0,0%,50%,1.0,1731
http://ufcstats.com/fighter-details/69888118d968ba52,Joshua Weems,Wide Open,11-3-0,11,3,0.0,"5' 8""",135 lbs.,"69""",Orthodox,"May 05, 1994",5.25,64%,3.34,61%,4.77,40%,100%,0.0,1730
http://ufcstats.com/fighter-details/c849740a3ff51931,TJ Dillashaw,,18-5-0,18,5,0.0,"5' 6""",135 lbs.,"67""",Orthodox,"Feb 07, 1986",5.09,41%,3.47,62%,1.56,30%,77%,0.8,1729
http://ufcstats.com/fighter-details/684d3aee255a3d09,Gadzhi Omargadzhiev,,13-2-0,13,2,0.0,"6' 1""",170 lbs.,"71""",Switch,"Feb 24, 1993",1.8,39%,2.2,39%,1.35,30%,60%,0.5,1728
http://ufcstats.com/fighter-details/67f272324a030d00,Misha Cirkunov,,15-9-0,15,9,0.0,"6' 3""",205 lbs.,"77""",Orthodox,"Feb 27, 1987",3.86,51%,3.06,57%,4.15,39%,76%,1.7,1727
http://ufcstats.com/fighter-details/cc351e408bbb7d43,Brandon Davis,Killer B,14-10-0,14,10,0.0,"5' 10""",135 lbs.,"72""",Orthodox,"May 08, 1990",4.68,35%,4.62,58%,0.74,42%,57%,0.1,1726
http://ufcstats.com/fighter-details/12585614e0ed2626,Nick Maximov,,8-2-0,8,2,0.0,"6' 0""",185 lbs.,"76""",Southpaw,"Dec 23, 1997",1.93,45%,2.64,46%,4.16,45%,35%,0.2,1725
http://ufcstats.com/fighter-details/0641c21bec209472,Mike Jackson,The Truth,1-2-0 (1 NC),1,2,,"6' 2""",170 lbs.,"74""",Orthodox,"Mar 22, 1985",4.49,57%,3.73,62%,0.71,33%,88%,0.0,1724
http://ufcstats.com/fighter-details/a8283a4f415e1eb9,Francisco Trinaldo,Massaranduba,28-9-0,28,9,0.0,"5' 9""",170 lbs.,"70""",Southpaw,"Aug 24, 1978",3.13,45%,2.67,60%,0.98,42%,60%,0.5,1723
http://ufcstats.com/fighter-details/98c23cb6da5b3352,Aleksei Oleinik,The Boa Constrictor,60-17-1,60,17,1.0,"6' 2""",240 lbs.,"80""",Orthodox,"Jun 20, 1977",3.29,48%,3.8,44%,1.82,46%,37%,1.9,1722
http://ufcstats.com/fighter-details/5580771f383e141f,Jesse Ronson,The Body Snatcher,21-12-0 (1 NC),21,12,,"5' 10""",155 lbs.,"70""",Southpaw,"Dec 24, 1985",3.54,47%,3.39,57%,0.46,28%,57%,0.5,1721
http://ufcstats.com/fighter-details/4e06913c91da5200,Krzysztof Jotko,,24-6-0,24,6,0.0,"6' 1""",185 lbs.,"77""",Southpaw,"Aug 19, 1989",2.98,42%,2.23,57%,1.33,39%,82%,0.1,1720
http://ufcstats.com/fighter-details/325ad0dd9126d3df,Randy Costa,The Zohan,6-4-0,6,4,0.0,"5' 9""",135 lbs.,"73""",Switch,"Jul 06, 1994",6.53,46%,7.58,58%,0.0,0%,50%,0.0,1719
http://ufcstats.com/fighter-details/70fa1c64a2c439ef,Alen Amedovski,,8-4-0,8,4,0.0,"5' 10""",185 lbs.,"74""",Orthodox,"Apr 06, 1988",0.99,30%,3.85,46%,0.0,0%,0%,0.0,1718
http://ufcstats.com/fighter-details/afe8d5b39ff7fca2,Louis Cosce,,7-2-0,7,2,0.0,"5' 9""",170 lbs.,"71""",Orthodox,"Aug 27, 1995",4.31,45%,5.35,47%,1.04,20%,50%,0.5,1717
http://ufcstats.com/fighter-details/87e2468b986ebb79,Cameron VanCamp,Jumpman,15-7-1 (1 NC),15,7,,"6' 2""",155 lbs.,"74""",Switch,"Apr 27, 1993",5.31,47%,6.41,40%,0.0,0%,0%,0.0,1716
http://ufcstats.com/fighter-details/8355922d564b152c,Nate Diaz,,22-13-0,22,13,0.0,"6' 0""",170 lbs.,"76""",Southpaw,"Apr 16, 1985",4.57,45%,3.77,52%,1.05,30%,41%,1.3,1715
http://ufcstats.com/fighter-details/a7e3f02fe2b2fe30,Danyelle Wolf,,1-1-0,1,1,0.0,"5' 11""",145 lbs.,"70""",Orthodox,"Sep 08, 1983",2.37,25%,4.57,47%,0.0,0%,77%,0.5,1714
http://ufcstats.com/fighter-details/326a001926ffb7ec,Darian Weeks,,5-3-0,5,3,0.0,"5' 11""",170 lbs.,"72""",Orthodox,"Nov 23, 1993",4.49,51%,4.56,51%,2.0,30%,100%,0.0,1713
http://ufcstats.com/fighter-details/77d7295d1b22c694,Alessio Di Chirico,Manzo,13-7-0,13,7,0.0,"6' 0""",185 lbs.,"74""",Orthodox,"Dec 12, 1989",3.32,39%,3.44,61%,1.46,39%,83%,0.0,1712
http://ufcstats.com/fighter-details/b4537562f88ac582,Khalid Taha,The Warrior,13-5-0 (1 NC),13,5,,"5' 5""",135 lbs.,"69""",Orthodox,"Feb 15, 1992",2.64,32%,4.12,46%,0.0,0%,61%,0.2,1711
http://ufcstats.com/fighter-details/00e11b5c8b7bfeeb,Luke Rockhold,,16-6-0,16,6,0.0,"6' 3""",185 lbs.,"77""",Southpaw,"Oct 17, 1984",4.1,49%,2.68,53%,0.7,29%,65%,1.0,1710
http://ufcstats.com/fighter-details/fdbefee0827e1567,Wu Yanan,Mulan,13-6-0,13,6,0.0,"5' 8""",135 lbs.,"66""",Orthodox,"Apr 18, 1996",4.23,41%,4.95,49%,0.62,30%,63%,0.2,1709
http://ufcstats.com/fighter-details/f703250471acaf96,Harry Hunsucker,The Hurricane,7-6-0,7,6,0.0,"6' 2""",205 lbs.,"75""",Orthodox,"Jan 03, 1989",3.54,52%,6.53,42%,0.0,0%,0%,2.0,1708
http://ufcstats.com/fighter-details/9c65736747ca92ec,Leonardo Santos,,18-7-1,18,7,1.0,"6' 0""",155 lbs.,"75""",Orthodox,"Feb 05, 1980",2.82,46%,3.4,54%,0.88,25%,86%,0.2,1707
http://ufcstats.com/fighter-details/12e0fdc606f7e274,Luis Saldana,,16-7-1,16,7,1.0,"5' 11""",145 lbs.,"73""",Orthodox,"Jan 27, 1991",5.16,50%,3.65,60%,0.64,17%,44%,0.2,1706
http://ufcstats.com/fighter-details/cdadae5363b66eef,Francisco Figueiredo,Sniper,13-5-1 (1 NC),13,5,,"5' 6""",125 lbs.,"68""",Southpaw,"Oct 23, 1989",2.04,61%,2.59,61%,2.51,75%,76%,0.4,1705
http://ufcstats.com/fighter-details/10f3ba6cd2f44a97,Dominick Cruz,The Dominator,24-4-0,24,4,0.0,"5' 8""",135 lbs.,"68""",Orthodox,"Mar 09, 1985",3.91,33%,2.61,70%,2.82,42%,83%,0.1,1704
http://ufcstats.com/fighter-details/d343df8ba11f4c4e,Nina Nunes,,11-7-0,11,7,0.0,"5' 5""",125 lbs.,"64""",Orthodox,"Dec 03, 1985",4.39,45%,3.47,55%,0.24,33%,73%,0.5,1703
http://ufcstats.com/fighter-details/318572f6f74b760d,Charlie Ontiveros,American Bad Boy,11-9-0,11,9,0.0,"6' 2""",155 lbs.,"74""",Switch,"Jul 04, 1991",1.89,41%,5.86,31%,0.0,0%,30%,0.0,1702
http://ufcstats.com/fighter-details/5f3805dda9661cba,Jason Witt,The Vanilla Gorilla,19-9-0,19,9,0.0,"5' 10""",170 lbs.,"70""",Orthodox,"Nov 07, 1986",2.15,44%,2.54,52%,6.9,48%,100%,0.9,1701
http://ufcstats.com/fighter-details/dea070ed4a2a8281,Thiago Santos,Marreta,22-11-0,22,11,0.0,"6' 2""",205 lbs.,"76""",Orthodox,"Jan 07, 1984",3.72,48%,2.57,53%,0.88,33%,65%,0.1,1700
http://ufcstats.com/fighter-details/d156513a19acf856,Sam Alvey,Smile'N,33-18-1 (1 NC),33,18,,"6' 2""",185 lbs.,"75""",Southpaw,"May 06, 1986",3.28,44%,3.63,52%,0.06,14%,82%,0.1,1699
http://ufcstats.com/fighter-details/7559395ad833c074,Miranda Granger,Danger,7-3-0,7,3,0.0,"5' 7""",115 lbs.,"68""",Orthodox,"Apr 13, 1992",2.79,47%,2.57,57%,0.0,0%,33%,0.0,1698
http://ufcstats.com/fighter-details/3c6976f8182d9527,Alexander Gustafsson,The Mauler,18-8-0,18,8,0.0,"6' 5""",205 lbs.,"79""",Orthodox,"Jan 15, 1987",4.03,40%,3.53,51%,1.53,39%,83%,0.4,1697
http://ufcstats.com/fighter-details/40093d1d2d78394e,Charles Rosa,Boston Strong,14-8-0,14,8,0.0,"5' 9""",145 lbs.,"69""",Switch,"Aug 24, 1986",3.08,36%,3.86,47%,1.67,35%,38%,1.0,1696
http://ufcstats.com/fighter-details/6f7c616b98e18c29,Claudio Silva,Hannibal,14-4-0,14,4,0.0,"5' 11""",170 lbs.,"71""",Southpaw,"Sep 06, 1982",2.48,42%,3.0,46%,2.85,26%,44%,1.1,1695
http://ufcstats.com/fighter-details/98d961097baaf308,Shane Burgos,Hurricane,15-3-0,15,3,0.0,"5' 11""",145 lbs.,"75""",Orthodox,"Mar 19, 1991",7.4,52%,6.78,56%,0.43,44%,91%,0.4,1694
http://ufcstats.com/fighter-details/8be158ca1e5ea6a0,Dwight Grant,The Body Snatcher,11-6-0,11,6,0.0,"6' 1""",185 lbs.,"76""",Switch,"Sep 14, 1984",3.29,36%,2.66,60%,0.61,100%,66%,0.0,1693
http://ufcstats.com/fighter-details/d7338bcb141abd2c,Antonina Shevchenko,La Pantera,10-4-0,10,4,0.0,"5' 8""",125 lbs.,"67""",Southpaw,"Nov 20, 1984",3.86,55%,2.93,52%,0.43,42%,53%,0.4,1692
http://ufcstats.com/fighter-details/5f179af5fffeb9f6,Cortney Casey,Cast Iron,10-10-0,10,10,0.0,"5' 7""",125 lbs.,"67""",Orthodox,"May 05, 1987",4.29,39%,4.0,55%,0.39,31%,39%,0.5,1691
http://ufcstats.com/fighter-details/37d5b176d438d2a5,Karl Roberson,Baby K,9-6-0,9,6,0.0,"6' 1""",205 lbs.,"74""",Southpaw,"Oct 04, 1990",2.57,51%,2.42,57%,0.72,40%,40%,0.5,1690
http://ufcstats.com/fighter-details/1d00756835ca67c9,Donald Cerrone,Cowboy,36-17-0 (2 NC),36,17,,"6' 1""",155 lbs.,"73""",Orthodox,"Mar 29, 1983",4.41,46%,4.48,53%,1.16,33%,73%,1.2,1689
http://ufcstats.com/fighter-details/65578a75fa7900e3,Uriah Hall,Prime Time,18-11-0,18,11,0.0,"6' 0""",185 lbs.,"79""",Orthodox,"Jul 31, 1984",3.23,48%,3.85,54%,0.54,38%,64%,0.1,1688
http://ufcstats.com/fighter-details/f72465a784c1b084,Jessica Eye,Evil,15-11-0 (1 NC),15,11,,"5' 6""",125 lbs.,"66""",Orthodox,"Jul 27, 1986",3.86,37%,4.19,55%,0.58,40%,57%,0.5,1687
http://ufcstats.com/fighter-details/c9a94278df042f46,Alan Baudot,The Black Samourai,8-3-0 (2 NC),8,3,,"6' 3""",243 lbs.,"79""",Orthodox,"Feb 01, 1988",5.36,58%,4.82,46%,0.0,0%,62%,0.0,1686
http://ufcstats.com/fighter-details/82b4e942781b1046,Raulian Paiva,,21-5-0,21,5,0.0,"5' 8""",135 lbs.,"69""",Orthodox,"Oct 17, 1995",4.14,42%,5.01,48%,0.65,23%,77%,0.2,1685
http://ufcstats.com/fighter-details/1a08b01fdabb6ae2,Tony Kelley,Primetime,8-3-0,8,3,0.0,"5' 9""",135 lbs.,"70""",Switch,"Jan 21, 1987",5.55,47%,4.85,45%,0.0,0%,52%,1.4,1684
http://ufcstats.com/fighter-details/0de720c0f1d4ab9c,Danny Chavez,The Colombian Warrior,11-5-1,11,5,1.0,"5' 8""",145 lbs.,"67""",Orthodox,"Mar 14, 1987",2.86,38%,3.83,50%,1.95,60%,87%,0.0,1683
http://ufcstats.com/fighter-details/5dd180c8b3196786,Gloria de Paula,Glorinha,6-5-0,6,5,0.0,"5' 5""",115 lbs.,"67""",Orthodox,"Jun 10, 1995",4.89,53%,3.77,66%,0.74,37%,65%,0.5,1682
http://ufcstats.com/fighter-details/fc9a9559a05f2704,Eddie Wineland,,24-16-1,24,16,1.0,"5' 7""",135 lbs.,"69""",Orthodox,"Jun 26, 1984",3.4,29%,3.76,68%,0.34,33%,86%,0.1,1681
http://ufcstats.com/fighter-details/483a953b18d73bb3,Deron Winn,,7-3-0,7,3,0.0,"5' 6""",185 lbs.,"70""",Orthodox,"Jun 13, 1989",4.55,44%,6.21,46%,4.28,52%,40%,0.0,1680
http://ufcstats.com/fighter-details/3d6749c4267da18f,Joanna Jedrzejczyk,,16-5-0,16,5,0.0,"5' 6""",115 lbs.,"65""",Orthodox,"Aug 18, 1987",6.28,48%,3.25,62%,0.27,62%,80%,0.1,1679
http://ufcstats.com/fighter-details/abd5fb12437eda21,Ramazan Emeev,Gorets,20-6-0,20,6,0.0,"5' 10""",170 lbs.,"76""",Southpaw,"May 23, 1987",2.53,45%,2.14,65%,2.37,29%,66%,0.7,1678
http://ufcstats.com/fighter-details/5c126c6aac3ef364,Poliana Botelho,,8-5-0,8,5,0.0,"5' 8""",125 lbs.,"67""",Orthodox,"Dec 15, 1988",2.9,58%,2.8,54%,0.85,57%,76%,0.0,1677
http://ufcstats.com/fighter-details/79cb2a690b9ba5e8,Zarrukh Adashev,The Lion,4-4-0,4,4,0.0,"5' 5""",125 lbs.,"65""",Southpaw,"Jul 29, 1992",3.65,40%,3.04,64%,0.0,0%,100%,0.5,1676
http://ufcstats.com/fighter-details/e92901944ce91909,Askar Mozharov,,19-13-0,19,13,0.0,"6' 3""",205 lbs.,"74""",Orthodox,"Oct 26, 1994",0.43,18%,4.07,13%,0.0,0%,33%,0.0,1675
http://ufcstats.com/fighter-details/b6850671a008bf9a,Felice Herrig,Lil Bulldog,14-10-0,14,10,0.0,"5' 4""",115 lbs.,"65""",Orthodox,"Sep 18, 1984",3.84,37%,5.19,48%,1.08,28%,75%,0.8,1674
http://ufcstats.com/fighter-details/c3ded6f7155f9ea4,Alex Da Silva,Leko,21-4-0,21,4,0.0,"5' 8""",155 lbs.,"73""",Orthodox,"Feb 04, 1996",2.14,46%,2.52,56%,1.97,43%,76%,0.3,1673
http://ufcstats.com/fighter-details/62f7097c04311193,Niklas Stolze,Green Mask,12-6-0,12,6,0.0,"6' 1""",155 lbs.,"74""",Switch,"Dec 28, 1992",2.12,48%,2.25,49%,0.66,100%,55%,0.7,1672
http://ufcstats.com/fighter-details/008ea710276c9606,Jeff Molina,El Jefe,11-2-0,11,2,0.0,"5' 6""",125 lbs.,"69""",Orthodox,"Jul 17, 1997",7.25,48%,5.04,55%,0.0,0%,66%,0.0,1671
http://ufcstats.com/fighter-details/79325a3c1a5c3bf4,Andreas Michailidis,The Spartan,13-6-0,13,6,0.0,"6' 0""",170 lbs.,"76""",Orthodox,"Jul 18, 1988",2.9,51%,3.57,44%,1.12,27%,50%,0.0,1670
http://ufcstats.com/fighter-details/dbac0a413af64bbe,Felipe Colares,Cabocao,10-4-0,10,4,0.0,"5' 8""",145 lbs.,"69""",Orthodox,"Mar 31, 1994",2.17,45%,4.65,36%,1.88,24%,43%,0.5,1669
http://ufcstats.com/fighter-details/d2bc285ead803db0,Louis Smolka,Da Last Samurai,17-9-0,17,9,0.0,"5' 9""",135 lbs.,"68""",Orthodox,"Jul 16, 1991",4.67,47%,4.11,53%,1.69,35%,32%,1.8,1668
http://ufcstats.com/fighter-details/764342d39cdaa54a,Frank Camacho,The Crank,22-10-0,22,10,0.0,"5' 10""",155 lbs.,"73""",Orthodox,"May 18, 1989",6.56,46%,7.44,51%,1.11,31%,73%,0.0,1667
http://ufcstats.com/fighter-details/cd7763bcadb5d4c8,Alan Patrick,Nuguette,15-4-0 (1 NC),15,4,,"5' 11""",155 lbs.,"74""",Southpaw,"Jul 19, 1983",1.82,40%,2.95,43%,3.01,33%,43%,0.3,1666
http://ufcstats.com/fighter-details/2ebfbe72ed703925,Tristan Connelly,Boondock,14-8-0,14,8,0.0,"5' 10""",145 lbs.,"68""",Orthodox,"Dec 12, 1985",3.31,51%,2.96,50%,0.33,14%,60%,0.3,1665
http://ufcstats.com/fighter-details/016a8d958883167c,Gina Mazany,Danger,7-6-0,7,6,0.0,"5' 6""",125 lbs.,"68""",Southpaw,"Aug 19, 1988",3.73,50%,3.52,50%,4.34,52%,33%,0.2,1664
http://ufcstats.com/fighter-details/90da09db03e41748,Sergey Khandozhko,Honda,28-6-1,28,6,1.0,"6' 1""",170 lbs.,"74""",Orthodox,"May 19, 1992",3.41,41%,2.37,60%,0.76,28%,61%,0.0,1663
http://ufcstats.com/fighter-details/f9d0cae37dabfafc,Ike Villanueva,Hurricane,18-14-0,18,14,0.0,"6' 1""",205 lbs.,"73""",Orthodox,"Apr 04, 1984",3.66,38%,7.24,36%,0.6,50%,100%,0.0,1662
http://ufcstats.com/fighter-details/5f3da9a9610d8969,Cameron Else,Camchida,10-6-0,10,6,0.0,"5' 9""",135 lbs.,"71""",Switch,"Apr 27, 1987",1.99,40%,8.09,51%,0.0,0%,0%,0.0,1661
http://ufcstats.com/fighter-details/a6f3d15cb84334bb,Dean Barry,The Sniper,4-2-0,4,2,0.0,"5' 10""",170 lbs.,"72""",Orthodox,"Jul 03, 1992",9.31,40%,4.66,51%,0.0,0%,100%,0.0,1660
http://ufcstats.com/fighter-details/cd2e5a390821fb48,TJ Laramie,,12-5-0,12,5,0.0,"5' 6""",145 lbs.,"66""",Orthodox,"Oct 15, 1997",1.49,50%,2.64,38%,1.44,33%,40%,0.0,1659
http://ufcstats.com/fighter-details/6a8928652fc01bee,Brandon Jenkins,The Human Highlight Reel,15-9-0,15,9,0.0,"6' 0""",155 lbs.,"71""",Switch,"Sep 30, 1991",2.93,41%,8.05,33%,0.0,0%,27%,0.0,1658
http://ufcstats.com/fighter-details/35b3772629e27a49,Kevin Croom,Crash,21-15-0 (1 NC),21,15,,"5' 11""",135 lbs.,"73""",Orthodox,"Jul 15, 1987",2.65,34%,3.1,41%,0.48,5%,30%,0.5,1657
http://ufcstats.com/fighter-details/d4691518d012b9e7,Aspen Ladd,,9-3-0,9,3,0.0,"5' 6""",135 lbs.,"66""",Orthodox,"Mar 01, 1995",3.78,47%,4.65,47%,1.56,47%,62%,0.6,1656
http://ufcstats.com/fighter-details/4100c7a09497ad41,Kay Hansen,,7-6-0,7,6,0.0,"5' 2""",115 lbs.,"63""",Orthodox,"Aug 14, 1999",3.01,50%,3.19,51%,1.83,22%,37%,0.8,1655
http://ufcstats.com/fighter-details/b1d19449397541dc,Askar Askarov,Bullet,14-1-1,14,1,1.0,"5' 6""",125 lbs.,"67""",Orthodox,"Oct 09, 1992",3.05,54%,2.8,57%,2.6,24%,66%,0.4,1654
http://ufcstats.com/fighter-details/7be74a12d7352df2,Sara McMann,,13-6-0,13,6,0.0,"5' 6""",135 lbs.,"66""",Orthodox,"Sep 24, 1980",2.26,46%,1.92,47%,4.38,65%,50%,0.5,1653
http://ufcstats.com/fighter-details/0e5c4e72237461bb,Bruno Souza,The Tiger,10-3-0,10,3,0.0,"5' 10""",145 lbs.,"70""",Orthodox,"Mar 07, 1996",3.73,39%,5.3,45%,0.5,16%,60%,0.0,1652
http://ufcstats.com/fighter-details/ec18eb918121787c,Kazula Vargas,,12-5-0,12,5,0.0,"5' 8""",155 lbs.,"71""",Southpaw,"Aug 15, 1985",3.65,53%,1.77,57%,0.4,25%,30%,0.4,1651
http://ufcstats.com/fighter-details/56fcb2c4d99f9d1b,Mike Grundy,,12-4-0,12,4,0.0,"5' 7""",145 lbs.,"72""",Orthodox,"Jan 03, 1987",2.09,45%,4.45,56%,4.06,28%,50%,0.4,1650
http://ufcstats.com/fighter-details/45e738622ea2c02c,Timur Valiev,Lucky,18-3-0 (1 NC),18,3,,"5' 6""",135 lbs.,"67""",Orthodox,"Jan 19, 1990",5.19,53%,3.33,45%,1.73,40%,55%,0.3,1649
http://ufcstats.com/fighter-details/fea79f9bc8c68769,Marlon Moraes,Magic,23-10-1,23,10,1.0,"5' 6""",135 lbs.,"67""",Orthodox,"Apr 26, 1988",3.37,40%,4.53,54%,0.87,41%,46%,0.3,1648
http://ufcstats.com/fighter-details/70d2329a92864fdb,Sabina Mazo,Colombian Queen,9-4-0,9,4,0.0,"5' 7""",125 lbs.,"70""",Orthodox,"Mar 25, 1997",6.1,43%,4.35,57%,0.65,80%,59%,0.2,1647
http://ufcstats.com/fighter-details/57b10fca4f9c9a7a,Alex Oliveira,Cowboy,22-12-1 (2 NC),22,12,,"5' 11""",170 lbs.,"76""",Orthodox,"Feb 21, 1988",2.99,51%,2.55,46%,2.35,38%,63%,0.6,1646
http://ufcstats.com/fighter-details/85073dbd1be65ed9,Greg Hardy,Prince of War,7-5-0 (1 NC),7,5,,"6' 5""",265 lbs.,"80""",Orthodox,"Jul 28, 1988",4.79,50%,3.31,55%,0.2,33%,64%,0.0,1645
http://ufcstats.com/fighter-details/207773daeb4afa7b,Devonte Smith,King Kage,11-4-0,11,4,0.0,"5' 9""",155 lbs.,"76""",Orthodox,"Jul 30, 1993",4.55,53%,3.91,49%,0.35,25%,85%,0.3,1644
http://ufcstats.com/fighter-details/80daefbed11ce998,Alejandro Perez,Turbo,23-9-1,23,9,1.0,"5' 6""",135 lbs.,"67""",Orthodox,"Sep 02, 1989",3.45,35%,3.18,61%,0.54,22%,70%,0.3,1643
http://ufcstats.com/fighter-details/ce175eaafe867d1f,Micheal Gillmore,The Gentleman,6-5-0,6,5,0.0,"5' 11""",170 lbs.,"72""",Orthodox,"Mar 28, 1987",2.04,57%,3.02,43%,0.0,0%,50%,0.0,1642
http://ufcstats.com/fighter-details/4bd6b4800070b069,Chas Skelly,The Scrapper,19-3-0 (1 NC),19,3,,"5' 11""",145 lbs.,"72""",Orthodox,"May 11, 1985",2.01,40%,3.21,49%,1.74,34%,39%,2.3,1641
http://ufcstats.com/fighter-details/ef1182eb28c17d4e,Mark Striegl,Mugen,18-4-0 (1 NC),18,4,,"5' 8""",145 lbs.,"70""",Southpaw,"Jun 23, 1988",1.4,45%,4.07,40%,0.0,0%,66%,0.0,1640
http://ufcstats.com/fighter-details/8c39367b53eadf8a,Jesse Strader,Sui Generis,5-3-0,5,3,0.0,"5' 7""",135 lbs.,"70""",Orthodox,"May 29, 1991",5.03,51%,5.28,47%,3.87,57%,100%,0.0,1639
http://ufcstats.com/fighter-details/4498b382c65a7faa,Roxanne Modafferi,The Happy Warrior,25-21-0,25,21,0.0,"5' 7""",125 lbs.,"69""",Orthodox,"Sep 24, 1982",3.35,30%,5.7,51%,1.35,23%,30%,0.1,1638
http://ufcstats.com/fighter-details/78a68f1dade6aaf7,Fabio Cherant,Water Buffalo,7-4-0,7,4,0.0,"6' 1""",205 lbs.,"74""",Southpaw,"Nov 25, 1994",1.35,40%,4.89,38%,0.0,0%,0%,0.0,1637
http://ufcstats.com/fighter-details/4c2d90e335e6df19,Alexis Davis,,21-11-0,21,11,0.0,"5' 6""",135 lbs.,"68""",Orthodox,"Oct 04, 1984",4.63,49%,4.45,54%,0.95,44%,34%,0.7,1636
http://ufcstats.com/fighter-details/687c15b2eddfaa63,Danilo Marques,,11-4-0,11,4,0.0,"6' 6""",205 lbs.,"77""",Orthodox,"Dec 26, 1985",1.44,79%,2.52,52%,3.93,28%,0%,0.8,1635
http://ufcstats.com/fighter-details/8d03ce87ca14e778,Francis Ngannou,The Predator,17-3-0,17,3,0.0,"6' 4""",250 lbs.,"83""",Orthodox,"Sep 05, 1986",2.33,41%,2.16,41%,0.76,62%,71%,0.3,1634
http://ufcstats.com/fighter-details/07a2bdaa0afdd831,Rogerio Bontorin,,16-4-0 (2 NC),16,4,,"5' 5""",125 lbs.,"67""",Orthodox,"Apr 25, 1992",2.63,52%,3.27,50%,2.9,60%,51%,1.0,1633
http://ufcstats.com/fighter-details/3033c1c080672475,Dakota Bush,,8-4-0,8,4,0.0,"5' 10""",155 lbs.,"73""",Orthodox,"Jun 09, 1994",2.77,38%,4.42,41%,2.4,33%,0%,0.0,1632
http://ufcstats.com/fighter-details/4234f0097c83fa62,Sijara Eubanks,SarJ,8-7-0,8,7,0.0,"5' 4""",125 lbs.,"67""",Orthodox,"Apr 27, 1985",4.3,43%,3.43,57%,1.9,44%,66%,0.3,1631
http://ufcstats.com/fighter-details/5f6f049d54728e88,Andre Ewell,Mr. Highlight,17-9-0,17,9,0.0,"5' 8""",145 lbs.,"75""",Southpaw,"Jan 21, 1988",4.28,40%,4.87,51%,0.36,75%,72%,0.1,1630
http://ufcstats.com/fighter-details/5b8ba8f5512893b1,Matt Sayles,,8-4-0,8,4,0.0,"5' 7""",155 lbs.,"68""",Orthodox,"Feb 21, 1994",4.83,41%,2.81,61%,0.36,16%,81%,0.7,1629
http://ufcstats.com/fighter-details/8866c6f509c19089,Ryan Hall,The Wizard,9-2-0,9,2,0.0,"5' 10""",145 lbs.,"70""",Southpaw,"Feb 22, 1985",2.38,50%,1.33,65%,0.22,9%,0%,2.2,1628
http://ufcstats.com/fighter-details/c549573c0df4d676,Maki Pitolo,Coconut Bombz,13-9-0,13,9,0.0,"5' 10""",185 lbs.,"75""",Orthodox,"Nov 24, 1990",4.1,44%,3.93,55%,2.24,52%,50%,0.8,1627
http://ufcstats.com/fighter-details/19b7738321cfae42,Mallory Martin,,7-5-0,7,5,0.0,"5' 4""",115 lbs.,"63""",Orthodox,"Jan 29, 1994",4.42,48%,6.64,55%,2.28,43%,25%,0.3,1626
http://ufcstats.com/fighter-details/feaf00f3373435d6,Chris Gruetzemacher,Gritz,15-5-0,15,5,0.0,"5' 8""",155 lbs.,"68""",Orthodox,"Jun 16, 1986",6.18,57%,4.96,52%,0.21,50%,65%,0.0,1625
http://ufcstats.com/fighter-details/bd5403efbaa445c0,Sean Soriano,,14-8-0,14,8,0.0,"5' 9""",145 lbs.,"70""",Orthodox,"Oct 06, 1989",3.18,61%,2.14,56%,1.33,55%,52%,0.0,1624
http://ufcstats.com/fighter-details/bd58d34e39b7b12a,Ben Rothwell,,39-14-0,39,14,0.0,"6' 4""",265 lbs.,"78""",Orthodox,"Oct 17, 1981",3.71,42%,4.63,47%,0.68,34%,70%,0.4,1623
http://ufcstats.com/fighter-details/39d91e95949de3d9,Felicia Spencer,FeeNom,9-3-0,9,3,0.0,"5' 6""",145 lbs.,"68""",Orthodox,"Nov 29, 1990",3.21,48%,4.54,45%,1.18,18%,27%,0.2,1622
http://ufcstats.com/fighter-details/8cb78f3a6c2a08f7,Leah Letson,Nidas,5-3-0,5,3,0.0,"5' 7""",145 lbs.,"71""",Southpaw,"Aug 21, 1992",3.06,41%,3.84,52%,0.51,50%,76%,0.0,1621
http://ufcstats.com/fighter-details/047a91d3d9c79b05,Collin Anglin,,8-3-0,8,3,0.0,"5' 9""",145 lbs.,"71""",Orthodox,"Feb 20, 1993",4.59,48%,5.54,51%,2.28,66%,100%,0.0,1620
http://ufcstats.com/fighter-details/eebc23626e38f5dc,Liana Jojua,She Wolf,8-5-0,8,5,0.0,"5' 4""",125 lbs.,"62""",Orthodox,"Mar 22, 1995",2.42,30%,5.32,54%,1.71,66%,50%,1.3,1619
http://ufcstats.com/fighter-details/59279a7c978f7da0,Al Iaquinta,Raging,14-7-1,14,7,1.0,"5' 10""",155 lbs.,"70""",Orthodox,"Apr 30, 1987",4.06,40%,4.53,61%,0.63,18%,74%,0.2,1618
http://ufcstats.com/fighter-details/e26bd53b751d61d9,Jordan Williams,Bomaye,9-6-0 (1 NC),9,6,,"6' 1""",185 lbs.,"75""",Southpaw,"Oct 13, 1990",5.83,50%,5.46,35%,1.11,50%,85%,0.0,1617
http://ufcstats.com/fighter-details/fcd448a2fe1a23cc,Gian Villante,,17-14-0,17,14,0.0,"6' 3""",230 lbs.,"76""",Orthodox,"Aug 18, 1985",4.38,44%,5.47,55%,0.45,23%,83%,0.0,1616
http://ufcstats.com/fighter-details/6ebe96a116e79e52,John Allan,,13-7-0 (1 NC),13,7,,"6' 1""",205 lbs.,"75""",Orthodox,"Feb 22, 1993",3.56,42%,5.74,52%,1.4,71%,50%,0.8,1615
http://ufcstats.com/fighter-details/0d980975001ae3d8,Shamil Gamzatov,,14-1-0,14,1,0.0,"6' 2""",205 lbs.,"76""",Orthodox,"Aug 09, 1990",5.35,48%,3.46,51%,0.0,0%,50%,0.0,1614
http://ufcstats.com/fighter-details/f1175ea3aafbf351,Hu Yaozong,Totoro,3-3-0,3,3,0.0,"6' 3""",185 lbs.,"72""",Orthodox,"Apr 07, 1995",3.35,48%,5.09,35%,0.0,0%,33%,0.4,1613
http://ufcstats.com/fighter-details/a12a8314adc1c1c9,Laureano Staropoli,Pepi,9-5-0,9,5,0.0,"6' 1""",185 lbs.,"71""",Orthodox,"Feb 27, 1993",3.31,34%,3.73,54%,0.83,26%,48%,0.0,1612
http://ufcstats.com/fighter-details/78e501478a36a018,Khama Worthy,The Death Star,16-9-0,16,9,0.0,"5' 11""",155 lbs.,"74""",Orthodox,"Oct 15, 1986",4.18,48%,4.45,46%,0.0,0%,57%,0.7,1611
http://ufcstats.com/fighter-details/dab8cfbb6b1db10a,Livinha Souza,The Brazilian Gangsta,14-4-0,14,4,0.0,"5' 3""",115 lbs.,"63""",Orthodox,"Mar 11, 1991",1.75,45%,3.6,56%,2.54,45%,40%,1.4,1610
http://ufcstats.com/fighter-details/4a57ebb14315b251,Randa Markos,Quiet Storm,11-12-1,11,12,1.0,"5' 4""",115 lbs.,"63""",Orthodox,"Aug 10, 1985",2.97,43%,3.1,58%,1.12,28%,52%,0.2,1609
http://ufcstats.com/fighter-details/41498c2d1a87b154,Zviad Lazishvili,,13-1-0,13,1,0.0,"5' 6""",135 lbs.,"69""",Orthodox,"Oct 25, 1991",4.2,39%,6.13,51%,0.0,0%,0%,0.0,1608
http://ufcstats.com/fighter-details/a2ea77e974c5889f,Carlos Felipe,Boi,11-2-0,11,2,0.0,"6' 0""",245 lbs.,"75""",Orthodox,"Jan 12, 1995",4.88,45%,5.6,50%,0.0,0%,72%,0.0,1607
http://ufcstats.com/fighter-details/fccf811c1e8b01c7,Andrew Sanchez,El Dirte,13-7-0,13,7,0.0,"6' 1""",185 lbs.,"74""",Orthodox,"Apr 08, 1988",4.3,43%,5.1,50%,2.55,36%,100%,0.0,1606
http://ufcstats.com/fighter-details/673ea7dcc786b1b3,Bethe Correia,Pitbull,11-6-1,11,6,1.0,"5' 5""",135 lbs.,"64""",Orthodox,"Jun 22, 1983",4.37,43%,4.93,56%,0.39,18%,85%,0.0,1605
http://ufcstats.com/fighter-details/8765559b6a29a421,Gaetano Pirrello,El Tigre,15-7-1,15,7,1.0,"5' 7""",135 lbs.,"65""",Orthodox,"Apr 29, 1992",0.99,55%,2.44,42%,0.0,0%,30%,0.0,1604
http://ufcstats.com/fighter-details/528c24b99fbaab79,Johnny Eduardo,,28-13-0,28,13,0.0,"5' 7""",135 lbs.,"71""",Orthodox,"Aug 03, 1978",2.95,39%,3.22,63%,0.22,20%,58%,0.4,1603
http://ufcstats.com/fighter-details/f57a8a52ca401ed9,Nick Diaz,,26-10-0 (2 NC),26,10,,"6' 1""",170 lbs.,"76""",Southpaw,"Aug 02, 1983",5.71,42%,3.84,59%,1.28,32%,60%,1.0,1602
http://ufcstats.com/fighter-details/16a64f93f6678b7b,Martin Sano,Spartan,4-3-1,4,3,1.0,"5' 11""",170 lbs.,"75""",Orthodox,"May 30, 1991",4.0,33%,12.0,40%,0.0,0%,0%,0.0,1601
http://ufcstats.com/fighter-details/61fb8098ccf81c7f,Antonio Arroyo,,9-5-0,9,5,0.0,"6' 3""",185 lbs.,"73""",Orthodox,"Jul 01, 1989",2.82,66%,2.02,50%,1.14,41%,41%,0.2,1600
http://ufcstats.com/fighter-details/18b602842a24f7c5,Mike Rodriguez,Slo Mike,11-7-0 (1 NC),11,7,,"6' 4""",205 lbs.,"82""",Southpaw,"Nov 28, 1988",4.35,53%,4.24,41%,0.0,0%,37%,0.0,1599
http://ufcstats.com/fighter-details/49b130de1da2e1bf,Sarah Alpar,Too Sweet,9-6-0,9,6,0.0,"5' 4""",135 lbs.,"63""",Southpaw,"Jun 01, 1991",2.36,44%,6.06,38%,1.61,26%,20%,0.4,1598
http://ufcstats.com/fighter-details/257b0c8d6f199895,Impa Kasanganay,Tshilobo,9-2-0,9,2,0.0,"5' 11""",170 lbs.,"75""",Orthodox,"Jan 17, 1994",4.96,48%,3.66,58%,1.75,58%,66%,0.2,1597
http://ufcstats.com/fighter-details/93b62c5f2ba18e51,Gustavo Lopez,,12-6-1,12,6,1.0,"5' 5""",135 lbs.,"67""",Orthodox,"Jun 27, 1989",2.48,40%,3.87,57%,1.74,41%,31%,0.7,1596
http://ufcstats.com/fighter-details/b3d21b2610dcfaeb,Emily Whitmire,Spitfire,4-5-0,4,5,0.0,"5' 5""",125 lbs.,"63""",Orthodox,"May 24, 1991",2.5,31%,2.98,54%,1.9,66%,70%,0.5,1595
http://ufcstats.com/fighter-details/3bb2dc8e87b10a46,David Zawada,Sagat,17-7-0,17,7,0.0,"6' 0""",170 lbs.,"75""",Orthodox,"Aug 01, 1990",3.84,41%,4.54,55%,0.97,33%,57%,1.7,1594
http://ufcstats.com/fighter-details/2f1a257d6777096d,Luigi Vendramini,The Italian Stallion,9-3-0,9,3,0.0,"5' 8""",155 lbs.,"73""",Orthodox,"Jan 16, 1996",2.82,40%,3.82,57%,1.11,15%,100%,0.6,1593
http://ufcstats.com/fighter-details/a17ad5a5048e8c3f,Darren Stewart,The Dentist,12-8-0 (2 NC),12,8,,"6' 0""",205 lbs.,"74""",Orthodox,"Dec 30, 1990",3.05,45%,3.29,48%,1.75,45%,67%,0.1,1592
http://ufcstats.com/fighter-details/4bf6b225ff6099c4,Domingo Pilarte,Son of Fire,8-3-0 (1 NC),8,3,,"6' 0""",135 lbs.,"73""",Southpaw,"Jan 05, 1990",1.31,47%,2.96,40%,1.2,42%,54%,0.8,1591
http://ufcstats.com/fighter-details/b60c980f79b87ce8,Bea Malecki,,4-1-0,4,1,0.0,"5' 9""",135 lbs.,"74""",Orthodox,"Aug 23, 1991",6.84,46%,6.96,62%,0.0,0%,78%,1.1,1590
http://ufcstats.com/fighter-details/a6c20202c701e5ca,Sasha Palatnikov,,6-4-0,6,4,0.0,"6' 1""",170 lbs.,"72""",Switch,"Mar 15, 1989",6.69,53%,5.44,52%,0.72,100%,70%,0.0,1589
http://ufcstats.com/fighter-details/e7bba7ce4d6c7b07,Casey Kenney,,16-4-1,16,4,1.0,"5' 7""",135 lbs.,"68""",Southpaw,"Mar 20, 1991",4.85,42%,4.67,58%,1.09,35%,61%,0.4,1588
http://ufcstats.com/fighter-details/dc3b9cf7641b7ab6,Drako Rodriguez,,7-3-0,7,3,0.0,"5' 8""",135 lbs.,"69""",Orthodox,"Jun 16, 1996",3.37,36%,4.4,58%,2.93,66%,75%,0.7,1587
http://ufcstats.com/fighter-details/bbc9ab95fa766493,Anderson Dos Santos,Berinja,21-9-0,21,9,0.0,"5' 5""",135 lbs.,"70""",Orthodox,"Jul 24, 1985",2.7,25%,5.37,49%,0.98,14%,66%,0.7,1586
http://ufcstats.com/fighter-details/f0fad0e9f3b65752,Jamey Simmons,The Afro Samurai,7-4-0,7,4,0.0,"5' 6""",135 lbs.,"70""",Orthodox,"Sep 11, 1992",0.79,21%,1.92,74%,0.0,0%,50%,0.0,1585
http://ufcstats.com/fighter-details/20999e27ddd94bda,Ryan Benoit,Baby Face,10-8-0,10,8,0.0,"5' 5""",125 lbs.,"68""",Orthodox,"Aug 25, 1989",2.88,39%,3.65,58%,0.28,22%,72%,0.4,1584
http://ufcstats.com/fighter-details/2e585c701f72fe55,Ian Heinisch,The Hurricane,14-5-0,14,5,0.0,"5' 11""",185 lbs.,"72""",Orthodox,"Aug 05, 1988",3.25,50%,2.98,59%,1.02,17%,59%,0.7,1583
http://ufcstats.com/fighter-details/c7d297714d9ab1a4,Marion Reneau,The Belizean Bruiser,9-8-1,9,8,1.0,"5' 6""",135 lbs.,"68""",Orthodox,"Jun 20, 1977",3.2,41%,3.52,59%,0.62,63%,50%,0.8,1582
http://ufcstats.com/fighter-details/f4c49976c75c5ab2,Conor McGregor,The Notorious,22-6-0,22,6,0.0,"5' 9""",155 lbs.,"74""",Southpaw,"Jul 14, 1988",5.32,49%,4.66,54%,0.67,55%,66%,0.1,1581
http://ufcstats.com/fighter-details/f9f07bb5a43535ed,Carlos Condit,The Natural Born Killer,32-14-0,32,14,0.0,"6' 2""",170 lbs.,"75""",Orthodox,"Apr 26, 1984",3.66,39%,2.67,55%,0.59,46%,38%,1.0,1580
http://ufcstats.com/fighter-details/16690d100f995f8f,Omari Akhmedov,Wolverine,21-6-1,21,6,1.0,"6' 0""",185 lbs.,"73""",Orthodox,"Oct 12, 1987",2.97,34%,2.84,55%,2.58,45%,65%,0.2,1579
http://ufcstats.com/fighter-details/c9587d81e1d33925,Jerome Rivera,Renegade,10-6-0,10,6,0.0,"5' 10""",125 lbs.,"72""",Southpaw,"Apr 22, 1995",3.21,33%,2.6,51%,0.0,0%,40%,0.0,1578
http://ufcstats.com/fighter-details/e51fcd9cd84c0b93,Michel Prazeres,Tractor,26-4-0,26,4,0.0,"5' 6""",170 lbs.,"67""",Orthodox,"Jul 25, 1981",2.38,47%,2.51,57%,3.94,36%,47%,0.6,1577
http://ufcstats.com/fighter-details/304a21d0595e1a08,Justin Jaynes,The Guitar Hero,16-8-0,16,8,0.0,"5' 7""",145 lbs.,"68""",Orthodox,"Aug 10, 1989",3.34,44%,5.33,62%,0.75,40%,20%,1.1,1576
http://ufcstats.com/fighter-details/813550bc53b15fb0,Yancy Medeiros,,15-8-0 (1 NC),15,8,,"5' 10""",155 lbs.,"75""",Orthodox,"Sep 07, 1987",4.36,37%,5.67,47%,0.33,50%,73%,0.7,1575
http://ufcstats.com/fighter-details/e9213f53ddeca978,Dhiego Lima,,17-9-0,17,9,0.0,"6' 2""",170 lbs.,"75""",Orthodox,"Jan 31, 1989",3.12,39%,3.88,58%,1.26,34%,73%,0.6,1574
http://ufcstats.com/fighter-details/2c5a0b8317f8f27a,Roque Martinez,,15-8-2,15,8,2.0,"5' 10""",250 lbs.,"72""",Orthodox,"Mar 04, 1986",3.28,53%,4.9,56%,0.38,50%,53%,0.4,1573
http://ufcstats.com/fighter-details/e99821959a840bb8,Lara Procopio,,7-2-0,7,2,0.0,"5' 4""",125 lbs.,"67""",Orthodox,"Nov 14, 1995",5.64,58%,6.5,47%,3.15,47%,50%,0.3,1572
http://ufcstats.com/fighter-details/427b5953ac8e3a27,Demian Maia,,28-11-0,28,11,0.0,"6' 1""",170 lbs.,"72""",Southpaw,"Nov 06, 1977",1.8,43%,2.07,63%,2.49,24%,61%,1.0,1571
http://ufcstats.com/fighter-details/03f982ca3735070c,Walt Harris,The Big Ticket,13-10-0 (1 NC),13,10,,"6' 5""",250 lbs.,"77""",Southpaw,"Jun 10, 1983",3.05,39%,3.33,54%,0.29,28%,70%,0.1,1570
http://ufcstats.com/fighter-details/f6e5972c9d16c40e,Victor Rodriguez,Vicious,7-4-0,7,4,0.0,"5' 5""",125 lbs.,"67""",Switch,"Sep 05, 1992",1.59,37%,6.11,50%,0.0,0%,0%,0.0,1569
http://ufcstats.com/fighter-details/7a703c565ccaa18f,Jacare Souza,,26-10-0 (1 NC),26,10,,"6' 1""",185 lbs.,"72""",Orthodox,"Dec 07, 1979",2.53,47%,2.83,62%,2.57,39%,57%,1.3,1568
http://ufcstats.com/fighter-details/cf946e03ba2e7666,Kevin Aguilar,Angel of Death,17-5-0,17,5,0.0,"5' 7""",155 lbs.,"73""",Orthodox,"Sep 07, 1988",3.96,40%,4.81,52%,0.16,16%,78%,0.0,1567
http://ufcstats.com/fighter-details/068f8a189a47fea6,Maurice Greene,The Crochet Boss,9-7-0,9,7,0.0,"6' 7""",258 lbs.,"80""",Orthodox,"Jul 05, 1986",3.28,45%,3.61,45%,0.0,0%,27%,0.4,1566
http://ufcstats.com/fighter-details/84ff027394f7e470,Gregor Gillespie,The Gift,14-1-0,14,1,0.0,"5' 7""",155 lbs.,"71""",Orthodox,"Nov 13, 1986",3.74,52%,2.3,57%,6.86,48%,100%,0.8,1565
http://ufcstats.com/fighter-details/ae071698e1a3ccd4,Christian Aguilera,The Beast,14-8-0,14,8,0.0,"5' 9""",170 lbs.,"72""",Switch,"Nov 25, 1991",2.54,37%,4.04,48%,0.0,0%,60%,0.0,1564
http://ufcstats.com/fighter-details/9cd047a828dd7515,KB Bhullar,The Bengal,8-2-0,8,2,0.0,"6' 4""",185 lbs.,"78""",Switch,"Oct 12, 1991",4.31,49%,5.39,45%,0.0,0%,0%,0.0,1563
http://ufcstats.com/fighter-details/96428b9e9bd048ea,Luke Sanders,Cool Hand,13-5-0,13,5,0.0,"5' 6""",135 lbs.,"67""",Southpaw,"Dec 12, 1985",6.61,52%,4.37,50%,0.71,30%,72%,0.2,1562
http://ufcstats.com/fighter-details/348dff4e03bd18c6,Stefan Sekulic,,12-4-0,12,4,0.0,"6' 0""",170 lbs.,"75""",Southpaw,"Feb 12, 1992",1.83,50%,2.83,64%,2.0,33%,25%,0.5,1561
http://ufcstats.com/fighter-details/928ae2e5b5f7a9ec,Justine Kish,,7-4-0,7,4,0.0,"5' 5""",125 lbs.,"64""",Orthodox,"Apr 13, 1988",4.51,48%,4.59,57%,0.87,33%,50%,0.1,1560
http://ufcstats.com/fighter-details/2844b047183a1adb,Luis Pena,Violent Bob Ross,9-3-0,9,3,0.0,"6' 3""",155 lbs.,"75""",Southpaw,"Jul 05, 1993",3.66,46%,3.12,51%,1.17,33%,48%,1.2,1559
http://ufcstats.com/fighter-details/ccf5dc41417e9daf,Juan Espino,El Guapo,11-2-0,11,2,0.0,"6' 3""",255 lbs.,"80""",Orthodox,"Oct 09, 1980",2.38,70%,1.95,40%,8.93,78%,50%,2.4,1558
http://ufcstats.com/fighter-details/e17ac6410c8377f4,Bartosz Fabinski,The Butcher,15-5-0,15,5,0.0,"6' 0""",170 lbs.,"75""",Orthodox,"Apr 26, 1986",2.23,68%,1.46,51%,7.1,70%,80%,0.0,1557
http://ufcstats.com/fighter-details/c5a126ace82a6025,Anthony Birchak,El Toro,16-8-0,16,8,0.0,"5' 8""",135 lbs.,"69""",Orthodox,"May 16, 1986",3.93,36%,3.67,56%,0.48,14%,61%,0.5,1556
http://ufcstats.com/fighter-details/f2b6fdb20675b11c,Mike Perry,Platinum,14-8-0,14,8,0.0,"5' 10""",170 lbs.,"71""",Orthodox,"Sep 15, 1991",4.32,47%,5.16,52%,0.81,40%,78%,0.2,1555
http://ufcstats.com/fighter-details/1eff7bc0f815b270,Yorgan De Castro,The Mad Titan,6-3-0,6,3,0.0,"6' 0""",250 lbs.,"74""",Orthodox,"Dec 19, 1986",2.46,43%,3.85,53%,0.0,0%,77%,0.0,1554
http://ufcstats.com/fighter-details/8614b7134913f5d5,Jarjis Danho,Man Mountain,7-1-1 (1 NC),7,1,,"6' 3""",265 lbs.,"74""",Orthodox,"Oct 15, 1983",3.38,50%,5.25,49%,0.51,16%,100%,0.0,1553
http://ufcstats.com/fighter-details/2af2f2e26c4c0402,Hunter Azure,,9-2-0,9,2,0.0,"5' 8""",145 lbs.,"69""",Orthodox,"Mar 02, 1992",3.92,53%,2.08,58%,1.97,34%,67%,1.3,1552
http://ufcstats.com/fighter-details/ebef46976554f975,Jordan Griffin,Native Psycho,18-9-0,18,9,0.0,"5' 10""",145 lbs.,"73""",Southpaw,"Feb 28, 1990",2.52,46%,3.02,50%,1.45,35%,42%,1.9,1551
http://ufcstats.com/fighter-details/effd9de9937996f8,Tyron Woodley,The Chosen One,19-7-1,19,7,1.0,"5' 9""",170 lbs.,"74""",Orthodox,"Apr 07, 1982",2.36,48%,2.76,54%,1.06,40%,87%,0.4,1550
http://ufcstats.com/fighter-details/2b074403b7c6cdb4,Thomas Almeida,Thominhas,22-5-0,22,5,0.0,"5' 7""",145 lbs.,"70""",Southpaw,"Jul 31, 1991",4.84,43%,4.93,61%,0.17,14%,75%,0.0,1549
http://ufcstats.com/fighter-details/90e0985df05e51bc,Ray Rodriguez,The Judge,16-8-0,16,8,0.0,"5' 7""",135 lbs.,"70""",Orthodox,"Dec 10, 1987",0.9,27%,3.89,40%,1.42,50%,44%,0.0,1548
http://ufcstats.com/fighter-details/a0e75f4a13eb73f1,Megan Anderson,,11-5-0,11,5,0.0,"6' 0""",145 lbs.,"72""",Orthodox,"Feb 11, 1990",1.76,46%,3.35,37%,0.52,25%,53%,0.5,1547
http://ufcstats.com/fighter-details/80eacd4da0617c57,Joseph Benavidez,,28-8-0,28,8,0.0,"5' 4""",125 lbs.,"65""",Southpaw,"Jul 31, 1984",3.52,34%,2.67,61%,1.41,30%,62%,0.6,1546
http://ufcstats.com/fighter-details/215a70f073a7b726,Jordan Espinosa,The Gamer,15-9-0 (1 NC),15,9,,"5' 6""",125 lbs.,"69""",Orthodox,"Nov 08, 1989",4.22,52%,2.94,57%,0.75,28%,70%,0.2,1545
http://ufcstats.com/fighter-details/003d82fa384ca1d0,Aalon Cruz,,8-4-0,8,4,0.0,"6' 0""",145 lbs.,"78""",Switch,"Sep 20, 1989",7.58,39%,8.88,58%,0.0,0%,0%,0.0,1544
http://ufcstats.com/fighter-details/9c907996820d2d69,Jimmie Rivera,El Terror,23-5-0,23,5,0.0,"5' 4""",135 lbs.,"68""",Orthodox,"Jun 29, 1989",4.03,40%,3.9,60%,0.88,27%,92%,0.1,1543
http://ufcstats.com/fighter-details/ed2a8cc402173781,Vince Cachero,The Anomaly,7-4-0,7,4,0.0,"5' 6""",145 lbs.,"68""",Orthodox,"Nov 07, 1989",3.29,45%,6.51,43%,0.0,0%,18%,0.5,1542
http://ufcstats.com/fighter-details/122ac9b816d8b71c,Shana Dobson,Danger,4-5-0,4,5,0.0,"5' 6""",125 lbs.,"69""",Orthodox,"Mar 30, 1989",3.34,37%,5.2,50%,0.84,50%,14%,0.0,1541
http://ufcstats.com/fighter-details/b4ad3a06ee4d660c,Alistair Overeem,The Demolition Man,47-19-0 (1 NC),47,19,,"6' 4""",265 lbs.,"80""",Orthodox,"May 17, 1980",3.67,64%,2.44,57%,1.42,55%,73%,0.8,1540
http://ufcstats.com/fighter-details/ea3dcc417c322064,Martin Day,The Spartan,8-6-0,8,6,0.0,"5' 10""",145 lbs.,"73""",Orthodox,"Nov 10, 1988",3.97,45%,3.79,53%,0.72,60%,65%,0.5,1539
http://ufcstats.com/fighter-details/52e76bb4b3e852f3,Antonio Carlos Junior,Cara de Sapato,11-5-0 (1 NC),11,5,,"6' 2""",185 lbs.,"79""",Orthodox,"Mar 16, 1990",1.95,42%,2.14,52%,3.42,39%,53%,0.8,1538
http://ufcstats.com/fighter-details/6fb1ba67bef41b37,Nik Lentz,The Carny,30-12-2 (1 NC),30,12,,"5' 8""",145 lbs.,"68""",Orthodox,"Aug 13, 1984",3.44,47%,3.25,50%,3.3,32%,43%,1.2,1537
http://ufcstats.com/fighter-details/acb36c908d415c4a,Vinicius Moreira,Mamute,9-5-0,9,5,0.0,"6' 4""",205 lbs.,"76""",Orthodox,"Feb 28, 1989",3.15,59%,5.07,43%,1.97,18%,0%,1.3,1536
http://ufcstats.com/fighter-details/1588b787bda7b540,Tom Breese,,12-3-0,12,3,0.0,"6' 3""",185 lbs.,"73""",Southpaw,"Sep 26, 1991",3.34,50%,2.81,60%,0.0,0%,70%,1.1,1535
http://ufcstats.com/fighter-details/2ac4628c08ec5125,Markus Perez,Maluko,12-5-0,12,5,0.0,"6' 1""",185 lbs.,"73""",Orthodox,"Jun 22, 1988",2.6,47%,3.72,52%,0.81,25%,77%,1.0,1534
http://ufcstats.com/fighter-details/539ed332b3078821,Sarah Moras,Cheesecake,6-8-0,6,8,0.0,"5' 7""",135 lbs.,"67""",Orthodox,"Apr 30, 1988",2.28,34%,3.58,50%,0.67,21%,33%,0.8,1533
http://ufcstats.com/fighter-details/9b7dfb3b7d99926a,Vanessa Melo,,11-8-0,11,8,0.0,"5' 5""",135 lbs.,"65""",Orthodox,"Mar 27, 1988",3.48,30%,6.13,59%,0.0,0%,71%,0.0,1532
http://ufcstats.com/fighter-details/637bd06c32219f0b,Jacob Kilburn,The Killer,8-4-0,8,4,0.0,"5' 9""",145 lbs.,"72""",Orthodox,"Jun 28, 1995",2.56,33%,6.78,35%,0.51,5%,20%,0.5,1531
http://ufcstats.com/fighter-details/cbb682f5fcc44bfc,Anthony Pettis,Showtime,24-10-0,24,10,0.0,"5' 10""",155 lbs.,"72""",Orthodox,"Jan 27, 1987",3.05,47%,3.44,54%,0.61,50%,60%,1.1,1530
http://ufcstats.com/fighter-details/40d8b74488743800,Carlton Minus,Clutch,10-3-0 (1 NC),10,3,,"5' 10""",170 lbs.,"75""",Orthodox,"Apr 26, 1993",3.5,40%,4.97,50%,0.0,0%,58%,0.0,1529
http://ufcstats.com/fighter-details/63def5a5662a6917,Junior Dos Santos,Cigano,21-9-0,21,9,0.0,"6' 4""",238 lbs.,"77""",Orthodox,"Jan 30, 1984",4.49,47%,3.33,56%,0.3,50%,81%,0.1,1528
http://ufcstats.com/fighter-details/d21113c9ff3788ae,Peter Barrett,Slippery,11-5-0,11,5,0.0,"5' 10""",145 lbs.,"73""",Southpaw,"Aug 10, 1986",4.18,61%,4.32,42%,1.39,22%,66%,0.0,1527
http://ufcstats.com/fighter-details/eb29176b03dfa888,Matt Wiman,,16-10-0,16,10,0.0,"5' 10""",155 lbs.,"68""",Orthodox,"Sep 19, 1983",3.17,50%,3.57,51%,2.13,37%,56%,1.5,1526
http://ufcstats.com/fighter-details/36549928f90f1d36,Jose Quinonez,Teco,9-5-0,9,5,0.0,"5' 8""",135 lbs.,"69""",Southpaw,"Jul 28, 1990",3.6,45%,3.0,64%,2.7,47%,42%,0.6,1525
http://ufcstats.com/fighter-details/be68b375707dcb85,Spike Carlyle,Alpha Ginger,9-3-0,9,3,0.0,"5' 8""",145 lbs.,"71""",Switch,"May 06, 1993",2.55,54%,3.85,30%,3.34,36%,57%,0.5,1524
http://ufcstats.com/fighter-details/01784fbc27c68b14,Rachael Ostovich,,4-6-0,4,6,0.0,"5' 3""",125 lbs.,"62""",Orthodox,"Feb 25, 1991",2.54,43%,3.97,57%,2.03,83%,66%,0.8,1523
http://ufcstats.com/fighter-details/cf65d56b0755ed3b,Alan Jouban,Brahma,17-7-0,17,7,0.0,"6' 0""",170 lbs.,"73""",Southpaw,"Nov 25, 1981",5.67,50%,3.77,60%,0.51,44%,58%,0.3,1522
http://ufcstats.com/fighter-details/e5010b1b94ca5755,Paul Felder,The Irish Dragon,17-6-0,17,6,0.0,"5' 11""",155 lbs.,"70""",Orthodox,"Apr 25, 1984",3.7,44%,3.44,48%,0.29,28%,64%,0.2,1521
http://ufcstats.com/fighter-details/9cfbfae5fa1fdd93,Geraldo de Freitas,Spartan,12-6-0,12,6,0.0,"5' 7""",135 lbs.,"72""",Orthodox,"Sep 30, 1991",3.67,52%,2.62,50%,3.0,45%,59%,0.0,1520
http://ufcstats.com/fighter-details/ec34349e7dffcde7,Claudia Gadelha,Claudinha,18-5-0,18,5,0.0,"5' 4""",115 lbs.,"63""",Orthodox,"Dec 07, 1988",3.31,41%,4.57,57%,3.03,42%,58%,0.7,1519
http://ufcstats.com/fighter-details/899923ff6ab13917,Bevon Lewis,,7-3-0,7,3,0.0,"6' 3""",185 lbs.,"79""",Orthodox,"May 05, 1991",3.73,43%,2.67,54%,0.0,0%,66%,0.0,1518
http://ufcstats.com/fighter-details/7bde387d50829adf,Eduardo Garagorri,,13-2-0,13,2,0.0,"5' 9""",145 lbs.,"70""",Orthodox,"May 28, 1989",3.42,51%,2.36,58%,0.48,100%,61%,0.0,1517
http://ufcstats.com/fighter-details/1f454354805b6f75,Anderson Silva,The Spider,34-11-0 (1 NC),34,11,,"6' 2""",185 lbs.,"77""",Southpaw,"Apr 14, 1975",3.05,61%,2.05,60%,0.5,77%,69%,0.8,1516
http://ufcstats.com/fighter-details/045f25b3a4c08e81,Jack Marshman,The Hammer,23-10-0,23,10,0.0,"6' 0""",185 lbs.,"73""",Orthodox,"Dec 19, 1989",2.74,25%,4.19,56%,0.0,0%,20%,0.0,1515
http://ufcstats.com/fighter-details/f9a20a17d712ef7c,Cole Williams,Havoc,11-3-0,11,3,0.0,"6' 0""",170 lbs.,"73""",Orthodox,"Dec 15, 1983",0.31,27%,5.34,23%,0.0,0%,25%,0.0,1514
http://ufcstats.com/fighter-details/ba1e6cb3d43f7430,Justin Ledet,El Blanco,9-4-0 (1 NC),9,4,,"6' 4""",205 lbs.,"80""",Orthodox,"Sep 28, 1988",3.35,39%,4.82,49%,0.23,50%,42%,0.2,1513
http://ufcstats.com/fighter-details/032cc3922d871c7f,Khabib Nurmagomedov,The Eagle,29-0-0,29,0,0.0,"5' 10""",155 lbs.,"70""",Orthodox,"Sep 20, 1988",4.1,48%,1.75,65%,5.32,48%,84%,0.8,1512
http://ufcstats.com/fighter-details/f300763147320d12,Liliya Shakirova,,8-2-0,8,2,0.0,"5' 4""",125 lbs.,"65""",Orthodox,"Oct 24, 1991",2.7,30%,2.58,74%,0.0,0%,0%,0.0,1511
http://ufcstats.com/fighter-details/ebc1f40e00e0c481,Stefan Struve,Skyscraper,33-13-0,33,13,0.0,"6' 11""",265 lbs.,"84""",Orthodox,"Feb 18, 1988",3.12,47%,4.04,46%,0.56,46%,55%,1.7,1510
http://ufcstats.com/fighter-details/d06f8869449ba7bd,Alexander Yakovlev,Russian Thunder,24-10-1,24,10,1.0,"6' 3""",155 lbs.,"74""",Southpaw,"Jul 18, 1984",1.74,47%,2.41,58%,1.66,35%,72%,0.1,1509
http://ufcstats.com/fighter-details/8f6a18831a120817,James Krause,The,28-9-0,28,9,0.0,"6' 2""",170 lbs.,"73""",Orthodox,"Jun 04, 1986",4.79,49%,4.11,61%,0.96,18%,59%,0.9,1508
http://ufcstats.com/fighter-details/e9ac7bfb65c25497,John Phillips,The Welsh Wrecking Machine,22-11-0 (1 NC),22,11,,"5' 11""",185 lbs.,"75""",Southpaw,"Jun 09, 1985",1.72,34%,4.03,49%,0.0,0%,7%,0.0,1507
http://ufcstats.com/fighter-details/af997f7611673880,Gadzhimurad Antigulov,,20-8-0,20,8,0.0,"5' 11""",205 lbs.,"70""",Orthodox,"Feb 09, 1987",2.08,55%,4.21,40%,5.08,36%,0%,1.4,1506
http://ufcstats.com/fighter-details/e87a13e02c01331d,Ali AlQaisi,The Royal Fighter,8-5-0,8,5,0.0,"5' 6""",135 lbs.,"68""",Orthodox,"Sep 23, 1990",2.43,42%,1.97,56%,3.5,29%,60%,1.0,1505
http://ufcstats.com/fighter-details/3f7dab21b6c971bc,Dequan Townsend,The Tarantula,21-12-0,21,12,0.0,"6' 3""",205 lbs.,"79""",Orthodox,"May 11, 1986",1.23,34%,3.92,38%,0.0,0%,46%,0.0,1504
http://ufcstats.com/fighter-details/6eaec40f724852f4,Jessin Ayari,,16-6-0,16,6,0.0,"6' 0""",155 lbs.,"73""",Orthodox,"May 31, 1992",3.53,37%,3.59,58%,0.0,0%,50%,0.3,1503
http://ufcstats.com/fighter-details/82e7929bf6c2b689,Diego Sanchez,Nightmare,31-13-0,31,13,0.0,"5' 10""",170 lbs.,"72""",Southpaw,"Dec 31, 1981",2.69,37%,3.02,56%,1.51,24%,46%,0.8,1502
http://ufcstats.com/fighter-details/6a11e325aa60ad02,Jeff Hughes,Lights Out,10-4-0 (1 NC),10,4,,"6' 2""",250 lbs.,"77""",Orthodox,"May 17, 1988",3.95,51%,3.67,60%,0.71,50%,45%,0.0,1501
http://ufcstats.com/fighter-details/c3218c810959d279,Khadis Ibragimov,,8-4-0,8,4,0.0,"6' 3""",205 lbs.,"78""",Orthodox,"May 21, 1995",3.55,49%,4.26,47%,0.97,30%,80%,0.3,1500
http://ufcstats.com/fighter-details/cbd3e590a85b18c5,Mirsad Bektic,,13-4-0,13,4,0.0,"5' 8""",145 lbs.,"70""",Orthodox,"Feb 16, 1991",2.43,41%,1.8,57%,3.98,52%,92%,0.4,1499
http://ufcstats.com/fighter-details/82cbb809d5ee565c,Mara Romero Borella,,12-9-0 (2 NC),12,9,,"5' 6""",125 lbs.,"69""",Orthodox,"Jun 03, 1986",2.54,37%,2.48,71%,1.83,44%,66%,0.2,1498
http://ufcstats.com/fighter-details/06a80a685ea98573,Irwin Rivera,The Beast,10-6-0,10,6,0.0,"5' 6""",135 lbs.,"67""",Southpaw,"Feb 14, 1989",3.36,44%,5.07,57%,1.0,16%,70%,0.0,1497
http://ufcstats.com/fighter-details/7c9f96f9a6a5cd50,Brok Weaver,Chata Tuska,15-6-0,15,6,0.0,"6' 0""",155 lbs.,"73""",Southpaw,"Dec 05, 1991",4.78,64%,4.35,46%,0.41,10%,66%,0.4,1496
http://ufcstats.com/fighter-details/3c5005b66696d790,Anthony Ivy,Aquaman,8-4-0,8,4,0.0,"6' 2""",185 lbs.,"74""",Orthodox,"Jan 23, 1990",2.5,42%,4.57,51%,4.69,20%,100%,0.0,1495
http://ufcstats.com/fighter-details/7f0f171414d0a287,Zelim Imadaev,,8-3-0,8,3,0.0,"6' 0""",170 lbs.,"76""",Orthodox,"Jan 25, 1995",2.91,36%,4.35,43%,0.38,50%,60%,0.0,1494
http://ufcstats.com/fighter-details/56709e66f1c6008f,Cole Smith,The Cole Train,7-2-0,7,2,0.0,"5' 11""",135 lbs.,"67""",Orthodox,"Apr 05, 1989",1.78,35%,1.96,49%,1.67,33%,45%,1.7,1493
http://ufcstats.com/fighter-details/3974fa35c917af1d,Ricardo Lamas,The Bully,20-8-0,20,8,0.0,"5' 8""",145 lbs.,"71""",Orthodox,"May 21, 1982",3.13,47%,2.87,57%,1.84,33%,46%,0.9,1492
http://ufcstats.com/fighter-details/37cc294027f55e4d,Austin Springer,,12-4-0,12,4,0.0,"5' 8""",145 lbs.,"71""",Orthodox,"May 12, 1987",3.54,57%,3.15,41%,3.37,40%,100%,0.8,1491
http://ufcstats.com/fighter-details/2244d9a2b64b8c3b,Hannah Cifers,Shockwave,10-7-0,10,7,0.0,"5' 1""",115 lbs.,"62""",Orthodox,"Jun 26, 1992",4.99,44%,5.39,52%,0.26,100%,64%,0.3,1490
http://ufcstats.com/fighter-details/d967f0128c323de6,Daniel Cormier,DC,22-3-0 (1 NC),22,3,,"5' 11""",235 lbs.,"72""",Orthodox,"Mar 20, 1979",4.25,52%,2.92,54%,1.83,44%,80%,0.4,1489
http://ufcstats.com/fighter-details/99506df1af6c8b3b,John Dodson,The Magician,22-12-0,22,12,0.0,"5' 3""",135 lbs.,"66""",Orthodox,"Sep 26, 1984",3.2,40%,3.58,61%,0.71,28%,82%,0.0,1488
http://ufcstats.com/fighter-details/9ba2226646046b63,Frankie Saenz,,13-7-0,13,7,0.0,"5' 6""",135 lbs.,"66""",Orthodox,"Aug 12, 1980",3.94,47%,3.5,52%,1.74,31%,61%,0.1,1487
http://ufcstats.com/fighter-details/73e09f837f3b5ecc,Rogerio Nogueira,Minotouro,23-10-0,23,10,0.0,"6' 2""",205 lbs.,"75""",Southpaw,"Jun 02, 1976",2.43,35%,2.34,59%,0.64,44%,62%,0.8,1486
http://ufcstats.com/fighter-details/492b202d2064e7a9,Fabricio Werdum,Vai Cavalo,24-9-1,24,9,1.0,"6' 4""",231 lbs.,"77""",Orthodox,"Jul 30, 1977",3.59,52%,2.64,55%,1.75,31%,31%,1.2,1485
http://ufcstats.com/fighter-details/1fcfc3709fe58151,Peter Sobotta,,17-7-1,17,7,1.0,"6' 0""",170 lbs.,"75""",Southpaw,"Jan 11, 1987",2.14,40%,2.9,58%,1.53,32%,77%,0.5,1484
http://ufcstats.com/fighter-details/41f90012b86a11bf,Raphael Pessoa,Bebezao,10-2-0,10,2,0.0,"6' 3""",262 lbs.,"78""",Orthodox,"Mar 09, 1989",2.16,26%,3.43,42%,0.0,0%,100%,0.0,1483
http://ufcstats.com/fighter-details/776a58a67665a171,Nad Narimani,Smiler,12-4-0,12,4,0.0,"5' 8""",145 lbs.,"70""",Orthodox,"Apr 14, 1987",3.33,42%,3.0,58%,1.92,41%,70%,0.0,1482
http://ufcstats.com/fighter-details/654ae722109a0d31,Joe Duffy,Irish,16-5-0,16,5,0.0,"5' 10""",155 lbs.,"73""",Orthodox,"Feb 18, 1988",2.68,34%,3.78,54%,0.96,66%,64%,0.7,1481
http://ufcstats.com/fighter-details/ec52462a1b41f714,Brett Johns,The Pikey,17-2-0,17,2,0.0,"5' 7""",135 lbs.,"71""",Orthodox,"Feb 21, 1992",2.86,49%,3.84,53%,4.92,49%,58%,1.0,1480
http://ufcstats.com/fighter-details/0052de90691d4a93,Davi Ramos,Tasmanian Devil,10-4-0,10,4,0.0,"5' 6""",155 lbs.,"70""",Orthodox,"Nov 05, 1986",2.64,37%,3.44,56%,1.95,40%,83%,0.6,1479
http://ufcstats.com/fighter-details/bebb4ae55ac2bf6f,Chris Fishgold,,18-4-1,18,4,1.0,"5' 8""",145 lbs.,"68""",Orthodox,"Jun 06, 1992",2.01,32%,2.7,46%,2.59,46%,44%,1.3,1478
http://ufcstats.com/fighter-details/4d5197f331c47290,Paige VanZant,12 Gauge,8-5-0,8,5,0.0,"5' 4""",115 lbs.,"65""",Orthodox,"Mar 26, 1994",3.35,52%,2.62,42%,1.27,33%,34%,1.0,1477
http://ufcstats.com/fighter-details/f7d73e452b064bf2,Danny Henry,The Hatchet,12-4-0,12,4,0.0,"6' 0""",145 lbs.,"73""",Orthodox,"Jul 17, 1988",5.2,51%,4.16,45%,0.74,33%,50%,2.2,1476
http://ufcstats.com/fighter-details/d61316139d68dbe3,Roman Bogatov,,10-1-0,10,1,0.0,"5' 8""",155 lbs.,"73""",Orthodox,"Dec 15, 1990",3.33,42%,4.4,44%,1.0,9%,50%,0.0,1475
http://ufcstats.com/fighter-details/4e0692ad070976e4,Lyman Good,Cyborg,21-6-0 (1 NC),21,6,,"6' 0""",170 lbs.,"74""",Orthodox,"May 26, 1985",5.34,48%,4.01,63%,0.27,100%,75%,0.0,1474
http://ufcstats.com/fighter-details/b53c46f613f6f248,Brianna Fortino,The Bull,9-3-0,9,3,0.0,"5' 0""",115 lbs.,"62""",Southpaw,"Aug 04, 1993",3.53,41%,3.23,57%,2.5,45%,66%,0.0,1473
http://ufcstats.com/fighter-details/1cf7ccf64a5bf24e,Oskar Piechota,Imadlo,11-3-1 (1 NC),11,3,,"6' 0""",185 lbs.,"76""",Southpaw,"Jan 24, 1990",3.3,52%,3.93,51%,0.61,40%,38%,1.5,1472
http://ufcstats.com/fighter-details/59a27d2e6d0802ac,Max Rohskopf,Rated R,5-1-0,5,1,0.0,"6' 1""",155 lbs.,"71""",Orthodox,"Sep 27, 1994",1.7,31%,5.8,42%,3.0,33%,0%,1.5,1471
http://ufcstats.com/fighter-details/f57dd0bfa8c17813,Mark De La Rosa,Bumblebee,11-5-0,11,5,0.0,"5' 6""",135 lbs.,"65""",Orthodox,"Aug 31, 1994",3.13,35%,5.0,48%,0.54,13%,40%,0.2,1470
http://ufcstats.com/fighter-details/5331b25a60417ffb,Anthony Rocco Martin,,17-6-0,17,6,0.0,"6' 0""",170 lbs.,"73""",Orthodox,"Dec 11, 1989",2.68,37%,2.59,58%,0.71,27%,68%,1.0,1469
http://ufcstats.com/fighter-details/76ee3d666c648f6b,Charles Byrd,Kid Dynamite,10-7-0,10,7,0.0,"5' 10""",185 lbs.,"73""",Orthodox,"Oct 11, 1983",3.43,55%,2.63,55%,2.5,50%,40%,1.5,1468
http://ufcstats.com/fighter-details/b102c26727306ab6,Jussier Formiga,,23-8-0,23,8,0.0,"5' 5""",125 lbs.,"67""",Orthodox,"Apr 14, 1985",1.42,39%,2.34,64%,1.82,35%,87%,0.6,1467
http://ufcstats.com/fighter-details/e5c9de15bb58b1c6,Evan Dunham,,18-9-1,18,9,1.0,"5' 10""",155 lbs.,"70""",Southpaw,"Dec 18, 1981",5.33,39%,3.54,61%,1.82,33%,79%,1.0,1466
http://ufcstats.com/fighter-details/7279654c7674cd24,Klidson Abreu,White Bear,15-4-0 (1 NC),15,4,,"6' 0""",205 lbs.,"74""",Orthodox,"Dec 24, 1992",2.05,40%,2.9,55%,0.64,20%,80%,0.0,1465
http://ufcstats.com/fighter-details/a4de54ea806fb525,Ray Borg,The Tazmexican Devil,13-5-0,13,5,0.0,"5' 4""",135 lbs.,"63""",Orthodox,"Aug 04, 1993",1.52,52%,1.93,48%,3.89,50%,46%,1.0,1464
http://ufcstats.com/fighter-details/e2ccd9a9ace60de7,Aleksei Kunchenko,,20-2-0,20,2,0.0,"5' 8""",170 lbs.,"70""",Orthodox,"May 02, 1984",3.67,44%,2.83,63%,0.25,33%,80%,0.0,1463
http://ufcstats.com/fighter-details/be0b310a12eb80b4,Enrique Barzola,El Fuerte,17-5-2,17,5,2.0,"5' 7""",145 lbs.,"70""",Orthodox,"Apr 28, 1989",3.91,41%,2.97,68%,4.2,45%,66%,0.3,1462
http://ufcstats.com/fighter-details/f77c68bb4be8516d,Yoel Romero,Soldier of God,13-5-0,13,5,0.0,"6' 0""",185 lbs.,"73""",Southpaw,"Apr 30, 1977",3.44,49%,3.05,60%,1.57,30%,78%,0.0,1461
http://ufcstats.com/fighter-details/88d7b6d8230e1f3f,Saparbeg Safarov,,9-3-0,9,3,0.0,"6' 1""",185 lbs.,"78""",Orthodox,"Oct 14, 1986",4.03,48%,2.96,47%,2.52,41%,33%,0.0,1460
http://ufcstats.com/fighter-details/002ca196477ce572,Gabriel Silva,,8-2-0,8,2,0.0,"5' 6""",135 lbs.,"71""",Orthodox,"Aug 26, 1994",1.3,34%,3.47,45%,1.5,25%,38%,0.5,1459
http://ufcstats.com/fighter-details/326f94d6cfb1bf25,Ben Sosoli,Combat Wombat,7-3-0 (2 NC),7,3,,"6' 0""",265 lbs.,"72""",Southpaw,"Dec 10, 1989",2.31,31%,4.3,47%,0.0,0%,0%,0.0,1458
http://ufcstats.com/fighter-details/31d7446b184e3305,Magomed Mustafaev,The Sniper,14-4-0,14,4,0.0,"5' 8""",155 lbs.,"71""",Orthodox,"Aug 02, 1988",2.59,58%,2.68,41%,3.31,50%,23%,0.4,1457
http://ufcstats.com/fighter-details/103b06d8707895a9,Emil Meek,Valhalla,9-5-1 (1 NC),9,5,,"5' 11""",170 lbs.,"74""",Switch,"Aug 20, 1988",2.52,39%,2.53,38%,0.25,33%,47%,1.0,1456
http://ufcstats.com/fighter-details/8fc9ae9c7527dfcb,Callan Potter,The Rockstar,18-9-0,18,9,0.0,"6' 0""",170 lbs.,"72""",Orthodox,"Jun 09, 1984",3.18,50%,4.72,58%,3.29,66%,100%,0.0,1455
http://ufcstats.com/fighter-details/5e4eec08896c9423,Corey Anderson,Overtime,14-5-0,14,5,0.0,"6' 3""",205 lbs.,"79""",Orthodox,"Sep 22, 1989",4.43,46%,2.22,59%,4.89,50%,83%,0.0,1454
http://ufcstats.com/fighter-details/83b00f7597e5ac83,Juan Adams,The Kraken,5-3-0,5,3,0.0,"6' 5""",265 lbs.,"80""",Orthodox,"Jan 16, 1992",7.09,55%,4.06,34%,0.91,66%,57%,0.0,1453
http://ufcstats.com/fighter-details/025f0b1b58fbad01,Darko Stosic,,13-4-0,13,4,0.0,"6' 0""",205 lbs.,"76""",Orthodox,"Feb 09, 1992",2.61,45%,4.04,58%,3.42,50%,83%,0.0,1452
http://ufcstats.com/fighter-details/31bbd39c0a075d4e,Pingyuan Liu,,13-7-0,13,7,0.0,"5' 6""",135 lbs.,"72""",Orthodox,"Feb 13, 1993",2.36,33%,2.99,54%,0.25,20%,56%,1.0,1451
http://ufcstats.com/fighter-details/192520689012c7e4,Suman Mokhtarian,,8-5-0,8,5,0.0,"5' 8""",145 lbs.,"72""",Orthodox,"Jun 13, 1992",2.21,43%,6.85,48%,0.0,0%,0%,0.0,1450
http://ufcstats.com/fighter-details/98a6b2361045898f,Dong Hyun Ma,Maestro,16-11-3,16,11,3.0,"5' 11""",155 lbs.,"70""",Orthodox,"Sep 09, 1988",2.84,41%,4.1,54%,1.27,53%,33%,0.0,1449
http://ufcstats.com/fighter-details/78114b7199cef90c,Urijah Faber,The California Kid,35-11-0,35,11,0.0,"5' 6""",135 lbs.,"67""",Orthodox,"May 14, 1979",2.65,40%,2.59,64%,1.54,30%,58%,0.8,1448
http://ufcstats.com/fighter-details/484acc7b0f856ce9,Ben Saunders,Killa B,22-13-2,22,13,2.0,"6' 2""",170 lbs.,"77""",Orthodox,"Apr 13, 1983",3.23,50%,3.58,51%,0.2,40%,66%,1.3,1447
http://ufcstats.com/fighter-details/fbf0537e420e698e,Daniel Teymur,Kid Dynamite,7-4-0,7,4,0.0,"5' 5""",145 lbs.,"69""",Orthodox,"Feb 03, 1988",3.08,46%,3.93,56%,0.56,18%,60%,0.3,1446
http://ufcstats.com/fighter-details/31ee470ef5dc8d7f,Thiago Alves,Pitbull,23-15-0,23,15,0.0,"5' 9""",170 lbs.,"70""",Orthodox,"Oct 03, 1983",3.73,41%,3.42,62%,0.71,60%,63%,0.3,1445
http://ufcstats.com/fighter-details/f797f0c57a83353e,Trevor Smith,Hot Sauce,15-10-0,15,10,0.0,"6' 3""",185 lbs.,"75""",Orthodox,"Jan 05, 1981",3.29,55%,3.31,51%,1.7,32%,60%,0.7,1444
http://ufcstats.com/fighter-details/1bcaac2d99b90fce,Sergio Moraes,The Panther,14-6-1,14,6,1.0,"6' 0""",170 lbs.,"72""",Orthodox,"Jul 23, 1982",2.42,42%,3.73,59%,1.2,38%,75%,0.4,1443
http://ufcstats.com/fighter-details/2c99576fefe53c7c,Renan Barao,The Baron,34-9-0 (1 NC),34,9,,"5' 6""",145 lbs.,"70""",Orthodox,"Jan 31, 1987",3.78,36%,3.9,57%,1.49,41%,91%,0.5,1442
http://ufcstats.com/fighter-details/e0f959f65d0406b4,Isabela de Padua,Belinha,5-2-0,5,2,0.0,"5' 3""",125 lbs.,"64""",Orthodox,"Sep 04, 1991",1.0,35%,2.07,50%,2.0,66%,0%,1.0,1441
http://ufcstats.com/fighter-details/87aa9fb63d6b51a1,Zabit Magomedsharipov,,18-1-0,18,1,0.0,"6' 1""",145 lbs.,"73""",Orthodox,"Mar 01, 1991",4.89,48%,3.0,64%,5.22,56%,77%,0.8,1440
http://ufcstats.com/fighter-details/9b7694d064a8a0ad,Rustam Khabilov,Tiger,24-4-0,24,4,0.0,"5' 8""",155 lbs.,"73""",Orthodox,"Nov 04, 1986",1.98,34%,2.16,65%,3.95,41%,61%,0.1,1439
http://ufcstats.com/fighter-details/d3fa5c5955397532,Grigory Popov,,13-3-0,13,3,0.0,"5' 7""",135 lbs.,"68""",Switch,"Apr 18, 1984",3.63,37%,4.2,55%,0.0,0%,45%,0.0,1438
http://ufcstats.com/fighter-details/1ddb480b601cefb1,Chance Rencountre,Black Eagle,14-4-0,14,4,0.0,"6' 2""",170 lbs.,"75""",Southpaw,"Dec 31, 1986",1.1,20%,3.62,49%,1.35,26%,16%,0.3,1437
http://ufcstats.com/fighter-details/0b31f87be71ebbb1,Ben Askren,Funky,19-2-0 (1 NC),19,2,,"5' 11""",170 lbs.,"73""",Orthodox,"Jul 18, 1984",3.64,49%,5.66,36%,4.33,55%,0%,0.9,1436
http://ufcstats.com/fighter-details/31a13532e724ca2b,Stevie Ray,Braveheart,23-9-0,23,9,0.0,"5' 10""",155 lbs.,"70""",Southpaw,"Mar 25, 1990",3.73,44%,2.93,54%,0.75,46%,55%,0.6,1435
http://ufcstats.com/fighter-details/c17041f1bb5768d8,Alex White,The Spartan,13-6-0,13,6,0.0,"6' 0""",155 lbs.,"71""",Southpaw,"Oct 22, 1988",3.76,42%,3.07,60%,0.92,28%,71%,0.5,1434
http://ufcstats.com/fighter-details/e76d9f656ceb82ab,Aleksandra Albu,Stitch,3-2-0,3,2,0.0,"5' 2""",115 lbs.,"63""",Orthodox,"Jul 14, 1990",4.83,47%,5.56,38%,2.27,50%,77%,0.4,1433
http://ufcstats.com/fighter-details/3bad7ef643840f67,Joe Lauzon,,28-16-0,28,16,0.0,"5' 10""",155 lbs.,"71""",Orthodox,"May 22, 1984",2.84,39%,5.39,54%,2.39,45%,54%,2.0,1432
http://ufcstats.com/fighter-details/2dc1bc1a02961656,Manny Bermudez,The Bermudez Triangle,14-2-0,14,2,0.0,"5' 10""",145 lbs.,"71""",Orthodox,"Jul 16, 1994",2.92,61%,2.68,46%,3.06,54%,0%,3.1,1431
http://ufcstats.com/fighter-details/c5af5750e8bae4f0,Kyle Bochniak,Killer B,8-5-0,8,5,0.0,"5' 7""",145 lbs.,"70""",Orthodox,"Feb 05, 1987",2.63,31%,5.11,58%,1.14,15%,62%,0.0,1430
http://ufcstats.com/fighter-details/98e946879ba20c0f,Boston Salmon,Boom Boom,6-3-0,6,3,0.0,"5' 9""",135 lbs.,"69""",Southpaw,"Nov 20, 1990",4.13,37%,7.75,59%,0.0,0%,100%,0.0,1429
http://ufcstats.com/fighter-details/f86cb5f25d545e0e,Daniel Spitz,,6-3-0,6,3,0.0,"6' 7""",245 lbs.,"82""",Orthodox,"Jul 31, 1990",2.6,35%,5.3,46%,0.74,66%,0%,0.0,1428
http://ufcstats.com/fighter-details/6256b2b1562cb8e1,James Vick,The Texecutioner,13-5-0,13,5,0.0,"6' 3""",155 lbs.,"76""",Orthodox,"Feb 23, 1987",4.13,39%,3.31,60%,0.26,33%,57%,0.7,1427
http://ufcstats.com/fighter-details/e7f51d9f9e9259e7,Thomas Gifford,The Young Lion,14-9-0 (2 NC),14,9,,"6' 1""",155 lbs.,"75""",Orthodox,"Jul 26, 1992",3.97,37%,6.45,37%,0.5,33%,33%,0.0,1426
http://ufcstats.com/fighter-details/c487223b0289bda9,Hector Aldana,,4-3-0,4,3,0.0,"5' 11""",170 lbs.,"72""",Orthodox,"Aug 17, 1988",3.59,38%,5.08,59%,0.93,100%,0%,0.0,1425
http://ufcstats.com/fighter-details/f923e012414c883e,Lauren Mueller,Princess Tiger,5-3-0,5,3,0.0,"5' 5""",125 lbs.,"67""",Orthodox,"Nov 15, 1991",4.08,41%,3.77,58%,0.7,50%,71%,0.0,1424
http://ufcstats.com/fighter-details/4c288a2b250bb576,Luke Jumeau,The Jedi,13-5-0,13,5,0.0,"5' 11""",170 lbs.,"72""",Orthodox,"Feb 12, 1988",2.93,43%,3.17,58%,0.25,100%,86%,0.0,1423
http://ufcstats.com/fighter-details/1fc64507a0cb38cf,Rostem Akman,,6-2-0,6,2,0.0,"5' 10""",170 lbs.,"72""",Switch,"Dec 19, 1991",1.8,25%,3.97,57%,1.0,40%,87%,0.0,1422
http://ufcstats.com/fighter-details/6e7506127408aa9e,Nadia Kassem,,5-2-0,5,2,0.0,"5' 5""",125 lbs.,"66""",Southpaw,"Nov 15, 1995",3.13,41%,4.48,48%,0.46,33%,40%,2.8,1421
http://ufcstats.com/fighter-details/c3f6db17cea09ca7,Danilo Belluardo,Caterpillar,12-5-0,12,5,0.0,"6' 0""",155 lbs.,"74""",Southpaw,"Jul 21, 1994",1.52,61%,4.79,41%,3.5,100%,50%,0.0,1420
http://ufcstats.com/fighter-details/aec185309b4843d0,Siyar Bahadurzada,The Great,24-8-1,24,8,1.0,"5' 11""",170 lbs.,"73""",Orthodox,"Apr 17, 1984",2.91,40%,3.23,49%,1.32,61%,62%,0.3,1419
http://ufcstats.com/fighter-details/f97c5433c77522d3,Nohelin Hernandez,Suave,9-4-0,9,4,0.0,"5' 10""",135 lbs.,"71""",Orthodox,"Mar 01, 1994",1.32,34%,2.63,52%,0.71,50%,37%,0.0,1418
http://ufcstats.com/fighter-details/9c44f290f5726d95,Martin Bravo,El Toro,11-3-0,11,3,0.0,"5' 8""",145 lbs.,"71""",Southpaw,"Sep 21, 1993",7.66,39%,5.72,51%,2.6,35%,85%,0.0,1417
http://ufcstats.com/fighter-details/225def29ecfe0fc1,Carlos Huachin,Perro Malo,10-5-1,10,5,1.0,"5' 4""",135 lbs.,"67""",Southpaw,"Jun 04, 1996",2.1,21%,4.8,50%,0.0,0%,66%,0.0,1416
http://ufcstats.com/fighter-details/edd02825c29028fe,Marco Polo Reyes,,8-7-0,8,7,0.0,"5' 11""",155 lbs.,"71""",Orthodox,"Nov 07, 1984",6.0,37%,5.52,59%,0.0,0%,46%,0.0,1415
http://ufcstats.com/fighter-details/de75d1c45a39e221,Sergio Pettis,,18-5-0,18,5,0.0,"5' 6""",125 lbs.,"69""",Orthodox,"Aug 18, 1993",3.88,37%,2.91,65%,0.85,40%,67%,0.4,1414
http://ufcstats.com/fighter-details/72e5e5a6edfa8223,Marcos Mariano,Dhalsim,6-6-0,6,6,0.0,"6' 1""",155 lbs.,"76""",Switch,"Oct 12, 1986",0.25,27%,2.11,43%,0.0,0%,28%,0.0,1413
http://ufcstats.com/fighter-details/bda04c573563cc2e,Todd Duffee,,9-3-0 (1 NC),9,3,,"6' 3""",260 lbs.,"78""",Orthodox,"Dec 06, 1985",5.93,37%,2.87,56%,0.72,25%,90%,0.0,1412
http://ufcstats.com/fighter-details/35e1f9984ed64206,Ryan MacDonald,Main Event,10-2-0,10,2,0.0,"5' 11""",135 lbs.,"71""",Switch,"Mar 18, 1993",2.28,29%,6.49,45%,0.0,0%,0%,0.0,1411
http://ufcstats.com/fighter-details/8f5c8850b2484173,Mairbek Taisumov,Beckan,27-6-0,27,6,0.0,"5' 9""",155 lbs.,"73""",Orthodox,"Aug 08, 1988",2.98,39%,3.03,64%,1.34,63%,88%,0.0,1410
http://ufcstats.com/fighter-details/8f4eeaf7a0df7c1a,Teemu Packalen,Pacu,8-3-0,8,3,0.0,"6' 1""",155 lbs.,"75""",Orthodox,"May 22, 1987",2.57,54%,3.91,47%,2.31,25%,100%,1.5,1409
http://ufcstats.com/fighter-details/49858bf46dabf6fb,Nordine Taleb,,15-7-0,15,7,0.0,"6' 1""",170 lbs.,"74""",Orthodox,"Jun 10, 1981",3.66,51%,2.62,66%,1.94,76%,73%,0.0,1408
http://ufcstats.com/fighter-details/68c7ad953455c73f,Don Madge,Magic Man,9-3-1,9,3,1.0,"6' 0""",155 lbs.,"72""",Southpaw,"Nov 12, 1990",2.08,52%,0.74,67%,2.22,25%,80%,0.7,1407
http://ufcstats.com/fighter-details/714e1e0681ddb703,Derrick Krantz,D-Rock,22-12-0,22,12,0.0,"5' 10""",170 lbs.,"72""",Orthodox,"Jan 13, 1988",2.07,37%,4.03,50%,3.18,50%,0%,0.8,1406
http://ufcstats.com/fighter-details/d0e50a3d1b250708,Andre Soukhamthath,The Asian Sensation,13-8-0,13,8,0.0,"5' 9""",135 lbs.,"70""",Orthodox,"Oct 23, 1988",2.77,44%,4.31,49%,1.25,53%,58%,0.2,1405
http://ufcstats.com/fighter-details/411539901068522f,Jodie Esquibel,,6-6-0,6,6,0.0,"5' 1""",115 lbs.,"64""",Orthodox,"May 07, 1986",4.1,31%,7.37,52%,0.75,21%,83%,0.0,1404
http://ufcstats.com/fighter-details/51a0c09cbe9b8472,Liz Carmouche,Girlrilla,13-7-0,13,7,0.0,"5' 6""",125 lbs.,"66""",Orthodox,"Feb 19, 1984",2.78,54%,2.51,61%,2.57,51%,65%,0.3,1403
http://ufcstats.com/fighter-details/2c2caf2f2bab9df5,Humberto Bandenay,,14-7-0 (1 NC),14,7,,"5' 11""",145 lbs.,"71""",Southpaw,"Sep 04, 1994",2.22,41%,4.79,41%,2.9,46%,62%,0.5,1402
http://ufcstats.com/fighter-details/d76ad9a08c4408ff,Bobby Moffett,The Wolfman,13-5-0 (1 NC),13,5,,"5' 10""",145 lbs.,"73""",Orthodox,"Jun 01, 1990",3.41,39%,3.15,61%,2.74,66%,66%,1.4,1401
http://ufcstats.com/fighter-details/cbf1c7ba5408a66f,Salim Touahri,Grizzly,10-4-0,10,4,0.0,"5' 10""",170 lbs.,"72""",Orthodox,"Sep 28, 1989",2.6,46%,2.87,58%,0.0,0%,83%,0.0,1400
http://ufcstats.com/fighter-details/634bb0de2eb043b4,Cristiane Justino,Cyborg,21-2-0 (1 NC),21,2,,"5' 8""",145 lbs.,"68""",Orthodox,"Jul 09, 1985",7.28,52%,2.25,64%,0.66,55%,94%,0.4,1399
http://ufcstats.com/fighter-details/55ee431411ccf07a,Olivier Aubin-Mercier,The Canadian Gangster,11-5-0,11,5,0.0,"5' 9""",155 lbs.,"70""",Southpaw,"Feb 23, 1989",2.48,51%,2.97,55%,2.36,33%,70%,0.5,1398
http://ufcstats.com/fighter-details/3fa7688bfe48a493,Yoshinori Horie,,8-2-0,8,2,0.0,"5' 8""",145 lbs.,"70""",Orthodox,"May 10, 1995",2.76,49%,5.65,48%,0.0,0%,0%,0.0,1397
http://ufcstats.com/fighter-details/1641ef250e9de19b,Sarah Frota,A Treta,9-2-0,9,2,0.0,"5' 6""",125 lbs.,"69""",Southpaw,"Apr 14, 1987",4.52,52%,2.57,55%,0.0,0%,53%,0.0,1396
http://ufcstats.com/fighter-details/99bd87a300079ed9,Erik Koch,Phoenix,16-6-0,16,6,0.0,"5' 10""",170 lbs.,"71""",Southpaw,"Oct 04, 1988",2.33,42%,2.82,47%,1.02,42%,81%,1.0,1395
http://ufcstats.com/fighter-details/bb61823f76361297,Kyle Stewart,Gunz Up,11-3-0,11,3,0.0,"6' 0""",170 lbs.,"76""",Orthodox,"Jan 31, 1989",1.41,35%,2.42,43%,1.32,20%,60%,0.0,1394
http://ufcstats.com/fighter-details/7c9c6a884be167fe,Jin Soo Son,,9-4-0,9,4,0.0,"5' 6""",135 lbs.,"69""",Orthodox,"Apr 01, 1993",5.1,36%,7.63,52%,1.5,25%,100%,0.0,1393
http://ufcstats.com/fighter-details/dbc17725b887860a,Cezar Ferreira,Mutante,13-8-0,13,8,0.0,"6' 1""",185 lbs.,"78""",Southpaw,"Feb 15, 1985",1.9,42%,2.44,53%,2.69,53%,84%,0.5,1392
http://ufcstats.com/fighter-details/0d62719b1dcf7c40,Sheymon Moraes,,11-4-0,11,4,0.0,"5' 8""",145 lbs.,"72""",Orthodox,"Oct 11, 1990",3.0,42%,3.64,63%,0.0,0%,53%,0.0,1391
http://ufcstats.com/fighter-details/1de9ad94de18eeaf,Nicco Montano,,5-3-0,5,3,0.0,"5' 5""",135 lbs.,"65""",Southpaw,"Dec 16, 1988",5.6,41%,4.43,64%,2.25,54%,69%,0.4,1390
http://ufcstats.com/fighter-details/aa5b4eff51bdc7d1,Gilbert Melendez,El Nino,22-8-0,22,8,0.0,"5' 9""",145 lbs.,"73""",Orthodox,"Apr 12, 1982",3.44,33%,2.53,63%,1.64,41%,71%,0.2,1389
http://ufcstats.com/fighter-details/66e98b3bb5fc5250,Dan Moret,The Hitman,13-6-0,13,6,0.0,"6' 0""",155 lbs.,"73""",Southpaw,"Nov 21, 1986",2.67,43%,3.56,43%,1.25,27%,45%,0.4,1388
http://ufcstats.com/fighter-details/c482c8605455a213,Junior Albini,Baby,14-6-0,14,6,0.0,"6' 3""",264 lbs.,"74""",Orthodox,"Mar 15, 1991",3.98,51%,6.08,52%,1.54,37%,100%,0.0,1387
http://ufcstats.com/fighter-details/a851c35f58199231,Syuri Kondo,,6-3-0,6,3,0.0,"5' 4""",115 lbs.,"66""",Orthodox,"Feb 08, 1989",5.4,44%,7.22,58%,0.0,0%,83%,0.3,1386
http://ufcstats.com/fighter-details/a9d6e047ce48ab63,Allen Crowder,Pretty Boy,10-4-0 (1 NC),10,4,,"6' 3""",245 lbs.,"76""",Orthodox,"Nov 08, 1989",2.95,51%,2.95,56%,1.85,33%,100%,1.2,1385
http://ufcstats.com/fighter-details/b9664eae2ac75262,Eric Spicely,Zebrinha,12-6-0,12,6,0.0,"6' 1""",185 lbs.,"73""",Orthodox,"Sep 29, 1986",3.71,45%,5.72,55%,1.31,20%,75%,1.0,1384
http://ufcstats.com/fighter-details/1e1dbd1cc5a7469e,Jimi Manuwa,Poster Boy,17-6-0,17,6,0.0,"6' 1""",205 lbs.,"79""",Orthodox,"Feb 18, 1980",3.43,54%,3.97,49%,0.53,18%,70%,0.4,1383
http://ufcstats.com/fighter-details/6e0e977beb909837,Sung Bin Jo,Korean Falcon,9-1-0,9,1,0.0,"6' 0""",145 lbs.,"72""",Orthodox,"Jul 17, 1992",1.4,33%,2.67,51%,1.0,33%,83%,1.0,1382
http://ufcstats.com/fighter-details/b12a1d19ee383b7c,Tonya Evinger,Triple Threat,19-8-0 (1 NC),19,8,,"5' 7""",135 lbs.,"70""",Orthodox,"Jun 04, 1981",1.16,42%,4.02,38%,0.93,30%,33%,0.9,1381
http://ufcstats.com/fighter-details/2816ced060a21be3,Nick Hein,Sergeant,14-5-0 (1 NC),14,5,,"5' 6""",155 lbs.,"66""",Southpaw,"Apr 24, 1984",2.65,35%,3.61,59%,0.86,33%,83%,0.0,1380
http://ufcstats.com/fighter-details/d6ead04919a894b1,Duda Santana,Cowboyzinha,3-1-0,3,1,0.0,"5' 7""",145 lbs.,"73""",Orthodox,"Jan 10, 1996",6.01,39%,2.72,73%,6.44,60%,0%,0.0,1379
http://ufcstats.com/fighter-details/f046d724d2a84ac5,Desmond Green,The Predator,23-8-0,23,8,0.0,"5' 10""",155 lbs.,"73""",Southpaw,"Oct 11, 1989",3.7,46%,2.51,69%,1.62,50%,75%,0.0,1378
http://ufcstats.com/fighter-details/e51e5cb722bd47a8,Patrick Cummins,Durkin,10-7-0,10,7,0.0,"6' 2""",205 lbs.,"76""",Orthodox,"Nov 16, 1980",4.26,50%,3.35,55%,4.49,41%,28%,0.1,1377
http://ufcstats.com/fighter-details/73c7cfa551289285,BJ Penn,The Prodigy,16-14-2,16,14,2.0,"5' 9""",155 lbs.,"70""",Orthodox,"Dec 13, 1978",2.76,48%,3.2,56%,1.19,55%,74%,0.5,1376
http://ufcstats.com/fighter-details/5b2325cd70dbe2ea,Talita Bernardo,,6-4-0,6,4,0.0,"5' 4""",135 lbs.,"68""",Orthodox,"Mar 04, 1987",3.12,42%,4.04,55%,1.62,22%,28%,0.5,1375
http://ufcstats.com/fighter-details/34f88592c0ab7a54,Elias Theodorou,The Spartan,16-3-0,16,3,0.0,"6' 1""",185 lbs.,"75""",Orthodox,"May 31, 1988",4.19,42%,2.39,53%,1.27,28%,59%,0.0,1374
http://ufcstats.com/fighter-details/7e511f8d842a109d,Arjan Bhullar,,9-1-0,9,1,0.0,"6' 1""",245 lbs.,"75""",Orthodox,"May 13, 1986",2.33,56%,3.25,59%,1.73,75%,100%,0.0,1373
http://ufcstats.com/fighter-details/b8592b4a383696cd,Mitch Gagnon,,12-5-0,12,5,0.0,"5' 5""",135 lbs.,"65""",Southpaw,"Oct 10, 1984",2.76,46%,2.21,61%,1.16,25%,65%,1.9,1372
http://ufcstats.com/fighter-details/75afb06215a07341,Dmitrii Smoliakov,The Lifeguard,9-3-0,9,3,0.0,"6' 2""",253 lbs.,"74""",Switch,"Aug 05, 1982",1.44,42%,3.81,55%,0.0,0%,75%,0.0,1371
http://ufcstats.com/fighter-details/c268b2cfebccf652,John Lineker,Hands of Stone,31-9-0,31,9,0.0,"5' 3""",135 lbs.,"67""",Orthodox,"Jun 12, 1990",5.36,40%,4.27,56%,0.56,58%,67%,0.6,1370
http://ufcstats.com/fighter-details/e45cfa47f504033a,Jason Gonzalez,Nicoya,11-5-0,11,5,0.0,"6' 2""",155 lbs.,"74""",Southpaw,"Feb 28, 1990",3.06,39%,3.13,58%,0.0,0%,30%,1.0,1369
http://ufcstats.com/fighter-details/ac29d508d78384c9,Marcelo Golm,,6-3-0,6,3,0.0,"6' 3""",249 lbs.,"75""",Orthodox,"Sep 15, 1992",4.27,58%,4.3,45%,0.45,50%,87%,0.5,1368
http://ufcstats.com/fighter-details/e70de1859b7ee78e,Sultan Aliev,,15-3-0,15,3,0.0,"5' 11""",170 lbs.,"74""",Orthodox,"Sep 17, 1984",1.41,45%,2.2,56%,1.76,38%,100%,0.0,1367
http://ufcstats.com/fighter-details/65ddc8a9ac4e8531,Keita Nakamura,K-Taro,34-10-2 (1 NC),34,10,,"5' 11""",170 lbs.,"73""",Southpaw,"May 22, 1984",2.23,36%,3.2,58%,1.65,48%,63%,0.3,1366
http://ufcstats.com/fighter-details/5aedf14771ca82d2,Wilson Reis,,23-10-0,23,10,0.0,"5' 4""",125 lbs.,"65""",Southpaw,"Jan 06, 1985",1.83,29%,3.04,55%,5.15,42%,47%,0.6,1365
http://ufcstats.com/fighter-details/f1928a52590c5532,Curtis Millender,Curtious,17-5-0,17,5,0.0,"6' 2""",170 lbs.,"76""",Orthodox,"Dec 01, 1987",3.86,46%,2.95,61%,0.43,100%,57%,0.0,1364
http://ufcstats.com/fighter-details/d2c55d1d2e67773b,David Branch,,22-6-0,22,6,0.0,"6' 1""",185 lbs.,"78""",Orthodox,"Sep 26, 1981",1.66,39%,1.91,56%,2.55,32%,43%,0.0,1363
http://ufcstats.com/fighter-details/8f382b3baa954d2a,Jessica Aguilar,Jag,20-8-0,20,8,0.0,"5' 3""",115 lbs.,"63""",Orthodox,"May 08, 1982",4.93,50%,7.19,53%,0.94,25%,50%,0.2,1362
http://ufcstats.com/fighter-details/4f732e58ed907eff,Ross Pearson,The Real Deal,20-16-0 (1 NC),20,16,,"5' 8""",155 lbs.,"69""",Orthodox,"Sep 26, 1984",3.68,40%,4.09,62%,0.74,35%,75%,0.0,1361
http://ufcstats.com/fighter-details/ce1e867808ef5fce,Justin Willis,Big Pretty,8-2-0,8,2,0.0,"6' 1""",264 lbs.,"78""",Southpaw,"Jul 19, 1987",3.37,59%,2.57,57%,0.96,66%,36%,0.0,1360
http://ufcstats.com/fighter-details/25af5e832f17b474,Jesus Pinedo,El Mudo,16-5-1,16,5,1.0,"5' 10""",155 lbs.,--,Southpaw,"Jun 22, 1996",3.23,38%,4.37,52%,2.5,100%,100%,0.0,1359
http://ufcstats.com/fighter-details/a0c64f272b65d441,Eric Shelton,Showtime,12-6-0,12,6,0.0,"5' 6""",125 lbs.,"68""",Orthodox,"Feb 02, 1991",2.57,42%,1.88,63%,2.83,51%,46%,0.2,1358
http://ufcstats.com/fighter-details/c07efc18b231f170,Jordan Rinaldi,All Day,14-7-0,14,7,0.0,"5' 10""",145 lbs.,"72""",Orthodox,"Sep 25, 1987",1.56,35%,2.32,59%,1.45,35%,20%,1.2,1357
http://ufcstats.com/fighter-details/c80095f6092271a7,Tim Boetsch,The Barbarian,21-13-0,21,13,0.0,"6' 0""",185 lbs.,"74""",Orthodox,"Jan 28, 1981",2.93,50%,2.9,57%,1.45,34%,59%,0.8,1356
http://ufcstats.com/fighter-details/47cd337b86b1af92,Zak Ottow,The Barbarian,17-7-0,17,7,0.0,"5' 11""",170 lbs.,"72""",Orthodox,"Dec 22, 1986",2.63,36%,2.73,58%,0.97,29%,57%,0.4,1355
http://ufcstats.com/fighter-details/198994b47f395af0,Carlo Pedersoli Jr.,Semento,11-3-0,11,3,0.0,"5' 11""",170 lbs.,"75""",Southpaw,"Jun 08, 1993",4.17,37%,4.12,61%,2.91,44%,0%,0.0,1354
http://ufcstats.com/fighter-details/0ff11cc094e887bc,Cain Velasquez,,14-3-0,14,3,0.0,"6' 1""",240 lbs.,"77""",Orthodox,"Jul 28, 1982",6.37,57%,2.33,57%,5.13,45%,85%,0.4,1353
http://ufcstats.com/fighter-details/08e908ed6d18d6a0,Myles Jury,Fury,17-4-0,17,4,0.0,"5' 10""",145 lbs.,"73""",Orthodox,"Oct 31, 1988",2.94,42%,2.16,66%,2.16,55%,50%,0.3,1352
http://ufcstats.com/fighter-details/bf0e700106d00e55,Austin Arnett,,16-6-0,16,6,0.0,"6' 0""",145 lbs.,"72""",Orthodox,"Oct 22, 1991",4.52,41%,6.38,62%,0.44,18%,57%,0.2,1351
http://ufcstats.com/fighter-details/88cd34d836b4ebcd,Teruto Ishihara,Yashabo,10-7-2,10,7,2.0,"5' 7""",135 lbs.,"69""",Southpaw,"Jul 23, 1991",3.26,44%,3.63,53%,0.5,16%,30%,0.0,1350
http://ufcstats.com/fighter-details/2296125b6c362355,Wulijiburen,Beast Master,20-9-0,20,9,0.0,"5' 9""",135 lbs.,"69""",Orthodox,"Mar 01, 1989",1.61,42%,3.02,56%,3.28,42%,77%,0.4,1349
http://ufcstats.com/fighter-details/2747c60e42d9d75f,David Teymur,,8-2-0,8,2,0.0,"5' 9""",155 lbs.,"73""",Southpaw,"May 01, 1989",4.69,43%,3.53,55%,0.94,33%,77%,0.0,1348
http://ufcstats.com/fighter-details/87f19d19f4cb73f8,Magomed Bibulatov,Chaborz,14-2-0,14,2,0.0,"5' 5""",125 lbs.,"65""",Orthodox,"Aug 22, 1988",3.6,51%,1.83,52%,2.85,40%,75%,0.0,1347
http://ufcstats.com/fighter-details/f53c1f4ceeed8c08,Dustin Ortiz,,19-8-0,19,8,0.0,"5' 5""",125 lbs.,"65""",Orthodox,"Dec 25, 1988",2.94,44%,2.17,56%,3.01,36%,52%,0.1,1346
http://ufcstats.com/fighter-details/6f242453c91a5af0,Dennis Bermudez,The Menace,17-9-0,17,9,0.0,"5' 6""",155 lbs.,"66""",Orthodox,"Dec 13, 1986",4.42,46%,3.07,59%,3.89,40%,82%,1.1,1345
http://ufcstats.com/fighter-details/ef44e4ea9050f2ea,Te Edwards,,6-3-0,6,3,0.0,"5' 8""",155 lbs.,"72""",Orthodox,"Sep 11, 1990",1.5,41%,4.15,44%,0.72,100%,44%,0.0,1344
http://ufcstats.com/fighter-details/b5b684eac99ae0a3,Chad Mendes,Money,18-5-0,18,5,0.0,"5' 6""",145 lbs.,"66""",Orthodox,"May 01, 1985",2.78,49%,2.35,67%,4.13,55%,100%,0.3,1343
http://ufcstats.com/fighter-details/3ecd936bd8814108,Cat Zingano,Alpha,10-4-0,10,4,0.0,"5' 6""",145 lbs.,"68""",Southpaw,"Jul 01, 1982",2.57,61%,1.63,47%,2.77,65%,42%,0.8,1342
http://ufcstats.com/fighter-details/72ffecf712673af1,Adam Milstead,The Prototype,8-4-0,8,4,0.0,"6' 3""",205 lbs.,"76""",Orthodox,"Jul 03, 1987",3.85,46%,4.79,43%,0.0,0%,64%,0.0,1341
http://ufcstats.com/fighter-details/e51ee8ded927fc51,Chris de la Rocha,,5-3-0,5,3,0.0,"6' 3""",250 lbs.,"80""",Orthodox,"May 15, 1979",4.08,45%,6.37,43%,2.02,30%,33%,1.0,1340
http://ufcstats.com/fighter-details/2fc7e9701642ca38,Matthew Lopez,,10-4-0,10,4,0.0,"5' 7""",135 lbs.,"69""",Southpaw,"Jan 21, 1987",3.13,50%,3.73,55%,3.32,60%,71%,1.3,1339
http://ufcstats.com/fighter-details/c03a5022f8439f2a,Chad Laprise,The Disciple,13-4-0,13,4,0.0,"5' 10""",170 lbs.,"71""",Orthodox,"Jul 23, 1986",4.78,42%,3.59,65%,1.05,54%,78%,0.0,1338
http://ufcstats.com/fighter-details/eef9b891edbd4604,Mark Hunt,Super Samoan,13-14-1 (1 NC),13,14,,"5' 10""",265 lbs.,"72""",Orthodox,"Mar 23, 1974",2.81,43%,2.9,51%,0.51,55%,64%,0.2,1337
http://ufcstats.com/fighter-details/acff437707625fc7,Yushin Okami,Thunder,34-12-0,34,12,0.0,"6' 2""",170 lbs.,"75""",Southpaw,"Jul 21, 1981",2.06,38%,2.25,60%,1.98,39%,84%,0.5,1336
http://ufcstats.com/fighter-details/840d2c82ea68b9aa,Ben Nguyen,Ten,16-8-0,16,8,0.0,"5' 5""",125 lbs.,"65""",Switch,"Aug 03, 1988",3.51,40%,3.01,59%,0.25,33%,63%,1.0,1335
http://ufcstats.com/fighter-details/ac5a7400da3a9a41,Elias Garcia,,6-2-0,6,2,0.0,"5' 5""",125 lbs.,"67""",Southpaw,"Sep 13, 1992",1.59,27%,5.05,50%,0.68,14%,33%,1.4,1334
http://ufcstats.com/fighter-details/35faad160d346839,Mizuto Hirota,Pugnus,18-10-2,18,10,2.0,"5' 7""",155 lbs.,"67""",Orthodox,"May 05, 1981",3.36,40%,3.5,54%,1.36,50%,58%,0.1,1333
http://ufcstats.com/fighter-details/803bebcfb6d6f506,Alex Gorgees,Hitman,6-1-0,6,1,0.0,"6' 2""",155 lbs.,"74""",Switch,"Aug 11, 1995",0.67,32%,2.27,38%,0.0,0%,54%,0.0,1332
http://ufcstats.com/fighter-details/78863e4a28204a6b,Justin Frazier,The Grizzly Bear,10-3-0,10,3,0.0,"6' 0""",265 lbs.,"75""",Southpaw,"Jun 15, 1989",1.11,66%,6.11,4%,0.0,0%,0%,0.0,1331
http://ufcstats.com/fighter-details/5ef0088c1b19beeb,Bryan Caraway,Kid Lightning,21-9-0,21,9,0.0,"5' 8""",135 lbs.,"68""",Orthodox,"Aug 04, 1984",2.53,34%,3.61,54%,2.57,25%,80%,0.8,1330
http://ufcstats.com/fighter-details/34218661c44ed55d,Michel Batista,,4-1-0 (1 NC),4,1,,"6' 3""",260 lbs.,--,Orthodox,"Apr 20, 1984",0.0,0%,4.03,40%,6.72,50%,0%,0.0,1329
http://ufcstats.com/fighter-details/18e8b7070228e728,Darrell Horcher,The Saint,13-4-0,13,4,0.0,"5' 10""",155 lbs.,"70""",Southpaw,"Jul 28, 1987",2.05,44%,4.21,39%,0.35,50%,47%,0.7,1328
http://ufcstats.com/fighter-details/9b1e3fb4f8cbd5b7,Ricky Rainey,The Sniper,12-6-0,12,6,0.0,"6' 1""",170 lbs.,"77""",Switch,"Jun 29, 1983",2.55,48%,2.62,46%,0.95,18%,55%,0.0,1327
http://ufcstats.com/fighter-details/d1528ac5675558b1,Rashad Coulter,Daywalker,9-4-0,9,4,0.0,"5' 11""",205 lbs.,"76""",Orthodox,"Nov 27, 1981",4.82,56%,6.68,50%,0.0,0%,62%,0.0,1326
http://ufcstats.com/fighter-details/7c3c48cf54a2848e,Yuta Sasaki,Ulka,21-6-2,21,6,2.0,"5' 10""",125 lbs.,"71""",Southpaw,"Oct 07, 1989",2.16,41%,2.5,50%,3.03,43%,41%,1.2,1325
http://ufcstats.com/fighter-details/065eb44700e641a4,Devin Powell,,9-4-0,9,4,0.0,"6' 0""",155 lbs.,"73""",Orthodox,"Mar 01, 1988",2.88,41%,3.67,51%,0.0,0%,0%,0.6,1324
http://ufcstats.com/fighter-details/d4a31850a7457f1b,Amanda Cooper,ABC,3-5-0,3,5,0.0,"5' 3""",115 lbs.,"64""",Switch,"Oct 22, 1991",3.55,44%,3.2,51%,1.53,38%,28%,1.8,1323
http://ufcstats.com/fighter-details/3956bdc8ab2e54b3,John Gunther,The Machine,5-1-0,5,1,0.0,"5' 9""",155 lbs.,"72""",Orthodox,"Nov 24, 1985",1.65,37%,3.72,46%,7.08,42%,0%,0.0,1322
http://ufcstats.com/fighter-details/b12fc8a41e82d3a2,Joby Sanchez,,11-4-0,11,4,0.0,"5' 6""",135 lbs.,"68""",Orthodox,"Jun 24, 1991",3.22,36%,2.82,63%,0.95,71%,51%,0.4,1321
http://ufcstats.com/fighter-details/bb1a2cdad6ff34db,Jason Knight,The Kid,20-5-0,20,5,0.0,"5' 10""",145 lbs.,"71""",Orthodox,"Jul 14, 1992",2.95,33%,3.02,51%,1.31,31%,47%,1.7,1320
http://ufcstats.com/fighter-details/efa1f6b42c86793c,Adam Wieczorek,Siwy,10-2-0,10,2,0.0,"6' 5""",250 lbs.,"81""",Orthodox,"Feb 05, 1992",1.68,38%,1.87,48%,0.41,33%,58%,0.4,1319
http://ufcstats.com/fighter-details/02f2a9702ba3d167,Artem Lobov,The Russian Hammer,13-15-1 (1 NC),13,15,,"5' 9""",145 lbs.,"65""",Southpaw,"Aug 11, 1986",3.52,41%,4.82,50%,0.39,25%,52%,0.0,1318
http://ufcstats.com/fighter-details/a2b12c3f3d60ff69,Alex Garcia,The Dominican Nightmare,15-6-0,15,6,0.0,"5' 9""",170 lbs.,"72""",Orthodox,"Jul 14, 1987",1.81,31%,3.03,59%,3.72,52%,66%,0.1,1317
http://ufcstats.com/fighter-details/51e86de150ee8be6,Thibault Gouti,GT,12-5-0,12,5,0.0,"5' 10""",155 lbs.,"72""",Orthodox,"Feb 27, 1987",3.68,34%,5.64,50%,1.23,80%,83%,0.3,1316
http://ufcstats.com/fighter-details/7d96bc577e5178b2,Gray Maynard,,13-7-1 (1 NC),13,7,,"5' 9""",155 lbs.,"70""",Orthodox,"May 09, 1979",1.92,32%,2.64,66%,2.91,47%,81%,0.7,1315
http://ufcstats.com/fighter-details/4c7781da8c6cae93,Ryan LaFlare,,14-3-0,14,3,0.0,"6' 1""",170 lbs.,"74""",Southpaw,"Oct 01, 1983",2.89,40%,1.86,63%,2.13,44%,58%,0.2,1314
http://ufcstats.com/fighter-details/e5bda12faabfc850,Luis Henrique,KLB,10-5-0 (1 NC),10,5,,"6' 2""",243 lbs.,"74""",Orthodox,"Aug 21, 1993",1.81,43%,2.22,47%,3.09,36%,50%,1.0,1313
http://ufcstats.com/fighter-details/cfb65863d5099327,Thales Leites,,28-9-0,28,9,0.0,"6' 1""",185 lbs.,"78""",Orthodox,"Sep 06, 1981",2.13,40%,2.99,52%,2.1,27%,30%,1.1,1312
http://ufcstats.com/fighter-details/db1f2ed63b54b9a7,Hector Lombard,,34-10-1 (2 NC),34,10,,"5' 9""",185 lbs.,"71""",Southpaw,"Feb 02, 1978",3.02,46%,3.35,53%,1.69,48%,77%,0.5,1311
http://ufcstats.com/fighter-details/26b63bc5c0c1f65d,Alex Chambers,Astro Girl,5-5-0,5,5,0.0,"5' 3""",115 lbs.,"63""",Southpaw,"Oct 25, 1978",2.97,54%,5.1,50%,2.31,41%,53%,1.0,1310
http://ufcstats.com/fighter-details/231cae8b77fbbcc1,Khalid Murtazaliev,,14-2-0,14,2,0.0,"6' 0""",185 lbs.,"76""",Orthodox,"Jul 15, 1993",4.8,69%,0.4,78%,7.5,100%,33%,0.0,1309
http://ufcstats.com/fighter-details/5d7bdab5e03e3216,CB Dollaway,The Doberman,17-9-0,17,9,0.0,"6' 2""",185 lbs.,"76""",Orthodox,"Aug 10, 1983",2.65,47%,2.58,54%,3.55,54%,62%,1.2,1308
http://ufcstats.com/fighter-details/633a45d131192ffe,Kajan Johnson,Ragin',23-13-1,23,13,1.0,"5' 11""",155 lbs.,"75""",Orthodox,"Apr 21, 1984",2.47,42%,1.59,64%,1.54,37%,62%,0.2,1307
http://ufcstats.com/fighter-details/0a95c474e61a6c44,Adam Yandiev,Boroda,9-1-0,9,1,0.0,"5' 9""",185 lbs.,"74""",Orthodox,"Aug 07, 1988",0.18,8%,6.14,36%,0.0,0%,25%,0.0,1306
http://ufcstats.com/fighter-details/99bcdf5eac39898f,Jordan Johnson,,10-0-0,10,0,0.0,"6' 2""",205 lbs.,"79""",Orthodox,"Nov 18, 1988",3.45,47%,2.64,53%,3.25,42%,100%,1.2,1305
http://ufcstats.com/fighter-details/ba5e253af86db1a8,Terrion Ware,Flash,17-9-0,17,9,0.0,"5' 8""",135 lbs.,"71""",Orthodox,"Mar 31, 1986",4.02,32%,6.07,50%,0.5,22%,44%,0.0,1304
http://ufcstats.com/fighter-details/3dd949593346dbc3,Craig White,The Thundercat,14-9-0,14,9,0.0,"6' 2""",170 lbs.,"76""",Orthodox,"Jul 01, 1990",1.23,40%,3.28,39%,0.0,0%,50%,0.8,1303
http://ufcstats.com/fighter-details/546f8599a63c29da,Robert Sanchez,Littlefury,8-2-0,8,2,0.0,"5' 6""",125 lbs.,"66""",Orthodox,"Mar 05, 1986",0.96,40%,1.78,46%,3.61,62%,50%,0.7,1302
http://ufcstats.com/fighter-details/81d9df19e255b8b6,Jarred Brooks,The Monkey God,13-2-0,13,2,0.0,"5' 3""",125 lbs.,"62""",Switch,"May 02, 1993",2.12,46%,1.66,62%,4.54,57%,69%,0.6,1301
http://ufcstats.com/fighter-details/d81ac739417d7f53,Jake Ellenberger,The Juggernaut,31-15-0,31,15,0.0,"5' 9""",170 lbs.,"71""",Orthodox,"Mar 28, 1985",2.47,39%,2.83,60%,2.04,47%,86%,0.4,1300
http://ufcstats.com/fighter-details/92437c6775b3f7d1,John Moraga,,19-7-0,19,7,0.0,"5' 6""",125 lbs.,"66""",Orthodox,"Mar 20, 1984",2.57,43%,2.55,56%,0.62,23%,44%,1.1,1299
http://ufcstats.com/fighter-details/990bd63726a577f8,Tim Williams,The South Jersey Strangler,15-5-0,15,5,0.0,"6' 2""",185 lbs.,"76""",Orthodox,"Jul 03, 1986",3.07,38%,3.55,48%,1.81,40%,100%,0.0,1298
http://ufcstats.com/fighter-details/2f95a3c6d58b2aad,Iuri Alcantara,Marajo,35-10-0 (1 NC),35,10,,"5' 9""",135 lbs.,"71""",Southpaw,"Aug 04, 1980",2.72,45%,2.79,49%,1.44,62%,60%,0.8,1297
http://ufcstats.com/fighter-details/6c7e25571490aa3b,George Sullivan,The Silencer,17-7-0 (1 NC),17,7,,"6' 0""",170 lbs.,"73""",Orthodox,"Mar 13, 1981",3.53,39%,2.42,57%,1.37,20%,38%,0.7,1296
http://ufcstats.com/fighter-details/27b164b0d1833df0,Kalindra Faria,,18-8-1,18,8,1.0,"5' 7""",125 lbs.,--,Switch,"Jul 23, 1986",2.23,56%,1.44,45%,1.31,66%,20%,0.7,1295
http://ufcstats.com/fighter-details/53ec9cb470e1a4ea,Jon Tuck,Super Saiyan,10-5-0,10,5,0.0,"5' 11""",155 lbs.,"73""",Orthodox,"Aug 28, 1984",3.0,40%,3.74,60%,0.42,33%,50%,1.0,1294
http://ufcstats.com/fighter-details/8a304bfd6bf04a57,Demetrious Johnson,Mighty Mouse,27-3-1,27,3,1.0,"5' 3""",125 lbs.,"66""",Orthodox,"Aug 13, 1986",3.43,54%,1.66,67%,3.35,56%,65%,0.5,1293
http://ufcstats.com/fighter-details/d2036f31c035e0d1,Jose Torres,Shorty,8-1-0,8,1,0.0,"5' 4""",125 lbs.,"65""",Orthodox,"Aug 02, 1992",4.37,36%,9.84,50%,1.28,33%,75%,0.0,1292
http://ufcstats.com/fighter-details/b76c6268dc1d3c05,Danielle Taylor,Dynamite,9-4-0,9,4,0.0,"5' 0""",115 lbs.,"60""",Orthodox,"Oct 25, 1989",2.75,29%,3.31,71%,0.2,20%,70%,0.2,1291
http://ufcstats.com/fighter-details/33a331684283900f,Eddie Alvarez,,29-6-0 (1 NC),29,6,,"5' 9""",155 lbs.,"69""",Orthodox,"Jan 11, 1984",4.32,41%,4.39,55%,2.92,36%,92%,0.5,1290
http://ufcstats.com/fighter-details/2aa49b3766a59bcd,Jordan Mein,Young Gun,31-12-0,31,12,0.0,"6' 0""",170 lbs.,"73""",Orthodox,"Oct 10, 1989",3.35,44%,2.55,69%,1.56,58%,66%,0.2,1289
http://ufcstats.com/fighter-details/74d35fbc9c6a61bd,Alvaro Herrera Mendoza,Chango,9-6-0,9,6,0.0,"6' 0""",155 lbs.,"74""",Orthodox,"May 14, 1990",1.89,38%,3.4,55%,0.0,0%,33%,1.1,1288
http://ufcstats.com/fighter-details/4bcb6eb12b4ad4aa,Vitor Miranda,Lex Luthor,12-5-0,12,5,0.0,"6' 1""",185 lbs.,"77""",Orthodox,"Mar 10, 1979",2.98,45%,2.95,58%,0.95,55%,50%,0.2,1287
http://ufcstats.com/fighter-details/917a5cb9821df261,Jeremy Kimball,,15-8-0,15,8,0.0,"6' 0""",205 lbs.,"72""",Switch,"Jan 03, 1991",2.81,46%,3.84,49%,1.41,20%,50%,0.0,1286
http://ufcstats.com/fighter-details/42a7e90605df3c8a,Damian Stasiak,Webster,10-6-0,10,6,0.0,"5' 5""",135 lbs.,"70""",Orthodox,"Feb 20, 1990",1.86,36%,3.1,52%,2.64,35%,43%,0.6,1285
http://ufcstats.com/fighter-details/ed9d8ee3a4239b1c,Sage Northcutt,Super,11-2-0,11,2,0.0,"6' 0""",170 lbs.,"71""",Orthodox,"Mar 01, 1996",3.58,52%,1.96,58%,1.81,34%,41%,0.6,1284
http://ufcstats.com/fighter-details/9fa568ad2bf2cb0b,Justin Scoggins,,11-5-0,11,5,0.0,"5' 7""",125 lbs.,"66""",Southpaw,"May 02, 1992",3.56,51%,2.16,55%,3.42,63%,82%,0.5,1283
http://ufcstats.com/fighter-details/4690d47bf725fd98,Gokhan Saki,The Rebel,1-2-0,1,2,0.0,"6' 0""",205 lbs.,"73""",Orthodox,"Oct 19, 1983",7.09,58%,4.57,53%,0.0,0%,100%,0.0,1282
http://ufcstats.com/fighter-details/882d62561063a927,Jamie Moyle,,4-3-0,4,3,0.0,"5' 1""",115 lbs.,"65""",Orthodox,"Mar 17, 1989",4.51,51%,4.0,65%,1.0,21%,50%,0.0,1281
http://ufcstats.com/fighter-details/946db8a378903cc3,Joe Giannetti,,6-1-0,6,1,0.0,"6' 0""",155 lbs.,"74""",Southpaw,"Jul 05, 1995",1.93,38%,2.8,40%,1.0,16%,0%,0.0,1280
http://ufcstats.com/fighter-details/683ea28a198936fe,Jay Cucciniello,,8-1-0,8,1,0.0,"5' 7""",155 lbs.,--,Orthodox,"Jul 23, 1986",0.93,21%,4.73,36%,0.0,0%,71%,0.0,1279
http://ufcstats.com/fighter-details/472f6f6e6d962f40,Barb Honchak,Little Warrior,10-4-0,10,4,0.0,"5' 4""",125 lbs.,"65""",Orthodox,"Aug 30, 1979",4.04,30%,4.67,66%,0.0,0%,0%,1.3,1278
http://ufcstats.com/fighter-details/f75c5ca0d91b9115,Richie Smullen,,3-1-1,3,1,1.0,"5' 9""",155 lbs.,"68""",Orthodox,"Aug 17, 1991",1.98,77%,2.26,65%,8.49,66%,0%,0.0,1277
http://ufcstats.com/fighter-details/523af801b3429015,Allan Zuniga,Tigre,13-1-0,13,1,0.0,"5' 7""",155 lbs.,"70""",Orthodox,"Apr 04, 1992",3.93,52%,1.8,61%,0.0,0%,57%,1.0,1276
http://ufcstats.com/fighter-details/f5f6419c5f00abad,Tyler Diamond,,9-1-0,9,1,0.0,"5' 7""",145 lbs.,"69""",Orthodox,"Mar 18, 1991",3.4,47%,2.53,44%,3.0,75%,70%,0.0,1275
http://ufcstats.com/fighter-details/0b8d512c79b4baf3,Matt Bessette,The Mangler,22-9-0 (1 NC),22,9,,"5' 10""",145 lbs.,"70""",Orthodox,"Dec 28, 1984",4.36,41%,4.45,58%,0.64,28%,61%,0.3,1274
http://ufcstats.com/fighter-details/5140122c3eecd307,Daichi Abe,,6-2-0,6,2,0.0,"5' 11""",170 lbs.,"71""",Orthodox,"Nov 27, 1991",3.8,33%,4.49,56%,0.33,50%,0%,0.0,1273
http://ufcstats.com/fighter-details/71002dbc1743b9a7,Felipe Arantes,Sertanejo,18-10-1 (2 NC),18,10,,"5' 8""",135 lbs.,"73""",Orthodox,"Feb 09, 1988",2.37,45%,2.66,64%,0.93,47%,41%,0.7,1272
http://ufcstats.com/fighter-details/55ed59d541f8b90c,Rolando Dy,Dy Incredible,9-7-1 (1 NC),9,7,,"5' 8""",145 lbs.,"69""",Orthodox,"Aug 11, 1990",3.04,37%,4.47,52%,0.3,20%,68%,0.0,1271
http://ufcstats.com/fighter-details/4665f9f909cd7214,Shinsho Anzai,Animal,10-3-0,10,3,0.0,"5' 7""",170 lbs.,"70""",Orthodox,"Dec 01, 1985",3.23,58%,3.75,45%,1.83,16%,75%,0.0,1270
http://ufcstats.com/fighter-details/d50382dc0565a9e1,Viviane Pereira,Sucuri,13-2-0,13,2,0.0,"5' 1""",115 lbs.,"63""",Orthodox,"Aug 28, 1993",2.7,30%,4.48,58%,0.25,100%,28%,0.2,1269
http://ufcstats.com/fighter-details/199eb7cf6ae90294,Naoki Inoue,,11-1-0,11,1,0.0,"5' 9""",125 lbs.,"71""",Orthodox,"Jun 14, 1997",3.67,35%,3.37,60%,0.0,0%,60%,2.5,1268
http://ufcstats.com/fighter-details/ec664422b22d9787,Jenel Lausa,,7-5-0,7,5,0.0,"5' 5""",125 lbs.,"68""",Orthodox,"Aug 01, 1988",1.44,42%,3.53,53%,0.55,66%,51%,0.8,1267
http://ufcstats.com/fighter-details/8c020156779f7888,Melinda Fabian,,4-4-2,4,4,2.0,"5' 6""",125 lbs.,"66""",Orthodox,"Jun 25, 1987",4.03,41%,4.0,62%,0.0,0%,100%,0.0,1266
http://ufcstats.com/fighter-details/a8c9d16fe2a14d72,CM Punk,,0-1-0 (1 NC),0,1,,"6' 1""",170 lbs.,"73""",Orthodox,"Oct 26, 1978",1.1,23%,4.87,40%,0.87,11%,0%,0.0,1265
http://ufcstats.com/fighter-details/ee779c43a8926d52,Rashad Evans,Suga,19-8-1,19,8,1.0,"6' 0""",205 lbs.,"75""",Orthodox,"Sep 25, 1979",2.14,37%,2.42,63%,2.98,44%,73%,0.0,1264
http://ufcstats.com/fighter-details/bc656db347f31e19,Mike Santiago,,19-12-0,19,12,0.0,"5' 10""",145 lbs.,"69""",Orthodox,"Jul 28, 1989",3.44,49%,3.58,36%,2.66,50%,53%,1.1,1263
http://ufcstats.com/fighter-details/75e5fec9f72910ef,Gleison Tibau,,33-14-0,33,14,0.0,"5' 10""",155 lbs.,"71""",Southpaw,"Oct 07, 1983",1.95,31%,2.51,63%,4.08,53%,92%,0.8,1262
http://ufcstats.com/fighter-details/69f01b25dfabaf6b,Mads Burnell,,9-3-0,9,3,0.0,"5' 8""",145 lbs.,"69""",Orthodox,"Mar 06, 1994",1.28,41%,2.71,51%,3.45,47%,22%,0.4,1261
http://ufcstats.com/fighter-details/bdcbb976816fd256,Daniel Kelly,,13-4-0,13,4,0.0,"6' 0""",185 lbs.,"70""",Southpaw,"Oct 31, 1977",3.62,38%,4.64,61%,1.86,34%,78%,0.3,1260
http://ufcstats.com/fighter-details/34e552520a934063,Brad Scott,Bear,11-6-0,11,6,0.0,"6' 1""",170 lbs.,"76""",Orthodox,"Jun 24, 1989",3.52,41%,4.31,57%,0.32,15%,63%,0.7,1259
http://ufcstats.com/fighter-details/09f579be4520394a,Diego Rivas,Pitbull,10-2-0,10,2,0.0,"5' 8""",145 lbs.,"69""",Orthodox,"Nov 11, 1991",1.37,40%,2.14,52%,1.79,60%,64%,0.9,1258
http://ufcstats.com/fighter-details/01fcef7e3d051722,Henry Briones,Bure,16-8-1,16,8,1.0,"5' 8""",135 lbs.,"69""",Orthodox,"Oct 22, 1980",3.47,42%,4.68,53%,0.0,0%,52%,0.6,1257
http://ufcstats.com/fighter-details/1b38a2b897f6209c,Felipe Silva,,8-2-0,8,2,0.0,"6' 0""",155 lbs.,"77""",Orthodox,"May 08, 1984",5.4,50%,1.8,59%,1.0,100%,71%,0.0,1256
http://ufcstats.com/fighter-details/0ee783aa00e468f0,Vitor Belfort,The Phenom,26-14-0 (1 NC),26,14,,"6' 0""",185 lbs.,"74""",Southpaw,"Apr 01, 1977",1.59,46%,2.83,50%,1.02,60%,53%,0.6,1255
http://ufcstats.com/fighter-details/f7a7f7118d4b01b6,Lyoto Machida,The Dragon,24-8-0,24,8,0.0,"6' 1""",185 lbs.,"74""",Southpaw,"May 30, 1978",2.59,53%,1.57,61%,1.21,65%,75%,0.4,1254
http://ufcstats.com/fighter-details/4b1d46a1b5c0fd11,Alberto Mina,Soldier of God,13-1-0,13,1,0.0,"6' 0""",170 lbs.,"77""",Orthodox,"May 02, 1982",3.23,38%,3.7,47%,1.85,20%,50%,0.0,1253
http://ufcstats.com/fighter-details/984d15d5dc7bfcf9,James Bochnovic,,8-3-0,8,3,0.0,"6' 4""",205 lbs.,"81""",Orthodox,"Feb 13, 1989",0.65,26%,3.64,21%,0.0,0%,0%,0.0,1252
http://ufcstats.com/fighter-details/9ccf8371fd80d45d,Luan Chagas,Tarzan,15-3-1,15,3,1.0,"6' 0""",170 lbs.,"75""",Orthodox,"Jun 17, 1993",4.16,47%,3.19,62%,0.32,12%,85%,0.3,1251
http://ufcstats.com/fighter-details/39330403ad27c2bb,Patrick Williams,The Animal,8-6-0,8,6,0.0,"5' 8""",135 lbs.,"73""",Orthodox,"Sep 07, 1981",4.12,51%,4.12,52%,2.71,41%,100%,0.5,1250
http://ufcstats.com/fighter-details/907e60fd13407e1e,Bec Rawlings,Rowdy,7-8-0,7,8,0.0,"5' 6""",125 lbs.,"64""",Orthodox,"Feb 11, 1989",4.48,42%,5.66,57%,0.71,40%,68%,0.4,1249
http://ufcstats.com/fighter-details/e979c76341f19b22,Tom Duquesnoy,Fire Kid,16-2-0 (1 NC),16,2,,"5' 7""",135 lbs.,"68""",Orthodox,"Jun 21, 1993",3.83,45%,5.3,62%,0.42,25%,46%,0.0,1248
http://ufcstats.com/fighter-details/330bafba312face4,Oliver Enkamp,,7-2-0,7,2,0.0,"6' 0""",170 lbs.,"77""",Switch,"Aug 10, 1991",2.38,36%,3.55,37%,0.87,16%,0%,0.0,1247
http://ufcstats.com/fighter-details/ad56b3f00ca38dfd,Mark Godbeer,The Hand Of,13-4-0,13,4,0.0,"6' 4""",240 lbs.,"77""",Orthodox,"Nov 22, 1983",3.97,53%,3.3,54%,0.0,0%,28%,0.0,1246
http://ufcstats.com/fighter-details/85ff1b9471d35238,Dmitry Sosnovskiy,Wicked Machine,11-0-0,11,0,0.0,"6' 3""",240 lbs.,"77""",Orthodox,"Jul 06, 1989",2.95,70%,2.53,35%,3.16,66%,100%,3.2,1245
http://ufcstats.com/fighter-details/f5990c11974d8e9c,Mike Pyle,Quicksand,27-14-1,27,14,1.0,"6' 0""",170 lbs.,"74""",Orthodox,"Sep 18, 1975",2.74,45%,2.84,60%,1.8,35%,70%,1.5,1244
http://ufcstats.com/fighter-details/f50d95223751e6ca,Russell Doane,,15-8-0,15,8,0.0,"5' 7""",135 lbs.,"70""",Orthodox,"Aug 13, 1986",1.75,40%,1.68,53%,2.11,45%,52%,0.8,1243
http://ufcstats.com/fighter-details/544d7460b3e44393,Albert Morales,The Warrior,7-4-1,7,4,1.0,"5' 9""",135 lbs.,"72""",Orthodox,"May 25, 1991",3.81,35%,3.96,56%,0.91,35%,70%,0.2,1242
http://ufcstats.com/fighter-details/1999ffb5cebc314f,Brian Camozzi,Mantis,7-5-0,7,5,0.0,"6' 2""",170 lbs.,"78""",Orthodox,"Jun 24, 1991",3.15,26%,6.39,54%,0.0,0%,0%,0.7,1241
http://ufcstats.com/fighter-details/6da99156486ed6c2,Joshua Burkman,The People's Warrior,28-16-0 (1 NC),28,16,,"5' 10""",170 lbs.,"72""",Orthodox,"Apr 10, 1980",2.69,43%,3.13,51%,2.53,36%,72%,0.3,1240
http://ufcstats.com/fighter-details/9be6020024133293,Cyril Asker,Silverback,9-4-0,9,4,0.0,"6' 0""",247 lbs.,"74""",Orthodox,"Dec 24, 1985",3.35,39%,5.82,35%,4.41,62%,100%,0.9,1239
http://ufcstats.com/fighter-details/d024ed963e8bf7ea,Damien Brown,Beatdown,17-12-0,17,12,0.0,"5' 10""",155 lbs.,"68""",Orthodox,"Dec 25, 1984",3.66,38%,4.86,50%,0.68,27%,53%,0.7,1238
http://ufcstats.com/fighter-details/826475cc758e60e6,Rob Wilkinson,Razor,11-2-0,11,2,0.0,"6' 3""",185 lbs.,"80""",Orthodox,"Feb 22, 1992",2.74,50%,5.66,39%,4.47,25%,0%,0.0,1237
http://ufcstats.com/fighter-details/68f6e96c5fa6e044,Jeremy Kennedy,JBC,11-1-0,11,1,0.0,"5' 11""",145 lbs.,"71""",Orthodox,"Sep 16, 1992",2.22,46%,2.58,47%,5.73,52%,66%,0.0,1236
http://ufcstats.com/fighter-details/cc900af167fbedfd,Timothy Johnson,,12-4-0,12,4,0.0,"6' 3""",265 lbs.,"77""",Southpaw,"Mar 13, 1985",3.43,45%,3.08,44%,1.09,24%,69%,0.0,1235
http://ufcstats.com/fighter-details/2fee10d5cf86bfca,Maia Stevenson,,6-5-0,6,5,0.0,"5' 4""",115 lbs.,"62""",Orthodox,"Mar 19, 1982",1.57,54%,3.13,33%,3.91,100%,50%,0.0,1234
http://ufcstats.com/fighter-details/a4e85a58fbce64b2,Joe Soto,One Bad Mofo,18-7-0,18,7,0.0,"5' 6""",135 lbs.,"65""",Orthodox,"Mar 22, 1987",3.36,41%,5.37,67%,0.85,21%,70%,1.9,1233
http://ufcstats.com/fighter-details/fa37628269132d1a,Godofredo Pepey,,13-6-0,13,6,0.0,"5' 7""",145 lbs.,"73""",Orthodox,"Jul 02, 1987",2.32,38%,3.23,47%,0.37,7%,35%,1.5,1232
http://ufcstats.com/fighter-details/75a6a390fd5dca46,Juliana Lima,Ju Thai,9-5-0,9,5,0.0,"5' 5""",115 lbs.,"65""",Orthodox,"Mar 15, 1982",1.94,44%,2.11,55%,1.72,31%,70%,0.0,1231
http://ufcstats.com/fighter-details/b69f24c500d783e7,Francimar Barroso,Bodao,19-7-0 (1 NC),19,7,,"6' 1""",205 lbs.,"75""",Orthodox,"Feb 28, 1980",2.77,52%,3.07,59%,2.22,24%,83%,0.0,1230
http://ufcstats.com/fighter-details/71f048adbfed5b49,Sabah Homasi,,11-8-0,11,8,0.0,"6' 0""",170 lbs.,"72""",Orthodox,"Oct 19, 1988",4.98,48%,6.91,47%,2.8,50%,66%,0.0,1229
http://ufcstats.com/fighter-details/8a56ea383fd26e52,Galore Bofando,,5-3-0,5,3,0.0,"5' 11""",170 lbs.,"72""",Switch,"May 22, 1982",3.63,45%,3.63,54%,2.37,100%,50%,0.0,1228
http://ufcstats.com/fighter-details/e14b5aa06eea9653,Abel Trujillo,Killa,15-8-0 (1 NC),15,8,,"5' 8""",155 lbs.,"70""",Orthodox,"Sep 18, 1983",2.65,41%,2.31,59%,2.18,45%,40%,0.4,1227
http://ufcstats.com/fighter-details/04b39f4e8eb59d7c,Oluwale Bamgbose,Holy War Angel,6-4-0,6,4,0.0,"5' 11""",185 lbs.,"78""",Switch,"Aug 04, 1987",2.45,48%,2.7,55%,0.94,33%,37%,0.0,1226
http://ufcstats.com/fighter-details/5866fc86183a9fb8,Erick Silva,,19-9-0 (1 NC),19,9,,"6' 0""",170 lbs.,"74""",Orthodox,"Jun 21, 1984",2.5,48%,4.18,49%,0.85,35%,56%,1.4,1225
http://ufcstats.com/fighter-details/2a4200ead401a9ce,Carls John De Tomas,,6-2-0,6,2,0.0,"5' 5""",125 lbs.,"71""",Southpaw,"Aug 28, 1996",1.74,37%,3.93,44%,1.37,33%,66%,0.0,1224
http://ufcstats.com/fighter-details/fae67903c4fe636b,Antonio Braga Neto,,9-3-0 (1 NC),9,3,,"6' 3""",185 lbs.,"77""",Orthodox,"Oct 29, 1987",1.36,33%,3.92,45%,3.07,37%,0%,0.5,1223
http://ufcstats.com/fighter-details/bd878a638e0e3be3,Angela Magana,Your Majesty,11-9-0,11,9,0.0,"5' 1""",115 lbs.,"65""",Orthodox,"Aug 02, 1983",1.53,28%,4.92,42%,0.4,25%,28%,0.4,1222
http://ufcstats.com/fighter-details/404ecb2700844072,DeAnna Bennett,The Argentine Assassin,8-3-1,8,3,1.0,"5' 4""",125 lbs.,"68""",Orthodox,"Nov 18, 1984",3.13,58%,3.27,58%,0.0,0%,0%,1.0,1221
http://ufcstats.com/fighter-details/c7be22a47a58365a,Christina Marks,,8-9-0,8,9,0.0,"5' 7""",125 lbs.,"69""",Orthodox,"Nov 08, 1985",5.0,58%,3.0,64%,7.5,100%,0%,0.0,1220
http://ufcstats.com/fighter-details/b59037262c8fe060,Ryan Janes,,10-3-0,10,3,0.0,"6' 3""",185 lbs.,"76""",Orthodox,"Aug 22, 1981",7.69,48%,5.53,59%,0.35,100%,58%,0.0,1219
http://ufcstats.com/fighter-details/2db0c114414d4f06,Karine Gevorgyan,The Princess,3-3-0,3,3,0.0,"5' 4""",125 lbs.,"63""",,"Mar 09, 1989",1.2,20%,1.8,76%,0.0,0%,0%,0.0,1218
http://ufcstats.com/fighter-details/b96939f2b8d88e82,Ariel Beck,,4-5-0,4,5,0.0,"5' 6""",125 lbs.,"66""",Southpaw,"Sep 16, 1990",4.44,34%,4.31,64%,0.0,0%,0%,0.0,1217
http://ufcstats.com/fighter-details/2b93ebd9f5417ad2,Michael Bisping,The Count,30-9-0,30,9,0.0,"6' 1""",185 lbs.,"75""",Orthodox,"Feb 28, 1979",4.33,38%,2.71,65%,1.05,43%,63%,0.3,1216
http://ufcstats.com/fighter-details/dd12382f28296f7b,Wang Guan,The Dongbei Tiger,20-1-1,20,1,1.0,"5' 9""",145 lbs.,"71""",Orthodox,"Mar 14, 1986",4.73,43%,3.27,60%,0.0,0%,0%,0.0,1215
http://ufcstats.com/fighter-details/7dfb56f24fe5ddea,Bobby Nash,,8-4-0,8,4,0.0,"6' 0""",170 lbs.,"74""",Orthodox,"Mar 26, 1990",3.42,37%,3.95,51%,2.37,33%,100%,1.6,1214
http://ufcstats.com/fighter-details/05b43e0ead3df345,Kailin Curran,,4-5-0,4,5,0.0,"5' 4""",115 lbs.,"65""",Orthodox,"Apr 11, 1991",3.89,43%,4.75,53%,2.0,57%,61%,0.6,1213
http://ufcstats.com/fighter-details/efd2b3e9bb7965a4,Bharat Kandare,Daring,5-3-0,5,3,0.0,"5' 7""",135 lbs.,"72""",Orthodox,"Jun 20, 1987",0.7,10%,1.88,72%,0.0,0%,0%,0.0,1212
http://ufcstats.com/fighter-details/fcce75a25c14a804,Bojan Velickovic,Serbian Steel,15-6-1,15,6,1.0,"6' 0""",170 lbs.,"76""",Southpaw,"Dec 18, 1988",2.18,34%,2.31,57%,0.67,25%,55%,0.5,1211
http://ufcstats.com/fighter-details/e9bc5748e6a76bb6,Ashkan Mokhtarian,The Assassin,13-3-0,13,3,0.0,"5' 6""",125 lbs.,"67""",Southpaw,"Sep 15, 1985",1.95,43%,3.66,43%,0.54,16%,33%,0.0,1210
http://ufcstats.com/fighter-details/b6e6c3b1dcaae0a1,Will Brooks,Ill,18-4-0,18,4,0.0,"5' 10""",155 lbs.,"72""",Orthodox,"Oct 08, 1986",4.26,59%,2.54,56%,2.08,51%,82%,0.3,1209
http://ufcstats.com/fighter-details/c727c7d31c50c4cf,Anthony Hamilton,Freight Train,15-9-0,15,9,0.0,"6' 5""",260 lbs.,"76""",Orthodox,"Apr 14, 1980",3.91,65%,3.02,45%,2.62,42%,78%,0.0,1208
http://ufcstats.com/fighter-details/a8e6a69796280f17,Nate Marquardt,The Great,35-19-2,35,19,2.0,"6' 0""",185 lbs.,"74""",Orthodox,"Apr 20, 1979",2.71,49%,2.32,55%,1.87,51%,70%,0.8,1207
http://ufcstats.com/fighter-details/5e84a859c6a82288,Michel Quinones,El Capo,8-3-0,8,3,0.0,"5' 10""",155 lbs.,"73""",Orthodox,"Dec 22, 1984",2.91,29%,5.98,48%,0.0,0%,36%,0.0,1206
http://ufcstats.com/fighter-details/d761b3766e38c5db,Marcel Fortuna,,9-3-0,9,3,0.0,"6' 1""",205 lbs.,"74""",Orthodox,"Oct 22, 1985",3.83,46%,4.52,64%,0.45,8%,75%,0.5,1205
http://ufcstats.com/fighter-details/6506c1d34da9c013,Georges St-Pierre,Rush,26-2-0,26,2,0.0,"5' 11""",185 lbs.,"76""",Orthodox,"May 19, 1981",3.78,53%,1.4,72%,4.16,74%,83%,1.1,1204
http://ufcstats.com/fighter-details/0941df56f6ac954b,Johny Hendricks,Bigg Rigg,18-8-0,18,8,0.0,"5' 9""",185 lbs.,"69""",Southpaw,"Sep 12, 1983",3.49,45%,3.99,53%,3.83,46%,63%,0.3,1203
http://ufcstats.com/fighter-details/ed209f6618c82e41,Hacran Dias,Barnabe,23-6-1,23,6,1.0,"5' 8""",155 lbs.,"69""",Orthodox,"Jun 16, 1984",2.08,41%,3.31,55%,2.5,39%,76%,0.5,1202
http://ufcstats.com/fighter-details/9123c54d0a2b72dd,Christian Colombo,,8-3-1,8,3,1.0,"6' 5""",265 lbs.,--,Orthodox,"Jul 01, 1980",2.76,44%,4.02,42%,0.0,0%,33%,0.0,1201
http://ufcstats.com/fighter-details/cd01f0b768a32475,Jonathan Wilson,Johnny Bravo,7-3-0,7,3,0.0,"6' 2""",205 lbs.,"75""",Southpaw,"Jul 17, 1987",2.92,48%,5.65,56%,0.37,100%,80%,0.0,1200
http://ufcstats.com/fighter-details/bf43fed8f29e1671,Marcin Held,,23-7-0,23,7,0.0,"5' 9""",155 lbs.,"71""",Orthodox,"Jan 18, 1992",1.41,34%,2.02,47%,2.46,46%,37%,1.3,1199
http://ufcstats.com/fighter-details/1ebdcb7488d0ebee,Pearl Gonzalez,,6-3-0,6,3,0.0,"5' 4""",115 lbs.,--,Orthodox,"Aug 12, 1986",2.23,37%,4.07,57%,1.04,11%,0%,0.5,1198
http://ufcstats.com/fighter-details/ec71a892fada28c7,Marco Beltran,Psycho,8-6-0,8,6,0.0,"5' 8""",125 lbs.,"69""",Orthodox,"May 18, 1986",2.07,37%,1.93,63%,0.7,50%,46%,0.2,1197
http://ufcstats.com/fighter-details/3be081c29bf734d9,Takanori Gomi,The Fireball Kid,35-14-0 (1 NC),35,14,,"5' 7""",155 lbs.,"70""",Southpaw,"Sep 22, 1978",3.81,41%,3.52,60%,1.23,65%,63%,0.8,1196
http://ufcstats.com/fighter-details/b0bd0c5425668b8f,Henrique da Silva,Frankenstein,14-5-0,14,5,0.0,"6' 3""",205 lbs.,"76""",Orthodox,"Sep 01, 1989",3.89,60%,5.28,40%,0.25,14%,22%,0.2,1195
http://ufcstats.com/fighter-details/24174a3f44ce8e03,Chan-Mi Jeon,,5-2-0,5,2,0.0,"5' 5""",115 lbs.,--,Orthodox,"Aug 28, 1997",6.23,31%,7.77,55%,0.0,0%,0%,0.0,1194
http://ufcstats.com/fighter-details/203c957eac95dd87,Hyun Gyu Lim,The Ace,13-7-1,13,7,1.0,"6' 3""",170 lbs.,"77""",Orthodox,"Jan 16, 1985",4.45,41%,5.07,51%,0.23,100%,73%,0.2,1193
http://ufcstats.com/fighter-details/78d48d3874dacafd,Azunna Anyanwu,Zulu,14-5-0,14,5,0.0,"6' 1""",251 lbs.,--,Orthodox,"Aug 05, 1981",2.47,42%,2.47,69%,0.65,100%,0%,0.0,1192
http://ufcstats.com/fighter-details/4ac1ecf8ce59ef23,Jason Saggo,,12-4-0,12,4,0.0,"5' 11""",155 lbs.,"71""",Orthodox,"Nov 23, 1985",2.5,39%,2.94,52%,2.33,40%,23%,0.0,1191
http://ufcstats.com/fighter-details/c76ec2bc3a57666a,Mitch Clarke,Danger Zone,11-5-0,11,5,0.0,"5' 10""",155 lbs.,"73""",Orthodox,"Nov 24, 1985",2.35,34%,3.27,47%,0.64,15%,50%,0.4,1190
http://ufcstats.com/fighter-details/7dcf06c1967801c1,Adriano Martins,,28-9-0,28,9,0.0,"5' 10""",155 lbs.,"72""",Southpaw,"Dec 16, 1982",1.8,38%,2.14,65%,0.83,80%,81%,0.4,1189
http://ufcstats.com/fighter-details/d6285cba1d1052e0,Bojan Mihajlovic,,10-6-0,10,6,0.0,"5' 11""",205 lbs.,"73""",Orthodox,"Mar 30, 1980",1.23,35%,5.95,47%,0.0,0%,33%,0.0,1188
http://ufcstats.com/fighter-details/37e03538c960bac6,Abdul-Kerim Edilov,,17-4-0,17,4,0.0,"6' 2""",205 lbs.,--,Orthodox,"Nov 25, 1991",10.22,61%,0.13,92%,3.98,100%,0%,2.0,1187
http://ufcstats.com/fighter-details/66ab58d0b3783607,Andrew Holbrook,,12-3-0,12,3,0.0,"5' 11""",155 lbs.,"70""",Southpaw,"Feb 06, 1986",2.2,49%,3.0,54%,0.85,18%,10%,2.1,1186
http://ufcstats.com/fighter-details/449c890bd90f3374,Hector Sandoval,Kid Alex,14-4-0,14,4,0.0,"5' 2""",125 lbs.,"64""",Orthodox,"Jul 19, 1986",3.31,52%,2.33,65%,3.49,25%,71%,1.4,1185
http://ufcstats.com/fighter-details/0dba4df5f34d5ff0,Rafael Natal,Sapo,21-9-1,21,9,1.0,"6' 0""",185 lbs.,"77""",Orthodox,"Dec 25, 1982",3.1,47%,2.48,57%,2.55,34%,77%,0.5,1184
http://ufcstats.com/fighter-details/3f11b5d4bd76a6d9,Damian Grabowski,The Polish Pitbull,20-5-0,20,5,0.0,"6' 1""",241 lbs.,"75""",Orthodox,"May 12, 1980",4.0,36%,7.65,51%,0.0,0%,0%,0.0,1183
http://ufcstats.com/fighter-details/96c336b463e0662c,Frankie Perez,,10-4-0,10,4,0.0,"5' 11""",155 lbs.,"73""",Orthodox,"May 11, 1989",1.64,41%,2.17,54%,1.75,41%,50%,0.3,1182
http://ufcstats.com/fighter-details/c8097968da5e5f13,Chris Wade,,12-3-0,12,3,0.0,"5' 10""",155 lbs.,"70""",Orthodox,"Sep 30, 1987",1.7,53%,1.75,51%,2.6,51%,55%,1.1,1181
http://ufcstats.com/fighter-details/8d5350fa18b79e9a,James Mulheron,,11-2-0,11,2,0.0,"5' 10""",243 lbs.,"73""",Orthodox,"Feb 20, 1988",2.4,31%,3.47,42%,0.0,0%,25%,0.0,1180
http://ufcstats.com/fighter-details/49a74b9fb2e45fdf,Neil Seery,2Tap,16-13-0,16,13,0.0,"5' 4""",125 lbs.,"64""",Orthodox,"Aug 30, 1979",3.56,41%,3.79,58%,0.78,27%,53%,1.6,1179
http://ufcstats.com/fighter-details/e81dd0bb8a64b550,Charlie Ward,,3-3-0,3,3,0.0,"5' 11""",170 lbs.,--,Orthodox,"Dec 17, 1980",1.64,19%,7.21,53%,0.0,0%,0%,0.0,1178
http://ufcstats.com/fighter-details/76984112f697631f,Leslie Smith,The Peacemaker,10-7-1,10,7,1.0,"5' 9""",135 lbs.,"66""",Orthodox,"Aug 17, 1982",7.56,40%,8.41,51%,0.0,0%,62%,0.0,1177
http://ufcstats.com/fighter-details/470fedbc8563ac47,Daniel Omielanczuk,,19-8-1 (1 NC),19,8,,"6' 0""",247 lbs.,"74""",Southpaw,"Aug 31, 1982",3.09,57%,3.29,47%,0.56,26%,68%,0.1,1176
http://ufcstats.com/fighter-details/3236bf606fe9fa5b,Travis Browne,Hapa,18-7-1,18,7,1.0,"6' 6""",255 lbs.,"79""",Orthodox,"Jul 17, 1982",2.93,41%,4.31,42%,1.21,68%,75%,0.2,1175
http://ufcstats.com/fighter-details/dd992d569aaebee6,Jesse Taylor,JT Money,31-15-0,31,15,0.0,"6' 0""",170 lbs.,"73""",Orthodox,"Jan 02, 1983",1.94,65%,0.55,38%,7.28,50%,100%,3.1,1174
http://ufcstats.com/fighter-details/7195e2a932686f82,Nick Roehrick,,7-1-0,7,1,0.0,"6' 2""",205 lbs.,--,Orthodox,"Jul 06, 1987",2.31,17%,6.92,44%,0.0,0%,0%,0.0,1173
http://ufcstats.com/fighter-details/cc81c92fe2254935,Tom Gallicchio,Da Tank,19-10-0,19,10,0.0,"5' 10""",170 lbs.,--,Southpaw,"Sep 23, 1986",3.53,26%,7.07,43%,1.0,11%,0%,0.0,1172
http://ufcstats.com/fighter-details/2d447cc91bdaa545,Joachim Christensen,,14-6-0,14,6,0.0,"6' 3""",205 lbs.,"76""",Orthodox,"Nov 07, 1978",3.78,41%,3.29,46%,0.0,0%,0%,0.0,1171
http://ufcstats.com/fighter-details/5f87a5c00b3d17ed,Dennis Siver,,23-11-0 (1 NC),23,11,,"5' 6""",145 lbs.,"70""",Orthodox,"Jan 13, 1979",3.87,32%,2.67,65%,0.87,32%,65%,0.3,1170
http://ufcstats.com/fighter-details/1f4b04a926ef1287,Johnny Case,Hollywood,22-6-0,22,6,0.0,"5' 10""",155 lbs.,"72""",Orthodox,"Jun 28, 1989",3.95,38%,2.66,61%,1.7,45%,72%,0.2,1169
http://ufcstats.com/fighter-details/30ea504870f8597b,Josh Stansbury,The Sandman,4-8-0,4,8,0.0,"6' 2""",205 lbs.,"74""",Orthodox,"Nov 19, 1984",3.22,54%,3.54,54%,0.0,0%,87%,1.0,1168
http://ufcstats.com/fighter-details/9bcf8603ceb25680,Dong Hyun Kim,Stun Gun,22-4-1 (1 NC),22,4,,"6' 2""",170 lbs.,"76""",Southpaw,"Nov 17, 1981",2.12,49%,1.89,58%,2.93,43%,71%,0.6,1167
http://ufcstats.com/fighter-details/0749d968e932df53,Tarec Saffiedine,Sponge,16-7-0,16,7,0.0,"5' 10""",170 lbs.,"70""",Switch,"Sep 06, 1986",4.05,47%,3.06,62%,0.52,36%,84%,0.1,1166
http://ufcstats.com/fighter-details/c13042265355a290,Kwan Ho Kwak,,9-2-0,9,2,0.0,"5' 5""",135 lbs.,--,Switch,"Jun 18, 1989",3.29,41%,3.45,47%,0.78,100%,26%,0.0,1165
http://ufcstats.com/fighter-details/68c11c27d4d56572,Dominique Steele,Non-Stop Action-Packed,14-9-0,14,9,0.0,"5' 10""",170 lbs.,"74""",Orthodox,"Jan 27, 1988",2.32,49%,2.42,50%,2.95,42%,76%,0.0,1164
http://ufcstats.com/fighter-details/71df36d6d8cf0d74,Kiichi Kunimoto,Strasser,18-7-2 (1 NC),18,7,,"5' 10""",170 lbs.,"71""",Orthodox,"May 01, 1981",1.87,44%,3.92,41%,1.59,20%,28%,0.3,1163
http://ufcstats.com/fighter-details/0c670b443c3d269f,Jim Wallhead,Judo,29-11-0,29,11,0.0,"5' 10""",170 lbs.,--,Orthodox,"Mar 14, 1984",3.19,26%,6.65,49%,0.0,0%,100%,0.0,1162
http://ufcstats.com/fighter-details/2b6d855c6e280fb1,Alex Nicholson,The Spartan,7-4-0,7,4,0.0,"6' 4""",185 lbs.,"77""",Orthodox,"May 02, 1990",4.12,43%,4.65,47%,0.0,0%,50%,0.5,1161
http://ufcstats.com/fighter-details/6c2030e0a143a94b,Chris Camozzi,,24-13-0,24,13,0.0,"6' 2""",185 lbs.,"75""",Orthodox,"Nov 20, 1986",3.57,44%,2.96,56%,0.27,19%,57%,0.5,1160
http://ufcstats.com/fighter-details/e25bcbcdaf6537a1,Reza Madadi,Mad Dog,14-6-0,14,6,0.0,"5' 11""",155 lbs.,"73""",Orthodox,"Jun 20, 1978",2.51,46%,3.31,66%,3.17,33%,89%,0.5,1159
http://ufcstats.com/fighter-details/8b5f9ea38184ded3,Nicholas Musoke,Nico,13-5-0 (1 NC),13,5,,"6' 0""",170 lbs.,"75""",Orthodox,"Apr 05, 1986",3.56,35%,3.8,57%,1.16,19%,82%,0.2,1158
http://ufcstats.com/fighter-details/443f60bec7c3c3d5,Michael McBride,,8-3-0,8,3,0.0,"6' 1""",155 lbs.,--,Orthodox,"Mar 09, 1986",4.08,48%,5.85,40%,1.85,42%,30%,1.2,1157
http://ufcstats.com/fighter-details/9eef6584fab21fbb,Cindy Dandois,Battlecat,8-3-0,8,3,0.0,"5' 7""",135 lbs.,--,Orthodox,"Oct 26, 1984",3.13,32%,3.4,58%,5.0,55%,0%,0.0,1156
http://ufcstats.com/fighter-details/a36556bb1565e32d,Joe Proctor,,11-5-0,11,5,0.0,"5' 10""",155 lbs.,"72""",Orthodox,"Aug 10, 1985",3.39,36%,3.93,59%,0.0,0%,70%,1.8,1155
http://ufcstats.com/fighter-details/3f7c14c7eca7195d,Roy Nelson,Big Country,22-14-0,22,14,0.0,"6' 0""",263 lbs.,"73""",Orthodox,"Jun 20, 1976",2.18,36%,4.79,46%,1.14,27%,65%,0.1,1154
http://ufcstats.com/fighter-details/7ea1f74cef32f906,Rashid Magomedov,Highlander,20-2-0,20,2,0.0,"5' 9""",155 lbs.,"70""",Orthodox,"Nov 29, 1984",4.4,49%,3.05,54%,0.67,57%,89%,0.2,1153
http://ufcstats.com/fighter-details/3d5b1ce6097dbb49,Augusto Mendes,Tanquinho,6-2-0,6,2,0.0,"5' 6""",135 lbs.,"65""",Orthodox,"Mar 03, 1983",2.42,34%,3.91,56%,1.75,33%,80%,0.0,1152
http://ufcstats.com/fighter-details/15ec018d144710db,Nathan Coy,Soulforce,15-7-0,15,7,0.0,"5' 10""",170 lbs.,"69""",Southpaw,"Jul 24, 1978",3.88,52%,2.4,61%,3.17,47%,50%,0.0,1151
http://ufcstats.com/fighter-details/365fee2da473b177,Anthony Johnson,Rumble,22-6-0,22,6,0.0,"6' 2""",205 lbs.,"78""",Orthodox,"Mar 06, 1984",3.25,47%,1.83,60%,2.43,57%,77%,0.6,1150
http://ufcstats.com/fighter-details/232c582f29f8f65e,Gegard Mousasi,,42-6-2,42,6,2.0,"6' 2""",185 lbs.,"76""",Orthodox,"Aug 01, 1985",3.75,50%,1.21,68%,1.59,60%,59%,1.1,1149
http://ufcstats.com/fighter-details/9fa3bd637edd9aa2,Patrick Cote,The Predator,23-11-0,23,11,0.0,"5' 11""",170 lbs.,"75""",Orthodox,"Feb 29, 1980",2.81,48%,3.21,48%,0.68,20%,43%,0.2,1148
http://ufcstats.com/fighter-details/1971869b7e054261,Mike de la Torre,El Cucuy,14-7-0 (1 NC),14,7,,"5' 11""",145 lbs.,"71""",Orthodox,"Sep 22, 1986",3.21,39%,4.75,51%,0.36,16%,83%,0.0,1147
http://ufcstats.com/fighter-details/c945adc22c2bfe8f,Brad Pickett,One Punch,25-14-0,25,14,0.0,"5' 6""",135 lbs.,"68""",Orthodox,"Sep 24, 1978",3.02,31%,4.63,55%,2.47,44%,58%,0.4,1146
http://ufcstats.com/fighter-details/06827d70c53ff0d9,Scott Askham,,14-4-0,14,4,0.0,"6' 3""",185 lbs.,"75""",Southpaw,"May 20, 1988",3.03,46%,3.52,52%,0.44,18%,65%,0.7,1145
http://ufcstats.com/fighter-details/b71ce838b01f2cad,Rony Jason,,14-7-0 (1 NC),14,7,,"5' 7""",145 lbs.,"73""",Orthodox,"Mar 21, 1984",2.04,44%,3.14,53%,0.59,30%,36%,0.8,1144
http://ufcstats.com/fighter-details/f215cfbd4ba3c270,Garreth McLellan,Soldier Boy,13-6-0,13,6,0.0,"6' 1""",185 lbs.,"72""",Southpaw,"Sep 01, 1982",3.56,54%,2.94,45%,1.15,22%,34%,0.9,1143
http://ufcstats.com/fighter-details/b8aef0faf4ce9b31,Sam Sicilia,,15-8-0,15,8,0.0,"5' 8""",145 lbs.,"67""",Orthodox,"Feb 01, 1986",2.46,33%,3.55,59%,1.45,43%,70%,0.9,1142
http://ufcstats.com/fighter-details/bf9bc96336922271,Alex Ricci,,10-5-0,10,5,0.0,"5' 11""",155 lbs.,--,Orthodox,"Jul 21, 1982",2.48,41%,2.53,64%,0.0,0%,64%,0.0,1141
http://ufcstats.com/fighter-details/f9081770e28ea2e1,Reginaldo Vieira,,13-5-0,13,5,0.0,"5' 7""",135 lbs.,"65""",Orthodox,"Nov 26, 1982",3.76,40%,2.89,59%,1.97,27%,25%,0.8,1140
http://ufcstats.com/fighter-details/64360e618823a8e4,Phillipe Nover,The Filipino Assassin,11-8-1,11,8,1.0,"5' 9""",145 lbs.,"72""",Orthodox,"Feb 03, 1984",1.79,35%,2.48,56%,0.99,28%,44%,0.7,1139
http://ufcstats.com/fighter-details/1c86754617d9813a,Roan Carneiro,Jucao,21-11-0,21,11,0.0,"5' 11""",170 lbs.,"76""",Orthodox,"Jun 02, 1978",1.46,46%,1.82,62%,3.05,42%,83%,1.4,1138
http://ufcstats.com/fighter-details/64788ee44b062ded,Michinori Tanaka,,11-3-0,11,3,0.0,"5' 5""",135 lbs.,"67""",Orthodox,"Oct 04, 1990",1.97,37%,1.99,50%,2.4,38%,43%,0.2,1137
http://ufcstats.com/fighter-details/eeabcd4dc6619129,Daniel Jolly,The Werewolf of Texas,5-3-0,5,3,0.0,"6' 1""",205 lbs.,"75""",Orthodox,"Sep 03, 1984",1.32,46%,3.39,44%,2.83,33%,50%,0.0,1136
http://ufcstats.com/fighter-details/3ec1e4ba98c9c85a,JC Cottrell,,17-5-0,17,5,0.0,"5' 9""",155 lbs.,--,Orthodox,"Nov 04, 1989",0.79,25%,2.75,45%,0.79,100%,50%,0.0,1135
http://ufcstats.com/fighter-details/202b0467521c9d6f,Viktor Pesta,,10-4-0,10,4,0.0,"6' 3""",240 lbs.,"77""",Orthodox,"Jul 15, 1990",1.58,36%,2.54,56%,3.29,28%,100%,0.0,1134
http://ufcstats.com/fighter-details/1a98c9dbb7fc3959,Jocelyn Jones-Lybarger,,6-4-0,6,4,0.0,"5' 7""",115 lbs.,"64""",Orthodox,"Oct 04, 1985",2.96,31%,4.83,56%,0.34,25%,81%,0.0,1133
http://ufcstats.com/fighter-details/8bdac25ce0bb874d,Ronda Rousey,Rowdy,12-2-0,12,2,0.0,"5' 7""",135 lbs.,"66""",Orthodox,"Feb 01, 1987",4.17,52%,4.14,44%,6.26,68%,50%,4.8,1132
http://ufcstats.com/fighter-details/638cfec7ec559d6e,Brandon Thatch,Rukus,11-5-0,11,5,0.0,"6' 2""",170 lbs.,"74""",Switch,"Jul 11, 1985",2.7,42%,3.63,52%,1.36,66%,50%,0.7,1131
http://ufcstats.com/fighter-details/282fa667ff9c51ed,Cole Miller,Magrinho,21-11-0 (1 NC),21,11,,"6' 1""",145 lbs.,"73""",Orthodox,"Apr 26, 1984",3.0,33%,3.88,59%,0.6,36%,38%,1.8,1130
http://ufcstats.com/fighter-details/c06a9b48d4132c8e,James Moontasri,Moon Walker,9-5-0,9,5,0.0,"5' 10""",170 lbs.,"71""",Switch,"Apr 10, 1988",2.39,48%,3.86,40%,0.0,0%,79%,0.2,1129
http://ufcstats.com/fighter-details/48e093ea1f43a053,Takeya Mizugaki,,21-11-2,21,11,2.0,"5' 7""",135 lbs.,"69""",Orthodox,"Dec 16, 1983",3.37,37%,3.27,57%,1.46,57%,70%,0.1,1128
http://ufcstats.com/fighter-details/0ccab7c889ede9ea,Fredy Serrano,El Profe,3-2-0,3,2,0.0,"5' 3""",125 lbs.,"65""",Orthodox,"Sep 22, 1979",1.58,26%,1.89,61%,2.84,25%,84%,0.0,1127
http://ufcstats.com/fighter-details/3c660c90d48fc80d,Tim Kennedy,,18-6-0,18,6,0.0,"5' 11""",185 lbs.,"74""",Orthodox,"Sep 01, 1979",2.78,47%,1.84,62%,2.58,35%,70%,0.7,1126
http://ufcstats.com/fighter-details/46a2f24feb258ae0,Valerie Letourneau,Trouble,8-6-0,8,6,0.0,"5' 7""",115 lbs.,"68""",Orthodox,"Apr 29, 1983",4.51,37%,5.4,58%,0.77,45%,66%,0.3,1125
http://ufcstats.com/fighter-details/57ab4d7c0bc09a30,Zach Makovsky,Fun Size,20-8-0,20,8,0.0,"5' 4""",125 lbs.,"64""",Southpaw,"Apr 19, 1983",1.94,43%,2.24,62%,3.71,30%,56%,0.3,1124
http://ufcstats.com/fighter-details/cb52f9490c2dc069,Sean O'Connell,The Real OC,17-9-0,17,9,0.0,"6' 1""",205 lbs.,"74""",Orthodox,"Sep 02, 1983",5.46,48%,6.77,45%,0.0,0%,30%,0.5,1123
http://ufcstats.com/fighter-details/83825fad27ab3581,Joseph Gigliotti,Capo,7-2-0,7,2,0.0,"5' 11""",185 lbs.,--,Orthodox,"Aug 13, 1993",1.04,39%,2.92,45%,1.56,100%,50%,0.8,1122
http://ufcstats.com/fighter-details/8ce87f7e3a9baed2,Tiago dos Santos e Silva,Trator,20-7-2 (1 NC),20,7,,"5' 9""",145 lbs.,"70""",Orthodox,"Apr 12, 1987",3.69,35%,4.23,59%,0.63,11%,33%,0.3,1121
http://ufcstats.com/fighter-details/e3779ef06e98f185,Keith Berish,Sha Bang Bang,5-1-0 (1 NC),5,1,,"6' 0""",205 lbs.,--,Orthodox,"Nov 14, 1985",3.58,36%,4.81,62%,1.76,40%,0%,0.0,1120
http://ufcstats.com/fighter-details/494b0bfdbac74502,Brendan O'Reilly,Badger,6-3-0 (1 NC),6,3,,"5' 7""",170 lbs.,"69""",Orthodox,"Jun 24, 1987",1.9,47%,2.77,39%,2.22,43%,36%,0.6,1119
http://ufcstats.com/fighter-details/28c55b4087a6f136,Elvis Mutapcic,The King,15-6-1,15,6,1.0,"6' 0""",185 lbs.,"72""",Orthodox,"Jul 19, 1986",3.41,40%,4.27,38%,0.0,0%,81%,0.0,1118
http://ufcstats.com/fighter-details/7339d340aa2889cb,Kyle Noke,,22-10-1,22,10,1.0,"6' 1""",170 lbs.,"76""",Southpaw,"Mar 18, 1980",3.23,50%,2.09,64%,1.53,54%,66%,0.8,1117
http://ufcstats.com/fighter-details/3058888c33149a53,Yusuke Kasuya,,9-3-0,9,3,0.0,"5' 7""",155 lbs.,--,Southpaw,"Nov 16, 1989",2.17,44%,4.34,48%,1.36,33%,0%,0.0,1116
http://ufcstats.com/fighter-details/165c244bcca3ed26,Seo Hee Ham,,17-8-0,17,8,0.0,"5' 2""",115 lbs.,"62""",Southpaw,"Mar 08, 1987",4.2,39%,5.15,61%,0.0,0%,66%,0.2,1115
http://ufcstats.com/fighter-details/303a05a7aa3ff761,Richard Walsh,Filthy Rich,9-5-0,9,5,0.0,"6' 0""",170 lbs.,"73""",Orthodox,"Dec 01, 1988",3.84,46%,2.72,58%,1.55,40%,66%,0.2,1114
http://ufcstats.com/fighter-details/5823ceab56741617,Jonathan Meunier,District,8-1-0,8,1,0.0,"6' 3""",170 lbs.,--,Switch,"Aug 04, 1987",3.47,50%,1.43,69%,0.58,33%,58%,0.0,1113
http://ufcstats.com/fighter-details/c169545ab0825f44,Geane Herrera,La Pulga,9-3-0,9,3,0.0,"5' 5""",125 lbs.,"66""",Orthodox,"May 27, 1990",1.51,31%,5.07,52%,0.83,37%,38%,0.6,1112
http://ufcstats.com/fighter-details/2c1170b825f58e57,Guangyou Ning,Smasher,5-4-1,5,4,1.0,"5' 4""",145 lbs.,"64""",Southpaw,"Dec 15, 1981",2.66,41%,1.91,61%,1.09,50%,62%,0.3,1111
http://ufcstats.com/fighter-details/5ea918ea81b7dee2,Yao Zhikui,The Conqueror,2-4-0,2,4,0.0,"5' 5""",125 lbs.,"64""",Orthodox,"Feb 07, 1991",1.44,21%,2.82,48%,0.66,16%,58%,0.0,1110
http://ufcstats.com/fighter-details/c0ab242c40decc55,Ryan Bader,Darth,23-5-0,23,5,0.0,"6' 2""",205 lbs.,"74""",Orthodox,"Jun 07, 1983",2.82,43%,1.39,71%,3.37,44%,80%,0.4,1109
http://ufcstats.com/fighter-details/cc6f9d1e89f3449a,Manvel Gamburyan,The Anvil,15-10-0 (1 NC),15,10,,"5' 5""",135 lbs.,"67""",Orthodox,"May 08, 1981",2.13,41%,2.83,55%,3.26,34%,69%,0.7,1108
http://ufcstats.com/fighter-details/0e21976afc92e4d1,Magnus Cedenblad,Jycken,14-5-0,14,5,0.0,"6' 5""",185 lbs.,"79""",Orthodox,"Apr 10, 1982",2.38,51%,3.02,40%,2.87,64%,66%,1.0,1107
http://ufcstats.com/fighter-details/3dd92ff9fb0412b3,Ali Bagautinov,Puncher,15-6-0,15,6,0.0,"5' 4""",125 lbs.,"65""",Orthodox,"Jun 10, 1985",2.85,42%,3.09,52%,2.51,36%,65%,0.3,1106
http://ufcstats.com/fighter-details/1536a25e16fc299b,Anna Elmose,Panda,3-2-0,3,2,0.0,"5' 3""",115 lbs.,--,Orthodox,"Oct 06, 1984",3.68,49%,4.64,56%,0.0,0%,33%,0.0,1105
http://ufcstats.com/fighter-details/072a10e85f7d4bff,Milana Dudieva,,11-6-0,11,6,0.0,"5' 3""",135 lbs.,--,Orthodox,"Aug 04, 1989",0.87,31%,3.43,58%,2.34,45%,0%,0.0,1104
http://ufcstats.com/fighter-details/dd4c16777fb2ccf9,Heather Clark,Hurricane,7-6-0,7,6,0.0,"5' 6""",115 lbs.,"64""",Orthodox,"Sep 19, 1980",3.69,49%,5.62,50%,0.33,4%,80%,0.3,1103
http://ufcstats.com/fighter-details/af62f99eb7606308,Erik Perez,Goyito,17-6-0,17,6,0.0,"5' 8""",135 lbs.,"68""",Orthodox,"Nov 19, 1989",3.16,40%,2.09,66%,3.16,55%,69%,0.2,1102
http://ufcstats.com/fighter-details/8163cd7de0342652,Erick Montano,Perry,7-5-0,7,5,0.0,"6' 0""",170 lbs.,"73""",Orthodox,"Nov 19, 1985",2.79,44%,2.06,64%,2.29,36%,66%,0.0,1101
http://ufcstats.com/fighter-details/459e4dc69ec669b2,Jason Novelli,Flipside,11-3-1,11,3,1.0,"6' 0""",155 lbs.,--,Orthodox,"Jun 08, 1979",1.73,24%,3.55,66%,0.7,33%,100%,0.0,1100
http://ufcstats.com/fighter-details/4665cbf36b08193b,Chris Avila,,5-4-0,5,4,0.0,"5' 10""",145 lbs.,--,Orthodox,"Jan 16, 1993",2.37,30%,4.17,48%,0.0,0%,46%,0.0,1099
http://ufcstats.com/fighter-details/1ccf4e7caff270df,Dan Henderson,Hendo,32-15-0,32,15,0.0,"5' 11""",185 lbs.,"74""",Orthodox,"Aug 24, 1970",2.44,47%,2.7,51%,1.52,52%,57%,0.3,1098
http://ufcstats.com/fighter-details/ff6a1f63c254127e,Albert Tumenov,Einstein,18-4-0,18,4,0.0,"5' 11""",170 lbs.,"73""",Orthodox,"Dec 26, 1991",3.76,42%,3.34,58%,0.2,20%,75%,0.0,1097
http://ufcstats.com/fighter-details/fb41432b622992a9,Lukasz Sajewski,Wookie,13-3-0,13,3,0.0,"5' 8""",155 lbs.,"71""",Orthodox,"Nov 27, 1990",2.06,35%,3.88,57%,1.01,25%,66%,0.0,1096
http://ufcstats.com/fighter-details/eff47295daf721a6,Tamdan McCrory,The Barncat,14-5-0,14,5,0.0,"6' 4""",185 lbs.,"76""",Switch,"Nov 05, 1986",2.07,49%,1.6,46%,2.28,50%,33%,2.5,1095
http://ufcstats.com/fighter-details/5713c1d2fac539ac,Cody East,The Freight Train,12-3-0,12,3,0.0,"6' 3""",245 lbs.,--,Orthodox,"Jun 29, 1988",4.15,43%,7.32,40%,3.97,100%,16%,0.0,1094
http://ufcstats.com/fighter-details/9c42a0de8e012870,Kelly Faszholz,,4-2-0,4,2,0.0,"5' 8""",135 lbs.,--,Orthodox,"Apr 09, 1985",4.01,48%,3.61,52%,0.0,0%,44%,0.0,1093
http://ufcstats.com/fighter-details/8349d55cdecd393a,Antonio Silva,Bigfoot,19-12-1,19,12,1.0,"6' 4""",264 lbs.,"82""",Orthodox,"Sep 14, 1979",2.89,45%,3.09,50%,0.82,29%,66%,0.8,1092
http://ufcstats.com/fighter-details/4b8fb0453a596b8e,Hector Urbina,El Toro,17-10-1,17,10,1.0,"5' 11""",170 lbs.,"73""",Orthodox,"Sep 17, 1987",0.97,38%,2.44,39%,0.0,0%,38%,3.8,1091
http://ufcstats.com/fighter-details/00a3ff40c4b2cf21,Glaico Franca Moreira,Nego,15-5-0,15,5,0.0,"6' 0""",155 lbs.,"77""",Orthodox,"Feb 28, 1991",2.35,42%,3.46,47%,2.68,42%,76%,0.3,1090
http://ufcstats.com/fighter-details/6e0273f9478be71e,Kenny Robertson,,15-5-0,15,5,0.0,"5' 10""",170 lbs.,"74""",Orthodox,"Feb 14, 1984",3.72,47%,3.02,52%,1.37,26%,57%,0.8,1089
http://ufcstats.com/fighter-details/4a1329cc8eb0928a,Maximo Blanco,Maxi,12-8-1 (1 NC),12,8,,"5' 8""",145 lbs.,"71""",Orthodox,"Oct 16, 1983",4.11,44%,3.19,66%,1.85,36%,63%,0.3,1088
http://ufcstats.com/fighter-details/94508d80e1f885fc,Augusto Montano,Dodger,15-3-0,15,3,0.0,"6' 1""",170 lbs.,"73""",Orthodox,"Oct 25, 1984",3.46,46%,2.66,56%,0.0,0%,66%,0.0,1087
http://ufcstats.com/fighter-details/cc98d857b148e33a,Leonardo Guimaraes,Leleco,11-5-0 (1 NC),11,5,,"6' 0""",185 lbs.,--,Orthodox,"Apr 15, 1982",2.35,56%,2.99,44%,0.0,0%,52%,1.0,1086
http://ufcstats.com/fighter-details/0778f94eb5d588a5,Joey Gomez,KO King,6-2-0,6,2,0.0,"5' 10""",135 lbs.,"73""",Orthodox,"Jul 21, 1986",2.44,28%,4.46,55%,0.62,100%,50%,0.0,1085
http://ufcstats.com/fighter-details/0c5c66ddd1886b83,Caio Magalhaes,Hellboy,10-3-0,10,3,0.0,"6' 1""",185 lbs.,"73""",Orthodox,"Dec 14, 1987",2.27,40%,2.78,56%,1.05,15%,58%,1.6,1084
http://ufcstats.com/fighter-details/ab850a77a0fa487d,Sean Spencer,Black Magic,12-6-0,12,6,0.0,"5' 10""",170 lbs.,"74""",Orthodox,"Jun 25, 1987",4.24,32%,4.02,60%,0.14,33%,68%,0.0,1083
http://ufcstats.com/fighter-details/ad3f53c454cbbead,Josh Barnett,The Warmaster,35-8-0,35,8,0.0,"6' 3""",250 lbs.,"78""",Orthodox,"Nov 10, 1977",3.2,50%,2.11,57%,1.26,55%,55%,1.4,1082
http://ufcstats.com/fighter-details/9a2d3567abc02e34,Tae Hyun Bang,Supernatural,18-10-0,18,10,0.0,"5' 9""",155 lbs.,"71""",Switch,"Apr 15, 1983",2.72,38%,2.07,66%,0.49,33%,57%,0.5,1081
http://ufcstats.com/fighter-details/d1e1fdcea7c8a90a,Leandro Issa,Brodinho,13-6-0,13,6,0.0,"5' 7""",135 lbs.,"69""",Orthodox,"Sep 19, 1983",2.08,37%,3.17,58%,2.38,22%,50%,1.2,1080
http://ufcstats.com/fighter-details/159da492e000afbf,Leandro Silva,Buscape,20-6-1 (1 NC),20,6,,"5' 9""",155 lbs.,"72""",Orthodox,"Nov 11, 1985",2.39,48%,2.08,63%,1.76,37%,65%,0.4,1079
http://ufcstats.com/fighter-details/8d9586726252dbf7,Kevin Casey,King,9-5-2 (2 NC),9,5,,"5' 11""",185 lbs.,"77""",Southpaw,"Jun 15, 1981",2.27,53%,3.76,46%,0.79,22%,27%,0.4,1078
http://ufcstats.com/fighter-details/784285b7ae7dd85f,Shane Campbell,Shaolin,14-6-0,14,6,0.0,"6' 0""",155 lbs.,"71""",Orthodox,"Jan 21, 1987",3.99,59%,3.19,55%,1.36,28%,82%,0.0,1077
http://ufcstats.com/fighter-details/5b5307450405abf0,Rick Story,The Horror,19-9-0,19,9,0.0,"5' 9""",170 lbs.,"71""",Southpaw,"Aug 28, 1984",3.8,41%,2.17,62%,2.53,48%,63%,0.9,1076
http://ufcstats.com/fighter-details/dcbf01d605681ad1,Elizabeth Phillips,,6-6-0,6,6,0.0,"5' 6""",135 lbs.,"65""",Orthodox,"Aug 20, 1986",2.6,33%,3.07,58%,0.75,25%,53%,0.2,1075
http://ufcstats.com/fighter-details/9450848a71d53776,Lorenz Larkin,The Monsoon,18-6-0 (1 NC),18,6,,"5' 11""",170 lbs.,"72""",Orthodox,"Sep 03, 1986",3.53,46%,2.74,63%,0.27,42%,79%,0.1,1074
http://ufcstats.com/fighter-details/8f2deefe8c5dfb5d,Alberto Uda,,12-2-0,12,2,0.0,"6' 3""",185 lbs.,--,Orthodox,"Aug 08, 1984",1.79,52%,3.49,45%,2.83,50%,66%,0.0,1073
http://ufcstats.com/fighter-details/cd85b48dc880fabd,Horacio Gutierrez,The Punisher,4-3-0,4,3,0.0,"5' 10""",145 lbs.,--,,"Sep 15, 1990",0.86,26%,2.91,46%,0.0,0%,50%,0.0,1072
http://ufcstats.com/fighter-details/80d918336163b80c,Tatsuya Kawajiri,Crusher,36-11-2,36,11,2.0,"5' 7""",145 lbs.,"69""",Orthodox,"May 08, 1978",2.04,44%,2.01,50%,3.63,48%,63%,1.1,1071
http://ufcstats.com/fighter-details/7ea4a9f07df33a45,Francisco Rivera,Cisco,11-7-0 (1 NC),11,7,,"5' 8""",135 lbs.,"70""",Orthodox,"Oct 08, 1981",4.07,41%,3.16,68%,1.01,63%,68%,0.6,1070
http://ufcstats.com/fighter-details/3f1d23b01c552a13,Michael Graves,,6-0-1,6,0,1.0,"5' 10""",170 lbs.,"71""",Orthodox,"Jan 08, 1991",1.25,54%,1.47,58%,4.8,52%,66%,0.4,1069
http://ufcstats.com/fighter-details/49f78022126bf4a4,Cesar Arzamendia,Goku,8-3-0,8,3,0.0,"5' 11""",155 lbs.,--,Orthodox,"Jan 31, 1991",5.37,45%,5.2,56%,7.32,75%,0%,2.4,1068
http://ufcstats.com/fighter-details/fe5a9547479396ab,Jim Alers,The Beast,13-3-0 (1 NC),13,3,,"5' 9""",145 lbs.,"71""",Orthodox,"Oct 14, 1986",2.9,40%,4.38,56%,2.26,41%,80%,0.3,1067
http://ufcstats.com/fighter-details/d0314416a7f26527,Michael McDonald,Mayday,17-4-0,17,4,0.0,"5' 9""",135 lbs.,"70""",Orthodox,"Jan 15, 1991",2.69,42%,2.76,57%,1.09,66%,52%,1.4,1066
http://ufcstats.com/fighter-details/9deff9e3e8d94d47,Josh Samman,Anqa,13-4-0,13,4,0.0,"6' 3""",185 lbs.,"79""",Orthodox,"Mar 14, 1988",2.08,52%,2.47,34%,1.09,33%,33%,0.4,1065
http://ufcstats.com/fighter-details/175852708cb55776,Cristina Stanciu,Barbie,5-2-0,5,2,0.0,"5' 3""",115 lbs.,--,Orthodox,"Mar 29, 1994",2.5,50%,3.07,52%,0.85,100%,40%,1.7,1064
http://ufcstats.com/fighter-details/5904b0b38dc6718d,Cody Pfister,The Fist,13-6-1,13,6,1.0,"5' 10""",155 lbs.,"73""",Orthodox,"Jul 12, 1990",1.41,25%,2.8,51%,2.82,30%,0%,0.0,1063
http://ufcstats.com/fighter-details/513c6f1715e547a8,Brock Lesnar,,5-3-0 (1 NC),5,3,,"6' 3""",265 lbs.,"81""",Orthodox,"Jul 12, 1977",3.53,72%,2.11,50%,3.9,55%,60%,0.5,1062
http://ufcstats.com/fighter-details/23a6e307077c6ccc,Enrique Marin,Wasabi,10-4-0,10,4,0.0,"5' 10""",170 lbs.,--,,"Sep 02, 1986",1.43,33%,3.0,50%,2.5,38%,60%,1.0,1061
http://ufcstats.com/fighter-details/8a59d346dc976a10,Thiago Tavares,,21-7-1,21,7,1.0,"5' 7""",145 lbs.,"70""",Orthodox,"Nov 08, 1984",2.0,40%,2.31,62%,3.83,42%,62%,1.5,1060
http://ufcstats.com/fighter-details/b8c0f30ee9a98b69,Fernando Bruno,Acougueiro,15-4-0,15,4,0.0,"5' 6""",145 lbs.,--,,"Feb 24, 1982",1.75,39%,1.78,48%,2.02,22%,56%,0.5,1059
http://ufcstats.com/fighter-details/9ab9912e0f8fa6d6,Cory Hendricks,,3-1-0,3,1,0.0,"6' 3""",205 lbs.,--,Switch,"May 10, 1988",3.13,39%,4.07,42%,0.0,0%,100%,0.0,1058
http://ufcstats.com/fighter-details/8c822811eedc11ad,Anton Zafir,The Professor,7-3-0,7,3,0.0,"5' 11""",170 lbs.,--,Orthodox,"May 10, 1987",2.99,64%,2.31,52%,6.11,60%,0%,0.0,1057
http://ufcstats.com/fighter-details/e4d2564ea0e34e2b,Mehdi Baghdad,The Sultan,11-5-0,11,5,0.0,"6' 1""",155 lbs.,--,Orthodox,"Apr 13, 1985",3.13,30%,4.56,46%,0.0,0%,33%,0.0,1056
http://ufcstats.com/fighter-details/8270c00fae24c922,Dileno Lopes,,19-3-0,19,3,0.0,"5' 5""",135 lbs.,--,,"Sep 26, 1984",2.37,36%,3.33,53%,2.5,31%,100%,1.5,1055
http://ufcstats.com/fighter-details/12f1b140e248bdb9,Jerrod Sanders,J-Reazie,16-3-0 (1 NC),16,3,,"5' 8""",135 lbs.,"72""",Orthodox,"Oct 01, 1979",0.88,64%,1.14,46%,2.2,33%,50%,1.6,1054
http://ufcstats.com/fighter-details/cbd5d3cdd862e90e,Rory MacDonald,Red King,19-4-0,19,4,0.0,"6' 0""",170 lbs.,"76""",Orthodox,"Jul 22, 1989",3.75,42%,2.8,62%,1.77,47%,88%,0.4,1053
http://ufcstats.com/fighter-details/e023fa2e648ea0f1,Steve Bosse,The Boss,12-2-0,12,2,0.0,"5' 11""",205 lbs.,"72""",Orthodox,"Jul 29, 1981",5.99,52%,5.38,50%,0.92,33%,100%,0.0,1052
http://ufcstats.com/fighter-details/55f446032177b119,Chris Beal,Real Deal,10-5-0,10,5,0.0,"5' 7""",125 lbs.,"69""",Orthodox,"Aug 06, 1985",3.45,35%,3.18,61%,1.6,58%,78%,0.2,1051
http://ufcstats.com/fighter-details/7cdd3e5d3aa9cb39,Yan Cabral,,13-3-0,13,3,0.0,"5' 11""",155 lbs.,"73""",Orthodox,"May 13, 1983",2.02,47%,1.98,62%,2.89,35%,37%,1.2,1050
http://ufcstats.com/fighter-details/2de91c2244ad7e89,Dominic Waters,Sho Nuff,9-5-0,9,5,0.0,"6' 1""",170 lbs.,"79""",Orthodox,"Apr 11, 1989",0.48,23%,2.53,39%,4.07,52%,28%,0.0,1049
http://ufcstats.com/fighter-details/6ded9184b2284645,Willie Gates,,12-7-0,12,7,0.0,"5' 8""",125 lbs.,"72""",Orthodox,"Jan 21, 1987",1.8,38%,4.28,38%,0.0,0%,67%,0.4,1048
http://ufcstats.com/fighter-details/56c9acc4e86046a2,Chris Kelades,The Greek Assassin,9-3-0,9,3,0.0,"5' 7""",125 lbs.,"68""",Orthodox,"Feb 21, 1981",2.4,43%,2.64,48%,1.04,18%,53%,0.3,1047
http://ufcstats.com/fighter-details/92b62174c175ce19,Clint Hester,Headbussa,11-6-0,11,6,0.0,"6' 2""",205 lbs.,"77""",Orthodox,"Nov 21, 1986",3.36,42%,3.44,56%,1.02,35%,60%,0.0,1046
http://ufcstats.com/fighter-details/83fd97284f4bb4a4,Efrain Escudero,Hecho En Mexico,28-12-0,28,12,0.0,"5' 9""",155 lbs.,"71""",Orthodox,"Jan 15, 1986",2.92,44%,2.3,63%,1.31,40%,66%,0.8,1045
http://ufcstats.com/fighter-details/270b89c00ef0c55c,Gabriel Gonzaga,Napao,17-11-0,17,11,0.0,"6' 2""",242 lbs.,"76""",Orthodox,"May 18, 1979",2.12,45%,2.94,57%,2.8,39%,66%,1.1,1044
http://ufcstats.com/fighter-details/53278852bcd91e11,Igor Pokrajac,The Duke,28-13-0 (1 NC),28,13,,"6' 0""",205 lbs.,"74""",Orthodox,"Jan 02, 1979",2.25,45%,4.26,40%,0.87,29%,51%,0.2,1043
http://ufcstats.com/fighter-details/d7adfcfdf7c6c1f8,Ian Entwistle,Enty,9-3-0,9,3,0.0,"5' 5""",135 lbs.,--,Orthodox,"Nov 19, 1986",0.11,7%,7.36,31%,0.0,0%,0%,12.1,1042
http://ufcstats.com/fighter-details/38ed5a2299230227,Filip Pejic,,12-2-2,12,2,2.0,"5' 8""",135 lbs.,--,Orthodox,"Jul 21, 1992",0.0,0%,0.88,33%,0.0,0%,0%,0.0,1041
http://ufcstats.com/fighter-details/1dafccb62a0f98ec,Robert Whiteford,The Hammer,14-4-0,14,4,0.0,"5' 9""",145 lbs.,"69""",Southpaw,"Apr 12, 1983",2.33,46%,1.99,62%,1.9,30%,45%,0.0,1040
http://ufcstats.com/fighter-details/7413b80dbb0f8f9f,Lucas Martins,Mineiro,19-3-0,19,3,0.0,"6' 0""",145 lbs.,"72""",Southpaw,"Nov 11, 1988",2.87,35%,4.14,60%,0.0,0%,76%,0.5,1039
http://ufcstats.com/fighter-details/1ff9589f9065a9ed,Frank Mir,,18-11-0,18,11,0.0,"6' 3""",264 lbs.,"79""",Southpaw,"May 24, 1979",2.18,47%,3.84,38%,2.02,40%,54%,2.0,1038
http://ufcstats.com/fighter-details/f5431394fb284bb9,James Te Huna,,16-9-0,16,9,0.0,"6' 2""",185 lbs.,"75""",Orthodox,"Sep 29, 1981",4.04,51%,2.99,62%,2.75,37%,58%,0.2,1037
http://ufcstats.com/fighter-details/40ff198adda94b9f,Mark Eddiva,,6-3-0,6,3,0.0,"5' 8""",145 lbs.,"68""",Orthodox,"Feb 16, 1986",3.37,45%,2.98,54%,1.45,22%,63%,0.0,1036
http://ufcstats.com/fighter-details/f9ae6914f604aa9f,Rin Nakai,,19-2-1,19,2,1.0,"5' 1""",135 lbs.,--,Orthodox,"Oct 22, 1986",1.57,33%,3.9,60%,3.0,18%,75%,0.5,1035
http://ufcstats.com/fighter-details/d221ee27afc7a60e,Viscardi Andrade,,19-6-0,19,6,0.0,"5' 11""",170 lbs.,"75""",Orthodox,"Mar 08, 1984",3.26,42%,2.77,63%,1.93,50%,66%,0.3,1034
http://ufcstats.com/fighter-details/4d44f37107f01b9b,Tom Lawlor,Filthy,10-6-0 (1 NC),10,6,,"6' 0""",205 lbs.,"74""",Southpaw,"May 15, 1983",2.5,42%,2.41,60%,2.46,32%,57%,1.4,1033
http://ufcstats.com/fighter-details/0c9c0a43d3f3f49d,Marcelo Guimaraes,Magrao,9-2-1,9,2,1.0,"6' 0""",185 lbs.,"73""",Orthodox,"Jun 25, 1983",4.67,51%,4.41,62%,1.99,13%,0%,0.0,1032
http://ufcstats.com/fighter-details/9b198c73e3d0d289,Justin Salas,J-Bomb,12-7-0,12,7,0.0,"5' 8""",155 lbs.,"70""",Southpaw,"Mar 13, 1982",3.42,43%,2.96,68%,2.43,20%,0%,0.0,1031
http://ufcstats.com/fighter-details/cfaf010d5b389c09,Mike Wilkinson,The Warrior,9-4-0,9,4,0.0,"5' 7""",145 lbs.,"66""",Orthodox,"Sep 15, 1987",2.35,38%,3.7,35%,0.92,14%,55%,0.9,1030
http://ufcstats.com/fighter-details/dfae5da5676e4194,Chris Dempsey,,11-5-0,11,5,0.0,"5' 10""",185 lbs.,"72""",Orthodox,"Sep 08, 1987",2.25,32%,2.82,65%,2.64,23%,16%,0.0,1029
http://ufcstats.com/fighter-details/3623bd267a2eef2e,Yaotzin Meza,,21-11-0 (1 NC),21,11,,"5' 9""",145 lbs.,"71""",Orthodox,"Feb 04, 1981",1.43,41%,1.62,64%,1.06,20%,18%,1.4,1028
http://ufcstats.com/fighter-details/14ff46596ad80609,Norman Parke,Stormin',23-6-1,23,6,1.0,"5' 11""",155 lbs.,"70""",Southpaw,"Dec 22, 1986",3.06,35%,2.88,64%,1.98,26%,77%,0.0,1027
http://ufcstats.com/fighter-details/bcad7223af3c19da,Martin Svensson,,15-6-0,15,6,0.0,"6' 1""",155 lbs.,--,,"Apr 25, 1985",2.02,38%,5.91,38%,0.0,0%,0%,0.0,1026
http://ufcstats.com/fighter-details/d512d9f204059f57,Joe Riggs,Diesel,44-17-0 (1 NC),44,17,,"6' 0""",185 lbs.,"70""",Southpaw,"Sep 23, 1982",2.41,51%,1.69,57%,2.45,55%,62%,0.6,1025
http://ufcstats.com/fighter-details/7e47047d0971d566,Daniel Sarafian,,10-6-0,10,6,0.0,"5' 9""",185 lbs.,"73""",Orthodox,"Aug 21, 1982",2.23,46%,3.1,58%,0.36,7%,53%,0.7,1024
http://ufcstats.com/fighter-details/f40ec51dd4de47c3,Jonavin Webb,The Spyder,9-2-0 (1 NC),9,2,,"5' 10""",170 lbs.,--,Orthodox,"Apr 28, 1989",1.47,30%,2.27,64%,2.5,31%,40%,1.0,1023
http://ufcstats.com/fighter-details/91ea901c458e95dd,Jared Rosholt,,14-4-0,14,4,0.0,"6' 2""",265 lbs.,"75""",Orthodox,"Aug 04, 1986",2.08,46%,1.52,59%,1.83,41%,66%,0.1,1022
http://ufcstats.com/fighter-details/5c1ca0c72b599a3c,Rafael Cavalcante,Feijao,12-7-0 (1 NC),12,7,,"6' 1""",205 lbs.,"74""",Orthodox,"Apr 14, 1980",2.71,53%,3.62,49%,0.6,40%,63%,0.1,1021
http://ufcstats.com/fighter-details/b7ffa72aa148599a,KJ Noons,King,13-9-0 (1 NC),13,9,,"5' 10""",155 lbs.,"70""",Orthodox,"Dec 07, 1982",3.68,35%,3.78,65%,0.08,20%,68%,0.0,1020
http://ufcstats.com/fighter-details/9f755fb04cc21499,Noad Lahat,Neo,11-2-0,11,2,0.0,"5' 9""",145 lbs.,"69""",Orthodox,"Jun 08, 1984",2.79,46%,1.47,63%,2.37,26%,16%,2.4,1019
http://ufcstats.com/fighter-details/4638cc6479cc0afe,Masio Fullen,Lobo,11-7-0,11,7,0.0,"5' 10""",145 lbs.,"70""",Orthodox,"Oct 06, 1986",2.46,32%,3.5,54%,0.47,33%,69%,0.0,1018
http://ufcstats.com/fighter-details/8f0d576beba1cfcd,Matt Dwyer,,9-4-0,9,4,0.0,"6' 4""",170 lbs.,"76""",Orthodox,"Dec 17, 1989",2.57,34%,3.24,54%,0.44,10%,60%,0.0,1017
http://ufcstats.com/fighter-details/938ad489fb7a1f31,Levan Makashvili,The Hornet,15-2-1,15,2,1.0,"5' 8""",145 lbs.,"68""",Orthodox,"Jan 07, 1989",2.87,54%,2.07,61%,3.67,42%,85%,0.0,1016
http://ufcstats.com/fighter-details/948880beac71f028,Felipe Olivieri,,14-5-0 (1 NC),14,5,,"5' 9""",155 lbs.,--,Orthodox,"Apr 12, 1985",6.68,58%,4.6,57%,0.0,0%,71%,0.0,1015
http://ufcstats.com/fighter-details/ba280572acfba13f,Matt Mitrione,,12-5-0,12,5,0.0,"6' 3""",265 lbs.,"82""",Switch,"Jul 15, 1978",3.55,50%,2.79,64%,0.0,0%,55%,0.7,1014
http://ufcstats.com/fighter-details/5f99b2bafb10305f,Daron Cruickshank,Detroit Superstar,18-10-0 (1 NC),18,10,,"5' 8""",155 lbs.,"72""",Switch,"Jun 11, 1985",2.88,38%,2.98,57%,2.04,41%,60%,0.2,1013
http://ufcstats.com/fighter-details/c2e3e67b5911bfb7,Diego Brandao,DB,22-11-0,22,11,0.0,"5' 7""",145 lbs.,"64""",Orthodox,"May 27, 1987",2.94,47%,3.38,62%,3.21,68%,80%,0.6,1012
http://ufcstats.com/fighter-details/57bad6a84230f0c9,Tony Sims,,12-4-0,12,4,0.0,"5' 11""",155 lbs.,"70""",Southpaw,"Oct 14, 1985",1.81,63%,0.76,65%,0.71,50%,50%,0.7,1011
http://ufcstats.com/fighter-details/f3a078277b3b8ff4,Masanori Kanehara,,26-12-5,26,12,5.0,"5' 7""",135 lbs.,"67""",Orthodox,"Nov 19, 1982",1.88,49%,1.63,62%,1.44,50%,63%,0.9,1010
http://ufcstats.com/fighter-details/ec2d13a87d3d9541,Sheldon Westcott,,10-3-1,10,3,1.0,"6' 1""",170 lbs.,"71""",Southpaw,"Aug 20, 1984",2.26,40%,3.73,37%,3.23,37%,14%,0.0,1009
http://ufcstats.com/fighter-details/8d49545dadf9b919,Edgar Garcia,,14-5-0,14,5,0.0,"5' 10""",170 lbs.,"71""",Orthodox,"Feb 22, 1984",3.16,29%,4.23,60%,2.21,57%,50%,0.6,1008
http://ufcstats.com/fighter-details/36df8e119aec6175,Sarah Kaufman,,18-4-0 (1 NC),18,4,,"5' 5""",135 lbs.,"66""",Orthodox,"Sep 20, 1985",6.65,46%,4.0,62%,0.38,57%,81%,0.0,1007
http://ufcstats.com/fighter-details/d1e7fc58d4225cdf,Danny Castillo,Last Call,17-10-0,17,10,0.0,"5' 9""",155 lbs.,"71""",Orthodox,"Aug 25, 1979",2.57,42%,1.96,62%,2.95,38%,63%,0.2,1006
http://ufcstats.com/fighter-details/cf615eb4b7862c76,Hayder Hassan,Hulk,6-3-0,6,3,0.0,"5' 10""",170 lbs.,--,,"Oct 20, 1982",2.11,46%,3.16,48%,0.0,0%,25%,0.0,1005
http://ufcstats.com/fighter-details/d53482bef23235ba,Marcio Alexandre Junior,Lyoto,17-4-0,17,4,0.0,"6' 0""",185 lbs.,"75""",Southpaw,"May 05, 1989",1.61,45%,2.89,42%,0.35,20%,66%,0.7,1004
http://ufcstats.com/fighter-details/aac6edb0d5e0b7e9,Marcin Wrzosek,The Polish Zombie,12-4-0,12,4,0.0,"5' 9""",155 lbs.,--,,"Oct 14, 1987",3.47,43%,4.07,43%,3.0,25%,33%,0.0,1003
http://ufcstats.com/fighter-details/22061ff217907c78,Konstantin Erokhin,,9-3-0,9,3,0.0,"5' 11""",230 lbs.,--,Orthodox,"Jan 31, 1983",1.07,36%,1.83,47%,0.0,0%,70%,0.0,1002
http://ufcstats.com/fighter-details/236a37d96d476164,Mike Pierce,,17-7-0,17,7,0.0,"5' 8""",170 lbs.,"71""",Orthodox,"Sep 01, 1980",2.62,42%,2.36,62%,3.08,42%,71%,0.2,1001
http://ufcstats.com/fighter-details/6448e57a9533b7e4,Abner Lloveras,Skullman,20-9-1,20,9,1.0,"5' 11""",155 lbs.,--,,"Sep 04, 1982",6.27,49%,6.87,43%,2.0,20%,0%,0.0,1000
http://ufcstats.com/fighter-details/fc31f896cde2bc2e,John Howard,Doomsday,24-13-0,24,13,0.0,"5' 7""",170 lbs.,"72""",Orthodox,"Mar 01, 1983",2.15,50%,3.08,51%,2.7,49%,53%,0.4,999
http://ufcstats.com/fighter-details/69a400af4420cd6a,Andreas Stahl,Real Steel,10-4-0,10,4,0.0,"5' 11""",170 lbs.,--,Orthodox,"May 20, 1988",2.83,37%,4.74,57%,1.55,66%,80%,0.0,998
http://ufcstats.com/fighter-details/c1ea9d56cd953586,Emily Kagan,,3-3-0,3,3,0.0,"5' 3""",115 lbs.,--,,"Jul 14, 1981",2.6,36%,5.29,38%,1.86,14%,50%,0.0,997
http://ufcstats.com/fighter-details/2676b28836a5a836,Benson Henderson,Smooth,24-7-0,24,7,0.0,"5' 9""",170 lbs.,"70""",Southpaw,"Nov 16, 1983",2.93,45%,1.79,63%,2.4,45%,63%,0.8,996
http://ufcstats.com/fighter-details/b0550072e5f0afa7,Yoshihiro Akiyama,,14-6-0 (2 NC),14,6,,"5' 10""",170 lbs.,"75""",Orthodox,"Jul 29, 1975",3.1,41%,3.62,57%,2.29,67%,92%,1.0,995
http://ufcstats.com/fighter-details/aed06011bf62237b,Dongi Yang,The Ox,13-3-0,13,3,0.0,"5' 10""",185 lbs.,"73""",Southpaw,"Dec 07, 1984",3.55,51%,3.21,63%,1.7,41%,61%,0.5,994
http://ufcstats.com/fighter-details/a00ec21cfbba17b6,Yui Chul Nam,The Korean Bulldozer,18-8-1,18,8,1.0,"5' 9""",145 lbs.,--,Orthodox,"Jul 16, 1981",3.53,51%,2.0,48%,1.33,16%,57%,0.3,993
http://ufcstats.com/fighter-details/6905d45bd71b50a9,Leo Kuntz,The Lion,18-4-1,18,4,1.0,"5' 10""",155 lbs.,--,Orthodox,"Oct 03, 1983",1.68,32%,3.8,45%,1.99,25%,33%,0.7,992
http://ufcstats.com/fighter-details/0b64d0fed453ef7f,Scott Jorgensen,Young Guns,15-12-0,15,12,0.0,"5' 5""",135 lbs.,"66""",Orthodox,"Sep 17, 1982",3.37,40%,3.41,65%,2.61,45%,59%,0.7,991
http://ufcstats.com/fighter-details/30b577b112bef42d,Vernon Ramos Ho,,3-1-0,3,1,0.0,"5' 6""",170 lbs.,--,Orthodox,"Jun 03, 1992",4.0,25%,8.0,55%,0.0,0%,0%,0.0,990
http://ufcstats.com/fighter-details/777dea713da2441d,Valmir Lazaro,Bidu,15-5-0,15,5,0.0,"6' 0""",155 lbs.,"73""",Orthodox,"Aug 15, 1985",4.87,37%,4.09,61%,1.33,40%,96%,0.0,989
http://ufcstats.com/fighter-details/c136b2a8852da5bd,Akbarh Arreola,El Caballero,23-11-1,23,11,1.0,"5' 10""",155 lbs.,"71""",Southpaw,"Jan 14, 1983",2.32,45%,4.01,56%,1.07,100%,33%,0.4,988
http://ufcstats.com/fighter-details/4b4753d19489297f,Anthony Perosh,The Hippo,15-10-0,15,10,0.0,"6' 3""",205 lbs.,"75""",Orthodox,"Oct 05, 1972",2.27,43%,3.77,53%,2.03,22%,33%,1.1,987
http://ufcstats.com/fighter-details/54578e5927adea53,Richie Vaculik,Vas,10-4-0,10,4,0.0,"5' 6""",125 lbs.,"69""",Orthodox,"Jun 19, 1983",3.69,46%,4.09,57%,3.0,45%,31%,1.0,986
http://ufcstats.com/fighter-details/8a9c6c4301f6d088,Danny Martinez,The Gremlin,21-8-0,21,8,0.0,"5' 6""",125 lbs.,"67""",Orthodox,"Jun 14, 1985",2.73,28%,3.77,63%,3.0,45%,36%,0.0,985
http://ufcstats.com/fighter-details/6e92eb1242b46636,Steve Montgomery,The Creepy Weasel,9-5-0,9,5,0.0,"6' 4""",185 lbs.,--,Southpaw,"Dec 19, 1990",4.85,39%,4.12,47%,0.0,0%,64%,0.0,984
http://ufcstats.com/fighter-details/185fb0200a4605e6,Steve Kennedy,The Steamrolla,24-8-0,24,8,0.0,"5' 11""",170 lbs.,--,Orthodox,"Mar 07, 1983",2.28,35%,5.52,45%,2.51,33%,0%,0.0,983
http://ufcstats.com/fighter-details/a3be148af5c7b088,Piotr Hallmann,Pletwal,18-6-0,18,6,0.0,"5' 9""",155 lbs.,"71""",Orthodox,"Aug 25, 1987",3.98,45%,3.17,58%,2.55,44%,70%,0.4,982
http://ufcstats.com/fighter-details/1fb80f46d3c105d9,Fabio Maldonado,Caipira de Aco,23-11-0,23,11,0.0,"6' 1""",205 lbs.,"75""",Orthodox,"Mar 17, 1980",5.29,58%,4.31,53%,0.44,57%,61%,0.6,981
http://ufcstats.com/fighter-details/6c7020b859c7a3ce,Edimilson Souza,Kevin,15-5-0,15,5,0.0,"6' 0""",145 lbs.,"74""",Orthodox,"Oct 17, 1984",4.65,44%,2.91,58%,0.0,0%,50%,0.0,980
http://ufcstats.com/fighter-details/7a39bbac8cc0fa70,Gasan Umalatov,Cobra,17-4-2,17,4,2.0,"5' 11""",170 lbs.,"71""",Orthodox,"Sep 11, 1982",2.23,39%,4.1,59%,0.75,17%,90%,0.0,979
http://ufcstats.com/fighter-details/6c011be66326ad97,Bruno Korea,,7-3-0,7,3,0.0,"5' 6""",135 lbs.,"65""",,"Jun 28, 1991",2.12,34%,3.96,42%,0.0,0%,25%,0.0,978
http://ufcstats.com/fighter-details/6e7c758f5cdec01a,Paddy Holohan,The Hooligan,12-2-1,12,2,1.0,"5' 10""",125 lbs.,"69""",Orthodox,"May 03, 1988",2.13,46%,2.81,46%,2.88,47%,71%,1.3,977
http://ufcstats.com/fighter-details/0d0351c20169a499,Jon Delos Reyes,The Heat,8-5-0,8,5,0.0,"5' 6""",125 lbs.,"67""",Orthodox,"Aug 19, 1987",2.99,38%,4.14,51%,3.2,83%,55%,1.9,976
http://ufcstats.com/fighter-details/c575ab451e3c5b1d,Mickael Lebout,Ragnar,16-7-1 (1 NC),16,7,,"5' 11""",155 lbs.,"73""",Orthodox,"Aug 16, 1987",2.6,34%,2.98,54%,0.0,0%,60%,0.0,975
http://ufcstats.com/fighter-details/e50cd77732d39967,Aisling Daly,Ais the Bash,16-6-0,16,6,0.0,"5' 2""",115 lbs.,"64""",Orthodox,"Dec 24, 1987",2.92,52%,1.4,55%,2.15,41%,33%,0.9,974
http://ufcstats.com/fighter-details/67a992d4cff22466,Ericka Almeida,,7-3-0,7,3,0.0,"5' 6""",115 lbs.,--,Orthodox,"Mar 05, 1989",1.07,39%,3.33,43%,0.5,33%,37%,0.0,973
http://ufcstats.com/fighter-details/99c7610aa74995d3,Cathal Pendred,The Punisher,17-4-1,17,4,1.0,"6' 1""",170 lbs.,"75""",Orthodox,"Sep 02, 1987",2.49,44%,3.01,55%,2.46,23%,83%,0.4,972
http://ufcstats.com/fighter-details/132505067f08c54d,Bubba Bush,The Fightin' Texas Aggie,8-3-0 (1 NC),8,3,,"6' 0""",185 lbs.,--,Orthodox,"Jul 24, 1985",0.63,55%,7.01,25%,2.82,50%,60%,0.0,971
http://ufcstats.com/fighter-details/ca2efc9d7d523c43,Shawn Jordan,The Savage,19-8-0,19,8,0.0,"6' 0""",260 lbs.,"75""",Southpaw,"Oct 21, 1984",2.87,50%,3.3,47%,1.97,38%,76%,0.1,970
http://ufcstats.com/fighter-details/369e1ce458ef50a6,Ruslan Magomedov,Leopard,14-1-0,14,1,0.0,"6' 3""",242 lbs.,"78""",Orthodox,"Nov 26, 1986",4.02,47%,1.47,66%,0.33,100%,88%,0.0,969
http://ufcstats.com/fighter-details/97a6bbe6e6566a94,Francisco Trevino,Sitkayan,13-3-0,13,3,0.0,"5' 9""",155 lbs.,"70""",Orthodox,"Dec 17, 1981",2.65,42%,2.42,64%,0.97,22%,41%,0.0,968
http://ufcstats.com/fighter-details/b2e3aca4cd363477,Chris Cariaso,Kamikaze,17-8-0,17,8,0.0,"5' 3""",125 lbs.,"64""",Southpaw,"May 27, 1981",3.35,43%,2.23,61%,1.11,39%,57%,0.8,967
http://ufcstats.com/fighter-details/32be4b7f7de1c905,Chico Camus,The King,17-7-0 (1 NC),17,7,,"5' 6""",125 lbs.,"66""",Orthodox,"Jan 26, 1985",2.58,41%,2.46,64%,0.77,40%,72%,0.4,966
http://ufcstats.com/fighter-details/3c0437fbeda06962,George Roop,,15-13-1,15,13,1.0,"6' 1""",135 lbs.,"72""",Orthodox,"Nov 10, 1981",3.43,34%,2.47,60%,1.05,57%,59%,0.1,965
http://ufcstats.com/fighter-details/44470bfd9483c7ad,Katsunori Kikuno,,24-8-2,24,8,2.0,"5' 8""",145 lbs.,"66""",Orthodox,"Oct 31, 1981",2.64,40%,2.47,61%,1.88,75%,76%,0.8,964
http://ufcstats.com/fighter-details/bc8f6b42767e28df,Naoyuki Kotani,,34-14-7,34,14,7.0,"5' 8""",155 lbs.,"66""",Southpaw,"Dec 08, 1981",1.02,31%,2.89,50%,0.83,16%,46%,0.8,963
http://ufcstats.com/fighter-details/fe5ca7ef93c3f6a7,Roger Zapata,Viva,4-2-0,4,2,0.0,"5' 11""",170 lbs.,--,Southpaw,"May 09, 1986",2.6,51%,2.13,36%,0.0,0%,81%,1.4,962
http://ufcstats.com/fighter-details/cc900c6a71ed23f3,Clay Collard,Cassius,14-7-0 (1 NC),14,7,,"5' 11""",145 lbs.,"73""",Orthodox,"Mar 10, 1993",4.22,32%,5.0,50%,2.81,39%,71%,0.5,961
http://ufcstats.com/fighter-details/6dd758d34da8d254,Ron Stallings,The Choir Boy,14-8-0 (1 NC),14,8,,"6' 2""",170 lbs.,"75""",Southpaw,"Jan 25, 1983",3.22,60%,3.26,51%,0.0,0%,71%,0.0,960
http://ufcstats.com/fighter-details/d38e8c6ae2dfc051,Nazareno Malegarie,El Tigre,28-4-0,28,4,0.0,"5' 8""",155 lbs.,--,,"May 16, 1986",3.87,34%,3.27,69%,1.0,33%,0%,0.0,959
http://ufcstats.com/fighter-details/501b07aec9b8fc2d,Sam Stout,Hands of Stone,20-12-1,20,12,1.0,"5' 9""",155 lbs.,"70""",Orthodox,"Apr 23, 1984",4.17,28%,4.08,57%,0.63,38%,77%,0.1,958
http://ufcstats.com/fighter-details/b4eeac608fc82f88,Yves Jabouin,Tiger,20-11-0,20,11,0.0,"5' 7""",135 lbs.,"68""",Orthodox,"May 30, 1979",3.06,41%,2.93,62%,1.94,60%,82%,0.1,957
http://ufcstats.com/fighter-details/52ba464d9068d871,Elias Silverio,Xuxu,13-3-0,13,3,0.0,"5' 11""",155 lbs.,"73""",Orthodox,"Sep 22, 1986",3.67,49%,2.97,51%,1.62,38%,85%,0.2,956
http://ufcstats.com/fighter-details/6809c31286b08d97,Tom Watson,Kong,17-9-0,17,9,0.0,"6' 1""",185 lbs.,"73""",Orthodox,"Jul 13, 1982",4.01,44%,4.41,50%,0.15,7%,43%,0.0,955
http://ufcstats.com/fighter-details/2525a853486ee670,Sirwan Kakai,Zohan,12-5-0,12,5,0.0,"5' 5""",135 lbs.,--,Orthodox,"Oct 03, 1989",3.57,41%,4.63,62%,4.0,42%,83%,0.0,954
http://ufcstats.com/fighter-details/72c4b253d2f5ebf2,Roman Salazar,El Gallito,10-6-0 (1 NC),10,6,,"5' 7""",135 lbs.,--,Orthodox,"Feb 21, 1988",1.95,39%,2.89,57%,1.77,18%,50%,0.0,953
http://ufcstats.com/fighter-details/4f11e9ce318ffbcb,Anthony Christodoulou,,12-7-0,12,7,0.0,"5' 9""",155 lbs.,--,Orthodox,"Jul 30, 1987",2.19,26%,5.9,45%,0.0,0%,40%,0.0,952
http://ufcstats.com/fighter-details/ee9d73f4fee9cbdd,Antonio Rodrigo Nogueira,Minotauro,34-10-1 (1 NC),34,10,,"6' 3""",240 lbs.,"77""",Orthodox,"Jun 02, 1976",1.95,42%,2.4,55%,1.3,29%,36%,2.4,951
http://ufcstats.com/fighter-details/60029bcf496bd707,Soa Palelei,The Hulk,22-5-0,22,5,0.0,"6' 4""",265 lbs.,"81""",Orthodox,"Jul 12, 1977",2.47,57%,2.68,48%,2.2,47%,66%,0.0,950
http://ufcstats.com/fighter-details/f95381efb3051d81,Hugo Viana,Wolverine,8-4-0,8,4,0.0,"5' 6""",135 lbs.,"67""",Orthodox,"Sep 26, 1982",3.05,38%,3.2,57%,0.22,6%,50%,0.0,949
http://ufcstats.com/fighter-details/22aa91e402d0fe1f,Ramsey Nijem,,9-6-0,9,6,0.0,"5' 11""",155 lbs.,"75""",Orthodox,"Apr 01, 1988",3.05,44%,1.62,62%,5.32,62%,55%,1.1,948
http://ufcstats.com/fighter-details/a7ddae0be8b78147,Jessamyn Duke,The Gun,3-5-0 (1 NC),3,5,,"5' 11""",135 lbs.,"73""",Orthodox,"Jun 24, 1986",4.83,53%,4.43,57%,1.27,36%,50%,1.9,947
http://ufcstats.com/fighter-details/19db7ac26308178f,Ivan Jorge,Batman,27-7-0,27,7,0.0,"5' 9""",155 lbs.,"73""",Orthodox,"Nov 07, 1980",3.41,49%,2.91,59%,1.56,16%,75%,0.6,946
http://ufcstats.com/fighter-details/9310418684bc896f,Pawel Pawlak,,12-3-0,12,3,0.0,"6' 0""",170 lbs.,"73""",Orthodox,"Feb 08, 1989",1.67,33%,2.22,53%,1.0,37%,70%,0.0,945
http://ufcstats.com/fighter-details/8bbc0cfc01bc1ba1,Leonardo Mafra,Macarrao,13-4-0,13,4,0.0,"5' 10""",155 lbs.,"70""",Orthodox,"Apr 25, 1989",4.55,48%,4.38,43%,2.12,83%,69%,0.4,944
http://ufcstats.com/fighter-details/8bb6f4479685bbcc,Vaughan Lee,,14-13-1,14,13,1.0,"5' 6""",125 lbs.,"66""",Orthodox,"Oct 15, 1982",3.47,47%,2.07,70%,0.81,33%,72%,1.0,943
http://ufcstats.com/fighter-details/523f6ad11dbe9b53,Hans Stringer,,22-8-3,22,8,3.0,"6' 3""",205 lbs.,--,Orthodox,"Jul 06, 1987",3.16,61%,2.84,41%,2.4,36%,62%,0.0,942
http://ufcstats.com/fighter-details/3f56b99447f00607,Paul Redmond,Redser,12-7-0,12,7,0.0,"5' 10""",145 lbs.,--,Orthodox,"Oct 20, 1986",0.72,34%,2.99,41%,0.0,0%,50%,0.0,941
http://ufcstats.com/fighter-details/81801f57bd0a7c41,Marcus Brimage,The Bama Beast,7-7-0,7,7,0.0,"5' 4""",135 lbs.,"71""",Southpaw,"Apr 06, 1985",3.97,35%,3.64,56%,0.56,100%,80%,0.0,940
http://ufcstats.com/fighter-details/a566371ba2ad7152,Josh Thomson,The Punk,22-9-0 (1 NC),22,9,,"5' 10""",155 lbs.,"71""",Orthodox,"Sep 21, 1978",2.59,47%,2.12,64%,1.92,39%,54%,1.3,939
http://ufcstats.com/fighter-details/dbea8c1cb327ab3d,Igor Araujo,,25-9-0 (1 NC),25,9,,"6' 1""",170 lbs.,"77""",Orthodox,"Dec 06, 1980",1.52,42%,2.86,49%,0.86,15%,22%,0.6,938
http://ufcstats.com/fighter-details/7c6e87729e824ef4,Ildemar Alcantara,Marajo,21-11-0,21,11,0.0,"6' 2""",185 lbs.,"78""",Orthodox,"Nov 18, 1982",1.93,38%,2.63,50%,2.0,68%,81%,0.9,937
http://ufcstats.com/fighter-details/8a70ceb3edbe757b,Andrew Craig,Highlight,9-4-0,9,4,0.0,"6' 1""",170 lbs.,"76""",Orthodox,"Jan 15, 1986",2.39,40%,3.01,50%,0.53,37%,72%,0.0,936
http://ufcstats.com/fighter-details/d0c29452d3272603,Dan Miller,,14-8-0 (1 NC),14,8,,"6' 1""",185 lbs.,"74""",Orthodox,"Jun 30, 1981",2.03,36%,3.06,49%,1.67,54%,47%,1.8,935
http://ufcstats.com/fighter-details/bffeb123b21c9aad,Darrell Montague,Mongoose,13-5-0,13,5,0.0,"5' 6""",125 lbs.,"67""",Southpaw,"Nov 03, 1987",1.92,25%,5.38,52%,0.72,25%,33%,1.4,934
http://ufcstats.com/fighter-details/9fe85152f351e737,Mike Swick,Quick,15-6-0,15,6,0.0,"6' 1""",170 lbs.,"77""",Orthodox,"Jun 19, 1979",2.36,37%,2.29,54%,1.06,50%,61%,0.6,933
http://ufcstats.com/fighter-details/3e61082025db8137,Yosdenis Cedeno,Pink Panther,10-6-1,10,6,1.0,"5' 8""",155 lbs.,"69""",Orthodox,"Feb 12, 1985",1.64,29%,1.6,67%,0.0,0%,31%,0.3,932
http://ufcstats.com/fighter-details/8cad40a75e5c97f5,Eddie Gordon,Truck,8-4-0,8,4,0.0,"6' 0""",185 lbs.,"76""",Orthodox,"Jul 22, 1983",2.03,32%,2.57,60%,1.93,83%,63%,0.0,931
http://ufcstats.com/fighter-details/e82d5f54daa85a7e,Joe Merritt,,7-2-0,7,2,0.0,"6' 0""",170 lbs.,--,Orthodox,"Mar 07, 1984",1.53,58%,0.73,66%,0.0,0%,68%,0.0,930
http://ufcstats.com/fighter-details/2ff2e6e5abea3e53,Lewis Gonzalez,Lethal,11-3-0,11,3,0.0,"5' 10""",170 lbs.,--,Orthodox,"Sep 19, 1987",1.4,37%,1.87,41%,2.0,33%,62%,0.0,929
http://ufcstats.com/fighter-details/f2ad06f1007c481a,Alan Omer,,20-5-0,20,5,0.0,"5' 10""",145 lbs.,--,Orthodox,"Sep 14, 1988",3.49,55%,2.21,64%,1.69,42%,66%,0.0,928
http://ufcstats.com/fighter-details/39cc64bf0a269db9,Niklas Backstrom,,11-3-0 (1 NC),11,3,,"6' 1""",145 lbs.,--,Orthodox,"Aug 22, 1989",1.12,41%,3.65,40%,2.92,80%,72%,2.2,927
http://ufcstats.com/fighter-details/81b8b3fb019dc69d,Antonio Dos Santos,Junior Alpha,6-4-0,6,4,0.0,"5' 10""",185 lbs.,--,Orthodox,"Jul 21, 1988",5.4,51%,3.94,43%,0.0,0%,100%,0.0,926
http://ufcstats.com/fighter-details/32ba186f4b0e3267,Brian Ebersole,Bad Boy,51-18-1 (1 NC),51,18,,"6' 0""",170 lbs.,"73""",Southpaw,"Nov 27, 1980",2.32,49%,2.14,56%,1.7,23%,61%,0.1,925
http://ufcstats.com/fighter-details/e56daf7725a0b5ab,Justin Edwards,Fast Eddy,9-5-0,9,5,0.0,"5' 10""",155 lbs.,"70""",Orthodox,"Jan 26, 1983",2.68,42%,3.32,51%,2.14,26%,27%,1.0,924
http://ufcstats.com/fighter-details/aa6e591c2a2cdecd,Ricardo Abreu,Demente,5-1-0,5,1,0.0,"5' 11""",185 lbs.,--,Orthodox,"Apr 27, 1984",3.79,31%,3.98,68%,2.13,42%,100%,0.7,923
http://ufcstats.com/fighter-details/45230be0641f3f53,Leonardo Morales,Chimy,6-2-0,6,2,0.0,"5' 8""",135 lbs.,--,Southpaw,"Dec 22, 1992",2.05,47%,2.05,58%,0.0,0%,62%,0.0,922
http://ufcstats.com/fighter-details/bc3ec52ef70fc155,Ryan Jimmo,The Big Deal,19-5-0,19,5,0.0,"6' 1""",205 lbs.,"73""",Orthodox,"Nov 27, 1981",3.12,66%,2.77,46%,0.45,28%,87%,0.0,921
http://ufcstats.com/fighter-details/32c03df3c9760069,Wendell Oliveira Marques,The Machine,29-10-0,29,10,0.0,"5' 10""",170 lbs.,--,Orthodox,"Jun 01, 1983",3.77,47%,4.4,47%,0.0,0%,100%,0.0,920
http://ufcstats.com/fighter-details/2153a7f8396a46cc,Luiz Dutra,Besouro,13-6-1,13,6,1.0,"5' 11""",170 lbs.,--,Orthodox,"May 06, 1982",3.92,50%,4.8,41%,0.0,0%,100%,0.0,919
http://ufcstats.com/fighter-details/f65dcb22dada2223,Josh Sampo,The Gremlin,11-5-0,11,5,0.0,"5' 4""",125 lbs.,"64""",Orthodox,"Jul 24, 1984",1.99,36%,2.96,55%,1.06,33%,40%,2.1,918
http://ufcstats.com/fighter-details/05560764359161e4,Constantinos Philippou,,13-5-0 (1 NC),13,5,,"5' 11""",185 lbs.,"73""",Orthodox,"Nov 29, 1979",2.19,35%,2.73,54%,0.4,42%,65%,0.3,917
http://ufcstats.com/fighter-details/179f1948dc234f1f,Mark Munoz,The Filipino Wrecking Machine,14-6-0,14,6,0.0,"6' 0""",185 lbs.,"71""",Orthodox,"Feb 09, 1978",3.12,51%,2.26,57%,3.17,29%,57%,0.6,916
http://ufcstats.com/fighter-details/172c2135e70f87b7,Luke Barnatt,The Bigslow,13-4-0,13,4,0.0,"6' 6""",185 lbs.,"77""",Orthodox,"Apr 13, 1988",4.43,36%,3.87,59%,0.63,42%,63%,0.4,915
http://ufcstats.com/fighter-details/7b310409440c9102,Zhang Lipeng,The Warrior,23-9-1,23,9,1.0,"5' 11""",155 lbs.,"71""",Southpaw,"Mar 10, 1990",1.28,48%,1.88,53%,1.75,30%,69%,0.8,914
http://ufcstats.com/fighter-details/b9c03e7a4557e542,Royston Wee,,4-1-0,4,1,0.0,"5' 7""",135 lbs.,"67""",Orthodox,"Nov 15, 1986",1.1,60%,2.45,49%,3.38,81%,0%,0.0,913
http://ufcstats.com/fighter-details/57887765f831e228,Roldan Sangcha'an,The Executioner,4-2-0,4,2,0.0,"5' 4""",125 lbs.,--,Orthodox,"Dec 04, 1990",2.71,46%,2.15,51%,1.94,60%,68%,0.0,912
http://ufcstats.com/fighter-details/9eb069062a0cfc13,Nolan Ticman,,4-3-0,4,3,0.0,"5' 6""",125 lbs.,--,Orthodox,"May 17, 1988",2.57,47%,2.53,67%,0.0,0%,60%,0.0,911
http://ufcstats.com/fighter-details/ef7fa30364cbe7f2,Hatsu Hioki,,29-10-2,29,10,2.0,"5' 11""",145 lbs.,"73""",Orthodox,"Jul 18, 1983",2.42,42%,2.12,65%,2.55,56%,54%,0.6,910
http://ufcstats.com/fighter-details/77350fd0e6d1dba8,Lisa Ellis,,15-11-0,15,11,0.0,"5' 4""",115 lbs.,--,,"Nov 15, 1982",1.68,48%,2.32,57%,4.19,63%,50%,0.6,909
http://ufcstats.com/fighter-details/00debc804e2b1cd4,Dylan Andrews,The Villain,18-7-0 (1 NC),18,7,,"6' 1""",185 lbs.,"74""",Switch,"Nov 15, 1979",2.21,50%,2.72,46%,2.83,50%,57%,0.4,908
http://ufcstats.com/fighter-details/1e7483dbff40b84b,Vik Grujic,The Spartan,6-6-0,6,6,0.0,"5' 11""",170 lbs.,"73""",Orthodox,"Feb 06, 1977",2.24,48%,3.39,41%,1.18,33%,26%,0.4,907
http://ufcstats.com/fighter-details/e18a19001a3f7c7d,Alptekin Ozkilic,The Turkish Delight,9-5-0,9,5,0.0,"5' 5""",125 lbs.,"65""",Orthodox,"Mar 27, 1986",3.81,32%,5.72,59%,4.21,58%,75%,0.0,906
http://ufcstats.com/fighter-details/ffc088e64fab57e9,Quinton Jackson,Rampage,37-12-0,37,12,0.0,"6' 1""",205 lbs.,"73""",Orthodox,"Jun 20, 1978",3.25,54%,2.51,55%,1.52,56%,73%,0.1,905
http://ufcstats.com/fighter-details/49f4b511932f71e9,David Michaud,BullDawg,11-3-0,11,3,0.0,"5' 9""",155 lbs.,--,Orthodox,"Nov 10, 1988",3.25,43%,4.45,54%,2.53,58%,77%,0.7,904
http://ufcstats.com/fighter-details/e5ecaf884b6da2bc,Chris Clements,The Menace,12-6-0 (1 NC),12,6,,"5' 10""",170 lbs.,"70""",Orthodox,"Feb 09, 1976",3.2,49%,2.37,44%,0.0,0%,32%,0.3,903
http://ufcstats.com/fighter-details/ffdeb4fbea09ce75,Jessica Rakoczy,The Ragin',1-5-0 (1 NC),1,5,,"5' 7""",115 lbs.,--,Orthodox,"Apr 14, 1977",2.5,44%,3.55,64%,0.75,20%,0%,0.8,902
http://ufcstats.com/fighter-details/893d51aaf024eddd,Jimy Hettes,The Kid,11-3-0,11,3,0.0,"5' 9""",145 lbs.,"71""",Southpaw,"Jun 09, 1987",3.47,57%,3.5,57%,5.2,44%,61%,1.4,901
http://ufcstats.com/fighter-details/c32fb8c0f6471a4d,Mirko Filipovic,Cro Cop,35-11-2 (1 NC),35,11,,"6' 2""",230 lbs.,"73""",Southpaw,"Sep 10, 1974",2.11,50%,1.89,63%,0.19,40%,78%,0.3,900
http://ufcstats.com/fighter-details/fd5b6598a3b70c0a,Seth Baczynski,The Polish Pistola,20-14-0,20,14,0.0,"6' 3""",170 lbs.,"75""",Orthodox,"Oct 26, 1981",3.08,31%,3.14,51%,0.89,16%,48%,0.8,899
http://ufcstats.com/fighter-details/4fcf6e0c4e0e6664,Izabela Badurek,,6-3-0,6,3,0.0,"5' 5""",115 lbs.,--,Orthodox,"Jul 11, 1991",3.74,71%,4.9,32%,1.75,12%,100%,0.0,898
http://ufcstats.com/fighter-details/5c2ce761399dc9c5,Marcin Bandel,Bomba,15-7-0,15,7,0.0,"5' 10""",155 lbs.,--,Orthodox,"Oct 10, 1989",0.79,50%,5.26,23%,0.0,0%,0%,0.0,897
http://ufcstats.com/fighter-details/0d1c163b206e8c5f,Rocky Lee,,3-2-0,3,2,0.0,"5' 9""",145 lbs.,--,Orthodox,"Apr 08, 1987",2.47,51%,5.33,44%,1.0,10%,33%,0.0,896
http://ufcstats.com/fighter-details/960d6cae8879ba2b,Robert Peralta,Problems,18-8-0 (1 NC),18,8,,"5' 8""",145 lbs.,"71""",Orthodox,"Mar 14, 1986",3.76,44%,2.97,53%,0.59,66%,65%,0.0,895
http://ufcstats.com/fighter-details/9b75954db8db2a08,Justin Jones,Black Dynamite,9-2-0,9,2,0.0,"5' 11""",185 lbs.,--,Orthodox,"Sep 06, 1987",1.7,36%,3.17,45%,1.0,15%,46%,0.5,894
http://ufcstats.com/fighter-details/dd37fd509af89f15,Josh Koscheck,,17-11-0,17,11,0.0,"5' 10""",170 lbs.,"73""",Orthodox,"Nov 30, 1977",1.79,36%,2.27,63%,2.46,48%,64%,0.4,893
http://ufcstats.com/fighter-details/8ef4a91ac694b7ce,Shayna Baszler,The Queen of Spades,15-11-0,15,11,0.0,"5' 7""",135 lbs.,--,Orthodox,"Aug 08, 1980",2.49,30%,6.36,51%,0.67,18%,44%,1.3,892
http://ufcstats.com/fighter-details/064b7dc68d786254,Cain Carrizosa,The Insane,10-3-0,10,3,0.0,"5' 8""",155 lbs.,--,Orthodox,"Jul 22, 1986",2.72,42%,5.8,51%,0.0,0%,14%,0.0,891
http://ufcstats.com/fighter-details/ddf3e0ea10ea6d8c,Jorge de Oliveira,Blade,9-2-0,9,2,0.0,"5' 8""",155 lbs.,--,Orthodox,"Jan 22, 1980",1.26,31%,4.84,48%,0.0,0%,22%,0.0,890
http://ufcstats.com/fighter-details/abd2109bc4cb0291,Bentley Syler,Bolivia,5-1-0,5,1,0.0,"5' 4""",125 lbs.,--,Orthodox,"Dec 22, 1982",1.3,18%,1.73,79%,0.0,0%,75%,0.0,889
http://ufcstats.com/fighter-details/3a12a2f096a6d975,Roger Narvaez,Silverback,8-3-0,8,3,0.0,"6' 3""",185 lbs.,--,Southpaw,"Sep 09, 1983",2.12,37%,3.32,64%,0.0,0%,50%,0.9,888
http://ufcstats.com/fighter-details/3aa794cbe1e3484b,Josh Copeland,Cuddly Bear,12-4-0,12,4,0.0,"6' 1""",265 lbs.,--,Orthodox,"Oct 20, 1982",1.03,31%,3.01,55%,0.0,0%,57%,0.0,887
http://ufcstats.com/fighter-details/33e00249ef08d3a4,Jake Lindsey,The Librarian,12-7-0,12,7,0.0,"5' 11""",155 lbs.,--,Switch,"Jun 21, 1986",3.44,52%,4.01,46%,0.65,33%,50%,0.0,886
http://ufcstats.com/fighter-details/16b89be2f5c16fba,Larissa Pacheco,,10-2-0,10,2,0.0,"5' 7""",135 lbs.,--,Orthodox,"Sep 07, 1994",1.21,19%,4.14,55%,0.0,0%,0%,0.0,885
http://ufcstats.com/fighter-details/4834ff149dc9542a,Norifumi Yamamoto,Kid,18-6-0 (2 NC),18,6,,"5' 4""",135 lbs.,"66""",Southpaw,"Mar 15, 1977",2.09,45%,2.01,57%,0.41,22%,45%,0.0,884
http://ufcstats.com/fighter-details/7e208569469c8bc8,Ruan Potts,Fangzz,11-6-0,11,6,0.0,"6' 2""",247 lbs.,"75""",Orthodox,"Feb 23, 1978",0.85,37%,5.92,22%,0.75,16%,33%,2.3,883
http://ufcstats.com/fighter-details/e4e0f310b3cf23a8,Alex Torres,Rolo,5-4-0,5,4,0.0,"5' 10""",145 lbs.,--,Orthodox,"May 29, 1988",2.47,37%,2.73,69%,2.0,22%,50%,0.0,882
http://ufcstats.com/fighter-details/ed74afc8b5b47a61,William Macario,Patolino,9-3-0,9,3,0.0,"5' 11""",170 lbs.,"75""",Orthodox,"Jul 01, 1991",4.92,54%,3.96,65%,1.85,45%,78%,0.0,881
http://ufcstats.com/fighter-details/1d36f1ac66cf689d,Josh Shockley,,11-4-0,11,4,0.0,"6' 1""",155 lbs.,--,Orthodox,"Nov 15, 1989",1.4,33%,1.75,60%,0.0,0%,61%,0.8,880
http://ufcstats.com/fighter-details/b4c96c3d9139bf0e,Patrick Walsh,The Beast of the East,10-3-0,10,3,0.0,"5' 11""",185 lbs.,--,,"Nov 28, 1988",2.03,19%,2.83,64%,3.0,54%,100%,1.5,879
http://ufcstats.com/fighter-details/a4dc47001f202bcd,Rodrigo de Lima,Monstro,8-3-1,8,3,1.0,"5' 7""",155 lbs.,--,Orthodox,"Mar 12, 1991",1.29,33%,5.5,32%,2.66,36%,0%,1.3,878
http://ufcstats.com/fighter-details/701e057d63c124d9,Ian McCall,Uncle Creepy,13-5-1,13,5,1.0,"5' 5""",125 lbs.,"64""",Orthodox,"May 07, 1984",3.59,39%,3.25,67%,2.08,30%,88%,0.0,877
http://ufcstats.com/fighter-details/9147679e1a4ad4a3,Richardson Moreira,Rick Monstro,7-4-0,7,4,0.0,"6' 2""",185 lbs.,--,Orthodox,"Mar 31, 1984",1.17,28%,1.83,67%,0.0,0%,100%,0.0,876
http://ufcstats.com/fighter-details/993d385f5a475375,Andy Enz,Tank Mode,10-4-0,10,4,0.0,"6' 3""",185 lbs.,"78""",Orthodox,"Aug 15, 1991",3.51,23%,5.32,57%,0.0,0%,58%,0.0,875
http://ufcstats.com/fighter-details/902ab9197b83d0db,Phil Davis,Mr. Wonderful,17-4-0 (1 NC),17,4,,"6' 2""",205 lbs.,"79""",Orthodox,"Sep 25, 1984",2.85,34%,1.33,72%,2.99,38%,72%,0.6,874
http://ufcstats.com/fighter-details/3f52ce18fb98008f,Akira Corassani,,12-6-0 (1 NC),12,6,,"5' 8""",145 lbs.,"68""",Orthodox,"Aug 27, 1982",3.25,45%,4.91,50%,0.7,28%,86%,0.0,873
http://ufcstats.com/fighter-details/b6c4451cb13c9303,Andy Ogle,The Little Axe,9-6-0,9,6,0.0,"5' 8""",145 lbs.,"69""",Orthodox,"Feb 16, 1989",2.24,44%,2.23,50%,1.44,26%,58%,0.0,872
http://ufcstats.com/fighter-details/1d4bbaabd8b60173,Stanislav Nedkov,Stucky,12-2-0 (1 NC),12,2,,"5' 11""",205 lbs.,"71""",Orthodox,"Dec 09, 1981",3.33,43%,5.39,43%,2.77,41%,0%,0.0,871
http://ufcstats.com/fighter-details/a7de976620f2ed13,Shane Howell,,13-10-0,13,10,0.0,"5' 8""",125 lbs.,--,Orthodox,"Nov 28, 1983",1.27,32%,2.55,42%,0.0,0%,20%,0.0,870
http://ufcstats.com/fighter-details/7b39035fae7268b8,Matt Van Buren,Gutter,7-6-0,7,6,0.0,"6' 5""",205 lbs.,--,,"Jun 12, 1986",7.73,45%,6.82,49%,0.0,0%,50%,0.0,869
http://ufcstats.com/fighter-details/3a524c6700addc24,Tateki Matsuda,Tech,13-8-0,13,8,0.0,"5' 7""",125 lbs.,--,Orthodox,"Feb 27, 1986",3.2,34%,3.43,69%,0.0,0%,16%,0.0,868
http://ufcstats.com/fighter-details/b72a60a0cadff408,Louis Gaudinot,Goodnight,8-4-0 (1 NC),8,4,,"5' 3""",125 lbs.,"63""",Orthodox,"Aug 28, 1984",2.34,37%,6.42,48%,0.57,40%,31%,1.1,867
http://ufcstats.com/fighter-details/a20d7dfaba74c067,Rodrigo Damm,,13-9-0,13,9,0.0,"5' 7""",155 lbs.,"71""",Orthodox,"Feb 03, 1980",3.5,36%,5.61,57%,0.44,16%,80%,0.3,866
http://ufcstats.com/fighter-details/a9bcf8717dd12532,Mats Nilsson,,11-4-1,11,4,1.0,"6' 1""",170 lbs.,--,Orthodox,"Dec 05, 1983",2.99,39%,5.62,63%,3.87,83%,44%,2.3,865
http://ufcstats.com/fighter-details/4ae4049426e0161d,Alexis Dufresne,Sneaky Zebra,6-3-0,6,3,0.0,"5' 9""",135 lbs.,--,Orthodox,"Aug 31, 1990",1.33,27%,3.33,60%,1.5,50%,50%,0.0,864
http://ufcstats.com/fighter-details/b7ad576b8ae115e6,Mike Rhodes,Biggie,10-5-0,10,5,0.0,"6' 1""",170 lbs.,"74""",Orthodox,"Dec 04, 1989",3.2,39%,4.13,64%,0.96,33%,75%,0.5,863
http://ufcstats.com/fighter-details/5fceb45939fc0c8a,Tom Niinimaki,Stoneface,22-8-1,22,8,1.0,"5' 9""",145 lbs.,"69""",Orthodox,"Jul 25, 1982",1.91,54%,2.31,58%,2.97,46%,33%,0.5,862
http://ufcstats.com/fighter-details/a54fc2d6fc224dc3,Jamie Varner,,21-11-1 (2 NC),21,11,,"5' 8""",155 lbs.,"71""",Orthodox,"Oct 12, 1984",2.92,34%,2.55,58%,3.49,53%,66%,0.8,861
http://ufcstats.com/fighter-details/8e8e4487c621aa1c,Joe Ellenberger,Excalibur,15-2-0,15,2,0.0,"5' 9""",155 lbs.,"72""",Orthodox,"Mar 28, 1985",1.62,47%,3.45,48%,3.17,40%,0%,1.1,860
http://ufcstats.com/fighter-details/129537073431e52e,Garett Whiteley,Goodnight,7-3-0,7,3,0.0,"6' 0""",155 lbs.,"72""",Orthodox,"Dec 13, 1980",3.72,48%,4.04,46%,0.0,0%,27%,0.9,859
http://ufcstats.com/fighter-details/fe91d254db77a7fc,Dustin Kimura,The Diamond,11-3-0,11,3,0.0,"5' 7""",135 lbs.,"71""",Orthodox,"May 21, 1989",1.33,21%,3.82,51%,0.93,37%,50%,2.2,858
http://ufcstats.com/fighter-details/89a407032911e27e,Brendan Schaub,Big Brown,10-5-0,10,5,0.0,"6' 4""",245 lbs.,"78""",Orthodox,"Mar 18, 1983",2.92,37%,2.22,57%,2.32,46%,72%,0.4,857
http://ufcstats.com/fighter-details/b57edace7b647f07,Matt Hobar,The Crowbar,9-3-0,9,3,0.0,"5' 10""",135 lbs.,"70""",Southpaw,"Jan 07, 1987",3.23,42%,4.27,52%,3.66,44%,50%,0.0,856
http://ufcstats.com/fighter-details/c295de4e10acd4c9,Isaac Vallie-Flagg,,16-7-1,16,7,1.0,"5' 8""",155 lbs.,"70""",Orthodox,"Apr 08, 1978",5.56,47%,5.6,45%,0.2,12%,58%,0.0,855
http://ufcstats.com/fighter-details/5f04e3d58d9ce982,Yves Edwards,,42-22-1 (1 NC),42,22,,"5' 9""",155 lbs.,"73""",Southpaw,"Sep 30, 1976",2.91,42%,2.34,66%,0.76,53%,69%,0.7,854
http://ufcstats.com/fighter-details/85d0fafb8b75d634,Juan Manuel Puig,Fenix,11-4-0,11,4,0.0,"5' 9""",145 lbs.,--,Orthodox,"Apr 23, 1989",4.91,23%,7.17,51%,0.0,0%,0%,0.0,853
http://ufcstats.com/fighter-details/bad8be5827ea1bf1,Chris Heatherly,Stump,9-4-0 (1 NC),9,4,,"5' 9""",155 lbs.,--,Orthodox,"Nov 24, 1987",1.08,45%,2.67,52%,3.39,50%,100%,0.7,852
http://ufcstats.com/fighter-details/e9e7e1c8ff289e1b,Humberto Brown Morrison,,4-6-0,4,6,0.0,"5' 10""",145 lbs.,--,,"Nov 03, 1984",1.71,50%,2.19,62%,1.43,25%,0%,0.0,851
http://ufcstats.com/fighter-details/c4731f43693b96b8,Rodolfo Rubio Perez,Fito,10-16-1,10,16,1.0,"5' 5""",145 lbs.,--,Orthodox,"Jan 29, 1987",1.13,36%,1.0,62%,2.0,33%,33%,0.0,850
http://ufcstats.com/fighter-details/98f6da59d765ec94,Charlie Brenneman,The Spaniard,19-8-0,19,8,0.0,"5' 10""",155 lbs.,"70""",Orthodox,"Feb 09, 1981",1.52,56%,1.55,46%,4.23,42%,72%,0.0,849
http://ufcstats.com/fighter-details/c10eb2f12c489f6d,Tim Gorman,The Psycho,9-4-0,9,4,0.0,"5' 5""",135 lbs.,--,Southpaw,"Apr 29, 1983",2.73,31%,5.57,46%,1.0,9%,33%,0.0,848
http://ufcstats.com/fighter-details/fb79582c410d049e,Wagner Silva,Wagnao,6-3-0,6,3,0.0,"6' 0""",170 lbs.,--,Orthodox,"Feb 07, 1987",1.69,29%,2.87,65%,0.0,0%,58%,0.0,847
http://ufcstats.com/fighter-details/d403b1a6f278c95e,Vagner Rocha,Ceara,14-4-0,14,4,0.0,"5' 10""",155 lbs.,"73""",Orthodox,"Jun 06, 1982",2.64,42%,4.5,48%,1.4,33%,50%,1.9,846
http://ufcstats.com/fighter-details/e7fe5315b1efeb92,Guto Inocente,,7-4-0,7,4,0.0,"6' 3""",205 lbs.,--,Orthodox,"May 29, 1986",4.13,66%,2.92,54%,0.67,33%,66%,0.7,845
http://ufcstats.com/fighter-details/2284092f8b63273b,Luke Zachrich,,14-4-0,14,4,0.0,"6' 2""",185 lbs.,"74""",Orthodox,"Dec 19, 1981",4.56,32%,4.46,62%,0.74,33%,80%,0.0,844
http://ufcstats.com/fighter-details/1ed32eaaba9ffe10,Jumabieke Tuerxun,The Wild Wolf,19-4-1,19,4,1.0,"5' 7""",135 lbs.,--,Orthodox,"Apr 17, 1986",1.6,28%,3.08,59%,0.47,11%,66%,0.9,843
http://ufcstats.com/fighter-details/7abe471b61725980,Fabricio Camoes,Morango,14-9-1,14,9,1.0,"5' 10""",155 lbs.,"71""",Orthodox,"Dec 23, 1978",1.29,33%,1.85,61%,2.34,32%,20%,1.5,842
http://ufcstats.com/fighter-details/da1d8d76404bb6b5,Bruno Santos,Carioca,15-2-0,15,2,0.0,"5' 9""",185 lbs.,--,Orthodox,"Jul 17, 1987",1.18,46%,2.27,56%,3.0,37%,66%,0.3,841
http://ufcstats.com/fighter-details/6bf5a7d3e081ade2,Anthony Njokuani,The Assassin,16-12-0 (1 NC),16,12,,"6' 1""",155 lbs.,"75""",Orthodox,"Mar 01, 1980",3.94,46%,2.41,65%,0.5,45%,53%,0.2,840
http://ufcstats.com/fighter-details/8abf70f79e9e27c2,Tor Troeng,The Hammer,16-7-1,16,7,1.0,"6' 2""",185 lbs.,--,Orthodox,"Jan 25, 1983",1.16,46%,3.26,32%,0.62,7%,66%,0.3,839
http://ufcstats.com/fighter-details/b406da701c479076,Ernest Chavez,EJ,10-2-0,10,2,0.0,"5' 8""",145 lbs.,"70""",Orthodox,"Jun 27, 1983",2.79,40%,3.89,59%,0.89,33%,50%,0.0,838
http://ufcstats.com/fighter-details/2650e2f846a30f64,Amir Sadollah,,6-5-0,6,5,0.0,"5' 10""",170 lbs.,"75""",Orthodox,"Aug 27, 1980",4.71,46%,3.55,60%,0.57,27%,60%,0.3,837
http://ufcstats.com/fighter-details/276c60b14b571dd4,Takenori Sato,,19-11-7 (1 NC),19,11,,"5' 10""",170 lbs.,--,Southpaw,"Jun 08, 1985",0.46,33%,12.92,9%,0.0,0%,0%,0.0,836
http://ufcstats.com/fighter-details/c4af2feb4b58bc3b,Kazuki Tokudome,,18-7-1,18,7,1.0,"5' 11""",155 lbs.,"73""",Southpaw,"Mar 04, 1987",2.26,41%,3.63,53%,2.0,38%,78%,0.0,835
http://ufcstats.com/fighter-details/36207c58e854cae5,Dashon Johnson,Flyboy,9-2-0,9,2,0.0,"5' 7""",145 lbs.,--,Orthodox,"Jan 25, 1988",1.01,69%,3.83,35%,0.85,33%,63%,0.8,834
http://ufcstats.com/fighter-details/30a09e43f15f1d75,Paulo Thiago,,18-9-0,18,9,0.0,"5' 11""",170 lbs.,"74""",Orthodox,"Jan 25, 1981",1.71,39%,1.99,63%,1.42,31%,63%,1.2,833
http://ufcstats.com/fighter-details/ffc3e6daaa6da0b7,Johnny Bedford,Brutal,21-13-1 (1 NC),21,13,,"5' 10""",135 lbs.,"71""",Orthodox,"Jan 06, 1983",4.53,50%,1.75,63%,1.83,62%,62%,0.0,832
http://ufcstats.com/fighter-details/3591d0d5d382a381,Francis Carmont,Limitless,25-12-0,25,12,0.0,"6' 3""",205 lbs.,"78""",Orthodox,"Oct 11, 1981",2.22,42%,1.64,59%,1.79,36%,73%,0.6,831
http://ufcstats.com/fighter-details/d4f364dd076bb0e2,Cung Le,,9-3-0,9,3,0.0,"5' 9""",185 lbs.,"70""",Southpaw,"May 25, 1972",4.36,48%,2.98,66%,1.37,71%,88%,0.3,830
http://ufcstats.com/fighter-details/d3c554d6e11fc9d6,Jianping Yang,,11-4-1,11,4,1.0,"5' 7""",145 lbs.,--,Orthodox,"Nov 27, 1988",1.4,26%,2.07,65%,1.0,25%,33%,0.0,829
http://ufcstats.com/fighter-details/efb9a43415a56d34,Sai Wang,The Fire Kylin,20-6-1,20,6,1.0,"6' 0""",170 lbs.,--,Southpaw,"Jan 14, 1986",3.17,46%,2.27,53%,0.0,0%,77%,0.0,828
http://ufcstats.com/fighter-details/c06d554ce1713fd3,Danny Mitchell,The Cheesecake Assassin,19-9-1,19,9,1.0,"6' 2""",170 lbs.,--,Orthodox,"Aug 08, 1986",2.53,49%,2.53,52%,0.0,0%,100%,3.0,827
http://ufcstats.com/fighter-details/173acb3f920082b8,Roland Delorme,,9-5-0 (1 NC),9,5,,"5' 9""",135 lbs.,"71""",Orthodox,"Dec 18, 1983",2.28,44%,4.32,40%,2.51,34%,42%,1.6,826
http://ufcstats.com/fighter-details/69e8c632135af48b,Anying Wang,,2-1-0,2,1,0.0,"6' 0""",170 lbs.,--,Orthodox,"Apr 04, 1991",1.32,26%,1.63,44%,0.0,0%,33%,0.0,825
http://ufcstats.com/fighter-details/2c6e81426dd7573c,Jack May,The Outlaw,9-3-0,9,3,0.0,"6' 8""",255 lbs.,--,Switch,"Apr 14, 1981",1.52,38%,3.29,33%,0.91,33%,20%,0.0,824
http://ufcstats.com/fighter-details/b959e8c7fd8390d2,Kyle Kingsbury,Kingsbu,11-6-0 (1 NC),11,6,,"6' 4""",205 lbs.,"79""",Orthodox,"Mar 22, 1982",2.97,40%,3.81,51%,2.64,41%,52%,0.0,823
http://ufcstats.com/fighter-details/575360be653ad6a6,Hernani Perpetuo,,18-5-0 (1 NC),18,5,,"6' 0""",170 lbs.,--,Orthodox,"May 24, 1985",2.73,29%,4.37,55%,0.0,0%,37%,0.5,822
http://ufcstats.com/fighter-details/d188a3b817860ec6,Steven Siler,Super,29-16-0,29,16,0.0,"5' 11""",145 lbs.,"70""",Orthodox,"Feb 15, 1987",3.21,41%,2.96,54%,0.47,21%,55%,1.6,821
http://ufcstats.com/fighter-details/ba043b03eb799063,Phil Harris,Billy,22-12-0 (2 NC),22,12,,"5' 4""",125 lbs.,"65""",Orthodox,"Sep 04, 1983",2.34,26%,3.16,68%,1.76,21%,60%,0.0,820
http://ufcstats.com/fighter-details/564c2f5f9eb45d67,Mike King,,5-1-0,5,1,0.0,"6' 3""",185 lbs.,--,,"Aug 04, 1983",4.44,58%,1.29,72%,1.75,25%,40%,3.5,819
http://ufcstats.com/fighter-details/7bc96507e4b38d3b,Cody Donovan,Donnybrook,8-5-0,8,5,0.0,"6' 3""",205 lbs.,"74""",Orthodox,"Feb 20, 1981",5.61,59%,5.44,45%,1.67,28%,0%,1.7,818
http://ufcstats.com/fighter-details/50d2f0018bcf9eef,Pat Healy,Bam Bam,34-23-0 (1 NC),34,23,,"6' 0""",155 lbs.,"72""",Orthodox,"Jul 20, 1983",2.57,36%,2.57,50%,3.08,37%,55%,1.1,817
http://ufcstats.com/fighter-details/e5ca2bc2451a5956,Tina Lahdemaki,Jelly Bean,5-1-0,5,1,0.0,"5' 2""",115 lbs.,--,Orthodox,"May 28, 1988",1.93,20%,4.67,57%,0.0,0%,16%,0.0,816
http://ufcstats.com/fighter-details/87f3bbf52e6c9dc9,Daniel Spohn,Dragon,15-6-0,15,6,0.0,"6' 4""",205 lbs.,"79""",Southpaw,"Oct 12, 1984",2.42,49%,1.6,53%,0.0,0%,28%,2.5,815
http://ufcstats.com/fighter-details/d2a9be6bf2de624c,Robert Drysdale,,7-0-0 (1 NC),7,0,,"6' 3""",205 lbs.,--,Orthodox,"Oct 05, 1981",0.0,0%,0.0,0%,7.32,100%,0%,21.9,814
http://ufcstats.com/fighter-details/d6d5da3c209884bc,Guilherme Vasconcelos,Bomba,9-4-0,9,4,0.0,"6' 0""",185 lbs.,--,Orthodox,"Mar 23, 1986",3.27,29%,4.4,70%,0.0,0%,0%,0.0,813
http://ufcstats.com/fighter-details/2e25c1d983c26311,Colton Smith,,7-4-0,7,4,0.0,"6' 0""",155 lbs.,"71""",Orthodox,"Aug 14, 1987",1.64,41%,2.3,51%,4.09,36%,25%,1.4,812
http://ufcstats.com/fighter-details/d5b7fac960e58920,Chris Indich,,6-4-0,6,4,0.0,"5' 10""",170 lbs.,--,,"Apr 22, 1987",1.31,30%,4.32,43%,0.75,50%,50%,1.5,811
http://ufcstats.com/fighter-details/bc7230f231701d66,Mike Easton,The Hulk,13-6-0,13,6,0.0,"5' 6""",135 lbs.,"70""",Southpaw,"Jan 25, 1984",3.51,37%,4.28,61%,0.75,22%,66%,0.0,810
http://ufcstats.com/fighter-details/e5d03e4d966126bd,Jason High,The Kansas City Bandit,21-6-0,21,6,0.0,"5' 8""",155 lbs.,"73""",Southpaw,"Oct 12, 1981",1.28,42%,1.56,48%,2.36,63%,37%,2.8,809
http://ufcstats.com/fighter-details/fb8a3025ae722e64,Bobby Voelker,Vicious,19-13-0,19,13,0.0,"6' 0""",170 lbs.,"74""",Orthodox,"Apr 26, 1979",4.01,35%,5.84,42%,1.04,50%,66%,0.0,808
http://ufcstats.com/fighter-details/5431dccc09118234,Lance Benoist,,7-2-0,7,2,0.0,"5' 11""",170 lbs.,"72""",Southpaw,"Aug 26, 1988",3.68,51%,2.7,56%,1.5,33%,61%,0.0,807
http://ufcstats.com/fighter-details/fc60ecf0671b9489,Chris Holdsworth,,6-0-0,6,0,0.0,"5' 11""",135 lbs.,--,,"Oct 24, 1987",1.85,29%,1.94,58%,3.38,62%,100%,2.0,806
http://ufcstats.com/fighter-details/1ad381c8994c4e5b,Ben Wall,Manimal,8-7-1,8,7,1.0,"5' 10""",155 lbs.,--,Orthodox,"Mar 25, 1989",1.47,29%,8.53,29%,0.0,0%,100%,0.0,805
http://ufcstats.com/fighter-details/f3a853544e4413c4,Anthony Lapsley,The Recipe,23-7-0 (2 NC),23,7,,"5' 9""",170 lbs.,--,Southpaw,"Feb 13, 1980",0.53,34%,0.58,66%,0.0,0%,20%,0.0,804
http://ufcstats.com/fighter-details/d0a5ef38a7778ac2,Estevan Payan,El Terrible,16-12-0 (1 NC),16,12,,"5' 10""",145 lbs.,--,Orthodox,"Mar 14, 1982",4.25,42%,3.58,57%,0.36,100%,60%,0.4,803
http://ufcstats.com/fighter-details/cf9d24e4bd0cf2ce,Mark Bocek,,12-5-0,12,5,0.0,"5' 8""",155 lbs.,"75""",Orthodox,"Oct 24, 1981",2.34,43%,2.32,60%,3.65,36%,31%,1.3,802
http://ufcstats.com/fighter-details/bd21a1e3d41c97ee,Ronny Markes,,17-5-0,17,5,0.0,"6' 1""",185 lbs.,"75""",Orthodox,"Apr 21, 1988",2.17,53%,2.43,45%,3.13,40%,100%,0.5,801
http://ufcstats.com/fighter-details/c1a5d3843596df92,Thiago Perpetuo,Bodao,9-4-1,9,4,1.0,"5' 10""",170 lbs.,--,Orthodox,"Dec 14, 1987",5.39,69%,3.51,51%,2.82,50%,66%,0.0,800
http://ufcstats.com/fighter-details/fe435e440b5de0ff,Jake Shields,,31-9-1 (1 NC),31,9,,"6' 0""",170 lbs.,"72""",Orthodox,"Jan 09, 1979",2.45,36%,1.8,56%,2.83,29%,35%,1.2,799
http://ufcstats.com/fighter-details/44bc27bfa76dcd9e,Renee Forte,,8-4-0,8,4,0.0,"5' 7""",155 lbs.,"71""",Orthodox,"Mar 27, 1987",2.08,32%,2.12,63%,2.32,58%,66%,0.0,798
http://ufcstats.com/fighter-details/901cddcbfa079097,Will Campuzano,,14-6-0,14,6,0.0,"5' 9""",125 lbs.,"70""",Orthodox,"May 27, 1986",2.43,31%,3.82,57%,0.88,45%,48%,0.2,797
http://ufcstats.com/fighter-details/5cafbc97dba2e797,Robert McDaniel,Bubba,28-10-0,28,10,0.0,"6' 3""",185 lbs.,"75""",Southpaw,"May 03, 1983",1.64,44%,1.98,56%,0.93,50%,50%,1.4,796
http://ufcstats.com/fighter-details/ccd1299e0345e0ce,Melvin Guillard,The Young Assassin,32-18-2 (3 NC),32,18,,"5' 9""",155 lbs.,"71""",Orthodox,"Mar 30, 1983",2.96,40%,1.85,66%,1.3,63%,61%,0.2,795
http://ufcstats.com/fighter-details/43563a32c3f10e95,Cyrille Diabate,The Snake,19-10-1,19,10,1.0,"6' 6""",205 lbs.,"81""",Southpaw,"Oct 06, 1973",4.06,71%,1.78,60%,1.17,83%,53%,0.2,794
http://ufcstats.com/fighter-details/28f3c2258a1d8874,John Hathaway,The Hitman,17-2-0,17,2,0.0,"6' 1""",170 lbs.,"75""",Orthodox,"Jul 23, 1987",3.4,40%,1.8,62%,2.61,43%,60%,0.9,793
http://ufcstats.com/fighter-details/5755960ebd0b16f6,Ivan Menjivar,The Pride of El Salvador,25-12-0,25,12,0.0,"5' 6""",145 lbs.,"64""",Orthodox,"May 30, 1982",2.78,37%,2.76,65%,0.56,28%,38%,1.0,792
http://ufcstats.com/fighter-details/80dbeb1dd5b53e64,Nam Phan,,21-17-0,21,17,0.0,"5' 6""",135 lbs.,"70""",Orthodox,"Mar 13, 1983",4.52,37%,6.55,59%,0.18,18%,60%,0.2,791
http://ufcstats.com/fighter-details/d8d7b24d276c8cb0,Albert Cheng,,7-4-0,7,4,0.0,"5' 11""",170 lbs.,--,Orthodox,"Feb 07, 1985",1.0,41%,2.6,71%,0.0,0%,0%,0.0,790
http://ufcstats.com/fighter-details/8f2939f5fd9cca1e,TJ Waldburger,,16-9-0,16,9,0.0,"5' 11""",170 lbs.,"75""",Orthodox,"Apr 25, 1988",2.02,51%,2.39,40%,3.03,46%,40%,4.8,789
http://ufcstats.com/fighter-details/15b1b21cd743d652,Rafaello Oliveira,Tractor,17-8-0,17,8,0.0,"5' 8""",155 lbs.,"71""",Orthodox,"Jan 26, 1982",2.19,33%,3.38,59%,2.49,36%,11%,1.6,788
http://ufcstats.com/fighter-details/ff4c3ab594c7fac3,Cristiano Marcello,,13-6-0,13,6,0.0,"5' 9""",155 lbs.,"72""",Orthodox,"Dec 03, 1977",2.56,33%,3.61,58%,0.44,11%,20%,0.9,787
http://ufcstats.com/fighter-details/f8fe2053d73d7bcf,Nick Catone,The Jersey Devil,10-4-0,10,4,0.0,"6' 0""",185 lbs.,"72""",Southpaw,"Sep 01, 1981",2.11,44%,2.32,63%,3.71,44%,83%,0.5,786
http://ufcstats.com/fighter-details/915c8d39d4a0e7d1,Ramiro Hernandez,Junior,19-9-0,19,9,0.0,"5' 9""",135 lbs.,--,Orthodox,"Jul 22, 1986",2.72,28%,5.51,64%,0.0,0%,0%,0.0,785
http://ufcstats.com/fighter-details/af90b10c785ced3e,Mike Rio,The Wolverine,10-5-0,10,5,0.0,"5' 10""",155 lbs.,"70""",Orthodox,"Jul 06, 1981",1.68,39%,2.99,53%,2.58,27%,0%,1.0,784
http://ufcstats.com/fighter-details/36fbaa49a09ff997,Brian Houston,B-Hue,4-6-0,4,6,0.0,"6' 2""",185 lbs.,--,Orthodox,"Apr 26, 1981",1.9,35%,3.67,53%,0.95,100%,87%,0.0,783
http://ufcstats.com/fighter-details/10657c60ce349e0f,Shunichi Shimizu,,30-18-11 (1 NC),30,18,,"5' 5""",135 lbs.,--,Orthodox,"Jan 31, 1985",0.14,33%,4.68,30%,0.0,0%,0%,0.0,782
http://ufcstats.com/fighter-details/db5dc7cb80d7d418,Will Chope,The Kill,34-13-0,34,13,0.0,"6' 4""",145 lbs.,--,Switch,"Sep 08, 1990",4.43,27%,9.93,46%,0.0,0%,0%,0.0,781
http://ufcstats.com/fighter-details/16af2d5a6f28bee2,Quinn Mulhern,,18-4-0,18,4,0.0,"6' 3""",155 lbs.,--,Orthodox,"Sep 20, 1984",1.48,28%,2.09,51%,1.36,20%,33%,0.0,780
http://ufcstats.com/fighter-details/0876d21328cf4a45,Dave Galera,Scarecrow,5-1-0,5,1,0.0,"5' 11""",135 lbs.,--,Orthodox,"Jan 12, 1978",1.67,69%,0.53,33%,0.0,0%,14%,2.0,779
http://ufcstats.com/fighter-details/d43a048a880efdff,Chris Leben,The Crippler,22-11-0,22,11,0.0,"5' 11""",185 lbs.,"73""",Southpaw,"Jul 21, 1980",2.87,42%,2.87,52%,1.14,41%,53%,0.8,778
http://ufcstats.com/fighter-details/86f582852a5b240a,Mac Danzig,,21-12-1,21,12,1.0,"5' 8""",155 lbs.,"70""",Orthodox,"Jan 02, 1980",3.39,48%,3.44,57%,1.2,37%,46%,0.6,777
http://ufcstats.com/fighter-details/7be63795363029e8,Cody McKenzie,,16-10-0,16,10,0.0,"6' 0""",155 lbs.,"72""",Switch,"Dec 16, 1987",1.74,34%,2.5,67%,2.5,25%,14%,2.5,776
http://ufcstats.com/fighter-details/3b9f723e2720a238,Roger Bowling,Relentless,12-6-0 (1 NC),12,6,,"5' 9""",155 lbs.,"68""",Orthodox,"Dec 05, 1982",3.9,47%,3.86,51%,3.09,43%,27%,0.9,775
http://ufcstats.com/fighter-details/6546af7ab545b90c,Darren Uyenoyama,BC,10-6-0,10,6,0.0,"5' 6""",125 lbs.,"65""",Orthodox,"Oct 15, 1979",1.34,39%,2.21,66%,1.42,33%,35%,0.7,774
http://ufcstats.com/fighter-details/658c3465581ae46b,Pat Barry,HD,8-7-0,8,7,0.0,"5' 11""",235 lbs.,"74""",Orthodox,"Jul 07, 1979",2.72,52%,3.54,59%,0.0,0%,76%,0.2,773
http://ufcstats.com/fighter-details/981ab7a0576f76a0,Julie Kedzie,,16-13-0,16,13,0.0,"5' 5""",135 lbs.,--,Orthodox,"Mar 18, 1981",2.9,36%,3.18,46%,1.14,23%,78%,0.0,772
http://ufcstats.com/fighter-details/b13da0b1a3aed3e7,Nick Ring,The Promise,14-4-0,14,4,0.0,"6' 0""",185 lbs.,"74""",Southpaw,"Feb 10, 1979",3.52,42%,3.48,62%,1.36,36%,52%,0.3,771
http://ufcstats.com/fighter-details/92b36014314b028b,Peggy Morgan,The Daywalker,4-4-0,4,4,0.0,"6' 1""",135 lbs.,--,,"Dec 16, 1979",2.27,23%,8.2,33%,0.0,0%,50%,0.0,770
http://ufcstats.com/fighter-details/48d1f690b763934c,Chael Sonnen,,29-15-1,29,15,1.0,"6' 1""",205 lbs.,"73""",Southpaw,"Apr 03, 1977",3.08,43%,1.1,62%,3.81,59%,66%,0.4,769
http://ufcstats.com/fighter-details/bbfca6d5c27d9cd8,Edwin Figueroa,El Feroz,9-5-0,9,5,0.0,"5' 7""",135 lbs.,"69""",Orthodox,"Jul 31, 1984",2.57,39%,3.06,51%,0.2,100%,37%,0.6,768
http://ufcstats.com/fighter-details/b35ba64b6a2bbcb3,Jose Maria,No Chance,37-7-0 (2 NC),37,7,,"5' 5""",125 lbs.,--,Orthodox,"Jan 04, 1982",3.2,53%,3.98,52%,2.32,27%,33%,2.3,767
http://ufcstats.com/fighter-details/7f955f71fa2ce7ac,Alessio Sakara,Legionarius,19-11-0 (2 NC),19,11,,"6' 0""",185 lbs.,"72""",Orthodox,"Sep 02, 1981",3.96,47%,2.8,59%,2.18,78%,62%,0.0,766
http://ufcstats.com/fighter-details/5dfe71ade71f3a4b,Rosi Sexton,The Surgeon,13-5-0,13,5,0.0,"5' 3""",135 lbs.,--,Orthodox,"Jul 16, 1977",3.31,39%,7.42,41%,0.75,10%,80%,0.0,765
http://ufcstats.com/fighter-details/b7f38813485745da,Michael Kuiper,,15-5-0,15,5,0.0,"6' 0""",185 lbs.,"73""",Orthodox,"Jun 07, 1989",3.28,54%,3.62,54%,2.3,55%,79%,0.0,764
http://ufcstats.com/fighter-details/896c322f56b8be5a,George Sotiropoulos,,14-7-0,14,7,0.0,"5' 10""",155 lbs.,"71""",Orthodox,"Jul 09, 1977",2.61,27%,2.52,67%,2.32,31%,53%,1.6,763
http://ufcstats.com/fighter-details/1e327b281ef6a745,Adlan Amagov,Borz,14-2-1,14,2,1.0,"6' 2""",170 lbs.,"76""",Orthodox,"Oct 30, 1986",3.29,47%,0.82,78%,5.84,56%,100%,0.0,762
http://ufcstats.com/fighter-details/c3bd649a9194e50c,Jeremy Larsen,,8-5-0,8,5,0.0,"5' 10""",145 lbs.,"70""",Orthodox,"May 18, 1984",4.87,48%,5.75,57%,2.49,33%,0%,0.0,761
http://ufcstats.com/fighter-details/55f80a8aeffcdb33,Dustin Pague,The Disciple,12-11-0,12,11,0.0,"5' 9""",135 lbs.,"74""",Orthodox,"Aug 05, 1987",1.65,53%,2.96,41%,1.03,44%,55%,2.6,760
http://ufcstats.com/fighter-details/2924886ee9c4c527,Thiago Silva,,19-6-0 (2 NC),19,6,,"6' 2""",205 lbs.,"74""",Orthodox,"Nov 12, 1982",3.92,50%,2.55,67%,1.03,47%,70%,0.7,759
http://ufcstats.com/fighter-details/98b80a717b9bda17,Matt Hamill,The Hammer,12-8-0,12,8,0.0,"6' 1""",205 lbs.,"76""",Orthodox,"Oct 05, 1976",3.69,42%,3.8,61%,3.0,34%,91%,0.0,758
http://ufcstats.com/fighter-details/46baf0f57edfa4df,Joey Beltran,The Mexicutioner,17-14-0 (1 NC),17,14,,"6' 1""",185 lbs.,"75""",Orthodox,"Dec 08, 1981",4.92,36%,5.27,54%,0.48,18%,75%,0.0,757
http://ufcstats.com/fighter-details/8ddf9c51c5fdea75,Rousimar Palhares,Toquinho,19-8-0,19,8,0.0,"5' 8""",170 lbs.,"71""",Orthodox,"Feb 26, 1980",1.75,51%,2.04,59%,3.93,45%,0%,4.1,756
http://ufcstats.com/fighter-details/8f3df4c579cfbb69,David Mitchell,Daudi,22-7-0,22,7,0.0,"6' 0""",170 lbs.,"75""",Orthodox,"Oct 24, 1979",1.74,32%,2.06,55%,0.66,50%,29%,2.0,755
http://ufcstats.com/fighter-details/14aa21bc82cac57d,Iliarde Santos,,30-13-1 (1 NC),30,13,,"5' 5""",125 lbs.,"67""",Orthodox,"Sep 25, 1980",3.0,30%,6.1,57%,1.66,23%,83%,0.0,754
http://ufcstats.com/fighter-details/3c921b1a30fdcbdd,Mike Ricci,The Martian,11-5-0,11,5,0.0,"6' 0""",155 lbs.,"76""",Southpaw,"Mar 18, 1986",1.8,32%,1.64,65%,0.67,100%,54%,0.0,753
http://ufcstats.com/fighter-details/1abfb658cd4f8533,Nandor Guelmino,The Hun,11-5-1,11,5,1.0,"6' 3""",230 lbs.,--,,"Dec 20, 1975",3.62,56%,3.16,33%,0.0,0%,42%,0.0,752
http://ufcstats.com/fighter-details/e363b21261814830,Marcos Vinicius,Vina,23-11-1,23,11,1.0,"5' 9""",125 lbs.,--,Orthodox,"Dec 05, 1979",1.93,49%,2.91,47%,0.0,0%,25%,0.5,751
http://ufcstats.com/fighter-details/be4076c9e8d791e3,Joao Zeferino,The Brazilian Samurai,21-9-0,21,9,0.0,"5' 11""",170 lbs.,--,Orthodox,"Jan 15, 1986",0.83,36%,2.6,48%,0.5,5%,50%,1.0,750
http://ufcstats.com/fighter-details/cd12227edd3f134b,Keith Wisniewski,The Polish Connection,28-15-1,28,15,1.0,"6' 0""",170 lbs.,--,Orthodox,"Oct 25, 1981",2.32,52%,4.86,42%,1.57,40%,78%,0.3,749
http://ufcstats.com/fighter-details/0fb1e2694a39a02f,Yuri Villefort,,10-5-0,10,5,0.0,"6' 0""",170 lbs.,"73""",Orthodox,"Mar 23, 1991",3.18,43%,5.42,55%,2.0,35%,40%,0.3,748
http://ufcstats.com/fighter-details/fa315e6c77eee106,Brandon Vera,The Truth,15-7-0 (1 NC),15,7,,"6' 3""",230 lbs.,"78""",Orthodox,"Oct 10, 1977",3.03,56%,2.81,52%,0.7,53%,59%,0.2,747
http://ufcstats.com/fighter-details/a01e84abefd85ec0,Pascal Krauss,Panzer,11-2-0,11,2,0.0,"6' 1""",170 lbs.,--,Orthodox,"Apr 19, 1987",5.45,47%,3.88,59%,1.53,50%,60%,0.9,746
http://ufcstats.com/fighter-details/46fd223e3ced39b3,Ryan Couture,,11-5-0,11,5,0.0,"5' 10""",155 lbs.,"73""",Orthodox,"Aug 27, 1982",3.54,45%,2.87,54%,1.55,29%,46%,1.3,745
http://ufcstats.com/fighter-details/23459ee7e373b98f,Jared Hamman,The Messenger,14-6-0,14,6,0.0,"6' 3""",185 lbs.,"75""",Orthodox,"Mar 07, 1982",5.15,42%,3.93,55%,1.57,46%,30%,0.0,744
http://ufcstats.com/fighter-details/8b69839f3555a67b,Martin Kampmann,The Hitman,20-7-0,20,7,0.0,"6' 0""",170 lbs.,"72""",Orthodox,"Apr 17, 1982",3.22,42%,3.28,62%,1.86,41%,78%,2.0,743
http://ufcstats.com/fighter-details/eee7dafac7d672b5,Brian Melancon,,7-3-0,7,3,0.0,"5' 8""",170 lbs.,--,Orthodox,"May 28, 1982",4.18,49%,3.64,64%,2.02,100%,66%,0.0,742
http://ufcstats.com/fighter-details/c9f6385af6df66d7,Papy Abedi,Makambo,10-4-0,10,4,0.0,"5' 11""",185 lbs.,--,Southpaw,"Jun 30, 1978",2.8,55%,3.15,48%,3.47,57%,50%,1.3,741
http://ufcstats.com/fighter-details/19a8cce18a1cef9e,James Head,,9-4-0,9,4,0.0,"6' 1""",170 lbs.,"73""",Orthodox,"Feb 09, 1984",2.75,48%,3.11,49%,0.41,100%,66%,0.8,740
http://ufcstats.com/fighter-details/c4fe2e9a06ea5bcb,Ben Alloway,Blanco,18-8-0,18,8,0.0,"5' 11""",170 lbs.,"76""",Orthodox,"Feb 19, 1981",1.28,49%,1.9,59%,0.62,50%,26%,0.0,739
http://ufcstats.com/fighter-details/e0b74df14f52cd15,Mike Brown,,26-9-0,26,9,0.0,"5' 6""",145 lbs.,"70""",Orthodox,"Sep 08, 1975",2.98,44%,2.45,60%,3.23,40%,66%,0.6,738
http://ufcstats.com/fighter-details/88a9bc81271ccd89,Vinny Magalhaes,Pezao,14-9-0 (1 NC),14,9,,"6' 3""",205 lbs.,"75""",Orthodox,"Jul 02, 1984",2.14,24%,3.97,68%,1.55,44%,66%,0.8,737
http://ufcstats.com/fighter-details/837d30395faca41e,Sheila Gaff,The German Tank,9-7-0,9,7,0.0,"5' 5""",135 lbs.,--,Orthodox,"Dec 29, 1989",1.6,50%,2.89,28%,0.0,0%,20%,0.0,736
http://ufcstats.com/fighter-details/48e96d9cea6d4ab0,Josh Clopton,The Gentleman,6-2-1,6,2,1.0,"5' 6""",145 lbs.,--,Orthodox,"Jul 11, 1981",1.6,64%,2.87,50%,2.0,66%,75%,0.0,735
http://ufcstats.com/fighter-details/acd9513399a8b09b,Ednaldo Oliveira,Lula,17-3-1 (1 NC),17,3,,"6' 5""",205 lbs.,--,Orthodox,"Feb 19, 1984",1.03,22%,1.8,52%,0.0,0%,42%,0.0,734
http://ufcstats.com/fighter-details/a17322f99ddfd8e9,Bristol Marunde,,16-10-0,16,10,0.0,"6' 1""",170 lbs.,"75""",Orthodox,"Apr 20, 1982",1.42,21%,4.4,47%,1.6,33%,14%,0.0,733
http://ufcstats.com/fighter-details/f2c8ebbeafd45f2b,Aaron Riley,,30-14-1,30,14,1.0,"5' 8""",155 lbs.,"69""",Southpaw,"Dec 09, 1980",3.45,34%,3.78,61%,1.18,34%,60%,0.1,732
http://ufcstats.com/fighter-details/7bd94b60d7521e4a,John Albert,Prince,6-5-0,6,5,0.0,"5' 8""",135 lbs.,"68""",Orthodox,"Oct 13, 1986",3.05,49%,2.82,35%,0.0,0%,50%,6.1,731
http://ufcstats.com/fighter-details/a6bbd3df469c6bea,Roger Gracie,,8-2-0,8,2,0.0,"6' 4""",185 lbs.,"79""",Orthodox,"Sep 26, 1981",1.78,35%,1.79,61%,1.87,53%,60%,1.9,730
http://ufcstats.com/fighter-details/cbd6f1abf955e628,Dave Herman,,22-6-0,22,6,0.0,"6' 4""",242 lbs.,"77""",Orthodox,"Oct 03, 1984",4.98,60%,3.78,48%,1.49,100%,58%,0.0,729
http://ufcstats.com/fighter-details/0d506315895efffc,Sean Pierson,The Punisher,14-6-0,14,6,0.0,"6' 0""",170 lbs.,"76""",Southpaw,"Mar 10, 1976",3.84,39%,3.73,64%,0.39,18%,66%,0.4,728
http://ufcstats.com/fighter-details/1a7745388839e52b,John Maguire,The One,24-9-0,24,9,0.0,"5' 9""",155 lbs.,"69""",Southpaw,"May 19, 1983",1.41,41%,2.44,65%,2.8,46%,77%,1.1,727
http://ufcstats.com/fighter-details/49e49b54e5901d0d,Eddie Mendez,,8-3-1 (1 NC),8,3,,"5' 10""",185 lbs.,--,,"Jan 16, 1984",1.71,33%,3.43,11%,0.0,0%,0%,0.0,726
http://ufcstats.com/fighter-details/d23ccf4a6c221284,Karlos Vemola,,17-5-0,17,5,0.0,"6' 0""",185 lbs.,"75""",Orthodox,"Jul 03, 1985",1.67,44%,2.13,37%,1.93,25%,31%,1.7,725
http://ufcstats.com/fighter-details/a26198ba5093147e,TJ Grant,,21-5-0,21,5,0.0,"5' 10""",155 lbs.,"72""",Orthodox,"Feb 26, 1984",3.95,54%,3.21,56%,1.63,43%,36%,0.6,724
http://ufcstats.com/fighter-details/2c64c035485906aa,Nah-Shon Burrell,The Rock n Rolla,15-7-0 (1 NC),15,7,,"5' 11""",170 lbs.,--,Orthodox,"Feb 05, 1990",4.83,47%,3.45,56%,0.0,0%,52%,0.3,723
http://ufcstats.com/fighter-details/b26d3e3746fb4024,Brian Bowles,,10-3-0,10,3,0.0,"5' 7""",135 lbs.,"70""",Orthodox,"Jun 22, 1980",2.36,26%,2.98,64%,1.39,70%,54%,1.4,722
http://ufcstats.com/fighter-details/03c9994c5b8958ec,John Cholish,,8-3-0,8,3,0.0,"5' 11""",155 lbs.,"74""",Orthodox,"Dec 17, 1983",2.65,49%,2.29,73%,1.82,31%,78%,0.4,721
http://ufcstats.com/fighter-details/27d65e9d0fba61ea,Roger Hollett,The Hulk,13-5-0,13,5,0.0,"5' 11""",205 lbs.,--,Orthodox,"Oct 08, 1978",1.83,47%,6.47,34%,1.0,28%,30%,0.0,720
http://ufcstats.com/fighter-details/a1b0715c4fd2dbd3,Azamat Gashimov,,8-3-0,8,3,0.0,"5' 6""",125 lbs.,--,Orthodox,"Apr 07, 1990",1.24,21%,4.75,53%,1.69,25%,0%,0.0,719
http://ufcstats.com/fighter-details/4130a743d9d22163,Alan Belcher,The Talent,18-8-0,18,8,0.0,"6' 2""",185 lbs.,"75""",Orthodox,"Apr 24, 1984",2.7,41%,3.1,59%,0.44,26%,55%,0.9,718
http://ufcstats.com/fighter-details/1eacf73d6a0055dc,Cheick Kongo,,27-10-2,27,10,2.0,"6' 4""",240 lbs.,"82""",Orthodox,"May 17, 1975",3.33,56%,1.28,54%,2.3,56%,52%,0.2,717
http://ufcstats.com/fighter-details/917e53fa0adea0d3,Leonard Garcia,Bad Boy,18-13-1,18,13,1.0,"5' 10""",145 lbs.,"68""",Orthodox,"Jul 14, 1979",2.77,24%,4.79,52%,0.3,26%,42%,0.5,716
http://ufcstats.com/fighter-details/5abf827d62f98fee,Clifford Starks,,13-3-0,13,3,0.0,"6' 0""",185 lbs.,"78""",Orthodox,"Apr 25, 1981",1.94,33%,2.49,58%,1.94,100%,60%,0.0,715
http://ufcstats.com/fighter-details/54ed8dc6f8c31207,Gilbert Smith,,12-6-0,12,6,0.0,"5' 9""",185 lbs.,--,Southpaw,"Oct 19, 1981",1.09,41%,2.73,35%,3.51,60%,0%,1.2,714
http://ufcstats.com/fighter-details/16bf6a73bdd302cd,Collin Hart,,6-3-1,6,3,1.0,"6' 1""",185 lbs.,--,Orthodox,"Oct 12, 1989",6.33,44%,7.53,51%,2.0,16%,50%,0.0,713
http://ufcstats.com/fighter-details/ddbe4fa2ea573393,Jimmy Quinlan,Crash,3-1-1,3,1,1.0,"6' 0""",185 lbs.,--,Orthodox,"May 25, 1986",2.08,70%,5.94,16%,4.46,25%,0%,0.0,712
http://ufcstats.com/fighter-details/4304992c2acc187b,Bart Palaszewski,Bartimus,36-17-0,36,17,0.0,"5' 9""",145 lbs.,"70""",Orthodox,"May 30, 1983",2.67,32%,3.97,57%,0.65,31%,53%,0.5,711
http://ufcstats.com/fighter-details/879f6cae48d25baa,Justin Lawrence,The American Kidd,10-4-0,10,4,0.0,"5' 8""",145 lbs.,"67""",Orthodox,"May 15, 1990",3.84,35%,2.83,67%,0.72,28%,73%,0.0,710
http://ufcstats.com/fighter-details/6ef65b6a152e49d5,Philip De Fries,,12-6-0 (1 NC),12,6,,"6' 5""",250 lbs.,"79""",Orthodox,"Apr 21, 1986",2.3,47%,3.0,37%,3.29,42%,100%,0.6,709
http://ufcstats.com/fighter-details/8e5bfd4e82352340,Pablo Garza,The Scarecrow,12-4-0,12,4,0.0,"6' 1""",145 lbs.,"73""",Orthodox,"Sep 16, 1983",3.37,44%,2.7,50%,0.94,25%,15%,1.3,708
http://ufcstats.com/fighter-details/b27b8881d7444114,Adam Cella,El Naturel,6-8-0,6,8,0.0,"6' 2""",170 lbs.,--,,"Jun 26, 1985",1.91,42%,2.61,51%,3.92,75%,50%,1.3,707
http://ufcstats.com/fighter-details/411d012af19ecb59,Chris Spang,The Kiss,6-3-0,6,3,0.0,"6' 2""",170 lbs.,--,Orthodox,"Nov 26, 1987",1.83,36%,1.95,60%,0.0,0%,50%,0.9,706
http://ufcstats.com/fighter-details/98ec9f385cca47fc,Besam Yousef,,7-4-0,7,4,0.0,"5' 11""",170 lbs.,--,Orthodox,"Mar 25, 1985",3.14,53%,3.98,38%,1.33,66%,50%,0.0,705
http://ufcstats.com/fighter-details/7d09200f6a77b20e,Colin Fletcher,The Freakshow,14-8-0,14,8,0.0,"6' 2""",155 lbs.,--,Orthodox,"Jan 08, 1983",3.1,34%,2.97,62%,0.0,0%,27%,0.0,704
http://ufcstats.com/fighter-details/fef3d17e27e916e7,Antonio Carvalho,Pato,15-6-0,15,6,0.0,"5' 9""",145 lbs.,"70""",Orthodox,"May 30, 1979",3.03,29%,3.62,64%,0.0,0%,100%,0.0,703
http://ufcstats.com/fighter-details/57bf89d42364d39e,Issei Tamura,,10-8-0,10,8,0.0,"5' 5""",135 lbs.,"63""",Orthodox,"Mar 12, 1984",1.89,53%,4.58,44%,0.92,25%,33%,0.0,702
http://ufcstats.com/fighter-details/4417980b3e798abf,Reuben Duran,,11-7-1,11,7,1.0,"5' 7""",135 lbs.,"71""",Orthodox,"Jul 02, 1983",3.19,49%,2.61,50%,0.98,23%,25%,0.7,701
http://ufcstats.com/fighter-details/a1f6999fe57236e0,Wanderlei Silva,The Axe Murderer,35-13-1 (1 NC),35,13,,"5' 11""",205 lbs.,"74""",Orthodox,"Jul 03, 1976",2.79,40%,2.19,60%,0.97,53%,62%,0.6,700
http://ufcstats.com/fighter-details/579fcdfcabd23a7b,Brian Stann,All American,12-6-0,12,6,0.0,"6' 1""",205 lbs.,"74""",Orthodox,"Sep 24, 1980",3.28,42%,2.65,59%,0.12,12%,60%,0.3,699
http://ufcstats.com/fighter-details/7c35f869033901ae,Riki Fukuda,,24-9-0 (1 NC),24,9,,"6' 0""",185 lbs.,"73""",Southpaw,"Jan 06, 1981",4.24,43%,3.71,64%,2.17,43%,70%,0.0,698
http://ufcstats.com/fighter-details/d1a1314976c50bef,Josh Neer,The Dentist,36-16-1,36,16,1.0,"5' 11""",170 lbs.,"72""",Orthodox,"Mar 24, 1983",3.29,46%,3.63,58%,1.09,34%,46%,1.3,697
http://ufcstats.com/fighter-details/e6c5908910cc26e4,Lavar Johnson,Big,18-10-0,18,10,0.0,"6' 4""",240 lbs.,"82""",Orthodox,"Jun 11, 1977",5.39,55%,2.54,55%,0.61,66%,54%,0.6,696
http://ufcstats.com/fighter-details/706f8e2b34e8e18b,Anton Kuivanen,,24-10-0,24,10,0.0,"5' 8""",155 lbs.,"72""",Orthodox,"May 01, 1984",2.27,38%,1.63,67%,1.2,100%,71%,0.4,695
http://ufcstats.com/fighter-details/bfc2fc38a0e20211,Matt Grice,The Real One,15-5-0,15,5,0.0,"5' 8""",145 lbs.,"70""",Orthodox,"Jul 29, 1981",4.09,53%,2.69,56%,2.19,37%,82%,0.5,694
http://ufcstats.com/fighter-details/01d2ed8c502e3828,Caros Fodor,The Future,11-6-0,11,6,0.0,"5' 9""",155 lbs.,"74""",Orthodox,"Jan 07, 1984",2.76,54%,2.83,54%,2.1,25%,50%,0.0,693
http://ufcstats.com/fighter-details/64959f90b6dd9759,Brock Jardine,The Machine,12-6-0,12,6,0.0,"5' 11""",170 lbs.,--,Orthodox,"Jul 10, 1985",1.06,30%,3.34,56%,0.0,0%,14%,0.8,692
http://ufcstats.com/fighter-details/a0602dd050bebefc,Jon Manley,,9-4-0,9,4,0.0,"6' 1""",170 lbs.,--,Orthodox,"Jul 07, 1986",1.13,20%,4.33,45%,1.0,7%,20%,0.0,691
http://ufcstats.com/fighter-details/f8dc544e7077d014,Jorge Santiago,The Sandman,25-12-0,25,12,0.0,"6' 1""",170 lbs.,"75""",Orthodox,"Oct 09, 1980",1.69,35%,2.62,56%,0.58,30%,52%,0.8,690
http://ufcstats.com/fighter-details/6cadfd8f1d9e7685,Che Mills,Beautiful,16-10-0 (3 NC),16,10,,"6' 1""",170 lbs.,"76""",Orthodox,"Sep 29, 1982",2.08,52%,2.87,43%,1.18,66%,58%,0.0,689
http://ufcstats.com/fighter-details/d023ae89a2a4a41e,Matthew Riddle,Deep Waters,8-3-0 (2 NC),8,3,,"6' 1""",170 lbs.,"76""",Southpaw,"Jan 14, 1986",3.01,42%,2.74,54%,3.51,50%,89%,0.5,688
http://ufcstats.com/fighter-details/33011768c3c4dc9a,Terry Etim,,16-5-0,16,5,0.0,"6' 1""",155 lbs.,"73""",Orthodox,"Jan 11, 1986",2.16,35%,2.53,67%,0.43,30%,39%,1.4,687
http://ufcstats.com/fighter-details/7b143a54451263d9,Paul Sass,,14-2-0,14,2,0.0,"6' 0""",155 lbs.,"73""",Orthodox,"Aug 04, 1988",0.53,26%,1.9,51%,0.53,16%,33%,7.4,686
http://ufcstats.com/fighter-details/60ba33c3f555a7a3,Josh Grispi,The Fluke,14-5-0,14,5,0.0,"5' 11""",145 lbs.,"74""",Orthodox,"Oct 14, 1988",1.44,41%,3.71,50%,1.97,36%,16%,2.2,685
http://ufcstats.com/fighter-details/d34636a85f0f4c90,Motonobu Tezuka,,28-12-7,28,12,7.0,"5' 7""",135 lbs.,--,Southpaw,"Aug 29, 1987",0.87,23%,2.8,51%,1.5,11%,0%,0.5,684
http://ufcstats.com/fighter-details/1e35aa8955794580,Ulysses Gomez,Useless,9-5-0,9,5,0.0,"5' 6""",125 lbs.,--,Orthodox,"May 25, 1983",2.72,25%,3.57,68%,0.0,0%,0%,0.0,683
http://ufcstats.com/fighter-details/6f018c039b4d5d80,Jon Fitch,,30-7-1 (1 NC),30,7,,"6' 0""",170 lbs.,"74""",Orthodox,"Feb 24, 1978",2.61,50%,1.65,54%,3.6,51%,56%,0.8,682
http://ufcstats.com/fighter-details/5bb0a618ad03ac64,Jay Hieron,The Thoroughbred,23-7-0,23,7,0.0,"6' 0""",170 lbs.,"75""",Orthodox,"Jul 29, 1976",1.66,32%,1.89,61%,4.05,60%,66%,1.0,681
http://ufcstats.com/fighter-details/6f81b6de2557739a,Jacob Volkmann,Christmas,19-7-0,19,7,0.0,"5' 9""",155 lbs.,"71""",Southpaw,"Sep 05, 1980",1.19,34%,1.78,52%,3.19,48%,52%,2.0,680
http://ufcstats.com/fighter-details/c0c36a5b3d5bbdd5,Mike Stumpf,,11-4-0,11,4,0.0,"5' 10""",170 lbs.,--,,"Aug 01, 1986",3.34,43%,8.85,47%,1.59,25%,33%,0.8,679
http://ufcstats.com/fighter-details/ccdd90bd1fc7dab6,Vladimir Matyushenko,The Janitor,27-8-0,27,8,0.0,"6' 0""",205 lbs.,"74""",Orthodox,"Jan 04, 1971",1.9,44%,1.62,59%,3.25,46%,70%,0.1,678
http://ufcstats.com/fighter-details/353de740bb6c7e75,Mike Russow,,15-3-0 (1 NC),15,3,,"6' 1""",255 lbs.,"73""",Orthodox,"Sep 11, 1976",1.55,47%,2.9,59%,4.66,43%,0%,0.7,677
http://ufcstats.com/fighter-details/fea8acf9bfcf09ec,Simeon Thoresen,The Grin,17-6-1,17,6,1.0,"6' 1""",170 lbs.,"79""",Orthodox,"Mar 14, 1984",3.85,43%,3.85,64%,1.12,40%,50%,1.7,676
http://ufcstats.com/fighter-details/7cf20446453f852b,Milton Vieira,Miltinho,13-8-2,13,8,2.0,"6' 0""",145 lbs.,--,Orthodox,"Oct 04, 1978",1.13,35%,2.36,48%,2.67,53%,12%,0.7,675
http://ufcstats.com/fighter-details/3a24769a4855040a,Diego Nunes,The Gun,19-7-0,19,7,0.0,"5' 6""",145 lbs.,"67""",Orthodox,"Nov 30, 1982",2.72,43%,2.59,58%,1.18,44%,65%,0.6,674
http://ufcstats.com/fighter-details/e983c62faf677ab2,Pedro Nobre,The Rock,18-4-2 (1 NC),18,4,,"5' 5""",135 lbs.,--,,"Feb 13, 1986",1.37,30%,9.16,35%,0.0,0%,0%,0.0,673
http://ufcstats.com/fighter-details/7f6ef4e1227600bc,Wagner Prado,Caldeirao,12-3-0 (1 NC),12,3,,"6' 0""",205 lbs.,"74""",Southpaw,"Dec 30, 1986",1.72,40%,3.06,50%,0.0,0%,22%,0.0,672
http://ufcstats.com/fighter-details/c0eecd851dbf3146,CJ Keith,,8-4-0,8,4,0.0,"6' 0""",155 lbs.,--,Orthodox,"Aug 09, 1986",0.86,50%,1.82,50%,0.0,0%,62%,0.0,671
http://ufcstats.com/fighter-details/ecdf14f4f8643d39,Byron Bloodworth,,6-3-0,6,3,0.0,"5' 8""",135 lbs.,--,Orthodox,"Aug 16, 1983",1.82,28%,5.18,50%,0.0,0%,0%,0.0,670
http://ufcstats.com/fighter-details/85980f5da429c0a6,Shane del Rosario,,11-2-0,11,2,0.0,"6' 4""",250 lbs.,--,Southpaw,"Sep 23, 1983",3.93,60%,2.97,54%,1.2,40%,16%,2.4,669
http://ufcstats.com/fighter-details/b0a6124751a56bc4,Jonathan Brookins,,16-10-0,16,10,0.0,"6' 0""",145 lbs.,"74""",Southpaw,"Aug 13, 1985",2.69,39%,3.63,56%,1.94,17%,80%,0.3,668
http://ufcstats.com/fighter-details/8b260672a21d1fd6,John Cofer,The Potter,8-4-0,8,4,0.0,"5' 9""",155 lbs.,--,Southpaw,"Apr 29, 1984",2.73,41%,3.43,62%,1.22,50%,64%,0.0,667
http://ufcstats.com/fighter-details/edad57b3dddf2168,Jared Papazian,The Jackhammer,20-13-0 (1 NC),20,13,,"5' 8""",135 lbs.,"67""",Southpaw,"Feb 01, 1988",3.33,39%,3.81,44%,0.0,0%,50%,0.0,666
http://ufcstats.com/fighter-details/5a6e4d2f0c76a242,Manuel Rodriguez,Chalate,11-5-0,11,5,0.0,"5' 9""",170 lbs.,--,Orthodox,"Apr 25, 1985",0.81,33%,3.23,38%,9.09,75%,0%,0.0,665
http://ufcstats.com/fighter-details/b788862dd1c11eac,Brendan Loughnane,,17-3-0,17,3,0.0,"5' 10""",145 lbs.,"70""",Switch,"Dec 05, 1989",6.23,63%,6.7,53%,1.5,30%,92%,0.0,664
http://ufcstats.com/fighter-details/879b8df81523d91b,Nick Penner,The Quiet Assassin,11-3-0,11,3,0.0,"6' 4""",205 lbs.,--,Southpaw,"Mar 26, 1980",1.25,30%,4.6,38%,0.0,0%,40%,0.0,663
http://ufcstats.com/fighter-details/76729a829623e266,Henry Martinez,Sicario,9-4-0,9,4,0.0,"5' 7""",155 lbs.,"69""",Southpaw,"Aug 07, 1983",2.79,25%,4.01,60%,0.0,0%,80%,0.0,662
http://ufcstats.com/fighter-details/182f2b78582de3d8,Marcus LeVesseur,The Prospect,22-7-0,22,7,0.0,"5' 9""",155 lbs.,"70""",Southpaw,"Jul 17, 1982",2.55,64%,3.7,37%,3.89,36%,83%,0.6,661
http://ufcstats.com/fighter-details/0a97691039c4bbfb,Mark Hominick,The Machine,20-12-0,20,12,0.0,"5' 8""",145 lbs.,"68""",Orthodox,"Jul 22, 1982",4.08,42%,4.18,69%,0.25,66%,71%,0.9,660
http://ufcstats.com/fighter-details/fdf18227faa596dd,Chad Griggs,The Grave Digger,11-3-0,11,3,0.0,"6' 1""",205 lbs.,"73""",Orthodox,"May 15, 1978",2.67,50%,2.22,46%,1.51,66%,41%,0.0,659
http://ufcstats.com/fighter-details/d897897060f10a3a,Rich Franklin,Ace,29-7-0 (1 NC),29,7,,"6' 1""",185 lbs.,"76""",Southpaw,"Oct 05, 1974",4.1,44%,2.07,62%,1.31,66%,63%,0.7,658
http://ufcstats.com/fighter-details/c23e3d4875340d8d,Zhang Tiequan,The Wolf,15-4-0,15,4,0.0,"5' 8""",155 lbs.,"69""",Orthodox,"Jul 25, 1978",1.23,36%,2.14,51%,1.95,58%,75%,3.4,657
http://ufcstats.com/fighter-details/97a8f39186f489db,Jeff Hougland,Hellbound,10-6-0,10,6,0.0,"5' 7""",135 lbs.,"68""",Orthodox,"Aug 02, 1978",1.86,48%,3.46,47%,0.86,18%,0%,1.1,656
http://ufcstats.com/fighter-details/c34e5849184b08c3,Yasuhiro Urushitani,,21-8-6,21,8,6.0,"5' 5""",125 lbs.,--,Southpaw,"Sep 08, 1976",3.47,39%,4.71,65%,0.0,0%,80%,0.0,655
http://ufcstats.com/fighter-details/0bcfe2513cb3bc39,Tom DeBlass,,9-2-0,9,2,0.0,"6' 0""",185 lbs.,--,Orthodox,"May 14, 1982",1.5,35%,4.43,37%,1.0,50%,28%,0.5,654
http://ufcstats.com/fighter-details/c6a33ff198aaaeeb,Stephan Bonnar,The American Psycho,15-9-0,15,9,0.0,"6' 4""",205 lbs.,"79""",Orthodox,"Apr 04, 1977",2.76,38%,3.01,52%,1.32,40%,60%,1.0,653
http://ufcstats.com/fighter-details/10559c53de0b950e,Joey Gambino,The Raging Warrior,9-2-0,9,2,0.0,"5' 7""",145 lbs.,--,Orthodox,"Oct 26, 1988",2.47,35%,2.53,51%,0.0,0%,42%,0.8,652
http://ufcstats.com/fighter-details/24b033b3daf1c9df,Luiz Cane,Banha,17-7-0 (1 NC),17,7,,"6' 2""",185 lbs.,"77""",Southpaw,"Apr 24, 1981",4.79,41%,5.0,60%,0.56,28%,100%,0.3,651
http://ufcstats.com/fighter-details/d5f820c11a121050,Aaron Simpson,A-Train,12-5-0,12,5,0.0,"6' 0""",170 lbs.,"73""",Orthodox,"Jul 20, 1974",3.6,52%,2.53,56%,3.78,34%,83%,0.5,650
http://ufcstats.com/fighter-details/4f853e98886283cf,Carlo Prater,Neo,31-18-1,31,18,1.0,"5' 11""",155 lbs.,"72""",Switch,"Jun 25, 1981",2.03,47%,4.07,35%,0.43,9%,57%,1.7,649
http://ufcstats.com/fighter-details/75e0d3cc2262b732,Shane Roller,,11-7-0,11,7,0.0,"5' 10""",155 lbs.,"72""",Orthodox,"Jul 14, 1979",2.04,34%,2.65,60%,2.46,33%,42%,1.9,648
http://ufcstats.com/fighter-details/473ce3aa581251a2,Dan Hardy,The Outlaw,25-10-0 (1 NC),25,10,,"6' 0""",170 lbs.,"74""",Orthodox,"May 17, 1982",2.46,35%,3.44,51%,0.73,35%,35%,0.4,647
http://ufcstats.com/fighter-details/84ac950d4c1722dd,Duane Ludwig,Bang,21-14-0,21,14,0.0,"5' 10""",170 lbs.,"70""",Orthodox,"Aug 04, 1978",4.62,44%,3.05,57%,0.43,25%,59%,0.1,646
http://ufcstats.com/fighter-details/322a56923b396b4d,DaMarques Johnson,Darkness,15-15-0,15,15,0.0,"6' 1""",170 lbs.,"75""",Orthodox,"Jun 28, 1982",2.11,37%,3.75,51%,1.18,55%,19%,0.7,645
http://ufcstats.com/fighter-details/f59e9e49ef85b469,Jason Young,Shotgun,9-6-0,9,6,0.0,"5' 9""",145 lbs.,"73""",Orthodox,"Jun 28, 1986",2.97,37%,3.2,50%,1.98,66%,55%,0.0,644
http://ufcstats.com/fighter-details/92aafa8f4b26269b,Walel Watson,The Gazelle,14-10-0,14,10,0.0,"5' 11""",135 lbs.,"75""",Orthodox,"Jul 16, 1984",2.1,29%,3.79,43%,0.0,0%,61%,1.4,643
http://ufcstats.com/fighter-details/b2a2da86546ddb19,Buddy Roberts,,12-3-0,12,3,0.0,"6' 2""",185 lbs.,--,Orthodox,"Oct 17, 1982",2.17,34%,2.08,70%,0.0,0%,76%,0.7,642
http://ufcstats.com/fighter-details/0871254cd790c250,Tommy Hayden,Wild Card,11-3-0,11,3,0.0,"5' 9""",145 lbs.,--,Southpaw,"Mar 11, 1986",1.48,27%,2.05,55%,3.42,33%,66%,0.0,641
http://ufcstats.com/fighter-details/fbf0947399d14323,Ken Stone,,11-4-0,11,4,0.0,"5' 8""",135 lbs.,"71""",Southpaw,"Oct 08, 1982",3.85,49%,2.9,48%,1.24,33%,60%,0.6,640
http://ufcstats.com/fighter-details/2b4faacc16d66898,Eiji Mitsuoka,,18-9-2,18,9,2.0,"5' 7""",145 lbs.,--,Southpaw,"Jan 01, 1976",1.49,49%,2.26,45%,2.3,36%,20%,1.6,639
http://ufcstats.com/fighter-details/dcdd511ff757f15c,Oli Thompson,,17-10-0,17,10,0.0,"6' 1""",242 lbs.,"75""",Orthodox,"Jan 02, 1980",1.66,46%,5.31,46%,0.0,0%,50%,0.5,638
http://ufcstats.com/fighter-details/9f842be1a5337be6,Michihiro Omigawa,,17-14-1,17,14,1.0,"5' 6""",145 lbs.,"68""",Orthodox,"Dec 19, 1975",2.01,39%,3.06,64%,1.19,36%,49%,1.5,637
http://ufcstats.com/fighter-details/c96e2ae6021144a1,Damacio Page,The Angel of Death,19-10-0,19,10,0.0,"5' 6""",135 lbs.,"66""",Orthodox,"Sep 30, 1982",2.05,38%,2.47,51%,2.63,64%,23%,0.9,636
http://ufcstats.com/fighter-details/b0f316c60f8d3b47,Josh Ferguson,Taz,10-5-0,10,5,0.0,"5' 5""",125 lbs.,--,Orthodox,"May 13, 1988",2.13,43%,4.18,32%,0.59,11%,54%,0.0,635
http://ufcstats.com/fighter-details/cc3147b49c7d7d92,Dan Stittgen,The Anvil,12-5-0,12,5,0.0,"6' 1""",170 lbs.,--,Orthodox,"Nov 17, 1980",2.97,46%,4.42,37%,0.78,100%,100%,0.0,634
http://ufcstats.com/fighter-details/fcffee71cff5530e,Forrest Griffin,,19-7-0,19,7,0.0,"6' 3""",205 lbs.,"77""",Orthodox,"Mar 16, 1979",4.38,36%,2.81,61%,1.05,48%,57%,0.7,633
http://ufcstats.com/fighter-details/2f732dd9210d301f,Tito Ortiz,The People's Champ,19-12-1,19,12,1.0,"6' 3""",205 lbs.,"74""",Orthodox,"Jan 23, 1975",2.59,46%,2.88,60%,2.47,35%,54%,0.6,632
http://ufcstats.com/fighter-details/7a15f3694c5cbc02,John Alessio,The Natural,35-17-0 (2 NC),35,17,,"5' 10""",155 lbs.,"72""",Orthodox,"Jul 05, 1979",2.1,39%,2.91,54%,1.85,38%,70%,1.2,631
http://ufcstats.com/fighter-details/afc2a7ce0c763bd5,Yoislandy Izquierdo,Cuba,10-4-0,10,4,0.0,"5' 11""",155 lbs.,--,Southpaw,"Jan 09, 1984",2.93,52%,1.4,26%,0.0,0%,50%,0.0,630
http://ufcstats.com/fighter-details/2937cb502dda0808,Anistavio Medeiros,Gasparzinho,19-10-0,19,10,0.0,"5' 6""",145 lbs.,--,Orthodox,"May 01, 1988",3.64,44%,5.0,47%,0.0,0%,0%,0.0,629
http://ufcstats.com/fighter-details/970beed85bc46b63,Delson Heleno,Pe De Chumbo,29-10-0,29,10,0.0,"5' 11""",185 lbs.,--,Orthodox,"Nov 16, 1977",0.69,75%,4.83,19%,0.0,0%,0%,0.0,628
http://ufcstats.com/fighter-details/86061eaba822bfea,John Teixeira,Macapa,21-2-2,21,2,2.0,"5' 7""",145 lbs.,--,Orthodox,"Nov 18, 1986",3.36,35%,3.2,63%,1.0,27%,71%,0.7,627
http://ufcstats.com/fighter-details/db6d5f691aea3fd3,Wagner Campos,Galeto,12-10-0,12,10,0.0,"5' 6""",145 lbs.,--,Southpaw,"Jul 31, 1981",1.54,41%,2.53,51%,2.71,100%,0%,0.0,626
http://ufcstats.com/fighter-details/f34312c2ccfa0e00,Spencer Fisher,The King,24-9-0,24,9,0.0,"5' 7""",155 lbs.,"68""",Southpaw,"May 09, 1976",3.17,43%,3.03,64%,0.67,30%,60%,0.8,625
http://ufcstats.com/fighter-details/7bc475b0fc2020ab,Luis Ramos,Beicao,20-10-2,20,10,2.0,"5' 8""",170 lbs.,--,Orthodox,"Jan 18, 1981",2.4,35%,5.6,42%,1.5,20%,100%,0.0,624
http://ufcstats.com/fighter-details/e9e1acc96536bb4f,Ricardo Funch,Golden Boy,9-6-0,9,6,0.0,"5' 10""",170 lbs.,"74""",Southpaw,"Aug 14, 1980",2.61,65%,3.57,40%,1.24,18%,60%,0.0,623
http://ufcstats.com/fighter-details/4f736494fc733095,Carlos Eduardo Rocha,Ta Danado,9-4-0,9,4,0.0,"5' 10""",170 lbs.,"73""",Orthodox,"Jul 12, 1981",1.24,34%,1.85,55%,0.0,0%,52%,1.4,622
http://ufcstats.com/fighter-details/7a613f78dd7ee8f8,Bernardo Magalhaes,Trekko,13-4-0,13,4,0.0,"5' 9""",155 lbs.,--,Orthodox,"Apr 08, 1981",1.8,27%,3.37,68%,0.0,0%,0%,0.5,621
http://ufcstats.com/fighter-details/e57fdbea1b828202,Jake Hecht,Hitman,11-4-0,11,4,0.0,"6' 0""",170 lbs.,"73""",Orthodox,"Feb 09, 1984",3.26,47%,2.76,56%,2.04,37%,40%,0.0,620
http://ufcstats.com/fighter-details/de12bd65e2f46478,Pat Schilling,Thrilling,5-2-0,5,2,0.0,"5' 8""",145 lbs.,--,Orthodox,"Aug 28, 1988",1.87,26%,8.24,52%,0.0,0%,0%,0.0,619
http://ufcstats.com/fighter-details/1d1b85389a05df69,Chris Tickle,BadBoy,9-9-0,9,9,0.0,"5' 9""",155 lbs.,--,,"Feb 01, 1982",1.07,40%,1.13,43%,1.0,25%,20%,2.0,618
http://ufcstats.com/fighter-details/b35a159f525764eb,Chris Saunders,The So Cal Kid,16-8-0,16,8,0.0,"5' 8""",155 lbs.,--,,"Mar 11, 1986",1.48,22%,2.96,75%,3.7,100%,0%,0.0,617
http://ufcstats.com/fighter-details/b2f88c04c4dd43ce,Jason Miller,Mayhem,23-10-0 (1 NC),23,10,,"6' 1""",185 lbs.,--,Orthodox,"Dec 24, 1980",1.83,43%,2.3,49%,1.31,28%,43%,1.3,616
http://ufcstats.com/fighter-details/ee624ee2a18f2a43,Jorge Lopez,,11-5-0,11,5,0.0,"5' 10""",170 lbs.,--,Orthodox,"Nov 21, 1988",2.47,59%,2.57,50%,3.5,41%,81%,0.0,615
http://ufcstats.com/fighter-details/2be6596a9db33bf5,Jason MacDonald,The Athlete,25-16-0,25,16,0.0,"6' 3""",185 lbs.,"80""",Orthodox,"Jun 03, 1975",1.55,52%,2.7,46%,1.43,16%,35%,2.0,614
http://ufcstats.com/fighter-details/ece280745f8727b8,Kamal Shalorus,Prince of Persia,9-5-2,9,5,2.0,"5' 8""",155 lbs.,"68""",Orthodox,"Aug 27, 1972",3.06,32%,2.99,70%,2.07,50%,80%,0.0,613
http://ufcstats.com/fighter-details/a8ea84cbe1655f0a,Jeff Curran,Big Frog,36-18-1,36,18,1.0,"5' 6""",135 lbs.,"69""",Orthodox,"Sep 02, 1977",1.54,31%,2.48,60%,0.35,12%,35%,1.2,612
http://ufcstats.com/fighter-details/d18dbcb0f8e2b55d,Alex Soto,Extremo,8-3-1,8,3,1.0,"5' 8""",135 lbs.,--,Southpaw,"Feb 15, 1984",2.95,25%,5.02,59%,2.82,30%,0%,0.0,611
http://ufcstats.com/fighter-details/e4aaaa34535e32b6,Nick Denis,The Ninja of Love,11-3-0,11,3,0.0,"5' 7""",135 lbs.,--,Orthodox,"Oct 11, 1983",6.54,53%,5.42,36%,2.8,100%,80%,0.0,610
http://ufcstats.com/fighter-details/5b2d7906aa894274,Mike Massenzio,The Master of Disaster,13-9-0,13,9,0.0,"6' 2""",185 lbs.,"73""",Southpaw,"Nov 01, 1982",2.08,45%,3.59,54%,2.74,24%,50%,1.4,609
http://ufcstats.com/fighter-details/33b2f68ef95252e0,Miguel Torres,,44-9-0,44,9,0.0,"5' 9""",135 lbs.,"76""",Orthodox,"Jan 18, 1981",3.98,43%,1.86,74%,0.0,0%,17%,1.6,608
http://ufcstats.com/fighter-details/cc84b68f862b466f,Eddie Yagin,The Filipino Phenom,16-7-1,16,7,1.0,"5' 7""",145 lbs.,--,Orthodox,"Mar 23, 1979",3.13,30%,5.77,42%,0.0,0%,62%,1.0,607
http://ufcstats.com/fighter-details/53f84637dfffab7a,Eric Wisely,Little Lee,26-9-1,26,9,1.0,"5' 8""",145 lbs.,--,Southpaw,"Jul 25, 1984",1.42,47%,2.08,56%,0.0,0%,27%,0.9,606
http://ufcstats.com/fighter-details/11f8860028b68fcf,Aaron Rosa,,18-6-0,18,6,0.0,"6' 4""",205 lbs.,"77""",Orthodox,"May 28, 1983",4.03,47%,4.41,45%,0.36,33%,85%,0.4,605
http://ufcstats.com/fighter-details/51b1e2fd9872005b,Mackens Semerzier,Da Menace,8-4-0 (1 NC),8,4,,"5' 9""",145 lbs.,"72""",Orthodox,"Nov 03, 1980",2.91,45%,3.48,46%,2.14,50%,50%,2.1,604
http://ufcstats.com/fighter-details/f1f9e48a0d150757,Steve Cantwell,The Robot,7-6-0,7,6,0.0,"6' 2""",185 lbs.,"75""",Orthodox,"Dec 08, 1986",3.63,34%,5.76,55%,0.65,30%,80%,0.7,603
http://ufcstats.com/fighter-details/8c8c92a12621d7e0,Chris Cope,C-Murder,8-4-0,8,4,0.0,"6' 0""",170 lbs.,"72""",Orthodox,"Mar 05, 1983",3.96,26%,4.82,50%,0.0,0%,80%,0.0,602
http://ufcstats.com/fighter-details/0577808d22dfe79c,Jon Olav Einemo,The Viking,6-3-0,6,3,0.0,"6' 6""",253 lbs.,--,Orthodox,"Dec 10, 1975",2.15,52%,3.05,52%,1.73,55%,43%,0.0,601
http://ufcstats.com/fighter-details/80779d7441af1b52,Christian Morecraft,,8-3-0,8,3,0.0,"6' 6""",260 lbs.,"81""",Orthodox,"Sep 08, 1986",2.82,34%,2.46,46%,3.26,66%,50%,2.2,600
http://ufcstats.com/fighter-details/cb46dface0e28a2c,Jorge Rivera,El Conquistador,20-9-0,20,9,0.0,"6' 1""",185 lbs.,"73""",Orthodox,"Feb 28, 1972",3.16,48%,2.64,54%,0.84,50%,63%,0.1,599
http://ufcstats.com/fighter-details/f59f1d3a2ff13edd,Eric Schafer,Red,14-8-2,14,8,2.0,"6' 3""",185 lbs.,"76""",Orthodox,"Sep 20, 1977",1.89,34%,3.38,56%,1.81,36%,50%,1.8,598
http://ufcstats.com/fighter-details/22edaf53ad59a967,Daniel Roberts,Ninja,15-7-0,15,7,0.0,"5' 10""",170 lbs.,"74""",Southpaw,"Aug 05, 1980",0.73,20%,2.27,46%,2.46,44%,40%,2.5,597
http://ufcstats.com/fighter-details/696002b59f09d73b,Joseph Sandoval,,7-7-0,7,7,0.0,"5' 7""",135 lbs.,--,Southpaw,"May 11, 1986",1.82,42%,12.12,60%,0.0,0%,0%,0.0,596
http://ufcstats.com/fighter-details/d0d7160824278840,Junior Assuncao,,16-6-0,16,6,0.0,"5' 9""",145 lbs.,"72""",Orthodox,"Jun 24, 1981",3.31,62%,2.06,44%,2.43,24%,66%,0.7,595
http://ufcstats.com/fighter-details/56116a79e4deed06,Claude Patrick,The Prince,14-2-0,14,2,0.0,"5' 11""",170 lbs.,"75""",Orthodox,"Jun 14, 1980",1.8,55%,0.89,69%,2.32,53%,84%,1.7,594
http://ufcstats.com/fighter-details/59583ff832fe9d68,Krzysztof Soszynski,The Polish Experiment,26-12-1,26,12,1.0,"6' 1""",205 lbs.,"77""",Open Stance,"Aug 02, 1977",3.37,39%,3.13,58%,0.52,25%,71%,1.0,593
http://ufcstats.com/fighter-details/8a8a84b743ae7699,Dennis Hallman,Superman,53-20-2 (1 NC),53,20,,"5' 9""",155 lbs.,"72""",Orthodox,"Dec 02, 1975",1.12,44%,1.96,43%,1.79,30%,25%,2.1,592
http://ufcstats.com/fighter-details/210935fd21670f6d,Rich Attonito,The Raging Bull,10-5-0,10,5,0.0,"5' 10""",170 lbs.,"72""",Orthodox,"Jun 16, 1977",2.28,47%,2.13,59%,0.74,37%,75%,0.0,591
http://ufcstats.com/fighter-details/1cecc8fe6748a532,Stephen Bass,Bigfish,11-2-0,11,2,0.0,"5' 9""",145 lbs.,--,Orthodox,"Nov 14, 1982",4.87,52%,5.87,55%,0.0,0%,0%,0.0,590
http://ufcstats.com/fighter-details/e503aa5c252a1b4d,Dustin Neace,The Beast,25-21-1 (1 NC),25,21,,"5' 9""",145 lbs.,"69""",,"Sep 12, 1986",2.08,32%,2.66,56%,0.0,0%,0%,1.7,589
http://ufcstats.com/fighter-details/497ba5b12a4bfc47,Jason Brilz,Hitman,22-6-1,22,6,1.0,"5' 11""",205 lbs.,"71""",Orthodox,"Jul 07, 1975",2.66,40%,1.78,65%,2.37,25%,25%,1.3,588
http://ufcstats.com/fighter-details/8cb76103cd8a1562,Nick Pace,,8-3-0,8,3,0.0,"5' 7""",135 lbs.,"68""",Orthodox,"Apr 17, 1987",1.48,34%,3.14,57%,2.52,43%,54%,0.5,587
http://ufcstats.com/fighter-details/e2b8186b618b00c4,Shamar Bailey,,16-11-0,16,11,0.0,"5' 9""",155 lbs.,"75""",Southpaw,"Sep 22, 1982",1.56,20%,3.91,69%,1.5,33%,37%,0.0,586
http://ufcstats.com/fighter-details/83a477a7dba1ca58,Clay Harvison,Bushwacker,13-6-0,13,6,0.0,"6' 1""",170 lbs.,"74""",Orthodox,"Sep 25, 1980",3.29,48%,3.91,58%,0.66,100%,68%,1.3,585
http://ufcstats.com/fighter-details/5df17b3620145578,Cole Escovedo,Apache Kid,17-9-0,17,9,0.0,"5' 7""",135 lbs.,"72""",Orthodox,"Aug 30, 1981",1.77,43%,4.32,49%,0.43,33%,13%,0.0,584
http://ufcstats.com/fighter-details/c7011de4765d2497,Paul Bradley,The Gentleman,23-8-0 (2 NC),23,8,,"5' 9""",170 lbs.,--,Orthodox,"Jun 13, 1983",2.26,32%,4.13,56%,1.12,16%,100%,0.0,583
http://ufcstats.com/fighter-details/668222c99c5c311d,Matt Lucas,Luke Duke,15-3-0,15,3,0.0,"6' 1""",205 lbs.,--,,"Dec 27, 1973",1.27,48%,3.93,40%,1.0,10%,0%,0.0,582
http://ufcstats.com/fighter-details/6224e8d0a34264eb,Edward Faaloloto,,2-5-0,2,5,0.0,--,155 lbs.,"70""",Orthodox,"Jul 15, 1984",2.28,32%,6.25,44%,1.01,25%,33%,0.0,581
http://ufcstats.com/fighter-details/a7d687e6ecb30981,Rob Broughton,The Bear,16-7-1,16,7,1.0,"6' 2""",265 lbs.,"74""",Orthodox,"Mar 03, 1983",2.83,60%,2.54,51%,0.0,0%,26%,3.2,580
http://ufcstats.com/fighter-details/20205040232ed0f3,Tyson Griffin,,16-8-0,16,8,0.0,"5' 6""",145 lbs.,"68""",Orthodox,"Apr 20, 1984",3.71,41%,2.3,65%,1.87,46%,59%,0.9,579
http://ufcstats.com/fighter-details/a08d909a5be6f410,Eliot Marshall,Fire,10-4-0,10,4,0.0,"6' 2""",205 lbs.,"77""",Orthodox,"Jul 07, 1980",1.93,27%,2.39,67%,0.47,33%,79%,0.9,578
http://ufcstats.com/fighter-details/a66395395b5f1394,Danny Downes,,8-3-0,8,3,0.0,"6' 0""",155 lbs.,"72""",Orthodox,"Apr 08, 1986",1.66,34%,3.53,37%,0.0,0%,37%,0.5,577
http://ufcstats.com/fighter-details/cb139171ed1b69fe,Kenny Florian,KenFlo,14-6-0,14,6,0.0,"5' 10""",145 lbs.,"74""",Southpaw,"May 26, 1976",2.41,40%,1.85,63%,2.22,33%,60%,1.3,576
http://ufcstats.com/fighter-details/621a6c59f88a44fe,Matt Hughes,,45-9-0,45,9,0.0,"5' 9""",170 lbs.,"73""",Switch,"Oct 13, 1973",2.14,53%,1.36,53%,2.95,50%,35%,1.2,575
http://ufcstats.com/fighter-details/744e098e065cfdbe,Ricardo Romero,,11-3-0,11,3,0.0,"6' 0""",205 lbs.,"76""",Orthodox,"Apr 15, 1978",2.17,55%,4.77,46%,1.63,10%,100%,3.3,574
http://ufcstats.com/fighter-details/e6147d5ab3685899,Donny Walker,Eagle Eye,15-10-0,15,10,0.0,"5' 9""",135 lbs.,--,,"Jan 04, 1980",1.81,37%,3.85,46%,0.0,0%,57%,1.7,573
http://ufcstats.com/fighter-details/e26882820f9e8df5,Mike Lullo,,8-3-0,8,3,0.0,"5' 8""",145 lbs.,--,Orthodox,"Jul 24, 1979",2.48,36%,4.84,40%,1.18,11%,0%,0.6,572
http://ufcstats.com/fighter-details/eea0274e153256a0,Ian Loveland,The Barn Owl,18-10-0,18,10,0.0,"5' 8""",145 lbs.,--,Orthodox,"Sep 07, 1983",2.71,40%,2.36,64%,1.0,37%,69%,0.3,571
http://ufcstats.com/fighter-details/91acd6910b802a9e,Chris Lytle,Lights Out,31-18-5,31,18,5.0,"5' 11""",170 lbs.,"68""",Orthodox,"Aug 18, 1974",3.76,45%,3.03,58%,0.7,55%,55%,2.4,570
http://ufcstats.com/fighter-details/d25b93992f285953,TJ O'Brien,The Spider,20-8-0,20,8,0.0,"6' 2""",155 lbs.,--,Orthodox,"Jan 01, 1987",3.77,46%,4.78,57%,0.94,100%,0%,0.0,569
http://ufcstats.com/fighter-details/02500fb9fd79a974,Jason Reinhardt,,20-3-0,20,3,0.0,"5' 6""",135 lbs.,--,Orthodox,"Oct 31, 1969",0.51,40%,4.07,43%,1.91,12%,50%,0.0,568
http://ufcstats.com/fighter-details/b45d6b73f4ca4467,Andre Winner,,21-11-2,21,11,2.0,"5' 11""",155 lbs.,"73""",Orthodox,"Nov 09, 1981",2.52,33%,4.57,51%,0.0,0%,74%,0.0,567
http://ufcstats.com/fighter-details/79899ecf62020f6d,Joe Stevenson,Daddy,33-16-0,33,16,0.0,"5' 7""",145 lbs.,"70""",Orthodox,"Jun 15, 1982",2.05,44%,2.44,60%,2.75,44%,39%,2.2,566
http://ufcstats.com/fighter-details/be5cfd73617a5b1a,Javier Vazquez,Showtime,16-5-0,16,5,0.0,"5' 7""",145 lbs.,"69""",Southpaw,"Jul 16, 1977",2.43,36%,1.99,72%,2.56,52%,57%,1.5,565
http://ufcstats.com/fighter-details/2721bb808bb2523c,Curt Warburton,,13-6-0,13,6,0.0,"6' 0""",155 lbs.,"73""",Orthodox,--,2.13,42%,3.44,43%,2.35,50%,83%,0.9,564
http://ufcstats.com/fighter-details/68dd7b3783c19f9c,Shane Carwin,The Engineer,12-2-0,12,2,0.0,"6' 2""",265 lbs.,"80""",Orthodox,"Jan 04, 1975",4.38,47%,3.53,53%,1.42,33%,42%,0.0,563
http://ufcstats.com/fighter-details/934de214814b8ff4,Jesse Bongfeldt,Water,16-5-1,16,5,1.0,"6' 0""",185 lbs.,--,Orthodox,"Aug 28, 1980",2.91,62%,1.01,50%,1.51,33%,33%,0.0,562
http://ufcstats.com/fighter-details/89b8d1bf1ff09d1d,Tim Credeur,,12-4-0,12,4,0.0,"6' 3""",185 lbs.,"75""",Orthodox,"Jul 09, 1977",3.59,30%,3.13,57%,0.41,100%,50%,3.3,561
http://ufcstats.com/fighter-details/56bc9ccb609df534,Chuck O'Neil,Cold Steel,17-9-0,17,9,0.0,"6' 2""",170 lbs.,--,,"Sep 22, 1985",3.13,37%,4.4,72%,0.0,0%,0%,0.0,560
http://ufcstats.com/fighter-details/1f9c371c93dfd3a9,Ryan McGillivray,The Kid,12-0-1,12,0,1.0,"5' 11""",170 lbs.,--,,"Sep 27, 1986",1.27,20%,2.2,52%,0.0,0%,44%,0.0,559
http://ufcstats.com/fighter-details/234f3767ff0e5701,Kendall Grove,Da Spyder,23-17-0 (1 NC),23,17,,"6' 6""",185 lbs.,"79""",Orthodox,"Nov 12, 1982",2.31,41%,2.4,54%,0.49,45%,56%,1.7,558
http://ufcstats.com/fighter-details/0aa92558424ced9e,Randy Couture,The Natural,19-11-0,19,11,0.0,"6' 1""",205 lbs.,"75""",Orthodox,"Jun 22, 1963",2.85,57%,1.53,59%,2.78,46%,58%,0.5,557
http://ufcstats.com/fighter-details/8a0be41c0380188d,Charlie Valencia,,12-7-0,12,7,0.0,"5' 3""",135 lbs.,"64""",Orthodox,"Oct 31, 1974",2.58,37%,2.61,77%,1.4,53%,75%,0.5,556
http://ufcstats.com/fighter-details/aae99701b21554e4,Ryan Jensen,,21-8-0,21,8,0.0,"6' 1""",185 lbs.,"76""",Orthodox,"Sep 20, 1977",2.84,39%,2.99,59%,1.55,50%,31%,1.9,555
http://ufcstats.com/fighter-details/d7b2c0b53883ee80,Kyle Watson,,13-8-1,13,8,1.0,"6' 0""",155 lbs.,--,Southpaw,"Aug 09, 1979",3.67,35%,3.25,62%,0.0,0%,100%,0.0,554
http://ufcstats.com/fighter-details/7691a80e6ca3e55b,Jon Madsen,,8-2-0,8,2,0.0,"6' 0""",240 lbs.,"72""",Orthodox,"Feb 12, 1980",2.46,41%,1.18,81%,1.32,71%,70%,0.0,553
http://ufcstats.com/fighter-details/baed16f18348908e,Kris McCray,Savage,8-5-0,8,5,0.0,"6' 0""",170 lbs.,"76""",Orthodox,"Sep 24, 1981",2.69,45%,2.57,54%,2.88,55%,38%,0.0,552
http://ufcstats.com/fighter-details/008dc37cca279def,Sean McCorkle,,17-7-0,17,7,0.0,"6' 7""",265 lbs.,"81""",Orthodox,"Jul 17, 1976",0.85,44%,2.48,52%,2.12,40%,33%,4.2,551
http://ufcstats.com/fighter-details/df2bf09c99594848,Mario Miranda,,14-7-0,14,7,0.0,"6' 3""",185 lbs.,"74""",Orthodox,"Jul 12, 1979",1.96,54%,2.46,36%,1.02,60%,54%,0.0,550
http://ufcstats.com/fighter-details/28f62d866c59c709,Waylon Lowe,,16-7-0 (2 NC),16,7,,"5' 7""",145 lbs.,--,Southpaw,"Oct 31, 1980",1.88,55%,2.4,53%,4.47,55%,83%,0.3,549
http://ufcstats.com/fighter-details/91186547a7f3f758,Ricardo Almeida,Big Dog,13-5-0,13,5,0.0,"6' 0""",170 lbs.,"74""",Orthodox,"Nov 29, 1976",2.02,49%,1.2,61%,3.74,38%,31%,1.2,548
http://ufcstats.com/fighter-details/aa1952ec0b3dd8e1,Kurt Pellegrino,Batman,16-7-0,16,7,0.0,"5' 8""",155 lbs.,"70""",Orthodox,"May 07, 1979",2.45,43%,1.94,63%,2.9,54%,69%,0.8,547
http://ufcstats.com/fighter-details/054defd5420a551f,Rob Kimmons,The Rosedale Reaper,25-9-0,25,9,0.0,"5' 10""",185 lbs.,"73""",Orthodox,"Jan 30, 1981",1.86,48%,4.79,38%,2.08,46%,25%,2.4,546
http://ufcstats.com/fighter-details/9b68bf67c5695185,Todd Brown,Bulldog,16-4-0 (1 NC),16,4,,"5' 11""",205 lbs.,--,Orthodox,"Dec 13, 1976",2.15,45%,3.85,48%,0.0,0%,50%,0.0,545
http://ufcstats.com/fighter-details/2adb11835acd815b,Tom Blackledge,,10-7-0,10,7,0.0,--,205 lbs.,--,Orthodox,--,2.91,61%,2.55,46%,0.0,0%,75%,0.0,544
http://ufcstats.com/fighter-details/df05aa15b2d66f57,Chris Tuchscherer,The Crowbar,21-4-0 (1 NC),21,4,,"6' 2""",258 lbs.,"76""",Orthodox,"Sep 08, 1975",1.35,31%,3.17,47%,1.19,18%,0%,0.6,543
http://ufcstats.com/fighter-details/6b5b9be990774f0e,Maciej Jewtuszko,Irokez,12-3-0,12,3,0.0,"6' 0""",155 lbs.,--,Southpaw,"Jan 31, 1981",2.29,45%,1.39,66%,0.0,0%,42%,0.9,542
http://ufcstats.com/fighter-details/9ddfb3369a3b0394,Antonio Banuelos,,20-11-1,20,11,1.0,"5' 5""",135 lbs.,"63""",Orthodox,"Sep 23, 1979",2.69,33%,3.15,58%,1.62,62%,86%,0.4,541
http://ufcstats.com/fighter-details/aac5ac38148f0528,Paul Kelly,,14-5-0,14,5,0.0,"5' 9""",155 lbs.,"70""",Orthodox,"Sep 12, 1984",3.22,37%,2.61,59%,1.34,60%,30%,1.5,540
http://ufcstats.com/fighter-details/9b74de674c355425,Paul Taylor,Relentless,11-6-1 (1 NC),11,6,,"6' 0""",155 lbs.,"72""",Orthodox,"Dec 15, 1979",4.44,47%,4.47,55%,0.27,25%,56%,0.5,539
http://ufcstats.com/fighter-details/ccba80d4820ef557,Gabe Ruediger,Godzilla,18-8-0,18,8,0.0,"5' 10""",155 lbs.,--,Orthodox,"Aug 29, 1977",1.7,31%,5.16,41%,2.04,11%,28%,0.0,538
http://ufcstats.com/fighter-details/219a254e15d60135,Tim Hague,The Trashing Machine,21-13-0,21,13,0.0,"6' 4""",260 lbs.,"76""",Orthodox,"May 09, 1983",2.79,47%,4.14,46%,1.72,33%,85%,0.9,537
http://ufcstats.com/fighter-details/eaea0fc7b76525a8,Mike Guymon,The Joker,15-6-1,15,6,1.0,"6' 0""",170 lbs.,"74""",Orthodox,"Sep 17, 1974",2.75,65%,0.79,66%,1.87,37%,54%,1.2,536
http://ufcstats.com/fighter-details/f1f37d667bcd0d27,Willamy Freire,Chiquerim,26-6-0,26,6,0.0,"5' 8""",155 lbs.,--,Orthodox,"Jul 28, 1987",1.53,37%,0.93,62%,0.5,100%,73%,0.0,535
http://ufcstats.com/fighter-details/dc5a6b2fdb27e7dc,Amilcar Alves,,15-12-0,15,12,0.0,"6' 0""",170 lbs.,--,Southpaw,"Aug 08, 1988",0.5,46%,2.02,30%,0.0,0%,53%,0.0,534
http://ufcstats.com/fighter-details/b7d524c77c27389b,Marcus Davis,The Irish Hand Grenade,22-11-0 (1 NC),22,11,,"5' 10""",170 lbs.,"70""",Southpaw,"Aug 24, 1973",2.72,39%,2.79,65%,1.6,48%,47%,1.4,533
http://ufcstats.com/fighter-details/1652f3213655b935,Phil Baroni,The New York Bad Ass,15-18-0,15,18,0.0,"5' 9""",170 lbs.,"72""",Orthodox,"Apr 16, 1976",2.77,45%,3.93,40%,1.46,47%,60%,0.5,532
http://ufcstats.com/fighter-details/9c669abd35b2522f,Greg Soto,,9-4-0,9,4,0.0,"5' 11""",170 lbs.,"73""",Orthodox,"Jun 03, 1986",3.21,63%,2.61,52%,1.49,27%,44%,1.0,531
http://ufcstats.com/fighter-details/3414b50b08a10600,Antonio McKee,Mandingo,29-6-2,29,6,2.0,"5' 8""",155 lbs.,--,Southpaw,"Mar 12, 1970",1.37,45%,0.74,74%,1.47,33%,57%,0.0,530
http://ufcstats.com/fighter-details/dbaaf42313af90fa,Joe Doerksen,El Dirte,51-16-0,51,16,0.0,"6' 0""",185 lbs.,"75""",Orthodox,"Oct 09, 1977",1.43,42%,2.79,50%,2.02,33%,33%,2.3,529
http://ufcstats.com/fighter-details/a149d6bc670cdb60,Dustin Hazelett,McLovin,12-7-0,12,7,0.0,"6' 1""",170 lbs.,"76""",Orthodox,"Apr 29, 1986",2.24,40%,3.51,46%,0.55,50%,25%,4.1,528
http://ufcstats.com/fighter-details/196ed28337adc630,Pat Audinwood,Awesomely Awesome,11-2-1,11,2,1.0,"6' 0""",155 lbs.,--,Orthodox,"Apr 16, 1986",1.17,12%,4.31,41%,0.8,50%,0%,0.0,527
http://ufcstats.com/fighter-details/338a11d3674eb2d4,Aaron Wilkinson,The Daywalker,11-7-0,11,7,0.0,"5' 10""",155 lbs.,--,Orthodox,"Jan 31, 1987",0.0,0%,0.0,100%,7.32,100%,0%,0.0,526
http://ufcstats.com/fighter-details/8e893f269d5696b2,Tyler Toner,,15-7-0 (1 NC),15,7,,"5' 8""",145 lbs.,"70""",Orthodox,"Mar 31, 1983",2.95,52%,2.13,62%,0.0,0%,54%,0.4,525
http://ufcstats.com/fighter-details/9f7787e56a6bc0f4,Sako Chivitchian,,8-1-0,8,1,0.0,"5' 11""",155 lbs.,--,Orthodox,"Mar 11, 1984",2.4,27%,4.8,46%,0.0,0%,100%,0.0,524
http://ufcstats.com/fighter-details/320edfb0332b7073,Fredson Paixao,,10-5-0 (1 NC),10,5,,"5' 6""",145 lbs.,"66""",Orthodox,"May 13, 1979",1.71,54%,2.31,62%,0.62,11%,10%,2.2,523
http://ufcstats.com/fighter-details/c4b81cdecd5d6abe,Gerald Harris,,23-5-0,23,5,0.0,"5' 11""",185 lbs.,"77""",Southpaw,"Nov 19, 1979",1.41,29%,1.58,62%,2.96,54%,72%,0.0,522
http://ufcstats.com/fighter-details/d58478ded5534695,Maiquel Falcao,Big Rig,37-10-0 (1 NC),37,10,,"5' 11""",185 lbs.,--,Orthodox,"Mar 08, 1981",1.67,55%,0.53,86%,1.0,100%,71%,3.0,521
http://ufcstats.com/fighter-details/3dc3022232b79c7a,Brian Foster,The Foster Boy,27-10-0,27,10,0.0,"5' 9""",170 lbs.,"71""",Orthodox,"Apr 03, 1984",3.3,39%,1.63,65%,3.67,60%,37%,1.8,520
http://ufcstats.com/fighter-details/349aaa3da11eb587,Karo Parisyan,The Heat,24-11-0 (1 NC),24,11,,"5' 10""",170 lbs.,"72""",Orthodox,"Aug 28, 1982",2.49,41%,2.19,58%,5.27,59%,59%,1.0,519
http://ufcstats.com/fighter-details/132f860d02953f4c,Goran Reljic,,15-8-0,15,8,0.0,"6' 3""",205 lbs.,"81""",Southpaw,"Mar 20, 1984",1.69,37%,2.69,59%,1.69,50%,33%,1.1,518
http://ufcstats.com/fighter-details/5b407acfe0ef9b76,Nick Osipczak,,6-3-0,6,3,0.0,"6' 2""",170 lbs.,"76""",Orthodox,"Dec 30, 1984",2.83,50%,3.77,50%,1.2,45%,71%,1.0,517
http://ufcstats.com/fighter-details/28ba5f27e473420c,Alexandre Ferreira,Cacareco,18-6-0,18,6,0.0,"5' 7""",205 lbs.,--,Orthodox,"Apr 25, 1979",2.57,60%,8.14,42%,0.0,0%,0%,0.0,516
http://ufcstats.com/fighter-details/771b60ff889661c8,Mark Scanlon,,9-2-0,9,2,0.0,"5' 9""",170 lbs.,--,Orthodox,--,2.2,35%,3.33,48%,3.0,75%,25%,2.0,515
http://ufcstats.com/fighter-details/93b9496275bbbf80,Seth Petruzelli,The Silverback,14-8-0,14,8,0.0,"6' 0""",205 lbs.,"76""",Orthodox,"Dec 03, 1979",2.17,41%,2.08,55%,0.46,50%,47%,2.3,514
http://ufcstats.com/fighter-details/d29b5c4f22c6357d,Gilbert Yvel,The Hurricane,39-16-1 (1 NC),39,16,,"6' 2""",225 lbs.,"77""",Orthodox,"Jun 30, 1976",1.05,47%,1.78,50%,0.0,0%,25%,1.0,513
http://ufcstats.com/fighter-details/852454c572675334,James Wilks,Lightning,7-4-0,7,4,0.0,"6' 1""",170 lbs.,"75""",Orthodox,"May 04, 1978",1.82,45%,2.03,50%,1.27,22%,66%,3.8,512
http://ufcstats.com/fighter-details/2a8502954f49e682,Vinicius Queiroz,Spartan,8-4-0,8,4,0.0,"6' 7""",220 lbs.,--,Orthodox,"Aug 29, 1983",3.67,51%,4.1,41%,5.07,70%,100%,0.7,511
http://ufcstats.com/fighter-details/c11f50e9c1513ce9,Mark Holst,Boots,12-6-0,12,6,0.0,"6' 0""",155 lbs.,--,Orthodox,"Aug 14, 1985",0.25,19%,1.67,47%,0.76,100%,60%,2.3,510
http://ufcstats.com/fighter-details/cac08b8685387ca5,James McSweeney,The Hammer,15-15-0,15,15,0.0,"6' 4""",230 lbs.,"77""",Switch,"Oct 24, 1980",3.94,55%,4.33,42%,0.52,33%,100%,1.1,509
http://ufcstats.com/fighter-details/86dfed7cc24a9fa7,Matt Serra,The Terra,11-7-0,11,7,0.0,"5' 6""",170 lbs.,"68""",Orthodox,"Jun 02, 1974",1.98,39%,2.64,46%,2.05,20%,38%,0.9,508
http://ufcstats.com/fighter-details/029880cdbf5ca089,Sean Sherk,The Muscle Shark,36-4-1,36,4,1.0,"5' 6""",155 lbs.,"67""",Orthodox,"Aug 05, 1973",2.17,35%,2.71,55%,4.09,46%,56%,0.4,507
http://ufcstats.com/fighter-details/6085ceb59087514b,Steve Lopez,,13-6-1,13,6,1.0,"5' 11""",155 lbs.,--,Orthodox,"Jul 30, 1984",1.39,24%,2.69,62%,0.0,0%,37%,0.0,506
http://ufcstats.com/fighter-details/60c72f7459827881,Julio Paulino,The Dominican Demon,23-5-0,23,5,0.0,"6' 0""",170 lbs.,--,Orthodox,"Dec 04, 1975",0.97,27%,1.87,48%,0.0,0%,37%,0.5,505
http://ufcstats.com/fighter-details/a0c139b34f11421a,John Gunderson,Quick Guns,35-16-2,35,16,2.0,"5' 9""",155 lbs.,"69""",Orthodox,"Jan 05, 1979",1.04,27%,1.71,58%,1.67,33%,11%,2.0,504
http://ufcstats.com/fighter-details/679a9054e2815943,Tomasz Drwal,Gorilla,21-5-1,21,5,1.0,"6' 1""",205 lbs.,"76""",Orthodox,"Jan 22, 1982",3.29,38%,2.26,57%,3.55,60%,82%,0.4,503
http://ufcstats.com/fighter-details/e86bc32f5997a8f7,Forrest Petz,The Meat Cleaver,26-10-0,26,10,0.0,"5' 9""",170 lbs.,"71""",Orthodox,"Sep 22, 1975",2.27,29%,2.2,57%,1.3,100%,66%,0.0,502
http://ufcstats.com/fighter-details/d10b35152277cf98,James Toney,Lights Out,0-1-0,0,1,0.0,"5' 9""",220 lbs.,--,Orthodox,"Aug 24, 1968",0.0,0%,2.41,27%,0.0,0%,0%,0.0,501
http://ufcstats.com/fighter-details/010986ee359fb863,John Salter,,14-3-0,14,3,0.0,"6' 1""",185 lbs.,"74""",Southpaw,"Mar 21, 1985",1.68,32%,1.68,68%,2.85,46%,66%,0.5,500
http://ufcstats.com/fighter-details/b9415726dc3ec526,Rodney Wallace,Shonuff the Master,26-15-1,26,15,1.0,"5' 9""",205 lbs.,"72""",Switch,"Nov 21, 1981",1.13,46%,3.44,45%,6.0,54%,28%,1.0,499
http://ufcstats.com/fighter-details/a7f4d0902bb64092,James Irvin,The Sandman,17-10-0 (2 NC),17,10,,"6' 2""",205 lbs.,"75""",Orthodox,"Sep 12, 1978",2.03,48%,3.86,35%,0.0,0%,36%,0.5,498
http://ufcstats.com/fighter-details/0b5b6876c2a4723f,Steve Steinbeiss,The Hooligan,9-4-0,9,4,0.0,"6' 3""",185 lbs.,"75""",Orthodox,"May 05, 1981",3.92,55%,1.86,49%,0.44,50%,58%,0.0,497
http://ufcstats.com/fighter-details/b9d0fd83bb8a147a,Keith Jardine,The Dean of Mean,17-11-2,17,11,2.0,"6' 2""",185 lbs.,"76""",Orthodox,"Oct 31, 1975",3.25,36%,2.98,59%,1.18,45%,62%,0.7,496
http://ufcstats.com/fighter-details/85248da6e9e2f7e7,Jamie Yager,The Chosyn 1,8-4-0,8,4,0.0,"6' 1""",185 lbs.,--,Orthodox,"Nov 29, 1983",3.08,39%,2.55,63%,0.0,0%,66%,0.0,495
http://ufcstats.com/fighter-details/01f022fa494188e2,Josh Bryant,The Beast,15-4-0,15,4,0.0,"5' 10""",185 lbs.,--,Orthodox,"Apr 23, 1980",1.1,20%,6.1,43%,0.0,0%,0%,0.0,494
http://ufcstats.com/fighter-details/1f77fce698e80488,James Hammortree,The Sledge,6-3-0,6,3,0.0,"6' 3""",185 lbs.,--,Orthodox,"Nov 29, 1983",1.93,30%,4.13,44%,2.0,50%,100%,1.0,493
http://ufcstats.com/fighter-details/a390eb8a9b2df298,Chuck Liddell,The Iceman,21-8-0,21,8,0.0,"6' 2""",205 lbs.,"76""",Orthodox,"Dec 17, 1969",2.97,35%,2.71,56%,0.44,75%,81%,0.0,492
http://ufcstats.com/fighter-details/22e47b53e4ceb27c,David Loiseau,The Crow,23-11-0,23,11,0.0,"6' 0""",185 lbs.,"76""",Orthodox,"Dec 17, 1979",1.59,44%,3.64,43%,0.43,42%,36%,0.1,491
http://ufcstats.com/fighter-details/3ae10ac4df3df05c,Jesse Lennox,The Ox,14-4-0,14,4,0.0,"5' 9""",170 lbs.,"72""",Orthodox,"Mar 10, 1982",2.69,32%,3.2,64%,1.22,66%,63%,0.3,490
http://ufcstats.com/fighter-details/4c8d6fde2dde07c4,Dan Lauzon,The Upgrade,17-6-0,17,6,0.0,"5' 10""",155 lbs.,--,Orthodox,"Mar 30, 1988",1.34,25%,4.09,61%,1.63,33%,80%,2.7,489
http://ufcstats.com/fighter-details/013da757877044a2,Joe Brammer,The South Side Strangler,7-3-1,7,3,1.0,"5' 8""",155 lbs.,--,Orthodox,"Aug 23, 1983",2.15,31%,2.8,56%,0.81,50%,50%,0.0,488
http://ufcstats.com/fighter-details/947eccadb72f4f6f,Jesse Forbes,Kid Hercules,15-5-0,15,5,0.0,"6' 2""",185 lbs.,"75""",Southpaw,"Oct 24, 1984",2.11,24%,4.06,53%,1.79,75%,66%,1.2,487
http://ufcstats.com/fighter-details/23725c826c481e7f,Paul Daley,Semtex,39-15-2,39,15,2.0,"5' 9""",170 lbs.,"76""",Orthodox,"Feb 21, 1983",3.14,47%,2.37,60%,0.91,40%,64%,0.0,486
http://ufcstats.com/fighter-details/27541033b97c076d,Kevin Ferguson,Kimbo Slice,5-2-0 (1 NC),5,2,,"6' 2""",235 lbs.,"77""",Orthodox,"Feb 08, 1974",2.3,50%,3.41,38%,3.1,72%,36%,1.2,485
http://ufcstats.com/fighter-details/fb1538b46877a695,Jonathan Goulet,The Road Warrior,23-12-0 (1 NC),23,12,,"6' 0""",170 lbs.,"73""",Orthodox,"Jul 13, 1979",1.61,41%,2.01,46%,4.17,70%,45%,0.6,484
http://ufcstats.com/fighter-details/ab8900ae1f1dfd4c,Yoshiyuki Yoshida,Zenko,18-9-0,18,9,0.0,"5' 11""",170 lbs.,"70""",Southpaw,"May 10, 1974",0.85,36%,3.67,36%,1.41,28%,25%,2.8,483
http://ufcstats.com/fighter-details/aae0897825336b1a,Renzo Gracie,,13-7-1 (1 NC),13,7,,"5' 10""",185 lbs.,--,Orthodox,"Mar 11, 1967",1.71,41%,1.67,55%,1.13,20%,40%,0.8,482
http://ufcstats.com/fighter-details/7e69a4b0961aa555,Brad Blackburn,Bad Brad,18-13-1 (1 NC),18,13,,"5' 10""",170 lbs.,"73""",Orthodox,"May 25, 1977",4.55,35%,3.59,65%,0.93,50%,76%,0.7,481
http://ufcstats.com/fighter-details/5731cc327790b731,Matt Veach,,17-5-0,17,5,0.0,"5' 11""",155 lbs.,--,Orthodox,"May 31, 1981",1.12,28%,4.91,44%,3.64,38%,100%,1.5,480
http://ufcstats.com/fighter-details/1cf1310684a841f5,Mostapha Al-Turk,,6-6-0,6,6,0.0,"6' 2""",245 lbs.,"77""",Orthodox,"Jul 14, 1973",1.36,19%,3.61,53%,0.0,0%,0%,0.0,479
http://ufcstats.com/fighter-details/52cae54377b433b7,Nate Quarry,Rock,12-4-0,12,4,0.0,"6' 0""",185 lbs.,"72""",Open Stance,"Mar 18, 1972",4.96,44%,2.8,66%,0.25,33%,60%,0.0,478
http://ufcstats.com/fighter-details/cce79e827569f26e,Ronys Torres,,35-5-0,35,5,0.0,"5' 7""",155 lbs.,--,Orthodox,"Aug 13, 1975",0.87,26%,1.93,57%,4.0,47%,16%,0.5,477
http://ufcstats.com/fighter-details/dc0f07928009a127,Rob Emerson,The Saint,18-12-0 (1 NC),18,12,,"5' 9""",155 lbs.,"70""",Orthodox,"Jul 30, 1981",2.5,30%,2.83,64%,2.02,52%,65%,0.4,476
http://ufcstats.com/fighter-details/eb1723480fa2f96c,Caol Uno,Uno Shoten,33-19-5,33,19,5.0,"5' 7""",155 lbs.,"70""",Southpaw,"May 08, 1975",1.91,49%,1.9,50%,1.95,31%,37%,0.5,475
http://ufcstats.com/fighter-details/a780d16cf7eed44d,Lucio Linhares,,19-8-0,19,8,0.0,"6' 2""",185 lbs.,--,Orthodox,"Dec 08, 1973",0.99,22%,3.47,34%,1.86,50%,50%,1.9,474
http://ufcstats.com/fighter-details/23a16ebe733e3041,Rory Markham,,17-6-0,17,6,0.0,"6' 0""",170 lbs.,"71""",Orthodox,"Mar 25, 1982",1.98,21%,10.27,45%,0.0,0%,0%,0.0,473
http://ufcstats.com/fighter-details/f0abbb6f3444dae7,Paul Buentello,The Headhunter,35-17-0,35,17,0.0,"6' 2""",245 lbs.,"77""",Orthodox,"Jan 16, 1974",3.29,45%,3.83,52%,0.19,33%,39%,0.4,472
http://ufcstats.com/fighter-details/9f1641c08cf8fbe2,Shannon Gugerty,,15-7-0,15,7,0.0,"5' 10""",155 lbs.,"71""",Orthodox,"Dec 30, 1981",1.25,39%,1.88,58%,2.13,27%,50%,3.4,471
http://ufcstats.com/fighter-details/052ceb8976695342,Chase Gormley,,14-6-0 (1 NC),14,6,,"6' 3""",265 lbs.,--,Orthodox,"Aug 11, 1983",3.6,42%,6.03,44%,3.12,42%,0%,1.0,470
http://ufcstats.com/fighter-details/21b8a0f5c231096f,Mark Coleman,The Hammer,16-10-0,16,10,0.0,"6' 1""",205 lbs.,"75""",Orthodox,"Dec 20, 1964",1.88,52%,2.62,40%,3.89,40%,50%,0.8,469
http://ufcstats.com/fighter-details/d2d37e8eeb3abc8d,Frank Trigg,Twinkle Toes,21-9-0,21,9,0.0,"5' 9""",170 lbs.,"71""",Southpaw,"May 07, 1972",2.79,46%,1.9,56%,2.35,47%,75%,0.8,468
http://ufcstats.com/fighter-details/231926533134ec1f,Justin Buchholz,,15-10-0,15,10,0.0,"6' 0""",155 lbs.,"73""",Orthodox,"Aug 22, 1983",2.35,26%,4.14,51%,0.0,0%,33%,0.8,467
http://ufcstats.com/fighter-details/e4a9dbade7c7e1a7,Rolles Gracie,,8-4-0,8,4,0.0,"6' 4""",242 lbs.,--,Orthodox,"Jul 14, 1978",2.3,32%,3.38,55%,2.3,10%,0%,0.0,466
http://ufcstats.com/fighter-details/53bb0d40905b87c0,Jay Silva,,10-11-1,10,11,1.0,"6' 2""",185 lbs.,--,Southpaw,"May 25, 1981",1.13,34%,3.07,40%,0.0,0%,38%,1.0,465
http://ufcstats.com/fighter-details/a6959da32f0e6b5d,Kyle Bradley,,19-12-0 (1 NC),19,12,,"5' 9""",155 lbs.,"71""",Orthodox,"Aug 19, 1982",1.99,40%,3.45,58%,0.65,50%,40%,0.0,464
http://ufcstats.com/fighter-details/af5b208e97f5d382,Wilson Gouveia,,14-8-0,14,8,0.0,"6' 1""",185 lbs.,"76""",Orthodox,"Oct 03, 1978",3.02,39%,4.06,56%,0.9,66%,57%,2.2,463
http://ufcstats.com/fighter-details/2db7fa8db6bc9632,Shane Nelson,Sugar,16-7-0,16,7,0.0,"5' 9""",155 lbs.,"70""",Southpaw,"Nov 29, 1984",1.38,31%,2.84,61%,1.31,18%,54%,1.6,462
http://ufcstats.com/fighter-details/a6d8bfe9e0c8153b,Kevin Burns,The Fire,12-7-0,12,7,0.0,"5' 10""",170 lbs.,"74""",Orthodox,"Mar 03, 1980",2.74,38%,4.3,52%,0.28,50%,47%,0.8,461
http://ufcstats.com/fighter-details/0541480fbf719d86,Houston Alexander,The Assassin,17-15-1 (2 NC),17,15,,"6' 0""",205 lbs.,"72""",Orthodox,"Mar 22, 1972",3.06,54%,3.2,52%,1.19,57%,33%,0.0,460
http://ufcstats.com/fighter-details/8fa2b06572365321,Marcus Jones,The Darkness,4-2-0,4,2,0.0,"6' 6""",265 lbs.,--,Orthodox,"Aug 15, 1973",1.94,52%,2.71,58%,8.71,75%,0%,2.9,459
http://ufcstats.com/fighter-details/5a558ba1ff5e9121,Darrill Schoonover,The Boss,14-8-0,14,8,0.0,"6' 2""",220 lbs.,--,Orthodox,"Jul 18, 1985",1.2,33%,4.35,38%,0.0,0%,50%,1.1,458
http://ufcstats.com/fighter-details/e78f601035d677f2,Justin Wren,The Viking,13-2-0,13,2,0.0,"6' 2""",265 lbs.,--,Orthodox,"Apr 27, 1987",3.43,35%,2.07,64%,0.0,0%,100%,0.0,457
http://ufcstats.com/fighter-details/4f2fcbefb668689d,Jake Rosholt,,12-5-0 (1 NC),12,5,,"6' 1""",185 lbs.,--,Orthodox,"Feb 09, 1982",2.68,53%,2.33,49%,6.51,68%,0%,1.8,456
http://ufcstats.com/fighter-details/5eedbf1e9601be35,Brock Larson,,42-10-0,42,10,0.0,"5' 11""",170 lbs.,"71""",Southpaw,"Aug 23, 1977",1.39,46%,1.5,55%,2.67,34%,43%,2.0,455
http://ufcstats.com/fighter-details/fa8b9e6b0c2269f8,Jason Dent,Dynamite,22-13-0,22,13,0.0,"5' 10""",155 lbs.,"71""",Orthodox,"Jun 12, 1980",2.01,39%,3.7,62%,0.0,0%,26%,1.4,454
http://ufcstats.com/fighter-details/3c241737a6069b9f,Denis Kang,,35-16-2 (2 NC),35,16,,"5' 11""",185 lbs.,"77""",Orthodox,"Sep 17, 1977",2.27,35%,1.65,67%,2.51,65%,38%,1.2,453
http://ufcstats.com/fighter-details/37b1696e6d115957,Rolando Delgado,Roli,11-6-1,11,6,1.0,"6' 3""",155 lbs.,"77""",Orthodox,"Nov 22, 1981",1.56,40%,1.83,62%,1.17,22%,0%,3.5,452
http://ufcstats.com/fighter-details/69b69c0178c4004d,Antoni Hardonk,,8-6-0,8,6,0.0,"6' 4""",245 lbs.,"78""",Orthodox,"Feb 05, 1976",3.4,61%,3.07,46%,0.0,0%,40%,0.9,451
http://ufcstats.com/fighter-details/38b50fd1e1b5b656,Razak Al-Hassan,,13-5-0,13,5,0.0,"6' 2""",205 lbs.,--,Orthodox,"May 14, 1982",3.27,39%,3.14,60%,0.65,14%,57%,0.0,450
http://ufcstats.com/fighter-details/e0ec3c3b6b611f7e,Hermes Franca,,24-17-0 (1 NC),24,17,,"5' 6""",155 lbs.,"71""",Orthodox,"Aug 26, 1974",1.78,39%,2.85,55%,1.53,36%,37%,2.4,449
http://ufcstats.com/fighter-details/1fd4fbdcc67de844,Drew McFedries,The Massacre,12-7-0,12,7,0.0,"6' 0""",185 lbs.,"72""",Southpaw,"Jul 27, 1978",5.13,51%,4.56,52%,1.42,100%,56%,0.7,448
http://ufcstats.com/fighter-details/daf1b84aebd6602b,Roger Huerta,El Matador,23-9-1 (1 NC),23,9,,"5' 9""",155 lbs.,"70""",Orthodox,"May 20, 1983",3.64,36%,2.33,56%,2.13,46%,52%,0.5,447
http://ufcstats.com/fighter-details/a56607a451e4c70d,Chris Wilson,The Professor,18-10-0 (1 NC),18,10,,"6' 1""",170 lbs.,"75""",Orthodox,"Jun 07, 1977",2.32,50%,1.36,55%,1.31,50%,60%,1.6,446
http://ufcstats.com/fighter-details/75f871836d41f90f,Justin McCully,The Insane One,11-5-2,11,5,2.0,"6' 1""",225 lbs.,"73""",Orthodox,"Feb 18, 1976",1.58,37%,2.02,46%,1.28,44%,43%,0.0,445
http://ufcstats.com/fighter-details/04643fd03d9159cc,Marcus Aurelio,Maximus,22-10-0,22,10,0.0,"5' 10""",155 lbs.,"74""",Orthodox,"Aug 18, 1973",1.42,33%,2.27,59%,1.69,27%,27%,1.3,444
http://ufcstats.com/fighter-details/480b702debcb5433,Dan Cramer,,11-4-0,11,4,0.0,"6' 2""",170 lbs.,--,Orthodox,"Oct 31, 1985",0.97,30%,2.1,31%,0.0,0%,66%,0.5,443
http://ufcstats.com/fighter-details/fd87b1bbfcde9d5e,Danillo Villefort,Indio,15-5-0,15,5,0.0,"6' 1""",185 lbs.,--,Orthodox,"May 08, 1983",2.86,37%,2.4,68%,1.71,66%,33%,1.7,442
http://ufcstats.com/fighter-details/20bcc9966affb19c,Jake O'Brien,Irish,15-4-0,15,4,0.0,"6' 3""",205 lbs.,"76""",Orthodox,"Sep 25, 1984",1.31,31%,1.92,69%,6.39,54%,25%,0.2,441
http://ufcstats.com/fighter-details/51b0bb73a1da34bc,Mike Ciesnolevicz,,19-4-0 (1 NC),19,4,,"6' 0""",235 lbs.,--,Orthodox,"Oct 28, 1979",0.51,50%,4.62,57%,0.0,0%,20%,5.1,440
http://ufcstats.com/fighter-details/edd8d5d8089a35f8,Frank Lester,,11-6-0 (1 NC),11,6,,"5' 11""",170 lbs.,--,Orthodox,"Jun 10, 1984",2.18,36%,3.82,53%,0.0,0%,0%,0.0,439
http://ufcstats.com/fighter-details/3bbcd63a016d9715,Cameron Dollar,,11-5-0,11,5,0.0,"5' 11""",155 lbs.,--,Orthodox,"May 12, 1987",5.04,38%,2.94,61%,0.0,0%,0%,0.0,438
http://ufcstats.com/fighter-details/058e4e08a1ad8aba,Dale Hartt,,6-3-0,6,3,0.0,"5' 10""",155 lbs.,"69""",Orthodox,"Apr 04, 1979",1.14,35%,1.55,66%,1.22,100%,25%,2.5,437
http://ufcstats.com/fighter-details/a421465acbe59c77,Denis Stojnic,,13-3-0 (1 NC),13,3,,"6' 0""",245 lbs.,--,Orthodox,"Feb 02, 1980",1.51,23%,6.06,36%,0.0,0%,80%,1.0,436
http://ufcstats.com/fighter-details/ec33146e43e58933,Xavier Foupa-Pokam,Professor X,32-22-0,32,22,0.0,"6' 1""",185 lbs.,--,Open Stance,"Jul 03, 1982",1.47,43%,2.5,49%,0.0,0%,16%,0.0,435
http://ufcstats.com/fighter-details/cc300e9aa3063431,Andre Gusmao,,6-3-0,6,3,0.0,"6' 0""",205 lbs.,--,Orthodox,"May 19, 1977",2.79,43%,3.28,60%,0.0,0%,60%,0.0,434
http://ufcstats.com/fighter-details/aa79d5399571068e,Brandon Wolff,,7-5-0,7,5,0.0,"5' 9""",170 lbs.,--,Orthodox,"Oct 18, 1975",0.47,33%,10.91,19%,0.0,0%,0%,0.0,433
http://ufcstats.com/fighter-details/5669b828e7e11329,David Kaplan,Diamond,3-4-0,3,4,0.0,"5' 7""",155 lbs.,--,Orthodox,"Nov 16, 1979",2.88,46%,4.32,67%,4.88,43%,0%,0.7,432
http://ufcstats.com/fighter-details/1efa064872f089d0,David Bielkheden,,24-12-0,24,12,0.0,"5' 10""",155 lbs.,"71""",Orthodox,"Jun 06, 1979",1.11,57%,1.64,54%,2.65,63%,14%,0.0,431
http://ufcstats.com/fighter-details/55a7b2d4e54ffac9,Ryo Chonan,Piranah,22-13-0,22,13,0.0,"5' 9""",170 lbs.,"70""",Orthodox,"Oct 08, 1976",2.57,43%,2.25,60%,0.61,41%,39%,0.3,430
http://ufcstats.com/fighter-details/aa03a3ca00ac6827,Carmelo Marrero,The Fury,16-6-0 (1 NC),16,6,,"6' 0""",205 lbs.,"73""",Orthodox,"Jan 26, 1981",0.84,34%,2.04,54%,3.21,36%,36%,0.9,429
http://ufcstats.com/fighter-details/d74cba8566291bfa,Junie Browning,,5-6-0,5,6,0.0,"5' 9""",155 lbs.,--,Orthodox,"May 12, 1984",3.76,48%,1.76,66%,3.53,66%,0%,3.5,428
http://ufcstats.com/fighter-details/049d698d773eb3e1,Matt Horwich,Suave,30-25-1,30,25,1.0,"6' 1""",185 lbs.,--,Orthodox,"Oct 02, 1978",1.11,62%,2.16,38%,0.33,9%,28%,2.7,427
http://ufcstats.com/fighter-details/59aaf2730b84698a,Jesse Sanders,,23-7-0,23,7,0.0,"6' 0""",170 lbs.,--,Orthodox,--,0.0,0%,6.45,35%,0.0,0%,50%,0.0,426
http://ufcstats.com/fighter-details/d632d156c0549e07,Nissen Osterneck,,12-4-0,12,4,0.0,"6' 2""",185 lbs.,--,Orthodox,"May 01, 1981",3.15,58%,2.9,41%,0.63,12%,42%,1.3,425
http://ufcstats.com/fighter-details/d35c3ed553b71fa2,Joe Vedepo,The Doctor,18-9-0,18,9,0.0,"6' 0""",185 lbs.,--,Orthodox,"Jan 01, 1983",1.43,42%,5.71,38%,1.07,20%,0%,0.0,424
http://ufcstats.com/fighter-details/9ca265dfe8323db3,Tim McKenzie,,14-9-0,14,9,0.0,"6' 0""",185 lbs.,"74""",Orthodox,"Jul 21, 1982",1.37,54%,2.96,44%,0.0,0%,28%,2.1,423
http://ufcstats.com/fighter-details/0359313549d230a1,Pete Sell,Drago,10-7-0,10,7,0.0,"5' 11""",170 lbs.,"75""",Orthodox,"Aug 05, 1982",2.6,42%,3.65,51%,0.91,21%,47%,0.9,422
http://ufcstats.com/fighter-details/a8d521d913df4e31,Ryan Madigan,,5-3-0,5,3,0.0,"6' 0""",170 lbs.,--,Orthodox,--,0.0,0%,3.35,47%,0.0,0%,0%,0.0,421
http://ufcstats.com/fighter-details/a6fd2173d5e2d7f0,Jason Day,Dooms,19-12-0,19,12,0.0,"6' 0""",185 lbs.,"72""",Orthodox,"May 19, 1981",3.61,54%,3.46,47%,1.13,100%,0%,0.0,420
http://ufcstats.com/fighter-details/83d0de122f2f9664,Michael Patt,,12-4-0,12,4,0.0,"6' 0""",205 lbs.,--,Orthodox,--,1.65,28%,5.53,55%,0.0,0%,0%,0.0,419
http://ufcstats.com/fighter-details/3138fab619faf4d1,Brian Cobb,,20-9-0,20,9,0.0,"5' 11""",155 lbs.,--,Orthodox,"Sep 03, 1980",0.0,0%,3.68,55%,5.81,50%,0%,0.0,418
http://ufcstats.com/fighter-details/58bc81376286b3d3,Per Eklund,,14-5-1,14,5,1.0,"5' 10""",155 lbs.,"72""",Orthodox,"Nov 12, 1980",2.07,61%,2.38,67%,2.07,11%,50%,3.6,417
http://ufcstats.com/fighter-details/36a432f22144843e,Neil Grove,Goliath,12-8-1,12,8,1.0,"6' 6""",265 lbs.,--,Orthodox,"Jan 18, 1971",0.0,0%,0.0,0%,0.0,0%,100%,14.3,416
http://ufcstats.com/fighter-details/725a834930c2b5bf,Troy Mandaloniz,Rude Boy,3-2-0,3,2,0.0,"5' 9""",170 lbs.,--,Orthodox,"Feb 01, 1980",3.52,56%,4.71,63%,3.1,66%,57%,0.0,415
http://ufcstats.com/fighter-details/9583662df31d943f,Luigi Fioravanti,,26-15-0,26,15,0.0,"5' 8""",170 lbs.,"70""",Orthodox,"Jan 22, 1981",2.23,42%,2.21,69%,3.76,63%,67%,0.9,414
http://ufcstats.com/fighter-details/7d21de9c6d7c98b2,Rich Clementi,No Love,45-23-1,45,23,1.0,"5' 9""",155 lbs.,"72""",Southpaw,"Mar 31, 1976",1.43,37%,2.29,60%,1.72,42%,25%,1.1,413
http://ufcstats.com/fighter-details/b05086131c6f5dc5,Derek Downey,,11-4-0,11,4,0.0,"6' 1""",185 lbs.,--,Orthodox,"Apr 27, 1980",0.32,100%,3.36,12%,2.4,16%,0%,0.0,412
http://ufcstats.com/fighter-details/2f3f12002564bb55,Steve Bruno,Hollywood,15-6-0,15,6,0.0,"5' 10""",170 lbs.,--,Orthodox,"Nov 03, 1981",0.96,52%,3.38,36%,1.94,25%,46%,0.4,411
http://ufcstats.com/fighter-details/b2acebbef8da14ea,Akihiro Gono,,35-21-8,35,21,8.0,"5' 7""",170 lbs.,"68""",Switch,"Oct 07, 1974",2.18,48%,2.67,63%,1.01,84%,46%,0.5,410
http://ufcstats.com/fighter-details/f1b2a4365799c48b,Christian Wellisch,The Hungarian Nightmare,8-5-0,8,5,0.0,"6' 2""",234 lbs.,"77""",Orthodox,"Sep 13, 1975",3.12,27%,3.04,56%,1.22,42%,45%,1.2,409
http://ufcstats.com/fighter-details/de62052b2ede65ba,Matt Arroyo,No Regard,3-3-0,3,3,0.0,"5' 10""",170 lbs.,"72""",Orthodox,"Sep 01, 1982",1.62,47%,2.01,58%,2.12,36%,100%,5.3,408
http://ufcstats.com/fighter-details/8d26912cd2aeb366,Jeremy Horn,Gumby,91-22-5 (1 NC),91,22,,"6' 1""",185 lbs.,"74""",Orthodox,"Aug 25, 1975",1.19,39%,1.99,55%,1.83,38%,29%,1.1,407
http://ufcstats.com/fighter-details/eae4aec1a5a8ff01,Tom Egan,,7-5-0,7,5,0.0,"5' 11""",170 lbs.,--,Orthodox,--,0.0,0%,3.91,50%,0.0,0%,28%,0.0,406
http://ufcstats.com/fighter-details/8fd1f27e86661ede,Alexandre Barros,Baixinho,22-11-0,22,11,0.0,"5' 9""",170 lbs.,--,Southpaw,"Nov 19, 1976",0.98,40%,4.05,36%,1.84,50%,100%,0.0,405
http://ufcstats.com/fighter-details/3795fca327cbcf23,Antonio Mendes,Samurai,18-13-0,18,13,0.0,"6' 3""",205 lbs.,"77""",Southpaw,"Apr 19, 1981",1.34,47%,6.85,22%,2.51,50%,100%,0.0,404
http://ufcstats.com/fighter-details/b23fca14c7b79935,Ivan Serati,,12-4-0,12,4,0.0,"6' 0""",205 lbs.,--,Orthodox,--,0.86,26%,5.33,29%,0.0,0%,0%,0.0,403
http://ufcstats.com/fighter-details/04c15b52c3cc1cab,Nate Mohr,,9-7-0,9,7,0.0,"5' 9""",155 lbs.,"72""",Orthodox,"Mar 03, 1983",3.79,41%,2.5,74%,0.45,50%,71%,0.0,402
http://ufcstats.com/fighter-details/68c6cd5287b473a7,Dean Lister,The Boogeyman,13-7-0,13,7,0.0,"6' 1""",185 lbs.,"75""",Orthodox,"Feb 13, 1976",1.26,35%,1.89,61%,1.58,15%,50%,1.1,401
http://ufcstats.com/fighter-details/b51841e7c594090d,Mike Wessel,Juggernaut,15-8-0,15,8,0.0,"6' 0""",260 lbs.,--,Orthodox,"Dec 02, 1977",1.82,56%,6.43,22%,6.29,50%,0%,0.0,400
http://ufcstats.com/fighter-details/46e2ca71fd5089cb,Reese Andy,Riptide,7-3-0,7,3,0.0,"6' 0""",205 lbs.,--,Orthodox,"Mar 31, 1973",2.87,50%,3.5,58%,0.67,20%,40%,0.0,399
http://ufcstats.com/fighter-details/dd8aec6de7035943,Dan Evensen,The Viking,11-4-0,11,4,0.0,"6' 3""",250 lbs.,--,Orthodox,"Jun 01, 1974",0.27,10%,3.86,38%,0.0,0%,0%,4.0,398
http://ufcstats.com/fighter-details/5114f1b5ad4cdf72,Shane Primm,,5-5-0,5,5,0.0,"6' 3""",205 lbs.,--,Orthodox,"Jul 30, 1984",0.83,26%,2.25,62%,1.78,20%,0%,0.0,397
http://ufcstats.com/fighter-details/d1dcd4e96464a53d,Jules Bruchez,,1-2-0,1,2,0.0,"6' 0""",205 lbs.,--,Southpaw,"Aug 16, 1977",0.69,50%,5.52,46%,0.0,0%,0%,0.0,396
http://ufcstats.com/fighter-details/b18fb36a4aa00093,John Polakowski,Buckets of Blood,2-2-0,2,2,0.0,"5' 10""",155 lbs.,--,Orthodox,"Jun 21, 1981",2.6,26%,2.83,50%,0.0,0%,87%,0.7,395
http://ufcstats.com/fighter-details/cbf94e4c4af4ff6d,Nate Loughran,,11-2-0,11,2,0.0,"6' 2""",185 lbs.,--,Orthodox,"Jul 28, 1980",1.81,40%,4.11,59%,0.0,0%,0%,2.1,394
http://ufcstats.com/fighter-details/91d73ee59347ac16,Brodie Farber,,16-7-0,16,7,0.0,"6' 1""",170 lbs.,--,Orthodox,"Jul 05, 1980",1.69,45%,2.17,53%,0.9,50%,20%,0.9,393
http://ufcstats.com/fighter-details/3ba3b5cc94498437,Johnny Rees,The Hater Hurter,13-5-0 (1 NC),13,5,,"6' 0""",170 lbs.,--,Orthodox,"Oct 21, 1982",3.29,64%,0.84,47%,1.15,25%,50%,0.0,392
http://ufcstats.com/fighter-details/abbc737317f66b81,Corey Hill,,6-9-0,6,9,0.0,"6' 4""",155 lbs.,"80""",Orthodox,"Oct 03, 1978",3.57,46%,1.61,70%,3.02,80%,100%,0.0,391
http://ufcstats.com/fighter-details/7f0b4a75ef3039a3,Eddie Sanchez,The Manic Hispanic,15-8-0,15,8,0.0,"6' 2""",230 lbs.,"74""",Orthodox,"Nov 04, 1982",3.45,43%,3.3,43%,1.13,26%,42%,0.0,390
http://ufcstats.com/fighter-details/7649c4c95b824488,Josh Hendricks,,19-11-0 (1 NC),19,11,,"6' 2""",235 lbs.,--,Southpaw,"Aug 28, 1976",0.98,20%,11.8,29%,0.0,0%,0%,0.0,389
http://ufcstats.com/fighter-details/04d5718ed2661e8c,Jorge Gurgel,,14-10-0,14,10,0.0,"5' 7""",155 lbs.,"69""",Orthodox,"Jan 25, 1977",3.37,32%,3.62,62%,0.81,23%,60%,0.5,388
http://ufcstats.com/fighter-details/cbe79765d44bd172,Alvin Robinson,,15-9-0,15,9,0.0,"5' 9""",155 lbs.,"68""",Southpaw,"Jul 16, 1982",1.57,50%,1.29,51%,1.24,50%,25%,1.2,387
http://ufcstats.com/fighter-details/b732b326c362fb62,Ryan Thomas,The Tank Engine,20-8-0,20,8,0.0,"6' 0""",170 lbs.,--,Orthodox,"Nov 05, 1984",2.01,36%,4.17,30%,5.59,33%,0%,2.2,386
http://ufcstats.com/fighter-details/d1152823307d7e7c,Rameau Thierry Sokoudjou,The African Assassin,18-18-0,18,18,0.0,"5' 10""",205 lbs.,"78""",Orthodox,"Apr 18, 1984",2.26,45%,2.61,56%,1.93,47%,78%,0.9,385
http://ufcstats.com/fighter-details/6b7bc7eaf2465387,Neil Wain,Old School,13-4-0,13,4,0.0,"5' 10""",242 lbs.,--,Orthodox,--,2.64,50%,8.57,43%,0.0,0%,50%,0.0,384
http://ufcstats.com/fighter-details/a8aba6fd8a463043,Jess Liaudin,The Joker,20-11-0,20,11,0.0,"5' 9""",170 lbs.,"72""",Orthodox,--,2.46,51%,2.76,41%,3.28,53%,30%,1.6,383
http://ufcstats.com/fighter-details/80c0bed43da0e27b,David Baron,,17-4-1,17,4,1.0,"5' 6""",155 lbs.,--,Switch,"Feb 15, 1973",1.17,30%,2.1,56%,0.0,0%,14%,0.7,382
http://ufcstats.com/fighter-details/1208ffc5be6e31ad,Samy Schiavo,,10-6-0,10,6,0.0,"5' 8""",155 lbs.,--,Orthodox,"Dec 24, 1975",1.68,34%,2.62,38%,0.94,50%,66%,0.9,381
http://ufcstats.com/fighter-details/6803d4d6908354ac,Brad Morris,,10-6-0,10,6,0.0,"6' 2""",205 lbs.,--,Orthodox,"Nov 01, 1979",0.5,62%,6.95,27%,0.0,0%,0%,0.0,380
http://ufcstats.com/fighter-details/5be86bb2f78fef2f,Jason Lambert,The Punisher,26-13-0,26,13,0.0,"6' 3""",185 lbs.,"75""",Orthodox,"Jun 03, 1975",3.21,58%,1.84,50%,1.35,36%,28%,2.4,379
http://ufcstats.com/fighter-details/7450525c7ba032a0,Heath Herring,The Texas Crazy Horse,28-16-0 (1 NC),28,16,,"6' 4""",250 lbs.,"78""",Orthodox,"Mar 02, 1978",2.37,50%,1.77,54%,1.22,50%,32%,0.7,378
http://ufcstats.com/fighter-details/93ce4ac89e3d7652,Luke Cummo,,6-6-0,6,6,0.0,"6' 0""",170 lbs.,"74""",Orthodox,"Apr 27, 1980",1.74,43%,1.5,59%,0.89,55%,42%,1.4,377
http://ufcstats.com/fighter-details/a0b91014e9d16a76,Cale Yarbrough,,8-3-0,8,3,0.0,"6' 1""",185 lbs.,--,Orthodox,"Dec 27, 1986",3.16,27%,10.0,72%,0.0,0%,0%,0.0,376
http://ufcstats.com/fighter-details/f74e037b97917027,James Giboo,,13-5-0,13,5,0.0,"5' 11""",170 lbs.,--,Orthodox,"Jan 06, 1978",1.2,27%,7.08,39%,0.0,0%,0%,0.0,375
http://ufcstats.com/fighter-details/8f2d9ee27f206f1f,Evan Tanner,,32-8-0,32,8,0.0,"6' 0""",185 lbs.,"74""",Orthodox,"Feb 11, 1971",3.05,59%,2.64,56%,2.55,43%,25%,1.3,374
http://ufcstats.com/fighter-details/288aaa8f82040e02,Dante Rivera,,16-7-0,16,7,0.0,"6' 1""",185 lbs.,--,Southpaw,"Dec 08, 1974",2.27,53%,4.0,25%,0.0,0%,16%,0.0,373
http://ufcstats.com/fighter-details/05866d8c3a321856,Marvin Eastman,The Beastman,18-15-1,18,15,1.0,"5' 9""",185 lbs.,"73""",Orthodox,"Jun 08, 1971",2.21,35%,3.92,42%,1.38,33%,81%,0.0,372
http://ufcstats.com/fighter-details/42078a86d3dd037b,Rob Yundt,Monster,9-5-0,9,5,0.0,"6' 1""",185 lbs.,--,Orthodox,"May 05, 1980",1.37,41%,2.55,31%,2.94,100%,0%,0.0,371
http://ufcstats.com/fighter-details/394f55ebca199124,Ivan Salaverry,,14-9-0,14,9,0.0,"6' 0""",185 lbs.,--,Orthodox,"Jan 11, 1971",3.01,47%,1.19,76%,0.49,18%,36%,2.5,370
http://ufcstats.com/fighter-details/b034747dc1d15491,Kazuhiro Nakamura,Kaz,21-13-0,21,13,0.0,"5' 11""",205 lbs.,"70""",Orthodox,"Jul 16, 1979",1.56,37%,1.83,59%,1.73,36%,42%,0.6,369
http://ufcstats.com/fighter-details/cd7bafbeee1f29a0,War Machine,,14-5-0,14,5,0.0,"5' 11""",170 lbs.,--,Orthodox,"Nov 30, 1981",2.32,60%,3.17,43%,1.16,50%,40%,0.0,368
http://ufcstats.com/fighter-details/ad3041e61896b975,Jason Tan,,5-3-0,5,3,0.0,"5' 10""",170 lbs.,--,Orthodox,"Dec 17, 1981",0.69,29%,7.37,18%,0.0,0%,0%,0.0,367
http://ufcstats.com/fighter-details/622f015c81a9b13a,Travis Lutter,The Serial Killer,10-6-0,10,6,0.0,"5' 11""",185 lbs.,"75""",Orthodox,"May 12, 1973",0.41,32%,2.42,42%,1.95,24%,30%,0.7,366
http://ufcstats.com/fighter-details/c8136ab8aa32c974,Kalib Starnes,,17-11-1,17,11,1.0,"6' 3""",185 lbs.,"74""",Orthodox,"Jan 06, 1975",2.71,48%,4.43,53%,1.46,33%,25%,0.6,365
http://ufcstats.com/fighter-details/da97d6c97d09c030,Charles McCarthy,Chainsaw,10-5-0,10,5,0.0,"5' 10""",185 lbs.,"71""",Orthodox,"Aug 06, 1980",0.18,12%,4.03,56%,2.67,60%,0%,2.7,364
http://ufcstats.com/fighter-details/9d4522df6fc49a47,Kuniyoshi Hironaka,,23-9-0,23,9,0.0,"5' 10""",168 lbs.,"70""",Orthodox,"Jun 17, 1976",1.98,40%,3.01,54%,1.91,30%,25%,0.6,363
http://ufcstats.com/fighter-details/40a604761ca7d64d,Din Thomas,Dinyero,26-9-0 (1 NC),26,9,,"5' 9""",155 lbs.,--,Orthodox,"Sep 28, 1976",1.85,37%,2.6,59%,1.38,52%,76%,1.2,362
http://ufcstats.com/fighter-details/35dc6220b113b7ec,Ryan Roberts,,21-12-1 (1 NC),21,12,,"5' 6""",155 lbs.,--,Orthodox,"Jul 16, 1978",0.0,0%,22.5,45%,0.0,0%,0%,0.0,361
http://ufcstats.com/fighter-details/c9bbf1a0285a8076,Jeff Cox,The Grinder,10-7-0,10,7,0.0,"5' 10""",155 lbs.,--,Orthodox,"Aug 02, 1968",0.56,25%,1.69,33%,4.23,50%,80%,0.0,360
http://ufcstats.com/fighter-details/2961be02cfb0d2c1,Roman Mitichyan,,8-3-0,8,3,0.0,"5' 10""",170 lbs.,--,Orthodox,"Sep 04, 1978",0.26,16%,2.7,43%,1.93,100%,25%,1.9,359
http://ufcstats.com/fighter-details/1411c630ba711b64,Tommy Speer,,21-7-0,21,7,0.0,"5' 10""",170 lbs.,"71""",Orthodox,"Aug 20, 1984",2.56,51%,5.12,35%,2.02,33%,33%,0.0,358
http://ufcstats.com/fighter-details/88c8f47241d90040,John Halverson,The Hurricane,16-8-0 (1 NC),16,8,,"5' 9""",155 lbs.,--,Southpaw,"Sep 08, 1972",2.94,43%,5.29,47%,0.0,0%,66%,2.0,357
http://ufcstats.com/fighter-details/2a542ee8a8b83559,Tim Sylvia,The Maine-iac,31-10-0 (1 NC),31,10,,"6' 8""",265 lbs.,"80""",Orthodox,"Mar 05, 1976",4.23,41%,2.61,61%,0.11,100%,75%,0.1,356
http://ufcstats.com/fighter-details/4f95f74620a6b7a4,David Heath,,18-7-0,18,7,0.0,"5' 11""",205 lbs.,"72""",Orthodox,"Feb 10, 1976",1.48,30%,5.16,49%,0.33,50%,57%,1.0,355
http://ufcstats.com/fighter-details/6a92caba39b64752,Terry Martin,,23-11-0,23,11,0.0,"5' 8""",185 lbs.,"71""",Orthodox,"Oct 10, 1980",2.82,43%,3.13,54%,3.1,42%,92%,0.0,354
http://ufcstats.com/fighter-details/25433871e4eee0f4,Alberto Crane,,15-5-0,15,5,0.0,"5' 5""",155 lbs.,--,Orthodox,"Jul 14, 1976",0.43,25%,2.61,57%,0.0,0%,50%,4.0,353
http://ufcstats.com/fighter-details/c6d8ae3b016d5ad5,Joe Veres,,4-3-0,4,3,0.0,"5' 7""",155 lbs.,--,Orthodox,"Nov 09, 1977",0.0,0%,5.55,27%,0.0,0%,0%,0.0,352
http://ufcstats.com/fighter-details/1a1a4d7a29041d77,Colin Robinson,Big C,10-12-0,10,12,0.0,"6' 4""",243 lbs.,--,Orthodox,"Nov 27, 1968",6.19,69%,7.91,37%,2.58,100%,50%,5.2,351
http://ufcstats.com/fighter-details/863d06a7ef8bc98c,James Lee,,15-3-0 (1 NC),15,3,,"5' 11""",205 lbs.,--,Southpaw,"Sep 22, 1973",1.4,42%,3.72,27%,13.95,50%,0%,7.0,350
http://ufcstats.com/fighter-details/45bc8f98d62bd096,Jordan Radev,,23-5-0,23,5,0.0,"5' 7""",185 lbs.,--,Southpaw,"Sep 28, 1976",1.35,23%,2.38,66%,0.0,0%,80%,0.0,349
http://ufcstats.com/fighter-details/6ad9058b7c7898b0,Tony DeSouza,,11-4-0,11,4,0.0,"6' 0""",170 lbs.,"70""",Southpaw,"Jul 26, 1974",1.12,52%,1.57,41%,2.25,42%,40%,1.5,348
http://ufcstats.com/fighter-details/d3de4a24f7eefac8,Doug Evans,,13-10-0,13,10,0.0,"5' 9""",155 lbs.,--,Orthodox,"Oct 10, 1980",1.79,35%,2.55,55%,3.19,83%,69%,0.6,347
http://ufcstats.com/fighter-details/c4b6099f0d25f75e,Jared Rollins,J-Roc,8-4-0,8,4,0.0,"5' 9""",170 lbs.,--,Orthodox,"Jan 26, 1977",3.33,57%,2.41,39%,2.5,50%,50%,1.2,346
http://ufcstats.com/fighter-details/3c48019bc387b80c,Billy Miles,The Kid,2-2-0,2,2,0.0,"5' 10""",170 lbs.,--,Orthodox,"Apr 28, 1978",0.0,0%,1.25,33%,0.0,0%,0%,0.0,345
http://ufcstats.com/fighter-details/f12f979b657ab876,Dan Barrera,The Fireman,3-1-0,3,1,0.0,"5' 9""",170 lbs.,--,Orthodox,"Dec 23, 1980",0.8,70%,1.2,28%,1.0,8%,0%,0.0,344
http://ufcstats.com/fighter-details/318e629d1eb7aa49,Richie Hightower,The Dirty Samurai,8-4-0 (1 NC),8,4,,"5' 8""",170 lbs.,--,Orthodox,"Nov 26, 1974",4.62,35%,6.92,21%,3.46,100%,100%,0.0,343
http://ufcstats.com/fighter-details/5f6038bcdb95e3e4,John Kolosci,,15-9-0,15,9,0.0,"5' 11""",185 lbs.,--,Orthodox,"Nov 26, 1974",0.21,20%,0.85,50%,0.0,0%,0%,0.0,342
http://ufcstats.com/fighter-details/ee4b670e159f4a33,Dorian Price,,8-5-0,8,5,0.0,"6' 3""",170 lbs.,--,Southpaw,"Aug 20, 1977",0.0,0%,0.0,0%,0.0,0%,0%,0.0,341
http://ufcstats.com/fighter-details/2f1700b3a4a09bc7,Paul Georgieff,,6-2-0,6,2,0.0,"6' 2""",170 lbs.,--,Orthodox,"Sep 22, 1982",2.55,40%,2.34,35%,0.0,0%,0%,0.0,340
http://ufcstats.com/fighter-details/68d76fd9ecf7431d,Luke Caudillo,Lil' Hulk,17-17-0,17,17,0.0,"5' 7""",155 lbs.,--,Orthodox,"Nov 30, 1980",1.97,28%,5.07,55%,0.44,20%,85%,0.0,339
http://ufcstats.com/fighter-details/b2f743746e8dcfa2,Jason Black,The Black Legion,23-4-1,23,4,1.0,"5' 8""",155 lbs.,--,Orthodox,"Jul 15, 1972",1.06,47%,2.6,45%,0.48,33%,28%,6.2,338
http://ufcstats.com/fighter-details/4f4dac51adc1af4f,Diego Saraiva,The Octopus,22-20-1,22,20,1.0,"5' 6""",155 lbs.,--,Orthodox,"Apr 23, 1982",1.64,32%,3.58,62%,1.33,40%,0%,0.7,337
http://ufcstats.com/fighter-details/ac70a4f1db1b8c40,Scott Junk,,8-3-1 (1 NC),8,3,,"6' 1""",265 lbs.,--,Orthodox,"Dec 17, 1978",5.13,60%,1.81,45%,0.0,0%,0%,0.0,336
http://ufcstats.com/fighter-details/afdb76fbd86f6d11,Edilberto de Oliveira,Crocota,29-15-2,29,15,2.0,"6' 0""",170 lbs.,--,Orthodox,"Nov 22, 1982",4.12,32%,6.79,61%,0.0,0%,0%,0.0,335
http://ufcstats.com/fighter-details/918d9d89d4d52acc,Anthony Torres,The Crush,5-3-0,5,3,0.0,"5' 8""",170 lbs.,--,Orthodox,"Jul 31, 1978",3.54,48%,7.52,45%,0.0,0%,100%,2.2,334
http://ufcstats.com/fighter-details/d468288756ae3982,Renato Sobral,Babalu,37-11-0,37,11,0.0,"6' 1""",205 lbs.,"75""",Orthodox,"Sep 07, 1975",2.23,45%,1.53,57%,2.48,42%,65%,2.6,333
http://ufcstats.com/fighter-details/330ec26453c44a59,Mike Nickels,,9-5-0,9,5,0.0,"6' 4""",205 lbs.,--,Orthodox,"Dec 13, 1971",4.44,52%,1.11,64%,11.11,80%,0%,2.8,332
http://ufcstats.com/fighter-details/91720876db0ee468,Jason Gilliam,,14-9-0,14,9,0.0,"6' 0""",170 lbs.,--,Orthodox,"Oct 31, 1972",0.79,33%,3.14,42%,0.0,0%,0%,0.0,331
http://ufcstats.com/fighter-details/44260175069b6276,Jens Pulver,Little Evil,27-19-1,27,19,1.0,"5' 7""",145 lbs.,"70""",Southpaw,"Dec 06, 1974",2.12,37%,3.13,56%,0.22,33%,63%,0.3,330
http://ufcstats.com/fighter-details/5330fe7e4c3af81c,Floyd Sword,,12-3-0,12,3,0.0,"6' 0""",185 lbs.,--,Orthodox,"Aug 24, 1976",0.78,42%,1.57,40%,0.0,0%,33%,0.0,329
http://ufcstats.com/fighter-details/2b06b6ad5db63348,Brandon Melendez,The Murderer,25-25-0,25,25,0.0,"5' 11""",155 lbs.,--,Southpaw,"Mar 24, 1983",0.84,26%,0.56,63%,0.0,0%,25%,0.0,328
http://ufcstats.com/fighter-details/476414d2f18cd059,Andy Wang,,7-8-1 (1 NC),7,8,,"5' 6""",155 lbs.,--,Orthodox,"May 28, 1977",3.43,36%,10.29,62%,0.0,0%,0%,0.0,327
http://ufcstats.com/fighter-details/aebfb84d1f6d2d8c,Allen Berube,Monstah Lobstah,4-3-0,4,3,0.0,"5' 8""",155 lbs.,--,Orthodox,"Aug 25, 1974",0.92,80%,0.92,33%,6.87,100%,0%,3.4,326
http://ufcstats.com/fighter-details/15edcf67ccf5be84,Brian Geraghty,Duke,26-18-1,26,18,1.0,"5' 7""",155 lbs.,--,Orthodox,"Nov 04, 1980",0.47,25%,9.77,36%,0.0,0%,50%,0.0,325
http://ufcstats.com/fighter-details/d1759b2b7be9be56,Hector Ramirez,Sick Dog,10-6-1,10,6,1.0,"6' 0""",205 lbs.,--,Orthodox,"Mar 28, 1976",2.27,41%,4.6,56%,2.3,55%,66%,0.5,324
http://ufcstats.com/fighter-details/546015aa2ad945fd,Rory Singer,Outburst,11-9-0,11,9,0.0,"6' 2""",185 lbs.,"77""",Orthodox,"May 28, 1976",2.55,39%,2.42,63%,0.39,25%,64%,0.8,323
http://ufcstats.com/fighter-details/3410cf010558dc8b,Scott Smith,Hands of Steel,18-11-0 (1 NC),18,11,,"6' 0""",185 lbs.,"70""",Orthodox,"May 21, 1979",1.9,27%,5.87,50%,0.12,6%,58%,0.5,322
http://ufcstats.com/fighter-details/710d93f1508f7104,Stevie Lynch,,5-2-0,5,2,0.0,"5' 10""",170 lbs.,--,Orthodox,--,2.47,25%,7.06,41%,0.0,0%,0%,0.0,321
http://ufcstats.com/fighter-details/c3ea8deeba00462b,Pete Spratt,The Secret Weapon,25-23-0,25,23,0.0,"5' 9""",170 lbs.,--,Orthodox,"Jan 09, 1971",1.63,48%,1.33,55%,0.3,100%,46%,0.3,320
http://ufcstats.com/fighter-details/d8022d5526b1d937,Chad Reiner,The Grinder,33-18-0,33,18,0.0,"5' 11""",170 lbs.,--,Orthodox,"Jun 29, 1981",0.53,20%,1.97,46%,0.99,33%,25%,2.0,319
http://ufcstats.com/fighter-details/7c0847d3854a95f2,Sean Salmon,,18-21-0,18,21,0.0,"5' 10""",185 lbs.,--,Southpaw,"Sep 11, 1977",1.49,33%,2.03,65%,4.06,50%,0%,0.0,318
http://ufcstats.com/fighter-details/817e0bdf08efce2e,Elvis Sinosic,The King of Rock n' Rumble,7-11-2,7,11,2.0,"6' 3""",205 lbs.,"77""",Orthodox,"Feb 13, 1971",1.13,37%,4.6,53%,0.0,0%,0%,1.2,317
http://ufcstats.com/fighter-details/e091482fa6648261,Assuerio Silva,,16-8-0 (1 NC),16,8,,"5' 10""",241 lbs.,--,Orthodox,"Jun 18, 1974",1.42,46%,4.2,54%,2.66,34%,25%,1.8,316
http://ufcstats.com/fighter-details/8caca5857ce0e30b,David Lee,,12-10-0,12,10,0.0,"5' 10""",155 lbs.,--,Orthodox,"Apr 12, 1978",1.49,50%,3.31,42%,0.0,0%,50%,0.0,315
http://ufcstats.com/fighter-details/663b76da637402c3,Victor Valimaki,The Matrix,18-10-0,18,10,0.0,"6' 0""",205 lbs.,--,Orthodox,"Dec 17, 1981",3.94,30%,2.99,67%,0.9,14%,0%,0.0,314
http://ufcstats.com/fighter-details/4908c5ee68a50ee5,Brad Imes,Hillbilly Heartthrob,13-7-0,13,7,0.0,"6' 7""",265 lbs.,--,Orthodox,"Mar 13, 1977",2.73,31%,4.24,49%,1.72,71%,0%,1.0,313
http://ufcstats.com/fighter-details/6ef58dabef8beb15,Josh Haynes,Bring the Pain,14-11-0,14,11,0.0,"5' 9""",170 lbs.,--,Orthodox,"Jul 30, 1977",1.25,22%,4.03,52%,0.94,18%,42%,0.0,312
http://ufcstats.com/fighter-details/b14a68c533f4a4aa,Dokonjonosuke Mishima,,21-7-2,21,7,2.0,"5' 7""",155 lbs.,--,Southpaw,"Apr 19, 1972",1.06,41%,1.22,52%,2.47,40%,25%,1.4,311
http://ufcstats.com/fighter-details/d814f5192e58fb2f,Drew Fickett,The Master,42-21-0,42,21,0.0,"5' 10""",155 lbs.,"70""",Orthodox,"Dec 14, 1979",2.33,41%,2.29,57%,1.3,35%,30%,2.2,310
http://ufcstats.com/fighter-details/b5ea750025697880,Rex Holman,Big Dog,4-2-0,4,2,0.0,"6' 3""",205 lbs.,--,Southpaw,--,2.75,34%,7.25,40%,0.0,0%,100%,0.0,309
http://ufcstats.com/fighter-details/84a067c46306a737,Sam Hoger,The Alaskan Assassin,10-4-0,10,4,0.0,"6' 2""",205 lbs.,--,Orthodox,"Jun 28, 1980",1.07,25%,2.25,57%,1.12,38%,29%,1.3,308
http://ufcstats.com/fighter-details/0597a4528ebd1307,Chris Price,The Exorcist,19-4-0,19,4,0.0,"6' 2""",185 lbs.,--,Southpaw,"Nov 09, 1982",1.44,66%,2.59,48%,0.0,0%,33%,2.2,307
http://ufcstats.com/fighter-details/7215953cd5c6254d,Ross Pointon,The Gladiator,6-17-0,6,17,0.0,"5' 8""",170 lbs.,--,Orthodox,"Feb 18, 1980",2.62,23%,2.77,58%,1.19,100%,0%,0.0,306
http://ufcstats.com/fighter-details/6aa1cbc1466e9a0b,Marcio Cruz,Pe de Pano,8-3-0,8,3,0.0,"6' 4""",232 lbs.,--,Orthodox,"Apr 24, 1978",2.92,46%,1.51,68%,0.53,7%,37%,1.6,305
http://ufcstats.com/fighter-details/388abbf8832b5adf,Jeff Joslin,The Inferno,5-3-0,5,3,0.0,"6' 0""",170 lbs.,--,Orthodox,"Apr 30, 1975",2.17,39%,1.57,65%,0.5,33%,64%,0.5,304
http://ufcstats.com/fighter-details/7b6e40a73b567072,Shonie Carter,Mr. International,51-31-7 (1 NC),51,31,,"5' 10""",170 lbs.,--,Southpaw,"May 03, 1972",1.62,36%,2.32,47%,0.75,66%,75%,0.0,303
http://ufcstats.com/fighter-details/275cafc9de131c83,Dave Menne,The Warrior,45-17-2,45,17,2.0,"5' 10""",170 lbs.,--,Orthodox,"Jul 29, 1974",1.84,44%,1.99,42%,0.46,50%,57%,2.5,302
http://ufcstats.com/fighter-details/6776260cb0aef647,Logan Clark,,18-6-0,18,6,0.0,"6' 2""",185 lbs.,--,Orthodox,"Feb 16, 1985",2.2,54%,1.49,53%,0.31,100%,30%,2.1,301
http://ufcstats.com/fighter-details/43612456979e5d5e,Steve Byrnes,The Sergeant,6-1-0,6,1,0.0,"6' 0""",170 lbs.,--,Orthodox,"Aug 26, 1979",1.2,51%,2.67,27%,3.0,60%,0%,4.0,300
http://ufcstats.com/fighter-details/cbfd1d34356a004c,Jeff Monson,The Snowman,60-26-1,60,26,1.0,"5' 9""",247 lbs.,"74""",Orthodox,"Jan 18, 1971",0.97,30%,2.87,59%,1.06,12%,66%,0.7,299
http://ufcstats.com/fighter-details/e670f8cc2969a789,Sherman Pendergarst,The Tank,11-18-0 (1 NC),11,18,,"6' 1""",235 lbs.,--,Orthodox,"Aug 01, 1967",1.23,36%,3.08,16%,4.62,100%,0%,0.0,298
http://ufcstats.com/fighter-details/821cd80aab70d5f9,Josh Shockman,The War Hammer,6-3-0,6,3,0.0,"6' 4""",235 lbs.,--,Southpaw,"Dec 29, 1980",0.87,32%,0.87,58%,0.0,0%,23%,0.0,297
http://ufcstats.com/fighter-details/75bbd2206a15319f,Edwin DeWees,Babyface,38-17-0 (1 NC),38,17,,"6' 1""",185 lbs.,--,Orthodox,"Aug 07, 1982",1.53,33%,6.19,39%,2.18,66%,0%,3.3,296
http://ufcstats.com/fighter-details/ad32471f01e7b1a5,Jeremy Jackson,Scorpion,9-5-0,9,5,0.0,"5' 10""",170 lbs.,--,Orthodox,"Sep 19, 1982",0.71,27%,2.03,25%,1.52,40%,58%,0.0,295
http://ufcstats.com/fighter-details/ea3ef6206c7907d5,Gideon Ray,,17-15-1,17,15,1.0,"5' 10""",185 lbs.,--,Southpaw,"May 27, 1973",2.08,40%,2.58,53%,1.49,100%,0%,0.0,294
http://ufcstats.com/fighter-details/1ea8df62b3f8fea6,Justin James,,13-7-0,13,7,0.0,"5' 10""",155 lbs.,--,Orthodox,"Nov 08, 1976",1.34,36%,2.68,50%,0.0,0%,50%,1.6,293
http://ufcstats.com/fighter-details/63b65af1c5cb02cb,Ken Shamrock,The World's Most Dangerous Man,28-17-2,28,17,2.0,"6' 1""",205 lbs.,"72""",Orthodox,"Feb 11, 1964",1.47,46%,4.3,39%,0.94,60%,44%,2.5,292
http://ufcstats.com/fighter-details/bf41b5131545da12,Crafton Wallace,Blaze,18-6-1,18,6,1.0,"6' 0""",185 lbs.,--,Orthodox,"Nov 10, 1975",1.55,44%,2.36,47%,0.0,0%,42%,0.0,291
http://ufcstats.com/fighter-details/1209b5134401ca53,Mario Neto,Sukata,13-5-0,13,5,0.0,"6' 0""",229 lbs.,--,Orthodox,--,1.89,50%,1.89,70%,2.84,100%,0%,0.0,290
http://ufcstats.com/fighter-details/15df64c02b6b0fde,Danny Abbadi,The Assassin,4-6-0,4,6,0.0,"5' 11""",155 lbs.,--,Orthodox,"Jul 03, 1983",3.29,38%,4.41,57%,0.0,0%,77%,0.0,289
http://ufcstats.com/fighter-details/f3388d2cf7ab3f64,Rob MacDonald,Maximus,5-4-0,5,4,0.0,"6' 3""",205 lbs.,"78""",Orthodox,"Sep 05, 1978",1.8,50%,2.04,46%,7.19,80%,80%,5.4,288
http://ufcstats.com/fighter-details/a85998eb79650b2c,Wes Combs,The Soldier,20-6-0,20,6,0.0,"6' 2""",205 lbs.,--,Orthodox,"Jun 18, 1973",2.14,48%,4.73,45%,0.0,0%,0%,0.0,287
http://ufcstats.com/fighter-details/83c6c3e0f8bde8ee,Cory Walmsley,Hardcore,8-2-0,8,2,0.0,"6' 0""",205 lbs.,--,Orthodox,--,0.79,100%,1.18,50%,0.0,0%,0%,0.0,286
http://ufcstats.com/fighter-details/e5c38954c006f15c,Yuki Sasaki,,25-22-2,25,22,2.0,"6' 2""",185 lbs.,--,Orthodox,"Sep 12, 1976",1.09,43%,1.2,57%,0.43,100%,66%,0.0,285
http://ufcstats.com/fighter-details/c4b9296214f4c09c,Jason Von Flue,Live Wire,14-12-1,14,12,1.0,"6' 0""",170 lbs.,--,Orthodox,"Aug 01, 1975",1.89,36%,3.23,52%,0.62,16%,58%,1.5,284
http://ufcstats.com/fighter-details/5b5b9c6f6f270369,Kristof Midoux,The Hurricane,6-10-0,6,10,0.0,"6' 1""",220 lbs.,--,Orthodox,"Jul 30, 1974",0.7,43%,2.89,49%,0.0,0%,0%,0.0,283
http://ufcstats.com/fighter-details/2067a177a2842fbf,Sammy Morgan,The Squeeze,18-12-0,18,12,0.0,"5' 10""",170 lbs.,--,Orthodox,"Sep 28, 1981",1.05,22%,3.74,40%,1.43,20%,0%,0.5,282
http://ufcstats.com/fighter-details/b369533a577fa97c,Dan Christison,The Sandman,20-7-0,20,7,0.0,"6' 8""",265 lbs.,--,Orthodox,"Apr 26, 1972",4.23,51%,3.88,54%,0.0,0%,37%,1.1,281
http://ufcstats.com/fighter-details/712c4db78b9373d1,Joe Jordan,,49-14-2,49,14,2.0,"5' 6""",155 lbs.,--,Orthodox,"Jul 27, 1978",1.85,25%,4.27,59%,0.0,0%,66%,0.0,280
http://ufcstats.com/fighter-details/d26934530dc5b248,Gilbert Aldana,El Peligro,6-2-0,6,2,0.0,"6' 1""",250 lbs.,--,Orthodox,"Aug 25, 1977",2.91,54%,6.26,26%,2.57,40%,33%,0.0,279
http://ufcstats.com/fighter-details/06f0ffa6446c5b6d,Branden Lee Hinkle,The Iron Lion,17-11-0 (1 NC),17,11,,"6' 3""",235 lbs.,--,Orthodox,"Jul 29, 1973",2.61,69%,3.91,26%,4.34,57%,66%,4.3,278
http://ufcstats.com/fighter-details/af49a6c491ca22a3,Kristian Rothaermel,,4-3-0,4,3,0.0,"6' 0""",205 lbs.,--,Open Stance,"Jan 31, 1972",0.75,50%,2.49,41%,0.0,0%,0%,0.0,277
http://ufcstats.com/fighter-details/8c3f3c43c8ceb778,Justin Levens,The Executioner,10-7-0,10,7,0.0,"5' 11""",185 lbs.,--,Orthodox,"Apr 18, 1980",1.24,47%,3.15,37%,1.69,50%,33%,5.1,276
http://ufcstats.com/fighter-details/155bfc7ed36622df,Solomon Hutcherson,King,11-7-0 (1 NC),11,7,,"5' 11""",185 lbs.,--,Southpaw,"Aug 31, 1972",2.59,39%,2.59,64%,3.53,100%,0%,0.0,275
http://ufcstats.com/fighter-details/429e7d3725852ce9,Royce Gracie,,15-2-3,15,2,3.0,"6' 1""",175 lbs.,--,Southpaw,"Dec 12, 1966",0.88,41%,1.13,37%,0.0,0%,66%,0.8,274
http://ufcstats.com/fighter-details/0bc7e61d204f2137,Fabiano Scherner,Pegaleve,11-10-0 (3 NC),11,10,,"6' 3""",257 lbs.,--,Orthodox,"Jun 30, 1972",1.31,31%,3.2,38%,1.09,33%,40%,0.0,273
http://ufcstats.com/fighter-details/2549d63da9c456cb,Rick Davis,The Flying Squirrel,3-1-1,3,1,1.0,"5' 9""",155 lbs.,--,Orthodox,--,3.09,50%,6.19,64%,0.0,0%,0%,0.0,272
http://ufcstats.com/fighter-details/7d3caf0f96f1b33d,Nick Thompson,The Goat,38-14-1,38,14,1.0,"6' 1""",170 lbs.,"74""",Orthodox,"Jun 23, 1981",1.87,42%,1.8,49%,1.06,100%,35%,2.6,271
http://ufcstats.com/fighter-details/4123fd4dcc1fe937,David Terrell,The Soul Assassin,6-2-0,6,2,0.0,"6' 1""",185 lbs.,--,Southpaw,"Jan 09, 1978",2.34,63%,2.71,37%,5.54,50%,0%,5.5,270
http://ufcstats.com/fighter-details/21321cdfba797c52,Derrick Noble,The Eraser,27-15-1,27,15,1.0,"5' 9""",170 lbs.,--,Southpaw,"Aug 14, 1978",6.21,40%,3.79,59%,0.0,0%,0%,0.0,269
http://ufcstats.com/fighter-details/7342fcc41a4817fa,Ansar Chalangov,,14-5-0,14,5,0.0,"5' 9""",170 lbs.,--,Orthodox,"Oct 30, 1979",0.68,66%,1.69,54%,0.0,0%,0%,7.6,268
http://ufcstats.com/fighter-details/f5ff7bcdcfeba3ad,Trevor Prangley,,34-11-2,34,11,2.0,"6' 1""",185 lbs.,"75""",Orthodox,"Aug 24, 1972",2.59,60%,2.02,48%,3.38,55%,74%,1.0,267
http://ufcstats.com/fighter-details/6888e31ce88f5b17,Steve Vigneault,Lionheart,12-6-0,12,6,0.0,"5' 10""",185 lbs.,--,Orthodox,"Feb 14, 1978",2.19,28%,5.75,44%,0.0,0%,100%,0.0,266
http://ufcstats.com/fighter-details/62918a2118de08b2,Tom Murphy,,8-0-0,8,0,0.0,"6' 2""",227 lbs.,--,Southpaw,"Nov 19, 1974",2.5,71%,0.17,84%,7.51,85%,0%,2.5,265
http://ufcstats.com/fighter-details/49efbdc6c9f650c4,Icho Larenas,,6-5-0,6,5,0.0,"6' 3""",235 lbs.,--,Orthodox,"Mar 12, 1980",0.17,15%,2.5,28%,0.0,0%,14%,0.0,264
http://ufcstats.com/fighter-details/27fc9218a3653e3c,Justin Eilers,The Hammer,19-7-1,19,7,1.0,"6' 1""",235 lbs.,--,Orthodox,"Jun 28, 1978",2.86,43%,5.66,49%,0.82,25%,50%,0.0,263
http://ufcstats.com/fighter-details/2ee09ec2a0695eb9,Mike van Arsdale,,8-5-0,8,5,0.0,"6' 2""",205 lbs.,--,Switch,"Jun 20, 1965",1.52,41%,1.91,41%,1.06,14%,37%,0.0,262
http://ufcstats.com/fighter-details/22d1e00e1aabb7c9,Mike Whitehead,,27-8-0,27,8,0.0,"6' 1""",205 lbs.,--,Orthodox,"Jun 29, 1981",1.62,33%,2.36,59%,3.59,43%,77%,0.3,261
http://ufcstats.com/fighter-details/e361e5c858af6ff1,Alex Karalexis,The Assassin,10-6-0,10,6,0.0,"5' 8""",155 lbs.,"66""",Orthodox,"Sep 20, 1977",2.57,42%,2.39,54%,2.7,45%,86%,0.9,260
http://ufcstats.com/fighter-details/02e52b3a595f0786,Kevin Jordan,The Shaman,11-9-0,11,9,0.0,"6' 3""",245 lbs.,--,Orthodox,"Dec 31, 1970",2.0,40%,1.91,55%,0.0,0%,77%,0.6,259
http://ufcstats.com/fighter-details/94609dd91731d428,Jeff Newton,,4-2-0,4,2,0.0,"6' 2""",205 lbs.,--,Sideways,"Dec 11, 1966",0.28,20%,1.41,52%,0.0,0%,0%,8.5,258
http://ufcstats.com/fighter-details/ce47f49e5c386a9c,Kit Cope,Havoc,6-7-0,6,7,0.0,"6' 0""",170 lbs.,--,Orthodox,"Mar 17, 1977",1.18,52%,2.12,35%,0.0,0%,50%,3.5,257
http://ufcstats.com/fighter-details/030f08370fd1c2bb,Kerry Schall,Meat Truck,24-13-0 (1 NC),24,13,,"6' 2""",265 lbs.,--,Orthodox,"Aug 09, 1971",0.94,11%,4.84,63%,0.0,0%,0%,0.0,256
http://ufcstats.com/fighter-details/6d7886b094b471ac,Sean Gannon,The Cannon,2-1-0,2,1,0.0,"6' 3""",265 lbs.,--,Southpaw,--,0.0,0%,6.38,28%,0.0,0%,50%,0.0,255
http://ufcstats.com/fighter-details/782a2a17d3e38fdf,Keigo Kunihara,,3-2-0,3,2,0.0,"6' 0""",235 lbs.,--,Orthodox,--,0.17,10%,1.99,57%,4.97,40%,100%,2.5,254
http://ufcstats.com/fighter-details/453ee00c3e1ae9dd,Ron Faircloth,,33-20-0 (1 NC),33,20,,"5' 9""",205 lbs.,--,Orthodox,"Aug 16, 1979",0.39,40%,8.9,42%,0.0,0%,0%,0.0,253
http://ufcstats.com/fighter-details/1dab0d1d81dd06db,Tra Telligman,Trauma,7-5-1,7,5,1.0,"6' 2""",233 lbs.,--,Orthodox,"Feb 07, 1965",1.83,35%,3.02,56%,0.87,100%,80%,0.0,252
http://ufcstats.com/fighter-details/e4770d5ed44a3970,Brian Gassaway,,29-20-2 (1 NC),29,20,,"6' 1""",170 lbs.,--,Orthodox,"Aug 07, 1972",0.34,26%,3.65,44%,0.0,0%,42%,0.0,251
http://ufcstats.com/fighter-details/0e041d43a47d2e4b,Matt Lindland,The Law,22-9-0,22,9,0.0,"6' 0""",185 lbs.,"74""",Southpaw,"May 17, 1970",2.62,50%,1.56,52%,3.01,48%,60%,1.3,250
http://ufcstats.com/fighter-details/ae58685caf8e4a0d,Bill Mahood,The Butcher,20-7-1 (1 NC),20,7,,"6' 3""",200 lbs.,--,Orthodox,"Feb 01, 1967",1.54,85%,3.59,17%,0.0,0%,0%,3.9,249
http://ufcstats.com/fighter-details/01daf32100ed7517,Koji Oishi,,25-10-10,25,10,10.0,"5' 8""",170 lbs.,--,Orthodox,"May 31, 1977",1.43,9%,17.86,43%,0.0,0%,0%,0.0,248
http://ufcstats.com/fighter-details/7f9f528cb72a6ed1,Travis Wiuff,The Diesel,75-21-0 (1 NC),75,21,,"6' 3""",205 lbs.,--,Orthodox,"Mar 15, 1978",0.48,30%,4.03,41%,4.84,57%,44%,1.2,247
http://ufcstats.com/fighter-details/b6b12014698cc345,John Marsh,,8-7-0,8,7,0.0,"6' 0""",265 lbs.,--,Orthodox,"Sep 15, 1970",0.83,42%,2.23,40%,0.43,100%,54%,0.4,246
http://ufcstats.com/fighter-details/aee8eecfc4bfb1e7,Bobby Southworth,,10-6-0 (1 NC),10,6,,"6' 2""",205 lbs.,--,Orthodox,"Dec 16, 1969",0.99,39%,1.38,65%,3.98,78%,64%,1.3,245
http://ufcstats.com/fighter-details/f0264252e191da22,Jason Thacker,,0-1-0,0,1,0.0,"5' 10""",185 lbs.,--,Orthodox,"Aug 18, 1975",0.63,33%,17.05,32%,0.0,0%,0%,0.0,244
http://ufcstats.com/fighter-details/29f935654825331b,Chris Sanford,,5-1-0,5,1,0.0,"5' 11""",185 lbs.,--,Orthodox,"Mar 12, 1968",0.23,50%,3.22,17%,0.0,0%,0%,3.5,243
http://ufcstats.com/fighter-details/265589bdd93e7ce5,Lodune Sincaid,,15-9-0,15,9,0.0,"5' 9""",185 lbs.,--,Orthodox,"May 07, 1973",2.72,42%,6.17,57%,0.0,0%,75%,0.0,242
http://ufcstats.com/fighter-details/fdfef29ba17ee525,Alex Schoenauer,,15-10-0,15,10,0.0,"6' 3""",185 lbs.,--,Orthodox,"May 05, 1976",1.22,40%,2.27,42%,0.0,0%,22%,4.9,241
http://ufcstats.com/fighter-details/ff2c606c8bc365e3,Josh Rafferty,,9-8-0,9,8,0.0,"6' 0""",170 lbs.,--,Orthodox,"Jan 06, 1981",0.6,33%,3.6,50%,0.0,0%,0%,9.0,240
http://ufcstats.com/fighter-details/56b8b24f65f9f057,Mike Kyle,MAK,22-14-1 (2 NC),22,14,,"6' 4""",205 lbs.,"77""",Orthodox,"Mar 31, 1980",3.93,51%,3.35,49%,1.33,62%,50%,0.8,239
http://ufcstats.com/fighter-details/c24b1db4b809d41b,Renato Verissimo,Charuto,7-5-0 (1 NC),7,5,,"6' 1""",170 lbs.,--,Orthodox,"Aug 03, 1973",0.92,48%,1.87,47%,1.46,30%,50%,2.5,238
http://ufcstats.com/fighter-details/253de74457bd6374,Tony Fryklund,The Freak,14-9-1,14,9,1.0,"6' 0""",185 lbs.,--,Orthodox,"Mar 26, 1971",3.49,39%,6.5,43%,0.0,0%,66%,0.5,237
http://ufcstats.com/fighter-details/12458872d6afae1b,Vernon White,Tiger,26-33-2,26,33,2.0,"6' 0""",205 lbs.,--,Southpaw,"Dec 03, 1971",2.11,38%,2.2,54%,0.88,28%,44%,0.0,236
http://ufcstats.com/fighter-details/b9e871af730f826c,Ronald Jhun,The Machine Gun,24-26-2,24,26,2.0,"5' 11""",170 lbs.,--,Orthodox,"Sep 21, 1970",1.45,57%,3.01,50%,1.81,100%,100%,0.0,235
http://ufcstats.com/fighter-details/08ae5cd9aef7ddd3,Kimo Leopoldo,,10-7-1,10,7,1.0,"6' 3""",235 lbs.,--,Orthodox,"Jan 05, 1968",0.76,83%,2.12,30%,4.55,100%,0%,2.3,234
http://ufcstats.com/fighter-details/e09dbbd5fe3f0fe2,Curtis Stout,,11-12-1,11,12,1.0,"6' 1""",185 lbs.,--,Southpaw,"Nov 07, 1973",0.69,67%,3.2,29%,0.0,0%,20%,0.0,233
http://ufcstats.com/fighter-details/cb6783c39c01d896,Tiki Ghosn,,10-7-1,10,7,1.0,"5' 10""",170 lbs.,--,Orthodox,"Feb 09, 1977",2.78,46%,2.94,58%,0.41,50%,61%,0.0,232
http://ufcstats.com/fighter-details/4e9fb05d7e5e61b8,Wesley Correira,Cabbage,20-16-0,20,16,0.0,"6' 3""",260 lbs.,--,Orthodox,"Nov 11, 1978",2.6,36%,8.8,40%,0.0,0%,90%,0.0,231
http://ufcstats.com/fighter-details/e0f7c4f3f67bc808,Wes Sims,The Project,24-14-1 (2 NC),24,14,,"6' 10""",260 lbs.,--,Orthodox,"Aug 04, 1979",0.98,51%,2.95,37%,0.0,0%,40%,2.3,230
http://ufcstats.com/fighter-details/60884f31ead1609c,Jonathan Wiezorek,,11-2-0,11,2,0.0,"6' 3""",250 lbs.,--,Southpaw,"Feb 10, 1978",1.27,58%,5.47,31%,1.91,20%,0%,0.0,229
http://ufcstats.com/fighter-details/a9a314cc77d90b6e,Wade Shipp,The Nightmare,11-5-0,11,5,0.0,"6' 3""",245 lbs.,--,Orthodox,"Feb 09, 1975",4.29,86%,2.14,0%,0.0,0%,75%,0.0,228
http://ufcstats.com/fighter-details/99dd0147dc4ef80c,Genki Sudo,Neo-Samurai,15-4-2,15,4,2.0,"5' 9""",155 lbs.,--,Orthodox,"Mar 08, 1978",1.55,39%,2.23,33%,3.58,60%,50%,4.2,227
http://ufcstats.com/fighter-details/952f6fa06f25a0ec,Carlos Newton,The Ronin,16-14-0,16,14,0.0,"5' 9""",170 lbs.,--,Orthodox,"Aug 17, 1976",0.65,41%,1.55,44%,2.47,70%,43%,0.9,226
http://ufcstats.com/fighter-details/32016899d0a222a3,Lee Murray,Lightning,8-2-1 (1 NC),8,2,,"6' 3""",185 lbs.,--,Orthodox,"Sep 12, 1977",0.36,15%,3.28,32%,0.9,100%,42%,1.8,225
http://ufcstats.com/fighter-details/445a98acb8985970,Falaniko Vitale,Niko,30-11-0,30,11,0.0,"5' 10""",185 lbs.,--,Orthodox,"Jul 14, 1974",1.88,49%,3.68,47%,0.72,33%,86%,0.0,224
http://ufcstats.com/fighter-details/b361180739bed4b0,David Abbott,Tank,10-15-0,10,15,0.0,"6' 0""",265 lbs.,--,Switch,"Apr 26, 1965",1.35,30%,3.55,38%,1.07,33%,66%,0.0,223
http://ufcstats.com/fighter-details/b44f39a5c6596953,Pedro Rizzo,The Rock,20-11-0,20,11,0.0,"6' 1""",241 lbs.,--,Orthodox,"May 03, 1974",1.93,34%,3.02,50%,0.26,28%,78%,0.0,222
http://ufcstats.com/fighter-details/50cc91ce2982785d,Ricco Rodriguez,Suave,53-25-0 (1 NC),53,25,,"6' 4""",265 lbs.,--,Orthodox,"Aug 19, 1977",1.85,51%,1.15,61%,2.3,39%,40%,1.0,221
http://ufcstats.com/fighter-details/c75b99887c8c3f5a,Keith Rockel,Rock,12-4-1,12,4,1.0,"6' 0""",185 lbs.,--,Orthodox,"Aug 28, 1965",1.13,73%,0.21,66%,4.63,75%,100%,4.6,220
http://ufcstats.com/fighter-details/0e31bfd26cc8c503,Chris Liguori,,15-10-0,15,10,0.0,"5' 9""",185 lbs.,--,Orthodox,--,0.29,33%,1.44,0%,0.0,0%,50%,0.0,219
http://ufcstats.com/fighter-details/ebc5af72ad5a28cb,Nick Agallar,,24-6-0,24,6,0.0,"5' 8""",155 lbs.,--,Orthodox,"Jan 13, 1979",0.69,11%,4.56,42%,0.0,0%,0%,0.0,218
http://ufcstats.com/fighter-details/d90b630e0561818b,Gan McGee,The Giant,13-5-0,13,5,0.0,"6' 10""",265 lbs.,--,Orthodox,"Nov 20, 1976",2.2,29%,2.31,59%,0.65,25%,83%,0.0,217
http://ufcstats.com/fighter-details/980b4e712489098e,Dave Strasser,,25-8-0,25,8,0.0,"5' 10""",170 lbs.,--,Orthodox,"Jul 13, 1969",3.04,45%,1.88,59%,0.72,33%,33%,0.0,216
http://ufcstats.com/fighter-details/04f9fe830cf13482,Gerald Strebendt,The Finishing Machine,9-7-0,9,7,0.0,"5' 9""",155 lbs.,--,Orthodox,"Mar 01, 1979",0.0,0%,4.0,38%,0.0,0%,0%,16.4,215
http://ufcstats.com/fighter-details/b4bc2e3353a770b5,Ian Freeman,The Machine,20-7-1,20,7,1.0,"5' 11""",225 lbs.,--,Orthodox,"Nov 10, 1966",2.54,48%,3.11,44%,1.44,40%,80%,0.7,214
http://ufcstats.com/fighter-details/7b9aa973e5c04624,Eddie Ruiz,,1-1-0,1,1,0.0,"5' 7""",155 lbs.,--,Orthodox,"Jun 10, 1967",0.2,25%,1.4,47%,2.0,12%,0%,0.0,213
http://ufcstats.com/fighter-details/73ef22f25d0f70e2,Romie Aram,,7-1-0,7,1,0.0,"5' 10""",170 lbs.,--,Orthodox,"Dec 02, 1977",1.8,35%,2.83,50%,2.5,62%,83%,0.0,212
http://ufcstats.com/fighter-details/e741536153227386,Sean Alvarez,,4-3-0,4,3,0.0,"6' 0""",235 lbs.,--,Orthodox,"Jul 14, 1971",0.89,37%,3.25,47%,0.0,0%,0%,0.0,211
http://ufcstats.com/fighter-details/22ee260735da0d58,Richard Crunkilton,Cleat,19-4-0,19,4,0.0,"5' 7""",155 lbs.,--,Orthodox,"Nov 25, 1979",1.72,41%,1.45,58%,4.08,61%,65%,1.3,210
http://ufcstats.com/fighter-details/9ccdd2ce45903f34,Mark Weir,The Wizard,21-18-1,21,18,1.0,"6' 2""",185 lbs.,--,Southpaw,"Sep 19, 1967",1.54,56%,2.5,38%,0.8,50%,25%,2.4,209
http://ufcstats.com/fighter-details/8dc46e9a7895ce1a,Alexandre Dantas,Cafe,0-3-0,0,3,0.0,"6' 2""",238 lbs.,--,Orthodox,"Mar 01, 1979",0.21,25%,1.87,60%,0.0,0%,0%,3.1,208
http://ufcstats.com/fighter-details/31ceaf0e670c1578,Gil Castillo,,8-5-0,8,5,0.0,"5' 9""",170 lbs.,--,Southpaw,"Oct 21, 1965",0.6,45%,2.22,44%,3.33,45%,50%,0.0,207
http://ufcstats.com/fighter-details/18aecaf50f52e4c3,Phillip Miller,,16-0-0,16,0,0.0,"5' 11""",185 lbs.,--,Orthodox,"Feb 20, 1979",1.61,54%,1.93,50%,3.62,25%,100%,0.6,206
http://ufcstats.com/fighter-details/01b39decaf0abf6a,Benji Radach,Razor,21-7-0 (1 NC),21,7,,"5' 10""",185 lbs.,--,Orthodox,"Apr 05, 1979",2.62,49%,2.31,51%,1.06,41%,71%,0.4,205
http://ufcstats.com/fighter-details/ce783bf73b5131f9,Eugene Jackson,The Wolf,15-9-1,15,9,1.0,"5' 8""",185 lbs.,--,Orthodox,"Sep 23, 1966",2.19,33%,3.44,32%,1.91,71%,16%,2.3,204
http://ufcstats.com/fighter-details/918db42c3637916f,Leigh Remedios,Bulldog,18-10-2,18,10,2.0,"5' 7""",155 lbs.,--,Orthodox,"Jan 13, 1976",0.75,41%,1.36,68%,0.0,0%,33%,0.0,203
http://ufcstats.com/fighter-details/4b4fc3ddc307bc73,James Zikic,The Messenger,21-10-2,21,10,2.0,"6' 2""",205 lbs.,--,Orthodox,"Mar 01, 1977",1.47,35%,1.6,44%,0.5,25%,74%,0.5,202
http://ufcstats.com/fighter-details/5bd533d50c8e7b8a,Chris Haseman,The Hammer,20-17-0,20,17,0.0,"5' 11""",205 lbs.,--,Orthodox,"Jun 02, 1969",0.93,70%,4.67,28%,0.0,0%,40%,2.0,201
http://ufcstats.com/fighter-details/1975c2272ba40e71,Nick Serra,The Mad Monkey,7-3-0,7,3,0.0,"5' 9""",170 lbs.,--,Orthodox,"Mar 27, 1978",0.0,0%,1.73,43%,1.0,10%,0%,2.0,200
http://ufcstats.com/fighter-details/5d7c18191b8aa432,Zach Light,,9-11-0,9,11,0.0,"5' 8""",170 lbs.,--,Orthodox,"Feb 06, 1974",0.81,33%,1.9,48%,1.36,100%,0%,0.0,199
http://ufcstats.com/fighter-details/21b1132949f2a9b0,Steve Berger,The Red Nosed Pitbull,21-23-2 (1 NC),21,23,,"5' 11""",170 lbs.,--,Orthodox,"May 20, 1973",1.0,27%,3.26,36%,0.84,40%,16%,1.7,198
http://ufcstats.com/fighter-details/94070f6544c4b2a5,Rodrigo Ruas,,4-5-1 (1 NC),4,5,,"5' 10""",185 lbs.,--,Orthodox,"Oct 06, 1977",1.28,35%,7.0,41%,0.0,0%,0%,0.0,197
http://ufcstats.com/fighter-details/9a967e8e43dcef63,Joao Pierini,,4-1-0,4,1,0.0,"6' 1""",155 lbs.,--,Switch,"Dec 11, 1971",0.76,14%,4.56,33%,0.0,0%,0%,0.0,196
http://ufcstats.com/fighter-details/85d905f7c4f5a1af,Murilo Bustamante,,15-8-1,15,8,1.0,"6' 2""",183 lbs.,--,Orthodox,"Jul 30, 1966",1.33,32%,1.9,60%,2.46,33%,54%,1.2,195
http://ufcstats.com/fighter-details/b76ed59283d3559c,Tsuyoshi Kohsaka,TK,27-19-2,27,19,2.0,"5' 11""",225 lbs.,--,Orthodox,"Mar 06, 1970",1.88,38%,4.41,54%,1.32,20%,33%,0.4,194
http://ufcstats.com/fighter-details/ed73c85164a5f5a4,Paul Creighton,,3-1-0,3,1,0.0,"5' 6""",155 lbs.,--,Southpaw,"Jun 04, 1970",0.72,75%,4.65,30%,5.37,37%,0%,0.0,193
http://ufcstats.com/fighter-details/7aa88401f93ce836,Amar Suloev,,24-7-0,24,7,0.0,"5' 9""",183 lbs.,--,Orthodox,"Jul 01, 1976",1.98,37%,2.19,70%,0.27,100%,88%,0.3,192
http://ufcstats.com/fighter-details/5f2f0da6fd6a84fd,Andrei Semenov,,34-9-2,34,9,2.0,"6' 0""",185 lbs.,--,Orthodox,"Jun 17, 1977",0.78,15%,2.44,60%,1.74,80%,55%,0.4,191
http://ufcstats.com/fighter-details/85e26e2468b4e82f,Hayato Sakurai,Mach,38-13-2,38,13,2.0,"5' 7""",168 lbs.,--,Orthodox,"Aug 24, 1975",2.45,49%,1.94,59%,1.87,69%,56%,0.3,190
http://ufcstats.com/fighter-details/cedfdf8d423d500c,Pat Miletich,The Croatian Sensation,29-7-2,29,7,2.0,"5' 10""",170 lbs.,--,Orthodox,"Mar 09, 1968",1.79,45%,1.66,63%,1.96,100%,54%,1.0,189
http://ufcstats.com/fighter-details/6291ac0a3726732f,Pete Williams,El Duro,12-6-0,12,6,0.0,"6' 3""",235 lbs.,--,Orthodox,"Jul 10, 1975",0.61,62%,2.77,40%,1.84,40%,16%,0.9,188
http://ufcstats.com/fighter-details/1a225f04aa6e0739,Kelly Dullanty,Psycho,4-2-0,4,2,0.0,"5' 8""",155 lbs.,--,Orthodox,"Nov 04, 1977",0.0,0%,0.67,75%,0.0,0%,66%,0.0,187
http://ufcstats.com/fighter-details/95eb112a85601a0a,Jutaro Nakao,,25-19-4,25,19,4.0,"5' 9""",170 lbs.,--,Southpaw,"Nov 30, 1970",0.53,38%,1.06,44%,0.38,50%,56%,0.0,186
http://ufcstats.com/fighter-details/6859f67468ba8489,Kevin Randleman,The Monster,17-16-0,17,16,0.0,"5' 10""",205 lbs.,--,Orthodox,"Aug 10, 1971",1.26,54%,1.12,57%,2.0,56%,30%,0.8,185
http://ufcstats.com/fighter-details/b19fc66613dc75b9,Chris Brennan,The Westside Strangler,21-13-1,21,13,1.0,"5' 8""",170 lbs.,--,Orthodox,"Oct 12, 1971",0.6,40%,0.97,50%,0.0,0%,25%,2.1,184
http://ufcstats.com/fighter-details/afaad7d6a581e307,Bobby Hoffman,The Truth,36-10-1 (2 NC),36,10,,"6' 2""",245 lbs.,--,Orthodox,"Oct 28, 1968",2.02,70%,1.32,19%,1.17,50%,0%,1.2,183
http://ufcstats.com/fighter-details/e56df3c1d8b4b1cc,Homer Moore,The Rock,26-9-2,26,9,2.0,"5' 10""",205 lbs.,--,Orthodox,"Nov 27, 1971",0.68,50%,0.68,0%,5.07,66%,0%,0.0,182
http://ufcstats.com/fighter-details/20ec0061400178ca,Roberto Traven,Spider,6-4-1,6,4,1.0,"6' 3""",227 lbs.,--,Orthodox,"Sep 16, 1968",0.92,50%,2.77,57%,0.0,0%,0%,0.0,181
http://ufcstats.com/fighter-details/263ebd4a669e1e98,Fabiano Iha,,9-5-0,9,5,0.0,"5' 8""",155 lbs.,--,Orthodox,"Jul 28, 1970",1.73,47%,2.49,42%,2.88,40%,50%,2.9,180
http://ufcstats.com/fighter-details/d5ed14b2153c6ed2,Semmy Schilt,Hightower,26-14-1,26,14,1.0,"6' 10""",265 lbs.,--,Orthodox,"Oct 27, 1973",1.2,50%,1.31,53%,0.0,0%,47%,1.1,179
http://ufcstats.com/fighter-details/1fe7adb23b3eedfb,Yuki Kondo,,60-33-9,60,33,9.0,"5' 11""",183 lbs.,--,Southpaw,"Jul 17, 1975",1.14,42%,2.57,51%,0.76,41%,37%,0.5,178
http://ufcstats.com/fighter-details/26eddcda9d6b2ffe,Paul Rodriguez,,10-9-2,10,9,2.0,"5' 7""",155 lbs.,--,Orthodox,"May 18, 1975",0.84,100%,1.68,68%,0.0,0%,50%,0.0,177
http://ufcstats.com/fighter-details/6bb1d2b714d4b3bc,Joey Gilbert,,2-3-0,2,3,0.0,"5' 11""",155 lbs.,--,Orthodox,"Jun 05, 1976",0.61,42%,4.44,31%,0.0,0%,0%,0.0,176
http://ufcstats.com/fighter-details/a8fa0c4e95512806,Phil Johns,,30-14-1,30,14,1.0,"5' 2""",170 lbs.,--,Southpaw,"Oct 22, 1968",1.2,66%,1.8,50%,0.0,0%,50%,0.0,175
http://ufcstats.com/fighter-details/4604ab1de9058474,Mark Robinson,White Rhino,1-0-0 (1 NC),1,0,,"6' 0""",265 lbs.,--,Orthodox,--,0.0,0%,5.8,13%,0.0,0%,0%,0.0,174
http://ufcstats.com/fighter-details/9f488f520ed25bbf,Kenichi Yamamoto,,5-12-2,5,12,2.0,"6' 0""",170 lbs.,--,Orthodox,"Jul 11, 1976",0.3,46%,1.93,38%,0.0,0%,10%,0.3,173
http://ufcstats.com/fighter-details/e06fd1260ac865a7,Yoji Anjo,Mr. 200%,0-5-1,0,5,1.0,"5' 11""",205 lbs.,--,Orthodox,"Mar 28, 1967",0.0,0%,3.13,25%,0.0,0%,0%,0.0,172
http://ufcstats.com/fighter-details/4f74c8be51db8a37,Daiju Takase,,12-15-2,12,15,2.0,"6' 0""",170 lbs.,--,Southpaw,"Apr 20, 1978",0.49,30%,1.64,47%,0.84,17%,21%,1.2,171
http://ufcstats.com/fighter-details/63eedfcc73071d41,Lance Gibson,Fearless,4-5-0,4,5,0.0,"5' 9""",185 lbs.,--,Orthodox,"Nov 20, 1970",1.21,75%,6.44,20%,0.0,0%,0%,0.0,170
http://ufcstats.com/fighter-details/33e33d51f289d2a1,Maurice Smith,,12-14-0,12,14,0.0,"6' 2""",221 lbs.,--,Orthodox,"Dec 13, 1961",0.41,46%,0.47,60%,0.89,50%,20%,0.9,169
http://ufcstats.com/fighter-details/cf1a88371c8cb690,Aaron Brink,,26-26-0 (2 NC),26,26,,"6' 3""",205 lbs.,--,Orthodox,"Nov 12, 1974",3.49,42%,5.71,57%,0.0,0%,0%,0.0,168
http://ufcstats.com/fighter-details/4a01dc8376736ef5,John Lewis,,3-4-3,3,4,3.0,"6' 0""",155 lbs.,--,Southpaw,--,0.0,0%,4.0,66%,0.0,0%,0%,0.0,167
http://ufcstats.com/fighter-details/d62bb4d84a7267ba,Mark Hughes,,6-2-0,6,2,0.0,"5' 9""",205 lbs.,--,Southpaw,"Oct 13, 1973",0.9,47%,0.4,42%,3.0,50%,0%,4.5,166
http://ufcstats.com/fighter-details/df5a77121ba84a5d,Alex Stiebling,The Brazilian Killa,19-11-1 (1 NC),19,11,,"6' 2""",205 lbs.,--,Southpaw,"Dec 26, 1976",1.77,42%,1.45,52%,0.35,66%,66%,0.7,165
http://ufcstats.com/fighter-details/ee457ef1e1c326c1,Ben Earwood,,12-3-0,12,3,0.0,"5' 8""",170 lbs.,--,Orthodox,--,0.5,55%,0.2,33%,3.0,100%,0%,0.0,164
http://ufcstats.com/fighter-details/c670aa48827d6be6,Dan Severn,The Beast,101-19-1,101,19,1.0,"6' 2""",250 lbs.,--,Southpaw,"Jun 08, 1958",0.0,0%,0.0,0%,0.0,0%,0%,0.0,163
http://ufcstats.com/fighter-details/1c2f2571b18791b6,Laverne Clark,,27-21-1,27,21,1.0,"5' 11""",170 lbs.,--,Orthodox,"Dec 02, 1973",0.0,0%,0.0,0%,0.0,0%,0%,0.0,162
http://ufcstats.com/fighter-details/b63e800c18e011b5,Tedd Williams,,7-1-0,7,1,0.0,"6' 1""",275 lbs.,--,Orthodox,"Dec 19, 1969",0.0,0%,0.0,0%,0.0,0%,0%,0.0,161
http://ufcstats.com/fighter-details/c7e9d15cfce52f1d,Tim Lajcik,The Bohemian,7-6-1,7,6,1.0,"6' 1""",225 lbs.,--,Orthodox,"Jun 21, 1965",0.0,0%,0.0,0%,0.0,0%,0%,0.0,160
http://ufcstats.com/fighter-details/4d74641fac830182,Brad Gumm,,10-6-1 (1 NC),10,6,,"5' 11""",170 lbs.,--,Orthodox,--,0.0,0%,0.0,0%,0.0,0%,0%,0.0,159
http://ufcstats.com/fighter-details/979f7edbb6980b0d,CJ Fernandes,,14-8-3,14,8,3.0,"6' 2""",170 lbs.,--,,"Nov 13, 1977",0.0,0%,0.0,0%,0.0,0%,0%,0.0,158
http://ufcstats.com/fighter-details/d1e6a6536ee62517,Tyrone Roberts,Native Warrior,43-12-1,43,12,1.0,"5' 9""",185 lbs.,--,Orthodox,"Jul 14, 1972",0.0,0%,0.0,0%,0.0,0%,0%,0.0,157
http://ufcstats.com/fighter-details/c2a7623f398d9bd7,David Dodd,,4-7-0,4,7,0.0,"6' 2""",200 lbs.,--,Orthodox,"Sep 22, 1973",0.0,0%,0.0,0%,0.0,0%,0%,0.0,156
http://ufcstats.com/fighter-details/7a359ef685a304a7,Amaury Bitetti,,5-2-0,5,2,0.0,"5' 9""",185 lbs.,--,Orthodox,"Apr 14, 1969",0.0,0%,0.0,0%,0.0,0%,0%,0.0,155
http://ufcstats.com/fighter-details/1562b12763cc8d67,Alex Andrade,El Toro,10-5-0,10,5,0.0,"5' 11""",200 lbs.,--,Orthodox,"May 14, 1974",0.2,36%,2.6,53%,0.0,0%,25%,0.8,154
http://ufcstats.com/fighter-details/44aa652b181bcf68,Marcelo Aguiar,,2-3-1,2,3,1.0,"5' 10""",170 lbs.,--,Orthodox,"Jan 20, 1969",0.0,0%,0.0,0%,0.0,0%,0%,0.0,153
http://ufcstats.com/fighter-details/0f6528b461e47462,Joao Roque,,7-2-4,7,2,4.0,"5' 6""",155 lbs.,--,Orthodox,"Jul 22, 1971",0.0,0%,0.0,0%,0.0,0%,0%,0.0,152
http://ufcstats.com/fighter-details/040426baba8a45e8,Nate Schroeder,,11-10-0,11,10,0.0,"6' 1""",230 lbs.,--,,"Jun 02, 1973",0.0,0%,0.0,0%,0.0,0%,0%,0.0,151
http://ufcstats.com/fighter-details/e7ec11096eac0282,Adrian Serrano,,56-29-4,56,29,4.0,"5' 8""",170 lbs.,--,,"Dec 23, 1963",0.0,0%,0.0,0%,0.0,0%,0%,0.0,150
http://ufcstats.com/fighter-details/e4bde462b043d3e1,Sanae Kikuta,,31-9-3 (1 NC),31,9,,"5' 9""",200 lbs.,--,Orthodox,"Sep 10, 1971",0.7,45%,0.9,52%,1.6,63%,25%,1.8,149
http://ufcstats.com/fighter-details/efaf544314bb5c2e,Ron Waterman,H20,16-6-2,16,6,2.0,"6' 2""",280 lbs.,--,Orthodox,"Nov 23, 1965",0.84,50%,1.37,42%,4.19,69%,50%,2.8,148
http://ufcstats.com/fighter-details/d2b1c1317a39f6c6,Satoshi Honma,,4-6-3,4,6,3.0,"6' 1""",205 lbs.,--,Orthodox,"May 19, 1968",0.0,0%,0.0,0%,0.0,0%,0%,0.0,147
http://ufcstats.com/fighter-details/ce6065baef021cf3,Ikuhisa Minowa,Minowaman,60-42-8,60,42,8.0,"5' 9""",181 lbs.,--,Orthodox,"Jan 12, 1976",0.88,40%,1.66,49%,1.82,41%,5%,1.9,146
http://ufcstats.com/fighter-details/80e6d71e14c1d356,Joe Slick,,16-5-3,16,5,3.0,"6' 0""",199 lbs.,--,Orthodox,"Oct 17, 1977",0.0,0%,0.0,0%,0.0,0%,0%,0.0,145
http://ufcstats.com/fighter-details/6ece1d2ab1bed31d,Steve Judson,,0-2-0,0,2,0.0,"5' 11""",230 lbs.,--,Orthodox,--,0.0,0%,0.0,0%,0.0,0%,0%,0.0,144
http://ufcstats.com/fighter-details/9bad58fa651d6196,Jermaine Andre,,14-4-0,14,4,0.0,"5' 7""",200 lbs.,--,Orthodox,"Jul 16, 1973",0.0,0%,0.0,0%,0.0,0%,0%,0.0,143
http://ufcstats.com/fighter-details/1c061eb6e29eaa0a,Bob Cook,Crazy,5-0-0,5,0,0.0,"5' 9""",170 lbs.,--,Orthodox,--,0.0,0%,0.0,0%,0.0,0%,0%,0.0,142
http://ufcstats.com/fighter-details/09c44b317c98bf96,David Velasquez,Little,10-10-0,10,10,0.0,"5' 5""",145 lbs.,--,Orthodox,"Oct 19, 1966",0.0,0%,0.0,0%,0.0,0%,0%,0.0,141
http://ufcstats.com/fighter-details/2620f3eb21c79614,Scott Adams,,8-1-0,8,1,0.0,"6' 0""",225 lbs.,--,Southpaw,--,0.0,0%,0.0,0%,0.0,0%,0%,0.0,140
http://ufcstats.com/fighter-details/d71d968dc6ecfdaf,Katsuhisa Fujii,Shamoji,9-18-1,9,18,1.0,"6' 0""",205 lbs.,--,Orthodox,"Aug 15, 1972",4.0,50%,4.43,64%,2.14,25%,50%,2.1,139
http://ufcstats.com/fighter-details/6ceff86fae4f6b3b,Jason DeLucia,,33-21-1,33,21,1.0,"5' 11""",190 lbs.,--,Southpaw,"Jul 24, 1969",0.0,0%,0.0,0%,0.0,0%,0%,0.0,138
http://ufcstats.com/fighter-details/6014d25e73b669c9,Keiichiro Yamamiya,,45-35-10,45,35,10.0,"5' 11""",185 lbs.,--,Southpaw,"Jul 12, 1972",0.0,0%,0.0,0%,0.0,0%,0%,0.0,137
http://ufcstats.com/fighter-details/d56caaa5e123f518,Masutatsu Yano,,2-4-1,2,4,1.0,"5' 9""",198 lbs.,--,Orthodox,"Jul 11, 1975",0.0,0%,0.0,0%,0.0,0%,0%,0.0,136
http://ufcstats.com/fighter-details/fcaae0385b514f11,Frank Shamrock,,23-10-2,23,10,2.0,"5' 10""",185 lbs.,--,Orthodox,"Dec 08, 1972",4.75,53%,4.66,57%,0.35,50%,37%,1.1,135
http://ufcstats.com/fighter-details/5ca158b1cc9cb242,Jason Godsey,,16-16-0,16,16,0.0,"6' 2""",230 lbs.,--,Orthodox,"Jan 01, 1964",0.0,0%,0.0,0%,0.0,0%,0%,0.0,134
http://ufcstats.com/fighter-details/13c4313ed0f744f3,Brad Kohler,,12-15-0,12,15,0.0,"5' 9""",220 lbs.,--,Orthodox,"May 26, 1964",0.0,0%,0.0,0%,0.0,0%,0%,0.0,133
http://ufcstats.com/fighter-details/f341f9551ba744e2,Paul Jones,,11-1-1,11,1,1.0,"5' 9""",199 lbs.,--,Orthodox,"Jun 16, 1963",0.0,0%,0.0,0%,0.0,0%,0%,0.0,132
http://ufcstats.com/fighter-details/7b6ce3a9460565b5,Valeri Ignatov,,1-2-0,1,2,0.0,"5' 9""",170 lbs.,--,Orthodox,--,0.0,0%,0.0,0%,0.0,0%,0%,0.0,131
http://ufcstats.com/fighter-details/1ffc38f67785797b,Lowell Anderson,,0-1-0,0,1,0.0,"5' 6""",160 lbs.,--,Orthodox,--,0.0,0%,0.0,0%,0.0,0%,0%,0.0,130
http://ufcstats.com/fighter-details/1e38bba6738b7b10,Alfonso Alcarez,,1-3-1,1,3,1.0,"5' 3""",145 lbs.,--,,"Jun 10, 1970",0.0,0%,0.0,0%,0.0,0%,0%,0.0,129
http://ufcstats.com/fighter-details/597db668b01c442c,Marco Ruas,King of the Streets,9-4-2,9,4,2.0,"6' 1""",210 lbs.,--,Orthodox,"Jan 23, 1961",0.0,0%,0.0,0%,0.0,0%,0%,0.0,128
http://ufcstats.com/fighter-details/bba678d312590087,Andre Pederneiras,,1-1-2,1,1,2.0,"5' 8""",155 lbs.,--,Orthodox,"Mar 22, 1967",0.0,0%,0.0,0%,0.0,0%,0%,0.0,127
http://ufcstats.com/fighter-details/ab35634d1a8c7a11,Flavio Luiz Moura,,19-7-0,19,7,0.0,"5' 11""",183 lbs.,--,Open Stance,"Jan 26, 1976",0.67,16%,0.0,0%,0.0,0%,0%,0.0,126
http://ufcstats.com/fighter-details/669a3cb6e394f515,Royce Alger,,3-2-0,3,2,0.0,"5' 10""",199 lbs.,--,Orthodox,"Mar 06, 1965",0.0,0%,0.0,0%,0.0,0%,0%,0.0,125
http://ufcstats.com/fighter-details/a54a35a670d8e852,Andre Roberts,The Chief,14-2-1,14,2,1.0,"6' 2""",345 lbs.,--,Orthodox,"Feb 24, 1965",0.0,0%,0.0,0%,0.0,0%,0%,0.0,124
http://ufcstats.com/fighter-details/911fb265462f0d94,Travis Fulton,The Ironman,253-53-10 (1 NC),253,53,,"6' 0""",240 lbs.,--,Orthodox,"May 29, 1977",0.0,0%,0.0,0%,0.0,0%,0%,0.0,123
http://ufcstats.com/fighter-details/03688dc3c3af3ac1,Bas Rutten,El Guapo,28-4-1,28,4,1.0,"6' 1""",205 lbs.,--,Orthodox,"Feb 24, 1965",5.59,61%,2.06,79%,0.0,0%,0%,0.0,122
http://ufcstats.com/fighter-details/c61f66d8c3fd5f07,Tony Petarra,,2-3-1,2,3,1.0,"5' 11""",196 lbs.,--,Orthodox,"Nov 08, 1966",0.0,0%,0.0,0%,0.0,0%,0%,0.0,121
http://ufcstats.com/fighter-details/672ef06fd9f41f7d,Marcelo Mello,,1-0-0,1,0,0.0,"5' 7""",170 lbs.,--,Southpaw,--,0.0,0%,0.0,0%,0.0,0%,0%,0.0,120
http://ufcstats.com/fighter-details/775bad6d700d2302,David Roberts,,5-8-0,5,8,0.0,"6' 1""",170 lbs.,--,Orthodox,"Nov 15, 1975",0.0,0%,0.0,0%,0.0,0%,0%,0.0,119
http://ufcstats.com/fighter-details/41e77dc504a192c6,Chris Condo,,0-1-0,0,1,0.0,"6' 0""",335 lbs.,--,Orthodox,--,0.0,0%,0.0,0%,0.0,0%,0%,0.0,118
http://ufcstats.com/fighter-details/946f341df6472ee0,Guy Mezger,,30-14-2,30,14,2.0,"6' 1""",200 lbs.,--,Orthodox,"Jan 01, 1968",2.3,32%,1.36,72%,0.39,50%,88%,0.0,117
http://ufcstats.com/fighter-details/fbbde91f7bc2d3c5,Gary Goodridge,Big Daddy,23-22-1,23,22,1.0,"6' 3""",249 lbs.,--,Orthodox,"Jan 17, 1966",1.84,56%,2.14,48%,0.4,100%,53%,0.8,116
http://ufcstats.com/fighter-details/5898357a45a73674,Sione Latu,,1-0-0,1,0,0.0,"6' 0""",215 lbs.,--,,--,0.0,0%,0.0,0%,0.0,0%,0%,0.0,115
http://ufcstats.com/fighter-details/c058823a2595ab09,Joey Roberts,,4-3-0,4,3,0.0,"6' 2""",200 lbs.,--,,"Nov 11, 1977",0.0,0%,0.0,0%,0.0,0%,0%,0.0,114
http://ufcstats.com/fighter-details/c8cca8f3de5be4b4,Jorge Patino,Macaco,38-19-2 (2 NC),38,19,,"5' 8""",170 lbs.,--,Orthodox,"Aug 05, 1973",1.33,30%,3.14,53%,0.54,25%,50%,0.0,113
http://ufcstats.com/fighter-details/93892752c5fc23ca,Jerry Bohlander,,11-4-0,11,4,0.0,"5' 11""",199 lbs.,--,Orthodox,"Feb 12, 1974",0.0,0%,0.0,0%,0.0,0%,0%,0.0,112
http://ufcstats.com/fighter-details/4c805f5f58a75df0,Mikey Burnett,The Eastside Assassin,5-2-0,5,2,0.0,"5' 6""",170 lbs.,--,Orthodox,"Apr 12, 1974",0.0,0%,0.0,0%,0.0,0%,0%,0.0,111
http://ufcstats.com/fighter-details/20bd6c3e03c46ee6,Townsend Saunders,,0-2-0,0,2,0.0,"5' 5""",170 lbs.,--,Orthodox,--,0.0,0%,0.0,0%,0.0,0%,0%,0.0,110
http://ufcstats.com/fighter-details/a24e080000fa7a35,Darrel Gholar,,5-6-0,5,6,0.0,"5' 8""",194 lbs.,--,Orthodox,"Nov 07, 1962",0.0,0%,0.0,0%,0.0,0%,0%,0.0,109
http://ufcstats.com/fighter-details/44f9c777fed7ca03,Frank Caracci,,2-3-0,2,3,0.0,--,--,--,,"Feb 16, 1970",0.0,0%,0.0,0%,0.0,0%,0%,0.0,108
http://ufcstats.com/fighter-details/31652c9267606d54,John Lober,The Machine,5-9-4,5,9,4.0,"5' 11""",199 lbs.,--,Orthodox,"Feb 26, 1968",0.0,0%,0.0,0%,0.0,0%,0%,0.0,107
http://ufcstats.com/fighter-details/dc950d59dc590aca,Ebenezer Fontes Braga,Pitbull,13-7-2,13,7,2.0,"6' 0""",199 lbs.,--,Orthodox,"Apr 14, 1969",2.42,50%,0.42,71%,0.0,0%,90%,0.6,106
http://ufcstats.com/fighter-details/e8c170a64dc920ac,Tulio Palhares,,2-16-0,2,16,0.0,--,180 lbs.,--,,--,0.0,0%,0.0,0%,0.0,0%,0%,0.0,105
http://ufcstats.com/fighter-details/c6e6926a81adcd00,Adriano Santos,,0-1-0,0,1,0.0,--,--,--,,--,0.0,0%,0.0,0%,0.0,0%,0%,0.0,104
http://ufcstats.com/fighter-details/706404da0775dcbc,Hugo Duarte,,6-3-0,6,3,0.0,"6' 0""",240 lbs.,--,Orthodox,"Aug 09, 1968",0.0,0%,0.0,0%,0.0,0%,0%,0.0,103
http://ufcstats.com/fighter-details/74fefd43f073cd2f,Joe Pardo,,4-6-0,4,6,0.0,"6' 1""",210 lbs.,--,Southpaw,--,0.0,0%,0.0,0%,0.0,0%,0%,0.0,102
http://ufcstats.com/fighter-details/c96518b7f6881004,Bob Gilstrap,,5-7-0,5,7,0.0,"6' 3""",200 lbs.,--,Orthodox,--,0.0,0%,0.0,0%,0.0,0%,0%,0.0,101
http://ufcstats.com/fighter-details/e62b36885ecdac27,Allan Goes,,10-5-2,10,5,2.0,"6' 0""",205 lbs.,--,Orthodox,"Apr 20, 1971",0.64,52%,1.35,41%,1.75,40%,0%,2.6,100
http://ufcstats.com/fighter-details/df2cf66d8c0123db,Noe Hernandez,,5-5-0,5,5,0.0,--,--,--,Orthodox,--,0.0,0%,0.0,0%,0.0,0%,0%,0.0,99
http://ufcstats.com/fighter-details/108afe61a26bcbf4,Igor Zinoviev,Houdini,4-1-2,4,1,2.0,"6' 1""",199 lbs.,--,Orthodox,"May 23, 1966",0.0,0%,0.0,0%,0.0,0%,0%,0.0,98
http://ufcstats.com/fighter-details/13b2f59210dda9cc,Kevin Jackson,,4-2-0,4,2,0.0,"5' 10""",199 lbs.,--,Switch,"Nov 25, 1964",0.0,0%,0.0,0%,0.0,0%,0%,0.0,97
http://ufcstats.com/fighter-details/f70144caea5c4c80,Eugenio Tadeu,,2-3-0 (1 NC),2,3,,"5' 8""",160 lbs.,--,Orthodox,"Aug 17, 1963",0.0,0%,0.0,0%,0.0,0%,0%,0.0,96
http://ufcstats.com/fighter-details/9b5b5a75523728f3,Kazushi Sakuraba,The Gracie Hunter,26-17-1 (2 NC),26,17,,"6' 0""",185 lbs.,--,Southpaw,"Jul 14, 1969",1.26,41%,2.03,51%,1.26,31%,48%,1.7,95
http://ufcstats.com/fighter-details/f717b6002486f73f,Marcus Silveira,Conan,6-4-0 (1 NC),6,4,,"6' 3""",242 lbs.,--,Orthodox,"Dec 09, 1964",0.0,0%,0.0,0%,0.0,0%,0%,0.0,94
http://ufcstats.com/fighter-details/19ffeb5e3fffd6d5,Joe Charles,The Ghetto Man,6-13-0,6,13,0.0,"6' 1""",260 lbs.,--,Southpaw,--,0.0,0%,0.0,0%,0.0,0%,0%,0.0,93
http://ufcstats.com/fighter-details/a7b48e18ca27795d,Mark Kerr,The Smashing Machine,15-11-0 (1 NC),15,11,,"6' 3""",266 lbs.,--,Switch,"Dec 21, 1968",0.28,41%,0.89,28%,2.92,77%,0%,0.4,92
http://ufcstats.com/fighter-details/31c01fbc2586a5eb,Dwayne Cason,,1-1-0,1,1,0.0,"5' 10""",212 lbs.,--,Orthodox,--,0.0,0%,0.0,0%,0.0,0%,0%,0.0,91
http://ufcstats.com/fighter-details/9fd1f08dd4aec14a,Dave Beneteau,Dangerous,6-5-1,6,5,1.0,"6' 2""",250 lbs.,--,Orthodox,--,0.0,0%,0.0,0%,0.0,0%,0%,0.0,90
http://ufcstats.com/fighter-details/a220be6d41d6f97d,Carlos Barreto,,14-9-0,14,9,0.0,"6' 4""",230 lbs.,--,Orthodox,"Jul 22, 1968",0.0,0%,0.0,0%,0.0,0%,0%,0.0,89
http://ufcstats.com/fighter-details/91181b29be041f1c,Greg Stott,Ranger,0-1-0,0,1,0.0,"5' 7""",220 lbs.,--,Southpaw,--,0.0,0%,0.0,0%,0.0,0%,0%,0.0,88
http://ufcstats.com/fighter-details/312f47c3d2f83ffa,Houston Dorr,,1-2-0,1,2,0.0,"6' 1""",210 lbs.,--,Orthodox,--,0.0,0%,0.0,0%,0.0,0%,0%,0.0,87
http://ufcstats.com/fighter-details/baa5358456803df8,Alex Hunter,,2-0-0,2,0,0.0,"5' 9""",226 lbs.,--,Orthodox,--,0.0,0%,0.0,0%,0.0,0%,0%,0.0,86
http://ufcstats.com/fighter-details/4dc496aa0cfc0d95,Harry Moskowitz,Dirty,6-12-0,6,12,0.0,"6' 5""",275 lbs.,--,Orthodox,--,0.0,0%,0.0,0%,0.0,0%,0%,0.0,85
http://ufcstats.com/fighter-details/f348d05403fad037,Dan Bobish,,17-9-0,17,9,0.0,"6' 2""",345 lbs.,--,Southpaw,"Jan 26, 1970",2.06,44%,1.74,34%,2.44,42%,0%,1.6,84
http://ufcstats.com/fighter-details/1c3f5e85b59ec710,Brian Johnston,,5-5-0,5,5,0.0,"6' 3""",230 lbs.,--,Orthodox,"Jul 28, 1968",0.0,0%,0.0,0%,0.0,0%,0%,0.0,83
http://ufcstats.com/fighter-details/baf942f4bcb09894,Moti Horenstein,,1-6-0,1,6,0.0,"6' 4""",230 lbs.,--,Orthodox,"Mar 23, 1964",0.0,0%,0.0,0%,0.0,0%,0%,0.0,82
http://ufcstats.com/fighter-details/3fed746acfd026dd,Todd Butler,,1-4-0,1,4,0.0,"6' 1""",200 lbs.,--,Southpaw,--,0.0,0%,0.0,0%,0.0,0%,0%,0.0,81
http://ufcstats.com/fighter-details/df85d6ec3493d120,Joe Moreira,,2-2-0,2,2,0.0,"5' 11""",195 lbs.,--,Southpaw,"Jul 03, 1961",0.0,0%,0.0,0%,0.0,0%,0%,0.0,80
http://ufcstats.com/fighter-details/4679a38cced7c64a,Yuri Vaulin,,0-1-0,0,1,0.0,"6' 4""",197 lbs.,--,Southpaw,"Sep 13, 1963",0.0,0%,0.0,0%,0.0,0%,0%,0.0,79
http://ufcstats.com/fighter-details/1f5f75658551f2d3,Sam Fulton,,0-2-0,0,2,0.0,--,--,--,,--,0.0,0%,0.0,0%,0.0,0%,0%,0.0,78
http://ufcstats.com/fighter-details/8788beb528894f33,Donnie Chappell,,0-1-0,0,1,0.0,"5' 11""",178 lbs.,--,Southpaw,--,0.0,0%,0.0,0%,0.0,0%,0%,0.0,77
http://ufcstats.com/fighter-details/3e514f437c51ce0a,Steven Graham,,2-1-0,2,1,0.0,"6' 1""",290 lbs.,--,Orthodox,--,0.0,0%,0.0,0%,0.0,0%,0%,0.0,76
http://ufcstats.com/fighter-details/bad28b7b34f334de,Tony Halme,,0-4-0,0,4,0.0,"6' 3""",300 lbs.,--,Orthodox,"Jan 06, 1963",0.0,0%,0.0,0%,0.0,0%,0%,0.0,75
http://ufcstats.com/fighter-details/738acab0c6934dd8,Dmitri Stepanov,,0-1-0,0,1,0.0,"6' 3""",217 lbs.,--,Orthodox,--,0.0,0%,0.0,0%,0.0,0%,0%,0.0,74
http://ufcstats.com/fighter-details/0cf935519d439ba6,Enson Inoue,Yamato Damashii,12-8-0,12,8,0.0,"5' 10""",210 lbs.,--,Orthodox,"Apr 15, 1967",1.7,63%,1.88,30%,0.0,0%,33%,0.0,73
http://ufcstats.com/fighter-details/7269329bd87eb479,Christophe Leninger,,3-4-0,3,4,0.0,"6' 0""",200 lbs.,--,Southpaw,--,0.0,0%,0.0,0%,0.0,0%,0%,0.0,72
http://ufcstats.com/fighter-details/53e533db1b8e9712,Jack Nilson,,2-6-0,2,6,0.0,--,--,--,,--,0.0,0%,0.0,0%,0.0,0%,0%,0.0,71
http://ufcstats.com/fighter-details/21f2974fd08085e3,Saeed Hosseini,,0-1-0,0,1,0.0,--,--,--,,--,0.0,0%,0.0,0%,0.0,0%,0%,0.0,70
http://ufcstats.com/fighter-details/184b955181bdef52,Wes Albritton,,0-1-0,0,1,0.0,"5' 10""",188 lbs.,--,Orthodox,--,0.0,0%,0.0,0%,0.0,0%,0%,0.0,69
http://ufcstats.com/fighter-details/977081bc01197656,Scott Ferrozzo,The Pitbull,4-2-0,4,2,0.0,"5' 11""",323 lbs.,--,Orthodox,"Apr 26, 1965",0.0,0%,0.0,0%,0.0,0%,0%,0.0,68
http://ufcstats.com/fighter-details/1d147d4163a6989b,Nick Sanzo,,1-1-0,1,1,0.0,"5' 9""",190 lbs.,--,,"Jan 16, 1963",0.0,0%,0.0,0%,0.0,0%,0%,0.0,67
http://ufcstats.com/fighter-details/1a49e0670dfaca31,Jim Mullen,,0-2-0,0,2,0.0,"6' 1""",215 lbs.,--,Southpaw,--,0.0,0%,0.0,0%,0.0,0%,0%,0.0,66
http://ufcstats.com/fighter-details/6420efac0578988b,Yoshiki Takahashi,Kazuo,30-27-3 (1 NC),30,27,,"5' 11""",199 lbs.,--,Southpaw,"Mar 13, 1969",2.26,51%,6.47,44%,0.0,0%,66%,2.3,65
http://ufcstats.com/fighter-details/da6dfd09cca1d705,Wallid Ismail,,9-3-0,9,3,0.0,"5' 7""",205 lbs.,--,Orthodox,"Feb 23, 1968",0.92,31%,0.83,44%,1.85,28%,0%,0.5,64
http://ufcstats.com/fighter-details/577ec7e108b94be3,Rainy Martinez,,0-2-0,0,2,0.0,"6' 0""",199 lbs.,--,Orthodox,--,0.0,0%,0.0,0%,0.0,0%,0%,0.0,63
http://ufcstats.com/fighter-details/271fe91f4ba9d2c5,Don Frye,The Predator,20-9-1 (1 NC),20,9,,"6' 1""",219 lbs.,--,Orthodox,"Nov 23, 1965",2.87,64%,3.57,37%,0.91,57%,45%,0.7,62
http://ufcstats.com/fighter-details/13e62d766b709aa6,Steve Nelmark,The Sandman,2-1-0,2,1,0.0,"6' 0""",240 lbs.,--,Orthodox,--,0.0,0%,0.0,0%,0.0,0%,0%,0.0,61
http://ufcstats.com/fighter-details/18524b46c570730b,Mark Hall,,5-6-0,5,6,0.0,"6' 0""",190 lbs.,--,Orthodox,"Jan 26, 1961",0.0,0%,0.0,0%,0.0,0%,0%,0.0,60
http://ufcstats.com/fighter-details/07a18ae55dfc3cd9,Paul Varelans,The Polar Bear,9-9-0,9,9,0.0,"6' 8""",300 lbs.,--,Orthodox,"Sep 17, 1969",0.0,0%,0.0,0%,0.0,0%,0%,0.0,59
http://ufcstats.com/fighter-details/de3ed2e152520c8d,Cal Worsham,,13-10-0,13,10,0.0,"5' 11""",230 lbs.,--,Orthodox,"Jun 11, 1963",0.0,0%,0.0,0%,0.0,0%,0%,0.0,58
http://ufcstats.com/fighter-details/8377c5572cb356f3,Fabio Gurgel,,3-2-0,3,2,0.0,"6' 0""",205 lbs.,--,Orthodox,"Jan 18, 1970",0.0,0%,0.0,0%,0.0,0%,0%,0.0,57
http://ufcstats.com/fighter-details/0e9869d712e81f8f,Sam Adkins,The Experience,7-20-2,7,20,2.0,"6' 3""",225 lbs.,--,Orthodox,"Apr 26, 1965",0.0,0%,0.0,0%,0.0,0%,0%,0.0,56
http://ufcstats.com/fighter-details/d41937647eae9a34,Reza Nasri,,0-1-0,0,1,0.0,"5' 11""",205 lbs.,--,Orthodox,--,0.0,0%,0.0,0%,0.0,0%,0%,0.0,55
http://ufcstats.com/fighter-details/c6da1c24fe473418,Julian Sanchez,,0-1-0,0,1,0.0,"6' 3""",300 lbs.,--,Orthodox,--,0.0,0%,0.0,0%,0.0,0%,0%,0.0,54
http://ufcstats.com/fighter-details/31bbd46d57dfbcb7,John Campetella,,0-1-0,0,1,0.0,"5' 9""",235 lbs.,--,Orthodox,--,0.0,0%,0.0,0%,0.0,0%,0%,0.0,53
http://ufcstats.com/fighter-details/0ec821423baa26bd,Scott Fiedler,,0-1-0,0,1,0.0,"6' 4""",235 lbs.,--,Orthodox,--,0.0,0%,0.0,0%,0.0,0%,0%,0.0,52
http://ufcstats.com/fighter-details/304fcd812f12c589,Geza Kalman,,4-9-0,4,9,0.0,"6' 1""",200 lbs.,--,,--,0.0,0%,0.0,0%,0.0,0%,0%,0.0,51
http://ufcstats.com/fighter-details/0db70ca89e1c7374,Dieusel Berto,,0-3-0,0,3,0.0,"5' 9""",200 lbs.,--,,--,0.0,0%,0.0,0%,0.0,0%,0%,0.0,50
http://ufcstats.com/fighter-details/2a6f8136da1e52c0,Koji Kitao,,1-2-0,1,2,0.0,"6' 7""",350 lbs.,--,Southpaw,"Oct 12, 1963",0.0,0%,0.0,0%,0.0,0%,0%,0.0,49
http://ufcstats.com/fighter-details/c1684f00c626f4c0,Mark Schultz,,1-1-0,1,1,0.0,"5' 9""",200 lbs.,--,Orthodox,"Oct 26, 1960",0.0,0%,0.0,0%,0.0,0%,0%,0.0,48
http://ufcstats.com/fighter-details/08a7080ff5904661,Rafael Carino,,2-1-1,2,1,1.0,"6' 8""",245 lbs.,--,Orthodox,--,0.0,0%,0.0,0%,0.0,0%,0%,0.0,47
http://ufcstats.com/fighter-details/8738eacd62e82a32,Matt Andersen,,14-8-1,14,8,1.0,"6' 2""",230 lbs.,--,Southpaw,"May 29, 1971",0.0,0%,0.0,0%,0.0,0%,0%,0.0,46
http://ufcstats.com/fighter-details/d3711d3784b76255,Zane Frazier,Nasty,4-11-0,4,11,0.0,"6' 5""",250 lbs.,--,Orthodox,--,0.0,0%,0.0,0%,0.0,0%,0%,0.0,45
http://ufcstats.com/fighter-details/2efbc83a6b9b7f86,Tai Bowden,,1-1-0,1,1,0.0,"5' 11""",230 lbs.,--,,--,0.0,0%,0.0,0%,0.0,0%,0%,0.0,44
http://ufcstats.com/fighter-details/440c9dbab63528fb,Paul Herrera,The Bone Crusher,1-1-0,1,1,0.0,"5' 10""",185 lbs.,--,Orthodox,"Feb 21, 1964",0.0,0%,0.0,0%,0.0,0%,0%,0.0,43
http://ufcstats.com/fighter-details/ea398c802d9998ee,Thomas Ramirez,,0-1-0,0,1,0.0,"6' 1""",410 lbs.,--,Sideways,--,0.0,0%,0.0,0%,0.0,0%,0%,0.0,42
http://ufcstats.com/fighter-details/1dc56b59cb28425d,Oleg Taktarov,The Russian Bear,17-5-2,17,5,2.0,"6' 0""",210 lbs.,--,Orthodox,"Aug 26, 1967",0.0,0%,0.0,0%,0.0,0%,0%,0.0,41
http://ufcstats.com/fighter-details/bf12aca029bfcc47,Keith Hackney,The Giant Killer,2-2-0,2,2,0.0,"5' 11""",200 lbs.,--,Sideways,"Apr 15, 1958",0.0,0%,0.0,0%,0.0,0%,0%,0.0,40
http://ufcstats.com/fighter-details/ad047e3073a775f3,Steve Jennum,,2-3-0,2,3,0.0,"5' 10""",215 lbs.,--,Orthodox,"Sep 23, 1963",0.0,0%,0.0,0%,0.0,0%,0%,0.0,39
http://ufcstats.com/fighter-details/749685d24e2cac50,Remco Pardoel,Grizzly,9-6-1 (2 NC),9,6,,"6' 3""",260 lbs.,--,Southpaw,"May 23, 1969",0.0,0%,0.0,0%,0.0,0%,0%,0.0,38
http://ufcstats.com/fighter-details/46f11d15c0134fe3,Larry Cureton,,0-2-0,0,2,0.0,"6' 2""",240 lbs.,--,Orthodox,--,0.0,0%,0.0,0%,0.0,0%,0%,0.0,37
http://ufcstats.com/fighter-details/6a0b80a24f22e152,Ryan Parker,,0-1-0,0,1,0.0,"6' 3""",235 lbs.,--,Southpaw,--,0.0,0%,0.0,0%,0.0,0%,0%,0.0,36
http://ufcstats.com/fighter-details/a2b06ca02bca14c0,Harold Howard,,1-3-0,1,3,0.0,"6' 2""",240 lbs.,--,Orthodox,--,0.0,0%,0.0,0%,0.0,0%,0%,0.0,35
http://ufcstats.com/fighter-details/30cd319d39ee689b,Gerry Harris,,1-4-0,1,4,0.0,"6' 8""",270 lbs.,--,Orthodox,--,0.0,0%,0.0,0%,0.0,0%,0%,0.0,34
http://ufcstats.com/fighter-details/3f24c96753dbd9f9,Scott Bessac,,4-6-0,4,6,0.0,"6' 4""",245 lbs.,--,,"Oct 05, 1965",0.0,0%,0.0,0%,0.0,0%,0%,0.0,33
http://ufcstats.com/fighter-details/5af480a3b2e1726b,David Hood,,1-3-0,1,3,0.0,"6' 0""",200 lbs.,--,,--,0.0,0%,0.0,0%,0.0,0%,0%,0.0,32
http://ufcstats.com/fighter-details/dedc3bb440d09554,Anthony Macias,Mad Dog,26-18-0,26,18,0.0,"5' 9""",185 lbs.,--,Switch,"Feb 09, 1969",0.0,0%,0.0,0%,0.0,0%,0%,0.0,31
http://ufcstats.com/fighter-details/46c8ec317aff28ac,Patrick Smith,,20-17-0,20,17,0.0,"6' 2""",225 lbs.,--,Orthodox,"Aug 28, 1963",0.0,0%,0.0,0%,0.0,0%,0%,0.0,30
http://ufcstats.com/fighter-details/02d276b7d62b3472,Rudyard Moncayo,,0-3-0,0,3,0.0,"5' 10""",195 lbs.,--,Orthodox,"May 17, 1973",0.0,0%,0.0,0%,0.0,0%,0%,0.0,29
http://ufcstats.com/fighter-details/c933d423ebdbbbdb,John Matua,,1-4-0,1,4,0.0,"6' 2""",400 lbs.,--,Orthodox,--,0.0,0%,0.0,0%,0.0,0%,0%,0.0,28
http://ufcstats.com/fighter-details/b60391da771deefe,Todd Medina,El Tiburon,11-9-0 (1 NC),11,9,,"5' 10""",193 lbs.,--,Southpaw,"Apr 30, 1970",0.0,0%,0.0,0%,0.0,0%,0%,0.0,27
http://ufcstats.com/fighter-details/2b1587a3376ab743,Ernie Verdicia,,0-1-0,0,1,0.0,"5' 11""",199 lbs.,--,Orthodox,--,0.0,0%,0.0,0%,0.0,0%,0%,0.0,26
http://ufcstats.com/fighter-details/32a3025d5db456ae,Jon Hess,,1-1-0,1,1,0.0,"6' 7""",295 lbs.,--,,--,0.0,0%,0.0,0%,0.0,0%,0%,0.0,25
http://ufcstats.com/fighter-details/9199e0735b83dd32,Andy Anderson,The Hammer,0-1-0,0,1,0.0,"5' 6""",240 lbs.,--,,"Jul 16, 1974",0.0,0%,0.0,0%,0.0,0%,0%,0.0,24
http://ufcstats.com/fighter-details/e780ccc79a209985,John Dowdy,,0-1-0,0,1,0.0,--,--,--,,--,0.0,0%,0.0,0%,0.0,0%,0%,0.0,23
http://ufcstats.com/fighter-details/2a7afe14b3a0a058,Asbel Cancio,,0-1-0,0,1,0.0,"5' 10""",225 lbs.,--,,--,0.0,0%,0.0,0%,0.0,0%,0%,0.0,22
http://ufcstats.com/fighter-details/e8fb8e53bc2e29d6,Marcus Bossett,The Grasshopper,1-3-0,1,3,0.0,"6' 1""",215 lbs.,--,Orthodox,--,0.0,0%,0.0,0%,0.0,0%,0%,0.0,21
http://ufcstats.com/fighter-details/81ca2c245b19b3c5,Melton Bowen,The Punisher,0-1-0,0,1,0.0,"6' 0""",225 lbs.,--,Orthodox,"Jul 16, 1969",0.0,0%,0.0,0%,0.0,0%,0%,0.0,20
http://ufcstats.com/fighter-details/83b743fedde154fb,Joe Son,,0-4-0,0,4,0.0,"5' 4""",236 lbs.,--,Orthodox,"Nov 22, 1970",0.0,0%,0.0,0%,0.0,0%,0%,0.0,19
http://ufcstats.com/fighter-details/23ab42947c1990e3,Ron van Clief,The Black Dragon,0-1-0,0,1,0.0,"5' 10""",190 lbs.,--,Orthodox,"Jan 25, 1943",0.0,0%,0.0,0%,0.0,0%,0%,0.0,18
http://ufcstats.com/fighter-details/adea9f0090aa8e14,Jason Fairn,,4-5-0,4,5,0.0,"6' 1""",230 lbs.,--,,--,0.0,0%,0.0,0%,0.0,0%,0%,0.0,17
http://ufcstats.com/fighter-details/6cbb7661c3258617,Felix Lee Mitchell,,2-7-0,2,7,0.0,--,--,--,Orthodox,--,0.0,0%,0.0,0%,0.0,0%,0%,0.0,16
http://ufcstats.com/fighter-details/2e04a3b4a2011b97,Roland Payne,,0-1-0,0,1,0.0,"5' 9""",205 lbs.,--,Orthodox,--,0.0,0%,0.0,0%,0.0,0%,0%,0.0,15
http://ufcstats.com/fighter-details/2299605af59fd309,Emmanuel Yarborough,,1-2-0,1,2,0.0,"6' 8""",770 lbs.,--,Open Stance,"Sep 05, 1960",0.0,0%,0.0,0%,0.0,0%,0%,0.0,14
http://ufcstats.com/fighter-details/319fa1bd3176bded,Johnny Rhodes,,2-1-0,2,1,0.0,"6' 0""",210 lbs.,--,Orthodox,--,0.0,0%,0.0,0%,0.0,0%,0%,0.0,13
http://ufcstats.com/fighter-details/a6c2f5381d575920,Orlando Wiet,The Gladiator,1-5-0,1,5,0.0,"5' 10""",170 lbs.,--,Southpaw,"Oct 24, 1965",0.0,0%,0.0,0%,0.0,0%,0%,0.0,12
http://ufcstats.com/fighter-details/8d5daf67983b65ba,Fred Ettish,,1-1-0,1,1,0.0,"6' 0""",180 lbs.,--,Southpaw,"Oct 12, 1955",0.0,0%,0.0,0%,0.0,0%,0%,0.0,11
http://ufcstats.com/fighter-details/be9d259be012e8a4,Scott Morris,,2-1-0,2,1,0.0,"5' 10""",210 lbs.,--,Orthodox,--,0.0,0%,0.0,0%,0.0,0%,0%,0.0,10
http://ufcstats.com/fighter-details/4565d435005319c0,Minoki Ichihara,,0-1-0,0,1,0.0,"5' 7""",178 lbs.,--,Orthodox,"Jun 30, 1968",0.0,0%,0.0,0%,0.0,0%,0%,0.0,9
http://ufcstats.com/fighter-details/7d5b12de1625984e,Scott Baker,,1-1-0,1,1,0.0,"6' 0""",210 lbs.,--,,--,0.0,0%,0.0,0%,0.0,0%,0%,0.0,8
http://ufcstats.com/fighter-details/6e02c318762f52f1,Alberta Cerra Leon,,0-1-0,0,1,0.0,"5' 8""",238 lbs.,--,,--,0.0,0%,0.0,0%,0.0,0%,0%,0.0,7
http://ufcstats.com/fighter-details/96087e90d900f0ef,Robert Lucarelli,,0-1-0,0,1,0.0,"6' 2""",245 lbs.,--,,--,0.0,0%,0.0,0%,0.0,0%,0%,0.0,6
http://ufcstats.com/fighter-details/c3c23c99477c041b,Frank Hamaker,,1-0-0,1,0,0.0,--,--,--,,--,0.0,0%,0.0,0%,0.0,0%,0%,0.0,5
http://ufcstats.com/fighter-details/505934897b8b4824,Thaddeus Luster,,0-1-0,0,1,0.0,"6' 3""",210 lbs.,--,,--,0.0,0%,0.0,0%,0.0,0%,0%,0.0,4
http://ufcstats.com/fighter-details/49590e0508b2c19f,David Levicki,,1-3-0,1,3,0.0,"6' 5""",275 lbs.,--,,--,0.0,0%,0.0,0%,0.0,0%,0%,0.0,3
http://ufcstats.com/fighter-details/ea0ad155451ed1f5,Ray Wizard,,0-1-0,0,1,0.0,--,--,--,,--,0.0,0%,0.0,0%,0.0,0%,0%,0.0,2
http://ufcstats.com/fighter-details/a683f9ddb70aa4bd,Sean Daugherty,,0-2-0,0,2,0.0,"6' 0""",175 lbs.,--,,"Dec 04, 1975",0.0,0%,0.0,0%,0.0,0%,0%,0.0,1
