wins,losses,draws,SLpM,SApM,TD Avg.,Sub. Avg.,ID,height,weight_kg,Str. Acc._total,Str. Def_total,TD Acc._total,TD Def._total,reach_cm,stance,age
0,2,0,0.0,0.0,0.0,0.0,1,182.88,79.38,0.0,0.0,0.0,0.0,180.34,0,50
0,1,0,0.0,0.0,0.0,0.0,2,175.26,79.38,0.0,0.0,0.0,0.0,180.34,0,26
1,3,0,0.0,0.0,0.0,0.0,3,195.58,124.74,0.0,0.0,0.0,0.0,180.34,0,26
0,1,0,0.0,0.0,0.0,0.0,4,190.5,95.25,0.0,0.0,0.0,0.0,180.34,0,26
1,0,0,0.0,0.0,0.0,0.0,5,175.26,79.38,0.0,0.0,0.0,0.0,180.34,0,26
0,1,0,0.0,0.0,0.0,0.0,6,187.96,111.13,0.0,0.0,0.0,0.0,180.34,0,26
0,1,0,0.0,0.0,0.0,0.0,7,172.72,107.95,0.0,0.0,0.0,0.0,180.34,0,26
1,1,0,0.0,0.0,0.0,0.0,8,182.88,95.25,0.0,0.0,0.0,0.0,180.34,0,26
0,1,0,0.0,0.0,0.0,0.0,9,170.18,80.74,0.0,0.0,0.0,0.0,180.34,1,57
2,1,0,0.0,0.0,0.0,0.0,10,177.8,95.25,0.0,0.0,0.0,0.0,180.34,1,26
1,1,0,0.0,0.0,0.0,0.0,11,182.88,81.65,0.0,0.0,0.0,0.0,180.34,2,70
1,5,0,0.0,0.0,0.0,0.0,12,177.8,77.11,0.0,0.0,0.0,0.0,180.34,2,60
2,1,0,0.0,0.0,0.0,0.0,13,182.88,95.25,0.0,0.0,0.0,0.0,180.34,1,26
1,2,0,0.0,0.0,0.0,0.0,14,203.2,349.27,0.0,0.0,0.0,0.0,180.34,3,65
0,1,0,0.0,0.0,0.0,0.0,15,175.26,92.99,0.0,0.0,0.0,0.0,180.34,1,26
2,7,0,0.0,0.0,0.0,0.0,16,175.26,79.38,0.0,0.0,0.0,0.0,180.34,1,26
4,5,0,0.0,0.0,0.0,0.0,17,185.42,104.33,0.0,0.0,0.0,0.0,180.34,0,26
0,1,0,0.0,0.0,0.0,0.0,18,177.8,86.18,0.0,0.0,0.0,0.0,180.34,1,83
0,4,0,0.0,0.0,0.0,0.0,19,162.56,107.05,0.0,0.0,0.0,0.0,180.34,1,55
0,1,0,0.0,0.0,0.0,0.0,20,182.88,102.06,0.0,0.0,0.0,0.0,180.34,1,56
1,3,0,0.0,0.0,0.0,0.0,21,185.42,97.52,0.0,0.0,0.0,0.0,180.34,1,26
0,1,0,0.0,0.0,0.0,0.0,22,177.8,102.06,0.0,0.0,0.0,0.0,180.34,0,26
0,1,0,0.0,0.0,0.0,0.0,23,175.26,79.38,0.0,0.0,0.0,0.0,180.34,0,26
0,1,0,0.0,0.0,0.0,0.0,24,167.64,108.86,0.0,0.0,0.0,0.0,180.34,0,51
1,1,0,0.0,0.0,0.0,0.0,25,200.66,133.81,0.0,0.0,0.0,0.0,180.34,0,26
0,1,0,0.0,0.0,0.0,0.0,26,180.34,90.26,0.0,0.0,0.0,0.0,180.34,1,26
11,9,0,0.0,0.0,0.0,0.0,27,177.8,87.54,0.0,0.0,0.0,0.0,180.34,2,56
1,4,0,0.0,0.0,0.0,0.0,28,187.96,181.44,0.0,0.0,0.0,0.0,180.34,1,26
0,3,0,0.0,0.0,0.0,0.0,29,177.8,88.45,0.0,0.0,0.0,0.0,180.34,1,53
20,17,0,0.0,0.0,0.0,0.0,30,187.96,102.06,0.0,0.0,0.0,0.0,180.34,1,62
26,18,0,0.0,0.0,0.0,0.0,31,175.26,83.91,0.0,0.0,0.0,0.0,180.34,4,57
1,3,0,0.0,0.0,0.0,0.0,32,182.88,90.72,0.0,0.0,0.0,0.0,180.34,0,26
4,6,0,0.0,0.0,0.0,0.0,33,193.04,111.13,0.0,0.0,0.0,0.0,180.34,0,60
1,4,0,0.0,0.0,0.0,0.0,34,203.2,122.47,0.0,0.0,0.0,0.0,180.34,1,26
1,3,0,0.0,0.0,0.0,0.0,35,187.96,108.86,0.0,0.0,0.0,0.0,180.34,1,26
0,1,0,0.0,0.0,0.0,0.0,36,190.5,106.59,0.0,0.0,0.0,0.0,180.34,2,26
0,2,0,0.0,0.0,0.0,0.0,37,187.96,108.86,0.0,0.0,0.0,0.0,180.34,1,26
9,6,0,0.0,0.0,0.0,0.0,38,190.5,117.93,0.0,0.0,0.0,0.0,180.34,2,57
2,3,0,0.0,0.0,0.0,0.0,39,177.8,97.52,0.0,0.0,0.0,0.0,180.34,1,62
2,2,0,0.0,0.0,0.0,0.0,40,180.34,90.72,0.0,0.0,0.0,0.0,180.34,5,68
17,5,2,0.0,0.0,0.0,0.0,41,182.88,95.25,0.0,0.0,0.0,0.0,180.34,1,58
0,1,0,0.0,0.0,0.0,0.0,42,185.42,185.97,0.0,0.0,0.0,0.0,180.34,5,26
1,1,0,0.0,0.0,0.0,0.0,43,177.8,83.91,0.0,0.0,0.0,0.0,180.34,1,62
1,1,0,0.0,0.0,0.0,0.0,44,180.34,104.33,0.0,0.0,0.0,0.0,180.34,0,26
4,11,0,0.0,0.0,0.0,0.0,45,195.58,113.4,0.0,0.0,0.0,0.0,180.34,1,26
14,8,1,0.0,0.0,0.0,0.0,46,187.96,104.33,0.0,0.0,0.0,0.0,180.34,2,54
2,1,1,0.0,0.0,0.0,0.0,47,203.2,111.13,0.0,0.0,0.0,0.0,180.34,1,26
1,1,0,0.0,0.0,0.0,0.0,48,175.26,90.72,0.0,0.0,0.0,0.0,180.34,1,65
1,2,0,0.0,0.0,0.0,0.0,49,200.66,158.76,0.0,0.0,0.0,0.0,180.34,2,62
0,3,0,0.0,0.0,0.0,0.0,50,175.26,90.72,0.0,0.0,0.0,0.0,180.34,0,26
4,9,0,0.0,0.0,0.0,0.0,51,185.42,90.72,0.0,0.0,0.0,0.0,180.34,0,26
0,1,0,0.0,0.0,0.0,0.0,52,193.04,106.59,0.0,0.0,0.0,0.0,180.34,1,26
0,1,0,0.0,0.0,0.0,0.0,53,175.26,106.59,0.0,0.0,0.0,0.0,180.34,1,26
0,1,0,0.0,0.0,0.0,0.0,54,190.5,136.08,0.0,0.0,0.0,0.0,180.34,1,26
0,1,0,0.0,0.0,0.0,0.0,55,180.34,92.99,0.0,0.0,0.0,0.0,180.34,1,26
7,20,2,0.0,0.0,0.0,0.0,56,190.5,102.06,0.0,0.0,0.0,0.0,180.34,1,61
3,2,0,0.0,0.0,0.0,0.0,57,182.88,92.99,0.0,0.0,0.0,0.0,180.34,1,56
13,10,0,0.0,0.0,0.0,0.0,58,180.34,104.33,0.0,0.0,0.0,0.0,180.34,1,62
9,9,0,0.0,0.0,0.0,0.0,59,203.2,136.08,0.0,0.0,0.0,0.0,180.34,1,56
5,6,0,0.0,0.0,0.0,0.0,60,182.88,86.18,0.0,0.0,0.0,0.0,180.34,1,65
2,1,0,0.0,0.0,0.0,0.0,61,182.88,108.86,0.0,0.0,0.0,0.0,180.34,1,26
20,9,0,2.87,3.57,0.91,0.7,62,185.42,99.34,0.64,0.37,0.57,0.45,180.34,1,60
0,2,0,0.0,0.0,0.0,0.0,63,182.88,90.26,0.0,0.0,0.0,0.0,180.34,1,26
9,3,0,0.92,0.83,1.85,0.5,64,170.18,92.99,0.31,0.44,0.28,0.0,180.34,1,58
30,27,0,2.26,6.47,0.0,2.3,65,180.34,90.26,0.51,0.44,0.0,0.66,180.34,2,57
0,2,0,0.0,0.0,0.0,0.0,66,185.42,97.52,0.0,0.0,0.0,0.0,180.34,2,26
1,1,0,0.0,0.0,0.0,0.0,67,175.26,86.18,0.0,0.0,0.0,0.0,180.34,0,63
4,2,0,0.0,0.0,0.0,0.0,68,180.34,146.51,0.0,0.0,0.0,0.0,180.34,1,61
0,1,0,0.0,0.0,0.0,0.0,69,177.8,85.28,0.0,0.0,0.0,0.0,180.34,1,26
0,1,0,0.0,0.0,0.0,0.0,70,175.26,79.38,0.0,0.0,0.0,0.0,180.34,0,26
2,6,0,0.0,0.0,0.0,0.0,71,175.26,79.38,0.0,0.0,0.0,0.0,180.34,0,26
3,4,0,0.0,0.0,0.0,0.0,72,182.88,90.72,0.0,0.0,0.0,0.0,180.34,2,26
12,8,0,1.7,1.88,0.0,0.0,73,177.8,95.25,0.63,0.3,0.0,0.33,180.34,1,59
0,1,0,0.0,0.0,0.0,0.0,74,190.5,98.43,0.0,0.0,0.0,0.0,180.34,1,26
0,4,0,0.0,0.0,0.0,0.0,75,190.5,136.08,0.0,0.0,0.0,0.0,180.34,1,63
2,1,0,0.0,0.0,0.0,0.0,76,185.42,131.54,0.0,0.0,0.0,0.0,180.34,1,26
0,1,0,0.0,0.0,0.0,0.0,77,180.34,80.74,0.0,0.0,0.0,0.0,180.34,2,26
0,2,0,0.0,0.0,0.0,0.0,78,175.26,79.38,0.0,0.0,0.0,0.0,180.34,0,26
0,1,0,0.0,0.0,0.0,0.0,79,193.04,89.36,0.0,0.0,0.0,0.0,180.34,2,62
2,2,0,0.0,0.0,0.0,0.0,80,180.34,88.45,0.0,0.0,0.0,0.0,180.34,2,64
1,4,0,0.0,0.0,0.0,0.0,81,185.42,90.72,0.0,0.0,0.0,0.0,180.34,2,26
1,6,0,0.0,0.0,0.0,0.0,82,193.04,104.33,0.0,0.0,0.0,0.0,180.34,1,62
5,5,0,0.0,0.0,0.0,0.0,83,190.5,104.33,0.0,0.0,0.0,0.0,180.34,1,57
17,9,0,2.06,1.74,2.44,1.6,84,187.96,156.49,0.44,0.34,0.42,0.0,180.34,2,56
6,12,0,0.0,0.0,0.0,0.0,85,195.58,124.74,0.0,0.0,0.0,0.0,180.34,1,26
2,0,0,0.0,0.0,0.0,0.0,86,175.26,102.51,0.0,0.0,0.0,0.0,180.34,1,26
1,2,0,0.0,0.0,0.0,0.0,87,185.42,95.25,0.0,0.0,0.0,0.0,180.34,1,26
0,1,0,0.0,0.0,0.0,0.0,88,170.18,99.79,0.0,0.0,0.0,0.0,180.34,2,26
14,9,0,0.0,0.0,0.0,0.0,89,193.04,104.33,0.0,0.0,0.0,0.0,180.34,1,57
6,5,1,0.0,0.0,0.0,0.0,90,187.96,113.4,0.0,0.0,0.0,0.0,180.34,1,26
1,1,0,0.0,0.0,0.0,0.0,91,177.8,96.16,0.0,0.0,0.0,0.0,180.34,1,26
15,11,0,0.28,0.89,2.92,0.4,92,190.5,120.66,0.41,0.28,0.77,0.0,180.34,4,57
6,13,0,0.0,0.0,0.0,0.0,93,185.42,117.93,0.0,0.0,0.0,0.0,180.34,2,26
6,4,0,0.0,0.0,0.0,0.0,94,190.5,109.77,0.0,0.0,0.0,0.0,180.34,1,61
26,17,0,1.26,2.03,1.26,1.7,95,182.88,83.91,0.41,0.51,0.31,0.48,180.34,2,56
2,3,0,0.0,0.0,0.0,0.0,96,172.72,72.57,0.0,0.0,0.0,0.0,180.34,1,62
4,2,0,0.0,0.0,0.0,0.0,97,177.8,90.26,0.0,0.0,0.0,0.0,180.34,4,61
4,1,2,0.0,0.0,0.0,0.0,98,185.42,90.26,0.0,0.0,0.0,0.0,180.34,1,60
5,5,0,0.0,0.0,0.0,0.0,99,175.26,79.38,0.0,0.0,0.0,0.0,180.34,1,26
10,5,2,0.64,1.35,1.75,2.6,100,182.88,92.99,0.52,0.41,0.4,0.0,180.34,1,55
5,7,0,0.0,0.0,0.0,0.0,101,190.5,90.72,0.0,0.0,0.0,0.0,180.34,1,26
4,6,0,0.0,0.0,0.0,0.0,102,185.42,95.25,0.0,0.0,0.0,0.0,180.34,2,26
6,3,0,0.0,0.0,0.0,0.0,103,182.88,108.86,0.0,0.0,0.0,0.0,180.34,1,57
0,1,0,0.0,0.0,0.0,0.0,104,175.26,79.38,0.0,0.0,0.0,0.0,180.34,0,26
2,16,0,0.0,0.0,0.0,0.0,105,175.26,81.65,0.0,0.0,0.0,0.0,180.34,0,26
13,7,2,2.42,0.42,0.0,0.6,106,182.88,90.26,0.5,0.71,0.0,0.9,180.34,1,57
5,9,4,0.0,0.0,0.0,0.0,107,180.34,90.26,0.0,0.0,0.0,0.0,180.34,1,58
2,3,0,0.0,0.0,0.0,0.0,108,175.26,79.38,0.0,0.0,0.0,0.0,180.34,0,56
5,6,0,0.0,0.0,0.0,0.0,109,172.72,88.0,0.0,0.0,0.0,0.0,180.34,1,63
0,2,0,0.0,0.0,0.0,0.0,110,165.1,77.11,0.0,0.0,0.0,0.0,180.34,1,26
5,2,0,0.0,0.0,0.0,0.0,111,167.64,77.11,0.0,0.0,0.0,0.0,180.34,1,52
11,4,0,0.0,0.0,0.0,0.0,112,180.34,90.26,0.0,0.0,0.0,0.0,180.34,1,52
38,19,0,1.33,3.14,0.54,0.0,113,172.72,77.11,0.3,0.53,0.25,0.5,180.34,1,52
4,3,0,0.0,0.0,0.0,0.0,114,187.96,90.72,0.0,0.0,0.0,0.0,180.34,0,48
1,0,0,0.0,0.0,0.0,0.0,115,182.88,97.52,0.0,0.0,0.0,0.0,180.34,0,26
23,22,1,1.84,2.14,0.4,0.8,116,190.5,112.94,0.56,0.48,1.0,0.53,180.34,1,60
30,14,2,2.3,1.36,0.39,0.0,117,185.42,90.72,0.32,0.72,0.5,0.88,180.34,1,58
0,1,0,0.0,0.0,0.0,0.0,118,182.88,151.95,0.0,0.0,0.0,0.0,180.34,1,26
5,8,0,0.0,0.0,0.0,0.0,119,185.42,77.11,0.0,0.0,0.0,0.0,180.34,1,50
1,0,0,0.0,0.0,0.0,0.0,120,170.18,77.11,0.0,0.0,0.0,0.0,180.34,2,26
2,3,1,0.0,0.0,0.0,0.0,121,180.34,88.9,0.0,0.0,0.0,0.0,180.34,1,59
28,4,1,5.59,2.06,0.0,0.0,122,185.42,92.99,0.61,0.79,0.0,0.0,180.34,1,61
253,53,0,0.0,0.0,0.0,0.0,123,182.88,108.86,0.0,0.0,0.0,0.0,180.34,1,48
14,2,1,0.0,0.0,0.0,0.0,124,187.96,156.49,0.0,0.0,0.0,0.0,180.34,1,61
3,2,0,0.0,0.0,0.0,0.0,125,177.8,90.26,0.0,0.0,0.0,0.0,180.34,1,61
19,7,0,0.67,0.0,0.0,0.0,126,180.34,83.01,0.16,0.0,0.0,0.0,180.34,3,50
1,1,2,0.0,0.0,0.0,0.0,127,172.72,70.31,0.0,0.0,0.0,0.0,180.34,1,59
9,4,2,0.0,0.0,0.0,0.0,128,185.42,95.25,0.0,0.0,0.0,0.0,180.34,1,65
1,3,1,0.0,0.0,0.0,0.0,129,160.02,65.77,0.0,0.0,0.0,0.0,180.34,0,55
0,1,0,0.0,0.0,0.0,0.0,130,167.64,72.57,0.0,0.0,0.0,0.0,180.34,1,26
1,2,0,0.0,0.0,0.0,0.0,131,175.26,77.11,0.0,0.0,0.0,0.0,180.34,1,26
11,1,1,0.0,0.0,0.0,0.0,132,175.26,90.26,0.0,0.0,0.0,0.0,180.34,1,62
12,15,0,0.0,0.0,0.0,0.0,133,175.26,99.79,0.0,0.0,0.0,0.0,180.34,1,62
16,16,0,0.0,0.0,0.0,0.0,134,187.96,104.33,0.0,0.0,0.0,0.0,180.34,1,62
23,10,2,4.75,4.66,0.35,1.1,135,177.8,83.91,0.53,0.57,0.5,0.37,180.34,1,53
2,4,1,0.0,0.0,0.0,0.0,136,175.26,89.81,0.0,0.0,0.0,0.0,180.34,1,50
45,35,10,0.0,0.0,0.0,0.0,137,180.34,83.91,0.0,0.0,0.0,0.0,180.34,2,53
33,21,1,0.0,0.0,0.0,0.0,138,180.34,86.18,0.0,0.0,0.0,0.0,180.34,2,56
9,18,1,4.0,4.43,2.14,2.1,139,182.88,92.99,0.5,0.64,0.25,0.5,180.34,1,53
8,1,0,0.0,0.0,0.0,0.0,140,182.88,102.06,0.0,0.0,0.0,0.0,180.34,2,26
10,10,0,0.0,0.0,0.0,0.0,141,165.1,65.77,0.0,0.0,0.0,0.0,180.34,1,59
5,0,0,0.0,0.0,0.0,0.0,142,175.26,77.11,0.0,0.0,0.0,0.0,180.34,1,26
14,4,0,0.0,0.0,0.0,0.0,143,170.18,90.72,0.0,0.0,0.0,0.0,180.34,1,52
0,2,0,0.0,0.0,0.0,0.0,144,180.34,104.33,0.0,0.0,0.0,0.0,180.34,1,26
16,5,3,0.0,0.0,0.0,0.0,145,182.88,90.26,0.0,0.0,0.0,0.0,180.34,1,48
60,42,8,0.88,1.66,1.82,1.9,146,175.26,82.1,0.4,0.49,0.41,0.05,180.34,1,50
4,6,3,0.0,0.0,0.0,0.0,147,185.42,92.99,0.0,0.0,0.0,0.0,180.34,1,58
16,6,2,0.84,1.37,4.19,2.8,148,187.96,127.01,0.5,0.42,0.69,0.5,180.34,1,60
31,9,0,0.7,0.9,1.6,1.8,149,175.26,90.72,0.45,0.52,0.63,0.25,180.34,1,54
56,29,4,0.0,0.0,0.0,0.0,150,172.72,77.11,0.0,0.0,0.0,0.0,180.34,0,62
11,10,0,0.0,0.0,0.0,0.0,151,185.42,104.33,0.0,0.0,0.0,0.0,180.34,0,52
7,2,4,0.0,0.0,0.0,0.0,152,167.64,70.31,0.0,0.0,0.0,0.0,180.34,1,54
2,3,1,0.0,0.0,0.0,0.0,153,177.8,77.11,0.0,0.0,0.0,0.0,180.34,1,57
10,5,0,0.2,2.6,0.0,0.8,154,180.34,90.72,0.36,0.53,0.0,0.25,180.34,1,52
5,2,0,0.0,0.0,0.0,0.0,155,175.26,83.91,0.0,0.0,0.0,0.0,180.34,1,57
4,7,0,0.0,0.0,0.0,0.0,156,187.96,90.72,0.0,0.0,0.0,0.0,180.34,1,52
43,12,1,0.0,0.0,0.0,0.0,157,175.26,83.91,0.0,0.0,0.0,0.0,180.34,1,53
14,8,3,0.0,0.0,0.0,0.0,158,187.96,77.11,0.0,0.0,0.0,0.0,180.34,0,48
10,6,0,0.0,0.0,0.0,0.0,159,180.34,77.11,0.0,0.0,0.0,0.0,180.34,1,26
7,6,1,0.0,0.0,0.0,0.0,160,185.42,102.06,0.0,0.0,0.0,0.0,180.34,1,60
7,1,0,0.0,0.0,0.0,0.0,161,185.42,124.74,0.0,0.0,0.0,0.0,180.34,1,56
27,21,1,0.0,0.0,0.0,0.0,162,180.34,77.11,0.0,0.0,0.0,0.0,180.34,1,52
101,19,1,0.0,0.0,0.0,0.0,163,187.96,113.4,0.0,0.0,0.0,0.0,180.34,2,67
12,3,0,0.5,0.2,3.0,0.0,164,172.72,77.11,0.55,0.33,1.0,0.0,180.34,1,26
19,11,0,1.77,1.45,0.35,0.7,165,187.96,92.99,0.42,0.52,0.66,0.66,180.34,2,49
6,2,0,0.9,0.4,3.0,4.5,166,175.26,92.99,0.47,0.42,0.5,0.0,180.34,2,52
3,4,3,0.0,4.0,0.0,0.0,167,182.88,70.31,0.0,0.66,0.0,0.0,180.34,2,26
26,26,0,3.49,5.71,0.0,0.0,168,190.5,92.99,0.42,0.57,0.0,0.0,180.34,1,51
12,14,0,0.41,0.47,0.89,0.9,169,187.96,100.24,0.46,0.6,0.5,0.2,180.34,1,64
4,5,0,1.21,6.44,0.0,0.0,170,175.26,83.91,0.75,0.2,0.0,0.0,180.34,1,55
12,15,2,0.49,1.64,0.84,1.2,171,182.88,77.11,0.3,0.47,0.17,0.21,180.34,2,48
0,5,1,0.0,3.13,0.0,0.0,172,180.34,92.99,0.0,0.25,0.0,0.0,180.34,1,59
5,12,2,0.3,1.93,0.0,0.3,173,182.88,77.11,0.46,0.38,0.0,0.1,180.34,1,49
1,0,0,0.0,5.8,0.0,0.0,174,182.88,120.2,0.0,0.13,0.0,0.0,180.34,1,26
30,14,1,1.2,1.8,0.0,0.0,175,157.48,77.11,0.66,0.5,0.0,0.5,180.34,2,57
2,3,0,0.61,4.44,0.0,0.0,176,180.34,70.31,0.42,0.31,0.0,0.0,180.34,1,49
10,9,2,0.84,1.68,0.0,0.0,177,170.18,70.31,1.0,0.68,0.0,0.5,180.34,1,51
60,33,9,1.14,2.57,0.76,0.5,178,180.34,83.01,0.42,0.51,0.41,0.37,180.34,2,50
26,14,1,1.2,1.31,0.0,1.1,179,208.28,120.2,0.5,0.53,0.0,0.47,180.34,1,52
9,5,0,1.73,2.49,2.88,2.9,180,172.72,70.31,0.47,0.42,0.4,0.5,180.34,1,55
6,4,1,0.92,2.77,0.0,0.0,181,190.5,102.97,0.5,0.57,0.0,0.0,180.34,1,57
26,9,2,0.68,0.68,5.07,0.0,182,177.8,92.99,0.5,0.0,0.66,0.0,180.34,1,54
36,10,0,2.02,1.32,1.17,1.2,183,187.96,111.13,0.7,0.19,0.5,0.0,180.34,1,57
21,13,1,0.6,0.97,0.0,2.1,184,172.72,77.11,0.4,0.5,0.0,0.25,180.34,1,54
17,16,0,1.26,1.12,2.0,0.8,185,177.8,92.99,0.54,0.57,0.56,0.3,180.34,1,54
25,19,4,0.53,1.06,0.38,0.0,186,175.26,77.11,0.38,0.44,0.5,0.56,180.34,2,55
4,2,0,0.0,0.67,0.0,0.0,187,172.72,70.31,0.0,0.75,0.0,0.66,180.34,1,48
12,6,0,0.61,2.77,1.84,0.9,188,190.5,106.59,0.62,0.4,0.4,0.16,180.34,1,50
29,7,2,1.79,1.66,1.96,1.0,189,177.8,77.11,0.45,0.63,1.0,0.54,180.34,1,58
38,13,2,2.45,1.94,1.87,0.3,190,170.18,76.2,0.49,0.59,0.69,0.56,180.34,1,50
34,9,2,0.78,2.44,1.74,0.4,191,182.88,83.91,0.15,0.6,0.8,0.55,180.34,1,48
24,7,0,1.98,2.19,0.27,0.3,192,175.26,83.01,0.37,0.7,1.0,0.88,180.34,1,49
3,1,0,0.72,4.65,5.37,0.0,193,167.64,70.31,0.75,0.3,0.37,0.0,180.34,2,55
27,19,2,1.88,4.41,1.32,0.4,194,180.34,102.06,0.38,0.54,0.2,0.33,180.34,1,56
15,8,1,1.33,1.9,2.46,1.2,195,187.96,83.01,0.32,0.6,0.33,0.54,180.34,1,59
4,1,0,0.76,4.56,0.0,0.0,196,185.42,70.31,0.14,0.33,0.0,0.0,180.34,4,54
4,5,0,1.28,7.0,0.0,0.0,197,177.8,83.91,0.35,0.41,0.0,0.0,180.34,1,48
21,23,0,1.0,3.26,0.84,1.7,198,180.34,77.11,0.27,0.36,0.4,0.16,180.34,1,53
9,11,0,0.81,1.9,1.36,0.0,199,172.72,77.11,0.33,0.48,1.0,0.0,180.34,1,52
7,3,0,0.0,1.73,1.0,2.0,200,175.26,77.11,0.0,0.43,0.1,0.0,180.34,1,48
20,17,0,0.93,4.67,0.0,2.0,201,180.34,92.99,0.7,0.28,0.0,0.4,180.34,1,56
21,10,2,1.47,1.6,0.5,0.5,202,187.96,92.99,0.35,0.44,0.25,0.74,180.34,1,49
18,10,2,0.75,1.36,0.0,0.0,203,170.18,70.31,0.41,0.68,0.0,0.33,180.34,1,50
15,9,1,2.19,3.44,1.91,2.3,204,172.72,83.91,0.33,0.32,0.71,0.16,180.34,1,59
21,7,0,2.62,2.31,1.06,0.4,205,177.8,83.91,0.49,0.51,0.41,0.71,180.34,1,47
16,0,0,1.61,1.93,3.62,0.6,206,180.34,83.91,0.54,0.5,0.25,1.0,180.34,1,47
8,5,0,0.6,2.22,3.33,0.0,207,175.26,77.11,0.45,0.44,0.45,0.5,180.34,2,60
0,3,0,0.21,1.87,0.0,3.1,208,187.96,107.95,0.25,0.6,0.0,0.0,180.34,1,47
21,18,1,1.54,2.5,0.8,2.4,209,187.96,83.91,0.56,0.38,0.5,0.25,180.34,2,58
19,4,0,1.72,1.45,4.08,1.3,210,170.18,70.31,0.41,0.58,0.61,0.65,180.34,1,46
4,3,0,0.89,3.25,0.0,0.0,211,182.88,106.59,0.37,0.47,0.0,0.0,180.34,1,54
7,1,0,1.8,2.83,2.5,0.0,212,177.8,77.11,0.35,0.5,0.62,0.83,180.34,1,48
1,1,0,0.2,1.4,2.0,0.0,213,170.18,70.31,0.25,0.47,0.12,0.0,180.34,1,58
20,7,1,2.54,3.11,1.44,0.7,214,180.34,102.06,0.48,0.44,0.4,0.8,180.34,1,59
9,7,0,0.0,4.0,0.0,16.4,215,175.26,70.31,0.0,0.38,0.0,0.0,180.34,1,47
25,8,0,3.04,1.88,0.72,0.0,216,177.8,77.11,0.45,0.59,0.33,0.33,180.34,1,56
13,5,0,2.2,2.31,0.65,0.0,217,208.28,120.2,0.29,0.59,0.25,0.83,180.34,1,49
24,6,0,0.69,4.56,0.0,0.0,218,172.72,70.31,0.11,0.42,0.0,0.0,180.34,1,47
15,10,0,0.29,1.44,0.0,0.0,219,175.26,83.91,0.33,0.0,0.0,0.5,180.34,1,26
12,4,1,1.13,0.21,4.63,4.6,220,182.88,83.91,0.73,0.66,0.75,1.0,180.34,1,60
53,25,0,1.85,1.15,2.3,1.0,221,193.04,120.2,0.51,0.61,0.39,0.4,180.34,1,48
20,11,0,1.93,3.02,0.26,0.0,222,185.42,109.32,0.34,0.5,0.28,0.78,180.34,1,52
10,15,0,1.35,3.55,1.07,0.0,223,182.88,120.2,0.3,0.38,0.33,0.66,180.34,4,61
30,11,0,1.88,3.68,0.72,0.0,224,177.8,83.91,0.49,0.47,0.33,0.86,180.34,1,51
8,2,0,0.36,3.28,0.9,1.8,225,190.5,83.91,0.15,0.32,1.0,0.42,180.34,1,48
16,14,0,0.65,1.55,2.47,0.9,226,175.26,77.11,0.41,0.44,0.7,0.43,180.34,1,49
15,4,2,1.55,2.23,3.58,4.2,227,175.26,70.31,0.39,0.33,0.6,0.5,180.34,1,48
11,5,0,4.29,2.14,0.0,0.0,228,190.5,111.13,0.86,0.0,0.0,0.75,180.34,1,51
11,2,0,1.27,5.47,1.91,0.0,229,190.5,113.4,0.58,0.31,0.2,0.0,180.34,2,48
24,14,0,0.98,2.95,0.0,2.3,230,208.28,117.93,0.51,0.37,0.0,0.4,180.34,1,46
20,16,0,2.6,8.8,0.0,0.0,231,190.5,117.93,0.36,0.4,0.0,0.9,180.34,1,47
10,7,1,2.78,2.94,0.41,0.0,232,177.8,77.11,0.46,0.58,0.5,0.61,180.34,1,49
11,12,1,0.69,3.2,0.0,0.0,233,185.42,83.91,0.67,0.29,0.0,0.2,180.34,2,52
10,7,1,0.76,2.12,4.55,2.3,234,190.5,106.59,0.83,0.3,1.0,0.0,180.34,1,58
24,26,2,1.45,3.01,1.81,0.0,235,180.34,77.11,0.57,0.5,1.0,1.0,180.34,1,55
26,33,2,2.11,2.2,0.88,0.0,236,182.88,92.99,0.38,0.54,0.28,0.44,180.34,2,54
14,9,1,3.49,6.5,0.0,0.5,237,182.88,83.91,0.39,0.43,0.0,0.66,180.34,1,55
7,5,0,0.92,1.87,1.46,2.5,238,185.42,77.11,0.48,0.47,0.3,0.5,180.34,1,52
22,14,0,3.93,3.35,1.33,0.8,239,193.04,92.99,0.51,0.49,0.62,0.5,195.58,1,46
9,8,0,0.6,3.6,0.0,9.0,240,182.88,77.11,0.33,0.5,0.0,0.0,180.34,1,45
15,10,0,1.22,2.27,0.0,4.9,241,190.5,83.91,0.4,0.42,0.0,0.22,180.34,1,50
15,9,0,2.72,6.17,0.0,0.0,242,175.26,83.91,0.42,0.57,0.0,0.75,180.34,1,53
5,1,0,0.23,3.22,0.0,3.5,243,180.34,83.91,0.5,0.17,0.0,0.0,180.34,1,58
0,1,0,0.63,17.05,0.0,0.0,244,177.8,83.91,0.33,0.32,0.0,0.0,180.34,1,50
10,6,0,0.99,1.38,3.98,1.3,245,187.96,92.99,0.39,0.65,0.78,0.64,180.34,1,56
8,7,0,0.83,2.23,0.43,0.4,246,182.88,120.2,0.42,0.4,1.0,0.54,180.34,1,55
75,21,0,0.48,4.03,4.84,1.2,247,190.5,92.99,0.3,0.41,0.57,0.44,180.34,1,48
25,10,10,1.43,17.86,0.0,0.0,248,172.72,77.11,0.09,0.43,0.0,0.0,180.34,1,48
20,7,0,1.54,3.59,0.0,3.9,249,190.5,90.72,0.85,0.17,0.0,0.0,180.34,1,59
22,9,0,2.62,1.56,3.01,1.3,250,182.88,83.91,0.5,0.52,0.48,0.6,187.96,2,56
29,20,0,0.34,3.65,0.0,0.0,251,185.42,77.11,0.26,0.44,0.0,0.42,180.34,1,53
7,5,1,1.83,3.02,0.87,0.0,252,187.96,105.69,0.35,0.56,1.0,0.8,180.34,1,61
33,20,0,0.39,8.9,0.0,0.0,253,175.26,92.99,0.4,0.42,0.0,0.0,180.34,1,46
3,2,0,0.17,1.99,4.97,2.5,254,182.88,106.59,0.1,0.57,0.4,1.0,180.34,1,26
2,1,0,0.0,6.38,0.0,0.0,255,190.5,120.2,0.0,0.28,0.0,0.5,180.34,2,26
24,13,0,0.94,4.84,0.0,0.0,256,187.96,120.2,0.11,0.63,0.0,0.0,180.34,1,54
6,7,0,1.18,2.12,0.0,3.5,257,182.88,77.11,0.52,0.35,0.0,0.5,180.34,1,49
4,2,0,0.28,1.41,0.0,8.5,258,187.96,92.99,0.2,0.52,0.0,0.0,180.34,5,59
11,9,0,2.0,1.91,0.0,0.6,259,190.5,111.13,0.4,0.55,0.0,0.77,180.34,1,55
10,6,0,2.57,2.39,2.7,0.9,260,172.72,70.31,0.42,0.54,0.45,0.86,167.64,1,48
27,8,0,1.62,2.36,3.59,0.3,261,185.42,92.99,0.33,0.59,0.43,0.77,180.34,1,44
8,5,0,1.52,1.91,1.06,0.0,262,187.96,92.99,0.41,0.41,0.14,0.37,180.34,4,60
19,7,1,2.86,5.66,0.82,0.0,263,185.42,106.59,0.43,0.49,0.25,0.5,180.34,1,47
6,5,0,0.17,2.5,0.0,0.0,264,190.5,106.59,0.15,0.28,0.0,0.14,180.34,1,46
8,0,0,2.5,0.17,7.51,2.5,265,187.96,102.97,0.71,0.84,0.85,0.0,180.34,2,51
12,6,0,2.19,5.75,0.0,0.0,266,177.8,83.91,0.28,0.44,0.0,1.0,180.34,1,48
34,11,2,2.59,2.02,3.38,1.0,267,185.42,83.91,0.6,0.48,0.55,0.74,190.5,1,53
14,5,0,0.68,1.69,0.0,7.6,268,175.26,77.11,0.66,0.54,0.0,0.0,180.34,1,46
27,15,1,6.21,3.79,0.0,0.0,269,175.26,77.11,0.4,0.59,0.0,0.0,180.34,2,47
6,2,0,2.34,2.71,5.54,5.5,270,185.42,83.91,0.63,0.37,0.5,0.0,180.34,2,48
38,14,1,1.87,1.8,1.06,2.6,271,185.42,77.11,0.42,0.49,1.0,0.35,187.96,1,44
3,1,1,3.09,6.19,0.0,0.0,272,175.26,70.31,0.5,0.64,0.0,0.0,180.34,1,26
11,10,0,1.31,3.2,1.09,0.0,273,190.5,116.57,0.31,0.38,0.33,0.4,180.34,1,53
15,2,3,0.88,1.13,0.0,0.8,274,185.42,79.38,0.41,0.37,0.0,0.66,180.34,2,59
11,7,0,2.59,2.59,3.53,0.0,275,180.34,83.91,0.39,0.64,1.0,0.0,180.34,2,53
10,7,0,1.24,3.15,1.69,5.1,276,180.34,83.91,0.47,0.37,0.5,0.33,180.34,1,46
4,3,0,0.75,2.49,0.0,0.0,277,182.88,92.99,0.5,0.41,0.0,0.0,180.34,3,54
17,11,0,2.61,3.91,4.34,4.3,278,190.5,106.59,0.69,0.26,0.57,0.66,180.34,1,52
6,2,0,2.91,6.26,2.57,0.0,279,185.42,113.4,0.54,0.26,0.4,0.33,180.34,1,48
49,14,2,1.85,4.27,0.0,0.0,280,167.64,70.31,0.25,0.59,0.0,0.66,180.34,1,47
20,7,0,4.23,3.88,0.0,1.1,281,203.2,120.2,0.51,0.54,0.0,0.37,180.34,1,54
18,12,0,1.05,3.74,1.43,0.5,282,177.8,77.11,0.22,0.4,0.2,0.0,180.34,1,44
6,10,0,0.7,2.89,0.0,0.0,283,185.42,99.79,0.43,0.49,0.0,0.0,180.34,1,51
14,12,1,1.89,3.23,0.62,1.5,284,182.88,77.11,0.36,0.52,0.16,0.58,180.34,1,50
25,22,2,1.09,1.2,0.43,0.0,285,187.96,83.91,0.43,0.57,1.0,0.66,180.34,1,49
8,2,0,0.79,1.18,0.0,0.0,286,182.88,92.99,1.0,0.5,0.0,0.0,180.34,1,26
20,6,0,2.14,4.73,0.0,0.0,287,187.96,92.99,0.48,0.45,0.0,0.0,180.34,1,52
5,4,0,1.8,2.04,7.19,5.4,288,190.5,92.99,0.5,0.46,0.8,0.8,198.12,1,47
4,6,0,3.29,4.41,0.0,0.0,289,180.34,70.31,0.38,0.57,0.0,0.77,180.34,1,42
13,5,0,1.89,1.89,2.84,0.0,290,182.88,103.87,0.5,0.7,1.0,0.0,180.34,1,26
18,6,1,1.55,2.36,0.0,0.0,291,182.88,83.91,0.44,0.47,0.0,0.42,180.34,1,50
28,17,2,1.47,4.3,0.94,2.5,292,185.42,92.99,0.46,0.39,0.6,0.44,182.88,1,62
13,7,0,1.34,2.68,0.0,1.6,293,177.8,70.31,0.36,0.5,0.0,0.5,180.34,1,49
17,15,1,2.08,2.58,1.49,0.0,294,177.8,83.91,0.4,0.53,1.0,0.0,180.34,2,52
9,5,0,0.71,2.03,1.52,0.0,295,177.8,77.11,0.27,0.25,0.4,0.58,180.34,1,43
38,17,0,1.53,6.19,2.18,3.3,296,185.42,83.91,0.33,0.39,0.66,0.0,180.34,1,43
6,3,0,0.87,0.87,0.0,0.0,297,193.04,106.59,0.32,0.58,0.0,0.23,180.34,2,45
11,18,0,1.23,3.08,4.62,0.0,298,185.42,106.59,0.36,0.16,1.0,0.0,180.34,1,58
60,26,1,0.97,2.87,1.06,0.7,299,175.26,112.04,0.3,0.59,0.12,0.66,187.96,1,55
6,1,0,1.2,2.67,3.0,4.0,300,182.88,77.11,0.51,0.27,0.6,0.0,180.34,1,46
18,6,0,2.2,1.49,0.31,2.1,301,187.96,83.91,0.54,0.53,1.0,0.3,180.34,1,41
45,17,2,1.84,1.99,0.46,2.5,302,177.8,77.11,0.44,0.42,0.5,0.57,180.34,1,51
51,31,0,1.62,2.32,0.75,0.0,303,177.8,77.11,0.36,0.47,0.66,0.75,180.34,2,54
5,3,0,2.17,1.57,0.5,0.5,304,182.88,77.11,0.39,0.65,0.33,0.64,180.34,1,51
8,3,0,2.92,1.51,0.53,1.6,305,193.04,105.23,0.46,0.68,0.07,0.37,180.34,1,48
6,17,0,2.62,2.77,1.19,0.0,306,172.72,77.11,0.23,0.58,1.0,0.0,180.34,1,46
19,4,0,1.44,2.59,0.0,2.2,307,187.96,83.91,0.66,0.48,0.0,0.33,180.34,2,43
10,4,0,1.07,2.25,1.12,1.3,308,187.96,92.99,0.25,0.57,0.38,0.29,180.34,1,45
4,2,0,2.75,7.25,0.0,0.0,309,190.5,92.99,0.34,0.4,0.0,1.0,180.34,2,26
42,21,0,2.33,2.29,1.3,2.2,310,177.8,70.31,0.41,0.57,0.35,0.3,177.8,1,46
21,7,2,1.06,1.22,2.47,1.4,311,170.18,70.31,0.41,0.52,0.4,0.25,180.34,2,54
14,11,0,1.25,4.03,0.94,0.0,312,175.26,77.11,0.22,0.52,0.18,0.42,180.34,1,48
13,7,0,2.73,4.24,1.72,1.0,313,200.66,120.2,0.31,0.49,0.71,0.0,180.34,1,49
18,10,0,3.94,2.99,0.9,0.0,314,182.88,92.99,0.3,0.67,0.14,0.0,180.34,1,44
12,10,0,1.49,3.31,0.0,0.0,315,177.8,70.31,0.5,0.42,0.0,0.5,180.34,1,48
16,8,0,1.42,4.2,2.66,1.8,316,177.8,109.32,0.46,0.54,0.34,0.25,180.34,1,51
7,11,2,1.13,4.6,0.0,1.2,317,190.5,92.99,0.37,0.53,0.0,0.0,195.58,1,55
18,21,0,1.49,2.03,4.06,0.0,318,177.8,83.91,0.33,0.65,0.5,0.0,180.34,2,48
33,18,0,0.53,1.97,0.99,2.0,319,180.34,77.11,0.2,0.46,0.33,0.25,180.34,1,44
25,23,0,1.63,1.33,0.3,0.3,320,175.26,77.11,0.48,0.55,1.0,0.46,180.34,1,55
5,2,0,2.47,7.06,0.0,0.0,321,177.8,77.11,0.25,0.41,0.0,0.0,180.34,1,26
18,11,0,1.9,5.87,0.12,0.5,322,182.88,83.91,0.27,0.5,0.06,0.58,177.8,1,47
11,9,0,2.55,2.42,0.39,0.8,323,187.96,83.91,0.39,0.63,0.25,0.64,195.58,1,49
10,6,1,2.27,4.6,2.3,0.5,324,182.88,92.99,0.41,0.56,0.55,0.66,180.34,1,50
26,18,1,0.47,9.77,0.0,0.0,325,170.18,70.31,0.25,0.36,0.0,0.5,180.34,1,45
4,3,0,0.92,0.92,6.87,3.4,326,172.72,70.31,0.8,0.33,1.0,0.0,180.34,1,51
7,8,0,3.43,10.29,0.0,0.0,327,167.64,70.31,0.36,0.62,0.0,0.0,180.34,1,48
25,25,0,0.84,0.56,0.0,0.0,328,180.34,70.31,0.26,0.63,0.0,0.25,180.34,2,43
12,3,0,0.78,1.57,0.0,0.0,329,182.88,83.91,0.42,0.4,0.0,0.33,180.34,1,49
27,19,1,2.12,3.13,0.22,0.3,330,170.18,65.77,0.37,0.56,0.33,0.63,177.8,2,51
14,9,0,0.79,3.14,0.0,0.0,331,182.88,77.11,0.33,0.42,0.0,0.0,180.34,1,53
9,5,0,4.44,1.11,11.11,2.8,332,193.04,92.99,0.52,0.64,0.8,0.0,180.34,1,54
37,11,0,2.23,1.53,2.48,2.6,333,185.42,92.99,0.45,0.57,0.42,0.65,190.5,1,50
5,3,0,3.54,7.52,0.0,2.2,334,172.72,77.11,0.48,0.45,0.0,1.0,180.34,1,47
29,15,2,4.12,6.79,0.0,0.0,335,182.88,77.11,0.32,0.61,0.0,0.0,180.34,1,43
8,3,0,5.13,1.81,0.0,0.0,336,185.42,120.2,0.6,0.45,0.0,0.0,180.34,1,47
22,20,1,1.64,3.58,1.33,0.7,337,167.64,70.31,0.32,0.62,0.4,0.0,180.34,1,44
23,4,1,1.06,2.6,0.48,6.2,338,172.72,70.31,0.47,0.45,0.33,0.28,180.34,1,53
17,17,0,1.97,5.07,0.44,0.0,339,170.18,70.31,0.28,0.55,0.2,0.85,180.34,1,45
6,2,0,2.55,2.34,0.0,0.0,340,187.96,77.11,0.4,0.35,0.0,0.0,180.34,1,43
8,5,0,0.0,0.0,0.0,0.0,341,190.5,77.11,0.0,0.0,0.0,0.0,180.34,2,48
15,9,0,0.21,0.85,0.0,0.0,342,180.34,83.91,0.2,0.5,0.0,0.0,180.34,1,51
8,4,0,4.62,6.92,3.46,0.0,343,172.72,77.11,0.35,0.21,1.0,1.0,180.34,1,51
3,1,0,0.8,1.2,1.0,0.0,344,175.26,77.11,0.7,0.28,0.08,0.0,180.34,1,45
2,2,0,0.0,1.25,0.0,0.0,345,177.8,77.11,0.0,0.33,0.0,0.0,180.34,1,48
8,4,0,3.33,2.41,2.5,1.2,346,175.26,77.11,0.57,0.39,0.5,0.5,180.34,1,49
13,10,0,1.79,2.55,3.19,0.6,347,175.26,70.31,0.35,0.55,0.83,0.69,180.34,1,45
11,4,0,1.12,1.57,2.25,1.5,348,182.88,77.11,0.52,0.41,0.42,0.4,177.8,2,51
23,5,0,1.35,2.38,0.0,0.0,349,170.18,83.91,0.23,0.66,0.0,0.8,180.34,2,49
15,3,0,1.4,3.72,13.95,7.0,350,180.34,92.99,0.42,0.27,0.5,0.0,180.34,2,52
10,12,0,6.19,7.91,2.58,5.2,351,193.04,110.22,0.69,0.37,1.0,0.5,180.34,1,57
4,3,0,0.0,5.55,0.0,0.0,352,170.18,70.31,0.0,0.27,0.0,0.0,180.34,1,48
15,5,0,0.43,2.61,0.0,4.0,353,165.1,70.31,0.25,0.57,0.0,0.5,180.34,1,49
23,11,0,2.82,3.13,3.1,0.0,354,172.72,83.91,0.43,0.54,0.42,0.92,180.34,1,45
18,7,0,1.48,5.16,0.33,1.0,355,180.34,92.99,0.3,0.49,0.5,0.57,182.88,1,50
31,10,0,4.23,2.61,0.11,0.1,356,203.2,120.2,0.41,0.61,1.0,0.75,203.2,1,50
16,8,0,2.94,5.29,0.0,2.0,357,175.26,70.31,0.43,0.47,0.0,0.66,180.34,2,53
21,7,0,2.56,5.12,2.02,0.0,358,177.8,77.11,0.51,0.35,0.33,0.33,180.34,1,41
8,3,0,0.26,2.7,1.93,1.9,359,177.8,77.11,0.16,0.43,1.0,0.25,180.34,1,47
10,7,0,0.56,1.69,4.23,0.0,360,177.8,70.31,0.25,0.33,0.5,0.8,180.34,1,57
21,12,0,0.0,22.5,0.0,0.0,361,167.64,70.31,0.0,0.45,0.0,0.0,180.34,1,47
26,9,0,1.85,2.6,1.38,1.2,362,175.26,70.31,0.37,0.59,0.52,0.76,180.34,1,49
23,9,0,1.98,3.01,1.91,0.6,363,177.8,76.2,0.4,0.54,0.3,0.25,177.8,1,49
10,5,0,0.18,4.03,2.67,2.7,364,177.8,83.91,0.12,0.56,0.6,0.0,180.34,1,45
17,11,1,2.71,4.43,1.46,0.6,365,190.5,83.91,0.48,0.53,0.33,0.25,187.96,1,51
10,6,0,0.41,2.42,1.95,0.7,366,180.34,83.91,0.32,0.42,0.24,0.3,190.5,1,53
5,3,0,0.69,7.37,0.0,0.0,367,177.8,77.11,0.29,0.18,0.0,0.0,180.34,1,44
14,5,0,2.32,3.17,1.16,0.0,368,180.34,77.11,0.6,0.43,0.5,0.4,180.34,1,44
21,13,0,1.56,1.83,1.73,0.6,369,180.34,92.99,0.37,0.59,0.36,0.42,177.8,1,46
14,9,0,3.01,1.19,0.49,2.5,370,182.88,83.91,0.47,0.76,0.18,0.36,180.34,1,55
9,5,0,1.37,2.55,2.94,0.0,371,185.42,83.91,0.41,0.31,1.0,0.0,180.34,1,46
18,15,1,2.21,3.92,1.38,0.0,372,175.26,83.91,0.35,0.42,0.33,0.81,185.42,1,54
16,7,0,2.27,4.0,0.0,0.0,373,185.42,83.91,0.53,0.25,0.0,0.16,180.34,2,51
32,8,0,3.05,2.64,2.55,1.3,374,182.88,83.91,0.59,0.56,0.43,0.25,187.96,1,55
13,5,0,1.2,7.08,0.0,0.0,375,180.34,77.11,0.27,0.39,0.0,0.0,180.34,1,48
8,3,0,3.16,10.0,0.0,0.0,376,185.42,83.91,0.27,0.72,0.0,0.0,180.34,1,39
6,6,0,1.74,1.5,0.89,1.4,377,182.88,77.11,0.43,0.59,0.55,0.42,187.96,1,46
28,16,0,2.37,1.77,1.22,0.7,378,193.04,113.4,0.5,0.54,0.5,0.32,198.12,1,48
26,13,0,3.21,1.84,1.35,2.4,379,190.5,83.91,0.58,0.5,0.36,0.28,190.5,1,50
10,6,0,0.5,6.95,0.0,0.0,380,187.96,92.99,0.62,0.27,0.0,0.0,180.34,1,46
10,6,0,1.68,2.62,0.94,0.9,381,172.72,70.31,0.34,0.38,0.5,0.66,180.34,1,50
17,4,1,1.17,2.1,0.0,0.7,382,167.64,70.31,0.3,0.56,0.0,0.14,180.34,4,53
20,11,0,2.46,2.76,3.28,1.6,383,175.26,77.11,0.51,0.41,0.53,0.3,182.88,1,26
13,4,0,2.64,8.57,0.0,0.0,384,177.8,109.77,0.5,0.43,0.0,0.5,180.34,1,26
18,18,0,2.26,2.61,1.93,0.9,385,177.8,92.99,0.45,0.56,0.47,0.78,198.12,1,42
20,8,0,2.01,4.17,5.59,2.2,386,182.88,77.11,0.36,0.3,0.33,0.0,180.34,1,41
15,9,0,1.57,1.29,1.24,1.2,387,175.26,70.31,0.5,0.51,0.5,0.25,172.72,2,43
14,10,0,3.37,3.62,0.81,0.5,388,170.18,70.31,0.32,0.62,0.23,0.6,175.26,1,49
19,11,0,0.98,11.8,0.0,0.0,389,187.96,106.59,0.2,0.29,0.0,0.0,180.34,2,49
15,8,0,3.45,3.3,1.13,0.0,390,187.96,104.33,0.43,0.43,0.26,0.42,187.96,1,43
6,9,0,3.57,1.61,3.02,0.0,391,193.04,70.31,0.46,0.7,0.8,1.0,203.2,1,47
13,5,0,3.29,0.84,1.15,0.0,392,182.88,77.11,0.64,0.47,0.25,0.5,180.34,1,43
16,7,0,1.69,2.17,0.9,0.9,393,185.42,77.11,0.45,0.53,0.5,0.2,180.34,1,45
11,2,0,1.81,4.11,0.0,2.1,394,187.96,83.91,0.4,0.59,0.0,0.0,180.34,1,45
2,2,0,2.6,2.83,0.0,0.7,395,177.8,70.31,0.26,0.5,0.0,0.87,180.34,1,44
1,2,0,0.69,5.52,0.0,0.0,396,182.88,92.99,0.5,0.46,0.0,0.0,180.34,2,48
5,5,0,0.83,2.25,1.78,0.0,397,190.5,92.99,0.26,0.62,0.2,0.0,180.34,1,41
11,4,0,0.27,3.86,0.0,4.0,398,190.5,113.4,0.1,0.38,0.0,0.0,180.34,1,51
7,3,0,2.87,3.5,0.67,0.0,399,182.88,92.99,0.5,0.58,0.2,0.4,180.34,1,53
15,8,0,1.82,6.43,6.29,0.0,400,182.88,117.93,0.56,0.22,0.5,0.0,180.34,1,48
13,7,0,1.26,1.89,1.58,1.1,401,185.42,83.91,0.35,0.61,0.15,0.5,190.5,1,50
9,7,0,3.79,2.5,0.45,0.0,402,175.26,70.31,0.41,0.74,0.5,0.71,182.88,1,43
12,4,0,0.86,5.33,0.0,0.0,403,182.88,92.99,0.26,0.29,0.0,0.0,180.34,1,26
18,13,0,1.34,6.85,2.51,0.0,404,190.5,92.99,0.47,0.22,0.5,1.0,195.58,2,45
22,11,0,0.98,4.05,1.84,0.0,405,175.26,77.11,0.4,0.36,0.5,1.0,180.34,2,49
7,5,0,0.0,3.91,0.0,0.0,406,180.34,77.11,0.0,0.5,0.0,0.28,180.34,1,26
91,22,0,1.19,1.99,1.83,1.1,407,185.42,83.91,0.39,0.55,0.38,0.29,187.96,1,50
3,3,0,1.62,2.01,2.12,5.3,408,177.8,77.11,0.47,0.58,0.36,1.0,182.88,1,43
8,5,0,3.12,3.04,1.22,1.2,409,187.96,106.14,0.27,0.56,0.42,0.45,195.58,1,50
35,21,8,2.18,2.67,1.01,0.5,410,170.18,77.11,0.48,0.63,0.84,0.46,172.72,4,51
15,6,0,0.96,3.38,1.94,0.4,411,177.8,77.11,0.52,0.36,0.25,0.46,180.34,1,44
11,4,0,0.32,3.36,2.4,0.0,412,185.42,83.91,1.0,0.12,0.16,0.0,180.34,1,46
45,23,1,1.43,2.29,1.72,1.1,413,175.26,70.31,0.37,0.6,0.42,0.25,182.88,2,50
26,15,0,2.23,2.21,3.76,0.9,414,172.72,77.11,0.42,0.69,0.63,0.67,177.8,1,45
3,2,0,3.52,4.71,3.1,0.0,415,175.26,77.11,0.56,0.63,0.66,0.57,180.34,1,46
12,8,1,0.0,0.0,0.0,14.3,416,198.12,120.2,0.0,0.0,0.0,1.0,180.34,1,55
14,5,1,2.07,2.38,2.07,3.6,417,177.8,70.31,0.61,0.67,0.11,0.5,182.88,1,45
20,9,0,0.0,3.68,5.81,0.0,418,180.34,70.31,0.0,0.55,0.5,0.0,180.34,1,45
12,4,0,1.65,5.53,0.0,0.0,419,182.88,92.99,0.28,0.55,0.0,0.0,180.34,1,26
19,12,0,3.61,3.46,1.13,0.0,420,182.88,83.91,0.54,0.47,1.0,0.0,182.88,1,45
5,3,0,0.0,3.35,0.0,0.0,421,182.88,77.11,0.0,0.47,0.0,0.0,180.34,1,26
10,7,0,2.6,3.65,0.91,0.9,422,180.34,77.11,0.42,0.51,0.21,0.47,190.5,1,43
14,9,0,1.37,2.96,0.0,2.1,423,182.88,83.91,0.54,0.44,0.0,0.28,187.96,1,43
18,9,0,1.43,5.71,1.07,0.0,424,182.88,83.91,0.42,0.38,0.2,0.0,180.34,1,43
12,4,0,3.15,2.9,0.63,1.3,425,187.96,83.91,0.58,0.41,0.12,0.42,180.34,1,45
23,7,0,0.0,6.45,0.0,0.0,426,182.88,77.11,0.0,0.35,0.0,0.5,180.34,1,26
30,25,1,1.11,2.16,0.33,2.7,427,185.42,83.91,0.62,0.38,0.09,0.28,180.34,1,47
5,6,0,3.76,1.76,3.53,3.5,428,175.26,70.31,0.48,0.66,0.66,0.0,180.34,1,42
16,6,0,0.84,2.04,3.21,0.9,429,182.88,92.99,0.34,0.54,0.36,0.36,185.42,1,45
22,13,0,2.57,2.25,0.61,0.3,430,175.26,77.11,0.43,0.6,0.41,0.39,177.8,1,49
24,12,0,1.11,1.64,2.65,0.0,431,177.8,70.31,0.57,0.54,0.63,0.14,180.34,1,46
3,4,0,2.88,4.32,4.88,0.7,432,170.18,70.31,0.46,0.67,0.43,0.0,180.34,1,46
7,5,0,0.47,10.91,0.0,0.0,433,175.26,77.11,0.33,0.19,0.0,0.0,180.34,1,50
6,3,0,2.79,3.28,0.0,0.0,434,182.88,92.99,0.43,0.6,0.0,0.6,180.34,1,49
32,22,0,1.47,2.5,0.0,0.0,435,185.42,83.91,0.43,0.49,0.0,0.16,180.34,3,43
13,3,0,1.51,6.06,0.0,1.0,436,182.88,111.13,0.23,0.36,0.0,0.8,180.34,1,46
6,3,0,1.14,1.55,1.22,2.5,437,177.8,70.31,0.35,0.66,1.0,0.25,175.26,1,47
11,5,0,5.04,2.94,0.0,0.0,438,180.34,70.31,0.38,0.61,0.0,0.0,180.34,1,39
11,6,0,2.18,3.82,0.0,0.0,439,180.34,77.11,0.36,0.53,0.0,0.0,180.34,1,41
19,4,0,0.51,4.62,0.0,5.1,440,182.88,106.59,0.5,0.57,0.0,0.2,180.34,1,46
15,4,0,1.31,1.92,6.39,0.2,441,190.5,92.99,0.31,0.69,0.54,0.25,193.04,1,41
15,5,0,2.86,2.4,1.71,1.7,442,185.42,83.91,0.37,0.68,0.66,0.33,180.34,1,43
11,4,0,0.97,2.1,0.0,0.5,443,187.96,77.11,0.3,0.31,0.0,0.66,180.34,1,40
22,10,0,1.42,2.27,1.69,1.3,444,177.8,70.31,0.33,0.59,0.27,0.27,187.96,1,52
11,5,2,1.58,2.02,1.28,0.0,445,185.42,102.06,0.37,0.46,0.44,0.43,185.42,1,50
18,10,0,2.32,1.36,1.31,1.6,446,185.42,77.11,0.5,0.55,0.5,0.6,190.5,1,48
23,9,0,3.64,2.33,2.13,0.5,447,175.26,70.31,0.36,0.56,0.46,0.52,177.8,1,43
12,7,0,5.13,4.56,1.42,0.7,448,182.88,83.91,0.51,0.52,1.0,0.56,182.88,2,47
24,17,0,1.78,2.85,1.53,2.4,449,167.64,70.31,0.39,0.55,0.36,0.37,180.34,1,51
13,5,0,3.27,3.14,0.65,0.0,450,187.96,92.99,0.39,0.6,0.14,0.57,180.34,1,44
8,6,0,3.4,3.07,0.0,0.9,451,193.04,111.13,0.61,0.46,0.0,0.4,198.12,1,50
11,6,1,1.56,1.83,1.17,3.5,452,190.5,70.31,0.4,0.62,0.22,0.0,195.58,1,44
35,16,0,2.27,1.65,2.51,1.2,453,180.34,83.91,0.35,0.67,0.65,0.38,195.58,1,48
22,13,0,2.01,3.7,0.0,1.4,454,177.8,70.31,0.39,0.62,0.0,0.26,180.34,1,45
42,10,0,1.39,1.5,2.67,2.0,455,180.34,77.11,0.46,0.55,0.34,0.43,180.34,2,48
12,5,0,2.68,2.33,6.51,1.8,456,185.42,83.91,0.53,0.49,0.68,0.0,180.34,1,44
13,2,0,3.43,2.07,0.0,0.0,457,187.96,120.2,0.35,0.64,0.0,1.0,180.34,1,39
14,8,0,1.2,4.35,0.0,1.1,458,187.96,99.79,0.33,0.38,0.0,0.5,180.34,1,40
4,2,0,1.94,2.71,8.71,2.9,459,198.12,120.2,0.52,0.58,0.75,0.0,180.34,1,52
17,15,0,3.06,3.2,1.19,0.0,460,182.88,92.99,0.54,0.52,0.57,0.33,182.88,1,54
12,7,0,2.74,4.3,0.28,0.8,461,177.8,77.11,0.38,0.52,0.5,0.47,187.96,1,46
16,7,0,1.38,2.84,1.31,1.6,462,175.26,70.31,0.31,0.61,0.18,0.54,177.8,2,41
14,8,0,3.02,4.06,0.9,2.2,463,185.42,83.91,0.39,0.56,0.66,0.57,193.04,1,47
19,12,0,1.99,3.45,0.65,0.0,464,175.26,70.31,0.4,0.58,0.5,0.4,180.34,1,43
10,11,1,1.13,3.07,0.0,1.0,465,187.96,83.91,0.34,0.4,0.0,0.38,180.34,2,45
8,4,0,2.3,3.38,2.3,0.0,466,193.04,109.77,0.32,0.55,0.1,0.0,180.34,1,47
15,10,0,2.35,4.14,0.0,0.8,467,182.88,70.31,0.26,0.51,0.0,0.33,185.42,1,42
21,9,0,2.79,1.9,2.35,0.8,468,175.26,77.11,0.46,0.56,0.47,0.75,180.34,2,54
16,10,0,1.88,2.62,3.89,0.8,469,185.42,92.99,0.52,0.4,0.4,0.5,190.5,1,61
14,6,0,3.6,6.03,3.12,1.0,470,190.5,120.2,0.42,0.44,0.42,0.0,180.34,1,42
15,7,0,1.25,1.88,2.13,3.4,471,177.8,70.31,0.39,0.58,0.27,0.5,180.34,1,44
35,17,0,3.29,3.83,0.19,0.4,472,187.96,111.13,0.45,0.52,0.33,0.39,195.58,1,52
17,6,0,1.98,10.27,0.0,0.0,473,182.88,77.11,0.21,0.45,0.0,0.0,180.34,1,44
19,8,0,0.99,3.47,1.86,1.9,474,187.96,83.91,0.22,0.34,0.5,0.5,180.34,1,52
33,19,5,1.91,1.9,1.95,0.5,475,170.18,70.31,0.49,0.5,0.31,0.37,177.8,2,51
18,12,0,2.5,2.83,2.02,0.4,476,175.26,70.31,0.3,0.64,0.52,0.65,177.8,1,44
35,5,0,0.87,1.93,4.0,0.5,477,170.18,70.31,0.26,0.57,0.47,0.16,180.34,1,50
12,4,0,4.96,2.8,0.25,0.0,478,182.88,83.91,0.44,0.66,0.33,0.6,182.88,3,54
6,6,0,1.36,3.61,0.0,0.0,479,187.96,111.13,0.19,0.53,0.0,0.0,195.58,1,52
17,5,0,1.12,4.91,3.64,1.5,480,180.34,70.31,0.28,0.44,0.38,1.0,180.34,1,44
18,13,0,4.55,3.59,0.93,0.7,481,177.8,77.11,0.35,0.65,0.5,0.76,185.42,1,49
13,7,0,1.71,1.67,1.13,0.8,482,177.8,83.91,0.41,0.55,0.2,0.4,180.34,1,59
18,9,0,0.85,3.67,1.41,2.8,483,180.34,77.11,0.36,0.36,0.28,0.25,177.8,2,52
23,12,0,1.61,2.01,4.17,0.6,484,182.88,77.11,0.41,0.46,0.7,0.45,185.42,1,46
5,2,0,2.3,3.41,3.1,1.2,485,187.96,106.59,0.5,0.38,0.72,0.36,195.58,1,52
39,15,2,3.14,2.37,0.91,0.0,486,175.26,77.11,0.47,0.6,0.4,0.64,193.04,1,43
15,5,0,2.11,4.06,1.79,1.2,487,187.96,83.91,0.24,0.53,0.75,0.66,190.5,2,41
7,3,1,2.15,2.8,0.81,0.0,488,172.72,70.31,0.31,0.56,0.5,0.5,180.34,1,42
17,6,0,1.34,4.09,1.63,2.7,489,177.8,70.31,0.25,0.61,0.33,0.8,180.34,1,38
14,4,0,2.69,3.2,1.22,0.3,490,175.26,77.11,0.32,0.64,0.66,0.63,182.88,1,44
23,11,0,1.59,3.64,0.43,0.1,491,182.88,83.91,0.44,0.43,0.42,0.36,193.04,1,46
21,8,0,2.97,2.71,0.44,0.0,492,187.96,92.99,0.35,0.56,0.75,0.81,193.04,1,56
6,3,0,1.93,4.13,2.0,1.0,493,190.5,83.91,0.3,0.44,0.5,1.0,180.34,1,42
15,4,0,1.1,6.1,0.0,0.0,494,177.8,83.91,0.2,0.43,0.0,0.0,180.34,1,46
8,4,0,3.08,2.55,0.0,0.0,495,185.42,83.91,0.39,0.63,0.0,0.66,180.34,1,42
17,11,2,3.25,2.98,1.18,0.7,496,187.96,83.91,0.36,0.59,0.45,0.62,193.04,1,50
9,4,0,3.92,1.86,0.44,0.0,497,190.5,83.91,0.55,0.49,0.5,0.58,190.5,1,45
17,10,0,2.03,3.86,0.0,0.5,498,187.96,92.99,0.48,0.35,0.0,0.36,190.5,1,47
26,15,1,1.13,3.44,6.0,1.0,499,175.26,92.99,0.46,0.45,0.54,0.28,182.88,4,44
14,3,0,1.68,1.68,2.85,0.5,500,185.42,83.91,0.32,0.68,0.46,0.66,187.96,2,41
0,1,0,0.0,2.41,0.0,0.0,501,175.26,99.79,0.0,0.27,0.0,0.0,180.34,1,57
26,10,0,2.27,2.2,1.3,0.0,502,175.26,77.11,0.29,0.57,1.0,0.66,180.34,1,50
21,5,1,3.29,2.26,3.55,0.4,503,185.42,92.99,0.38,0.57,0.6,0.82,193.04,1,44
35,16,2,1.04,1.71,1.67,2.0,504,175.26,70.31,0.27,0.58,0.33,0.11,175.26,1,47
23,5,0,0.97,1.87,0.0,0.5,505,182.88,77.11,0.27,0.48,0.0,0.37,180.34,1,50
13,6,1,1.39,2.69,0.0,0.0,506,180.34,70.31,0.24,0.62,0.0,0.37,180.34,1,41
36,4,1,2.17,2.71,4.09,0.4,507,167.64,70.31,0.35,0.55,0.46,0.56,170.18,1,52
11,7,0,1.98,2.64,2.05,0.9,508,167.64,77.11,0.39,0.46,0.2,0.38,172.72,1,51
15,15,0,3.94,4.33,0.52,1.1,509,193.04,104.33,0.55,0.42,0.33,1.0,195.58,4,45
12,6,0,0.25,1.67,0.76,2.3,510,182.88,70.31,0.19,0.47,1.0,0.6,180.34,1,40
8,4,0,3.67,4.1,5.07,0.7,511,200.66,99.79,0.51,0.41,0.7,1.0,180.34,1,42
7,4,0,1.82,2.03,1.27,3.8,512,185.42,77.11,0.45,0.5,0.22,0.66,190.5,1,48
39,16,0,1.05,1.78,0.0,1.0,513,187.96,102.06,0.47,0.5,0.0,0.25,195.58,1,49
14,8,0,2.17,2.08,0.46,2.3,514,182.88,92.99,0.41,0.55,0.5,0.47,193.04,1,46
9,2,0,2.2,3.33,3.0,2.0,515,175.26,77.11,0.35,0.48,0.75,0.25,180.34,1,26
18,6,0,2.57,8.14,0.0,0.0,516,170.18,92.99,0.6,0.42,0.0,0.0,180.34,1,47
6,3,0,2.83,3.77,1.2,1.0,517,187.96,77.11,0.5,0.5,0.45,0.71,193.04,1,41
15,8,0,1.69,2.69,1.69,1.1,518,190.5,92.99,0.37,0.59,0.5,0.33,205.74,2,42
24,11,0,2.49,2.19,5.27,1.0,519,177.8,77.11,0.41,0.58,0.59,0.59,182.88,1,43
27,10,0,3.3,1.63,3.67,1.8,520,175.26,77.11,0.39,0.65,0.6,0.37,180.34,1,42
37,10,0,1.67,0.53,1.0,3.0,521,180.34,83.91,0.55,0.86,1.0,0.71,180.34,1,45
23,5,0,1.41,1.58,2.96,0.0,522,180.34,83.91,0.29,0.62,0.54,0.72,195.58,2,46
10,5,0,1.71,2.31,0.62,2.2,523,167.64,65.77,0.54,0.62,0.11,0.1,167.64,1,47
8,1,0,2.4,4.8,0.0,0.0,524,180.34,70.31,0.27,0.46,0.0,1.0,180.34,1,42
15,7,0,2.95,2.13,0.0,0.4,525,172.72,65.77,0.52,0.62,0.0,0.54,177.8,1,43
11,7,0,0.0,0.0,7.32,0.0,526,177.8,70.31,0.0,1.0,1.0,0.0,180.34,1,39
11,2,1,1.17,4.31,0.8,0.0,527,182.88,70.31,0.12,0.41,0.5,0.0,180.34,1,40
12,7,0,2.24,3.51,0.55,4.1,528,185.42,77.11,0.4,0.46,0.5,0.25,193.04,1,40
51,16,0,1.43,2.79,2.02,2.3,529,182.88,83.91,0.42,0.5,0.33,0.33,190.5,1,48
29,6,2,1.37,0.74,1.47,0.0,530,172.72,70.31,0.45,0.74,0.33,0.57,180.34,2,56
9,4,0,3.21,2.61,1.49,1.0,531,180.34,77.11,0.63,0.52,0.27,0.44,185.42,1,39
15,18,0,2.77,3.93,1.46,0.5,532,175.26,77.11,0.45,0.4,0.47,0.6,182.88,1,50
22,11,0,2.72,2.79,1.6,1.4,533,177.8,77.11,0.39,0.65,0.48,0.47,177.8,2,52
15,12,0,0.5,2.02,0.0,0.0,534,182.88,77.11,0.46,0.3,0.0,0.53,180.34,2,37
26,6,0,1.53,0.93,0.5,0.0,535,172.72,70.31,0.37,0.62,1.0,0.73,180.34,1,38
15,6,1,2.75,0.79,1.87,1.2,536,182.88,77.11,0.65,0.66,0.37,0.54,187.96,1,51
21,13,0,2.79,4.14,1.72,0.9,537,193.04,117.93,0.47,0.46,0.33,0.85,193.04,1,43
18,8,0,1.7,5.16,2.04,0.0,538,177.8,70.31,0.31,0.41,0.11,0.28,180.34,1,48
11,6,0,4.44,4.47,0.27,0.5,539,182.88,70.31,0.47,0.55,0.25,0.56,182.88,1,46
14,5,0,3.22,2.61,1.34,1.5,540,175.26,70.31,0.37,0.59,0.6,0.3,177.8,1,41
20,11,1,2.69,3.15,1.62,0.4,541,165.1,61.23,0.33,0.58,0.62,0.86,160.02,1,46
12,3,0,2.29,1.39,0.0,0.9,542,182.88,70.31,0.45,0.66,0.0,0.42,180.34,2,45
21,4,0,1.35,3.17,1.19,0.6,543,187.96,117.03,0.31,0.47,0.18,0.0,193.04,1,50
10,7,0,2.91,2.55,0.0,0.0,544,175.26,92.99,0.61,0.46,0.0,0.75,180.34,1,26
16,4,0,2.15,3.85,0.0,0.0,545,180.34,92.99,0.45,0.48,0.0,0.5,180.34,1,49
25,9,0,1.86,4.79,2.08,2.4,546,177.8,83.91,0.48,0.38,0.46,0.25,185.42,1,45
16,7,0,2.45,1.94,2.9,0.8,547,172.72,70.31,0.43,0.63,0.54,0.69,177.8,1,47
13,5,0,2.02,1.2,3.74,1.2,548,182.88,77.11,0.49,0.61,0.38,0.31,187.96,1,49
16,7,0,1.88,2.4,4.47,0.3,549,170.18,65.77,0.55,0.53,0.55,0.83,180.34,2,45
14,7,0,1.96,2.46,1.02,0.0,550,190.5,83.91,0.54,0.36,0.6,0.54,187.96,1,46
17,7,0,0.85,2.48,2.12,4.2,551,200.66,120.2,0.44,0.52,0.4,0.33,205.74,1,49
8,5,0,2.69,2.57,2.88,0.0,552,182.88,77.11,0.45,0.54,0.55,0.38,193.04,1,44
8,2,0,2.46,1.18,1.32,0.0,553,182.88,108.86,0.41,0.81,0.71,0.7,182.88,1,46
13,8,1,3.67,3.25,0.0,0.0,554,182.88,70.31,0.35,0.62,0.0,1.0,180.34,2,46
21,8,0,2.84,2.99,1.55,1.9,555,185.42,83.91,0.39,0.59,0.5,0.31,193.04,1,48
12,7,0,2.58,2.61,1.4,0.5,556,160.02,61.23,0.37,0.77,0.53,0.75,162.56,1,51
19,11,0,2.85,1.53,2.78,0.5,557,185.42,92.99,0.57,0.59,0.46,0.58,190.5,1,62
23,17,0,2.31,2.4,0.49,1.7,558,198.12,83.91,0.41,0.54,0.45,0.56,200.66,1,43
12,0,1,1.27,2.2,0.0,0.0,559,180.34,77.11,0.2,0.52,0.0,0.44,180.34,0,39
17,9,0,3.13,4.4,0.0,0.0,560,187.96,77.11,0.37,0.72,0.0,0.0,180.34,0,40
12,4,0,3.59,3.13,0.41,3.3,561,190.5,83.91,0.3,0.57,1.0,0.5,190.5,1,48
16,5,1,2.91,1.01,1.51,0.0,562,182.88,83.91,0.62,0.5,0.33,0.33,180.34,1,45
12,2,0,4.38,3.53,1.42,0.0,563,187.96,120.2,0.47,0.53,0.33,0.42,203.2,1,51
13,6,0,2.13,3.44,2.35,0.9,564,182.88,70.31,0.42,0.43,0.5,0.83,185.42,1,26
16,5,0,2.43,1.99,2.56,1.5,565,170.18,65.77,0.36,0.72,0.52,0.57,175.26,2,48
33,16,0,2.05,2.44,2.75,2.2,566,170.18,65.77,0.44,0.6,0.44,0.39,177.8,1,43
21,11,2,2.52,4.57,0.0,0.0,567,180.34,70.31,0.33,0.51,0.0,0.74,185.42,1,44
20,3,0,0.51,4.07,1.91,0.0,568,167.64,61.23,0.4,0.43,0.12,0.5,180.34,1,56
20,8,0,3.77,4.78,0.94,0.0,569,187.96,70.31,0.46,0.57,1.0,0.0,180.34,1,39
31,18,5,3.76,3.03,0.7,2.4,570,180.34,77.11,0.45,0.58,0.55,0.55,172.72,1,51
18,10,0,2.71,2.36,1.0,0.3,571,172.72,65.77,0.4,0.64,0.37,0.69,180.34,1,42
8,3,0,2.48,4.84,1.18,0.6,572,172.72,65.77,0.36,0.4,0.11,0.0,180.34,1,46
15,10,0,1.81,3.85,0.0,1.7,573,175.26,61.23,0.37,0.46,0.0,0.57,180.34,0,46
11,3,0,2.17,4.77,1.63,3.3,574,182.88,92.99,0.55,0.46,0.1,1.0,193.04,1,48
45,9,0,2.14,1.36,2.95,1.2,575,175.26,77.11,0.53,0.53,0.5,0.35,185.42,4,52
14,6,0,2.41,1.85,2.22,1.3,576,177.8,65.77,0.4,0.63,0.33,0.6,187.96,2,50
8,3,0,1.66,3.53,0.0,0.5,577,182.88,70.31,0.34,0.37,0.0,0.37,182.88,1,40
10,4,0,1.93,2.39,0.47,0.9,578,187.96,92.99,0.27,0.67,0.33,0.79,195.58,1,45
16,8,0,3.71,2.3,1.87,0.9,579,167.64,65.77,0.41,0.65,0.46,0.59,172.72,1,42
16,7,1,2.83,2.54,0.0,3.2,580,187.96,120.2,0.6,0.51,0.0,0.26,187.96,1,43
2,5,0,2.28,6.25,1.01,0.0,581,175.26,70.31,0.32,0.44,0.25,0.33,177.8,1,41
15,3,0,1.27,3.93,1.0,0.0,582,185.42,92.99,0.48,0.4,0.1,0.0,180.34,0,52
23,8,0,2.26,4.13,1.12,0.0,583,175.26,77.11,0.32,0.56,0.16,1.0,180.34,1,42
17,9,0,1.77,4.32,0.43,0.0,584,170.18,61.23,0.43,0.49,0.33,0.13,182.88,1,44
13,6,0,3.29,3.91,0.66,1.3,585,185.42,77.11,0.48,0.58,1.0,0.68,187.96,1,45
16,11,0,1.56,3.91,1.5,0.0,586,175.26,70.31,0.2,0.69,0.33,0.37,190.5,2,43
8,3,0,1.48,3.14,2.52,0.5,587,170.18,61.23,0.34,0.57,0.43,0.54,172.72,1,39
22,6,1,2.66,1.78,2.37,1.3,588,180.34,92.99,0.4,0.65,0.25,0.25,180.34,1,50
25,21,0,2.08,2.66,0.0,1.7,589,175.26,65.77,0.32,0.56,0.0,0.0,175.26,0,39
11,2,0,4.87,5.87,0.0,0.0,590,175.26,65.77,0.52,0.55,0.0,0.0,180.34,1,43
10,5,0,2.28,2.13,0.74,0.0,591,177.8,77.11,0.47,0.59,0.37,0.75,182.88,1,48
53,20,0,1.12,1.96,1.79,2.1,592,175.26,70.31,0.44,0.43,0.3,0.25,182.88,1,50
26,12,1,3.37,3.13,0.52,1.0,593,185.42,92.99,0.39,0.58,0.25,0.71,195.58,3,48
14,2,0,1.8,0.89,2.32,1.7,594,180.34,77.11,0.55,0.69,0.53,0.84,190.5,1,45
16,6,0,3.31,2.06,2.43,0.7,595,175.26,65.77,0.62,0.44,0.24,0.66,182.88,1,44
7,7,0,1.82,12.12,0.0,0.0,596,170.18,61.23,0.42,0.6,0.0,0.0,180.34,2,40
15,7,0,0.73,2.27,2.46,2.5,597,177.8,77.11,0.2,0.46,0.44,0.4,187.96,2,45
14,8,2,1.89,3.38,1.81,1.8,598,190.5,83.91,0.34,0.56,0.36,0.5,193.04,1,48
20,9,0,3.16,2.64,0.84,0.1,599,185.42,83.91,0.48,0.54,0.5,0.63,185.42,1,54
8,3,0,2.82,2.46,3.26,2.2,600,198.12,117.93,0.34,0.46,0.66,0.5,205.74,1,39
6,3,0,2.15,3.05,1.73,0.0,601,198.12,114.76,0.52,0.52,0.55,0.43,180.34,1,50
8,4,0,3.96,4.82,0.0,0.0,602,182.88,77.11,0.26,0.5,0.0,0.8,182.88,1,43
7,6,0,3.63,5.76,0.65,0.7,603,187.96,83.91,0.34,0.55,0.3,0.8,190.5,1,39
8,4,0,2.91,3.48,2.14,2.1,604,175.26,65.77,0.45,0.46,0.5,0.5,182.88,1,45
18,6,0,4.03,4.41,0.36,0.4,605,193.04,92.99,0.47,0.45,0.33,0.85,195.58,1,42
26,9,1,1.42,2.08,0.0,0.9,606,172.72,65.77,0.47,0.56,0.0,0.27,180.34,2,41
16,7,1,3.13,5.77,0.0,1.0,607,170.18,65.77,0.3,0.42,0.0,0.62,180.34,1,47
44,9,0,3.98,1.86,0.0,1.6,608,175.26,61.23,0.43,0.74,0.0,0.17,193.04,1,45
13,9,0,2.08,3.59,2.74,1.4,609,187.96,83.91,0.45,0.54,0.24,0.5,185.42,2,43
11,3,0,6.54,5.42,2.8,0.0,610,170.18,61.23,0.53,0.36,1.0,0.8,180.34,1,42
8,3,1,2.95,5.02,2.82,0.0,611,172.72,61.23,0.25,0.59,0.3,0.0,180.34,2,42
36,18,1,1.54,2.48,0.35,1.2,612,167.64,61.23,0.31,0.6,0.12,0.35,175.26,1,48
9,5,2,3.06,2.99,2.07,0.0,613,172.72,70.31,0.32,0.7,0.5,0.8,172.72,1,53
25,16,0,1.55,2.7,1.43,2.0,614,190.5,83.91,0.52,0.46,0.16,0.35,203.2,1,50
11,5,0,2.47,2.57,3.5,0.0,615,177.8,77.11,0.59,0.5,0.41,0.81,180.34,1,37
23,10,0,1.83,2.3,1.31,1.3,616,185.42,83.91,0.43,0.49,0.28,0.43,180.34,1,45
16,8,0,1.48,2.96,3.7,0.0,617,172.72,70.31,0.22,0.75,1.0,0.0,180.34,0,40
9,9,0,1.07,1.13,1.0,2.0,618,175.26,70.31,0.4,0.43,0.25,0.2,180.34,0,44
5,2,0,1.87,8.24,0.0,0.0,619,172.72,65.77,0.26,0.52,0.0,0.0,180.34,1,37
11,4,0,3.26,2.76,2.04,0.0,620,182.88,77.11,0.47,0.56,0.37,0.4,185.42,1,42
13,4,0,1.8,3.37,0.0,0.5,621,175.26,70.31,0.27,0.68,0.0,0.0,180.34,1,45
9,4,0,1.24,1.85,0.0,1.4,622,177.8,77.11,0.34,0.55,0.0,0.52,185.42,1,44
9,6,0,2.61,3.57,1.24,0.0,623,177.8,77.11,0.65,0.4,0.18,0.6,187.96,2,45
20,10,2,2.4,5.6,1.5,0.0,624,172.72,77.11,0.35,0.42,0.2,1.0,180.34,1,45
24,9,0,3.17,3.03,0.67,0.8,625,170.18,70.31,0.43,0.64,0.3,0.6,172.72,2,50
12,10,0,1.54,2.53,2.71,0.0,626,167.64,65.77,0.41,0.51,1.0,0.0,180.34,2,44
21,2,2,3.36,3.2,1.0,0.7,627,170.18,65.77,0.35,0.63,0.27,0.71,180.34,1,39
29,10,0,0.69,4.83,0.0,0.0,628,180.34,83.91,0.75,0.19,0.0,0.0,180.34,1,48
19,10,0,3.64,5.0,0.0,0.0,629,167.64,65.77,0.44,0.47,0.0,0.0,180.34,1,38
10,4,0,2.93,1.4,0.0,0.0,630,180.34,70.31,0.52,0.26,0.0,0.5,180.34,2,42
35,17,0,2.1,2.91,1.85,1.2,631,177.8,70.31,0.39,0.54,0.38,0.7,182.88,1,46
19,12,1,2.59,2.88,2.47,0.6,632,190.5,92.99,0.46,0.6,0.35,0.54,187.96,1,51
19,7,0,4.38,2.81,1.05,0.7,633,190.5,92.99,0.36,0.61,0.48,0.57,195.58,1,47
12,5,0,2.97,4.42,0.78,0.0,634,185.42,77.11,0.46,0.37,1.0,1.0,180.34,1,45
10,5,0,2.13,4.18,0.59,0.0,635,165.1,56.7,0.43,0.32,0.11,0.54,180.34,1,38
19,10,0,2.05,2.47,2.63,0.9,636,167.64,61.23,0.38,0.51,0.64,0.23,167.64,1,43
17,14,1,2.01,3.06,1.19,1.5,637,167.64,65.77,0.39,0.64,0.36,0.49,172.72,1,50
17,10,0,1.66,5.31,0.0,0.5,638,185.42,109.77,0.46,0.46,0.0,0.5,190.5,1,46
18,9,2,1.49,2.26,2.3,1.6,639,170.18,65.77,0.49,0.45,0.36,0.2,180.34,2,50
11,4,0,3.85,2.9,1.24,0.6,640,172.72,61.23,0.49,0.48,0.33,0.6,180.34,2,43
11,3,0,1.48,2.05,3.42,0.0,641,175.26,65.77,0.27,0.55,0.33,0.66,180.34,2,40
12,3,0,2.17,2.08,0.0,0.7,642,187.96,83.91,0.34,0.7,0.0,0.76,180.34,1,43
14,10,0,2.1,3.79,0.0,1.4,643,180.34,61.23,0.29,0.43,0.0,0.61,190.5,1,41
9,6,0,2.97,3.2,1.98,0.0,644,175.26,65.77,0.37,0.5,0.66,0.55,185.42,1,39
15,15,0,2.11,3.75,1.18,0.7,645,185.42,77.11,0.37,0.51,0.55,0.19,190.5,1,43
21,14,0,4.62,3.05,0.43,0.1,646,177.8,77.11,0.44,0.57,0.25,0.59,177.8,1,47
25,10,0,2.46,3.44,0.73,0.4,647,182.88,77.11,0.35,0.51,0.35,0.35,187.96,1,44
11,7,0,2.04,2.65,2.46,1.9,648,177.8,70.31,0.34,0.6,0.33,0.42,182.88,1,46
31,18,1,2.03,4.07,0.43,1.7,649,180.34,70.31,0.47,0.35,0.09,0.57,182.88,4,44
12,5,0,3.6,2.53,3.78,0.5,650,182.88,77.11,0.52,0.56,0.34,0.83,185.42,1,51
17,7,0,4.79,5.0,0.56,0.3,651,187.96,83.91,0.41,0.6,0.28,1.0,195.58,2,45
9,2,0,2.47,2.53,0.0,0.8,652,170.18,65.77,0.35,0.51,0.0,0.42,180.34,1,37
15,9,0,2.76,3.01,1.32,1.0,653,193.04,92.99,0.38,0.52,0.4,0.6,200.66,1,49
9,2,0,1.5,4.43,1.0,0.5,654,182.88,83.91,0.35,0.37,0.5,0.28,180.34,1,44
21,8,6,3.47,4.71,0.0,0.0,655,165.1,56.7,0.39,0.65,0.0,0.8,180.34,2,49
10,6,0,1.86,3.46,0.86,1.1,656,170.18,61.23,0.48,0.47,0.18,0.0,172.72,1,47
15,4,0,1.23,2.14,1.95,3.4,657,172.72,70.31,0.36,0.51,0.58,0.75,175.26,1,47
29,7,0,4.1,2.07,1.31,0.7,658,185.42,83.91,0.44,0.62,0.66,0.63,193.04,2,51
11,3,0,2.67,2.22,1.51,0.0,659,185.42,92.99,0.5,0.46,0.66,0.41,185.42,1,48
20,12,0,4.08,4.18,0.25,0.9,660,172.72,65.77,0.42,0.69,0.66,0.71,172.72,1,43
22,7,0,2.55,3.7,3.89,0.6,661,175.26,70.31,0.64,0.37,0.36,0.83,177.8,2,43
9,4,0,2.79,4.01,0.0,0.0,662,170.18,70.31,0.25,0.6,0.0,0.8,175.26,2,42
11,3,0,1.25,4.6,0.0,0.0,663,193.04,92.99,0.3,0.38,0.0,0.4,180.34,2,46
17,3,0,6.23,6.7,1.5,0.0,664,177.8,65.77,0.63,0.53,0.3,0.92,177.8,4,36
11,5,0,0.81,3.23,9.09,0.0,665,175.26,77.11,0.33,0.38,0.75,0.0,180.34,1,41
20,13,0,3.33,3.81,0.0,0.0,666,172.72,61.23,0.39,0.44,0.0,0.5,170.18,2,38
8,4,0,2.73,3.43,1.22,0.0,667,175.26,70.31,0.41,0.62,0.5,0.64,180.34,2,42
16,10,0,2.69,3.63,1.94,0.3,668,182.88,65.77,0.39,0.56,0.17,0.8,187.96,2,40
11,2,0,3.93,2.97,1.2,2.4,669,193.04,113.4,0.6,0.54,0.4,0.16,180.34,2,42
6,3,0,1.82,5.18,0.0,0.0,670,172.72,61.23,0.28,0.5,0.0,0.0,180.34,1,42
8,4,0,0.86,1.82,0.0,0.0,671,182.88,70.31,0.5,0.5,0.0,0.62,180.34,1,39
12,3,0,1.72,3.06,0.0,0.0,672,182.88,92.99,0.4,0.5,0.0,0.22,187.96,2,39
18,4,0,1.37,9.16,0.0,0.0,673,165.1,61.23,0.3,0.35,0.0,0.0,180.34,0,40
19,7,0,2.72,2.59,1.18,0.6,674,167.64,65.77,0.43,0.58,0.44,0.65,170.18,1,43
13,8,2,1.13,2.36,2.67,0.7,675,182.88,65.77,0.35,0.48,0.53,0.12,180.34,1,47
17,6,1,3.85,3.85,1.12,1.7,676,185.42,77.11,0.43,0.64,0.4,0.5,200.66,1,42
15,3,0,1.55,2.9,4.66,0.7,677,185.42,115.67,0.47,0.59,0.43,0.0,185.42,1,49
27,8,0,1.9,1.62,3.25,0.1,678,182.88,92.99,0.44,0.59,0.46,0.7,187.96,1,55
11,4,0,3.34,8.85,1.59,0.8,679,177.8,77.11,0.43,0.47,0.25,0.33,180.34,0,39
19,7,0,1.19,1.78,3.19,2.0,680,175.26,70.31,0.34,0.52,0.48,0.52,180.34,2,45
23,7,0,1.66,1.89,4.05,1.0,681,182.88,77.11,0.32,0.61,0.6,0.66,190.5,1,49
30,7,0,2.61,1.65,3.6,0.8,682,182.88,77.11,0.5,0.54,0.51,0.56,187.96,1,48
9,5,0,2.72,3.57,0.0,0.0,683,167.64,56.7,0.25,0.68,0.0,0.0,180.34,1,43
28,12,7,0.87,2.8,1.5,0.5,684,170.18,61.23,0.23,0.51,0.11,0.0,180.34,2,38
14,5,0,1.44,3.71,1.97,2.2,685,180.34,65.77,0.41,0.5,0.36,0.16,187.96,1,37
14,2,0,0.53,1.9,0.53,7.4,686,182.88,70.31,0.26,0.51,0.16,0.33,185.42,1,37
16,5,0,2.16,2.53,0.43,1.4,687,185.42,70.31,0.35,0.67,0.3,0.39,185.42,1,40
8,3,0,3.01,2.74,3.51,0.5,688,185.42,77.11,0.42,0.54,0.5,0.89,193.04,2,40
16,10,0,2.08,2.87,1.18,0.0,689,185.42,77.11,0.52,0.43,0.66,0.58,193.04,1,43
25,12,0,1.69,2.62,0.58,0.8,690,185.42,77.11,0.35,0.56,0.3,0.52,190.5,1,45
9,4,0,1.13,4.33,1.0,0.0,691,185.42,77.11,0.2,0.45,0.07,0.2,180.34,1,39
12,6,0,1.06,3.34,0.0,0.8,692,180.34,77.11,0.3,0.56,0.0,0.14,180.34,1,40
11,6,0,2.76,2.83,2.1,0.0,693,175.26,70.31,0.54,0.54,0.25,0.5,187.96,1,42
15,5,0,4.09,2.69,2.19,0.5,694,172.72,65.77,0.53,0.56,0.37,0.82,177.8,1,44
24,10,0,2.27,1.63,1.2,0.4,695,172.72,70.31,0.38,0.67,1.0,0.71,182.88,1,42
18,10,0,5.39,2.54,0.61,0.6,696,193.04,108.86,0.55,0.55,0.66,0.54,208.28,1,48
36,16,1,3.29,3.63,1.09,1.3,697,180.34,77.11,0.46,0.58,0.34,0.46,182.88,1,43
24,9,0,4.24,3.71,2.17,0.0,698,182.88,83.91,0.43,0.64,0.43,0.7,185.42,2,45
12,6,0,3.28,2.65,0.12,0.3,699,185.42,92.99,0.42,0.59,0.12,0.6,187.96,1,45
35,13,0,2.79,2.19,0.97,0.6,700,180.34,92.99,0.4,0.6,0.53,0.62,187.96,1,49
11,7,1,3.19,2.61,0.98,0.7,701,170.18,61.23,0.49,0.5,0.23,0.25,180.34,1,42
10,8,0,1.89,4.58,0.92,0.0,702,165.1,61.23,0.53,0.44,0.25,0.33,160.02,1,42
15,6,0,3.03,3.62,0.0,0.0,703,175.26,65.77,0.29,0.64,0.0,1.0,177.8,1,46
14,8,0,3.1,2.97,0.0,0.0,704,187.96,70.31,0.34,0.62,0.0,0.27,180.34,1,43
7,4,0,3.14,3.98,1.33,0.0,705,180.34,77.11,0.53,0.38,0.66,0.5,180.34,1,41
6,3,0,1.83,1.95,0.0,0.9,706,187.96,77.11,0.36,0.6,0.0,0.5,180.34,1,38
6,8,0,1.91,2.61,3.92,1.3,707,187.96,77.11,0.42,0.51,0.75,0.5,180.34,0,40
12,4,0,3.37,2.7,0.94,1.3,708,185.42,65.77,0.44,0.5,0.25,0.15,185.42,1,42
12,6,0,2.3,3.0,3.29,0.6,709,195.58,113.4,0.47,0.37,0.42,1.0,200.66,1,40
10,4,0,3.84,2.83,0.72,0.0,710,172.72,65.77,0.35,0.67,0.28,0.73,170.18,1,36
36,17,0,2.67,3.97,0.65,0.5,711,175.26,65.77,0.32,0.57,0.31,0.53,177.8,1,42
3,1,1,2.08,5.94,4.46,0.0,712,182.88,83.91,0.7,0.16,0.25,0.0,180.34,1,40
6,3,1,6.33,7.53,2.0,0.0,713,185.42,83.91,0.44,0.51,0.16,0.5,180.34,1,36
12,6,0,1.09,2.73,3.51,1.2,714,175.26,83.91,0.41,0.35,0.6,0.0,180.34,2,44
13,3,0,1.94,2.49,1.94,0.0,715,182.88,83.91,0.33,0.58,1.0,0.6,198.12,1,45
18,13,1,2.77,4.79,0.3,0.5,716,177.8,65.77,0.24,0.52,0.26,0.42,172.72,1,46
27,10,2,3.33,1.28,2.3,0.2,717,193.04,108.86,0.56,0.54,0.56,0.52,208.28,1,51
18,8,0,2.7,3.1,0.44,0.9,718,187.96,83.91,0.41,0.59,0.26,0.55,190.5,1,42
8,3,0,1.24,4.75,1.69,0.0,719,167.64,56.7,0.21,0.53,0.25,0.0,180.34,1,36
13,5,0,1.83,6.47,1.0,0.0,720,180.34,92.99,0.47,0.34,0.28,0.3,180.34,1,47
8,3,0,2.65,2.29,1.82,0.4,721,180.34,70.31,0.49,0.73,0.31,0.78,187.96,1,42
10,3,0,2.36,2.98,1.39,1.4,722,170.18,61.23,0.26,0.64,0.7,0.54,177.8,1,45
15,7,0,4.83,3.45,0.0,0.3,723,180.34,77.11,0.47,0.56,0.0,0.52,180.34,1,36
21,5,0,3.95,3.21,1.63,0.6,724,177.8,70.31,0.54,0.56,0.43,0.36,182.88,1,42
17,5,0,1.67,2.13,1.93,1.7,725,182.88,83.91,0.44,0.37,0.25,0.31,190.5,1,40
8,3,0,1.71,3.43,0.0,0.0,726,177.8,83.91,0.33,0.11,0.0,0.0,180.34,0,42
24,9,0,1.41,2.44,2.8,1.1,727,175.26,70.31,0.41,0.65,0.46,0.77,175.26,2,43
14,6,0,3.84,3.73,0.39,0.4,728,182.88,77.11,0.39,0.64,0.18,0.66,193.04,2,50
22,6,0,4.98,3.78,1.49,0.0,729,193.04,109.77,0.6,0.48,1.0,0.58,195.58,1,41
8,2,0,1.78,1.79,1.87,1.9,730,193.04,83.91,0.35,0.61,0.53,0.6,200.66,1,44
6,5,0,3.05,2.82,0.0,6.1,731,172.72,61.23,0.49,0.35,0.0,0.5,172.72,1,39
30,14,1,3.45,3.78,1.18,0.1,732,172.72,70.31,0.34,0.61,0.34,0.6,175.26,2,45
16,10,0,1.42,4.4,1.6,0.0,733,185.42,77.11,0.21,0.47,0.33,0.14,190.5,1,44
17,3,0,1.03,1.8,0.0,0.0,734,195.58,92.99,0.22,0.52,0.0,0.42,180.34,1,42
6,2,1,1.6,2.87,2.0,0.0,735,167.64,65.77,0.64,0.5,0.66,0.75,180.34,1,44
9,7,0,1.6,2.89,0.0,0.0,736,165.1,61.23,0.5,0.28,0.0,0.2,180.34,1,36
14,9,0,2.14,3.97,1.55,0.8,737,190.5,92.99,0.24,0.68,0.44,0.66,190.5,1,41
26,9,0,2.98,2.45,3.23,0.6,738,167.64,65.77,0.44,0.6,0.4,0.66,177.8,1,50
18,8,0,1.28,1.9,0.62,0.0,739,180.34,77.11,0.49,0.59,0.5,0.26,193.04,1,45
9,4,0,2.75,3.11,0.41,0.8,740,185.42,77.11,0.48,0.49,1.0,0.66,185.42,1,42
10,4,0,2.8,3.15,3.47,1.3,741,180.34,83.91,0.55,0.48,0.57,0.5,180.34,2,47
7,3,0,4.18,3.64,2.02,0.0,742,172.72,77.11,0.49,0.64,1.0,0.66,180.34,1,43
20,7,0,3.22,3.28,1.86,2.0,743,182.88,77.11,0.42,0.62,0.41,0.78,182.88,1,44
14,6,0,5.15,3.93,1.57,0.0,744,190.5,83.91,0.42,0.55,0.46,0.3,190.5,1,44
11,5,0,3.54,2.87,1.55,1.3,745,177.8,70.31,0.45,0.54,0.29,0.46,185.42,1,43
11,2,0,5.45,3.88,1.53,0.9,746,185.42,77.11,0.47,0.59,0.5,0.6,180.34,1,39
15,7,0,3.03,2.81,0.7,0.2,747,190.5,104.33,0.56,0.52,0.53,0.59,198.12,1,48
10,5,0,3.18,5.42,2.0,0.3,748,182.88,77.11,0.43,0.55,0.35,0.4,185.42,1,35
28,15,1,2.32,4.86,1.57,0.3,749,182.88,77.11,0.52,0.42,0.4,0.78,180.34,1,44
21,9,0,0.83,2.6,0.5,1.0,750,180.34,77.11,0.36,0.48,0.05,0.5,180.34,1,40
23,11,1,1.93,2.91,0.0,0.5,751,175.26,56.7,0.49,0.47,0.0,0.25,180.34,1,46
11,5,1,3.62,3.16,0.0,0.0,752,190.5,104.33,0.56,0.33,0.0,0.42,180.34,0,50
11,5,0,1.8,1.64,0.67,0.0,753,182.88,70.31,0.32,0.65,1.0,0.54,193.04,2,40
30,13,0,3.0,6.1,1.66,0.0,754,165.1,56.7,0.3,0.57,0.23,0.83,170.18,1,45
22,7,0,1.74,2.06,0.66,2.0,755,182.88,77.11,0.32,0.55,0.5,0.29,190.5,1,46
19,8,0,1.75,2.04,3.93,4.1,756,172.72,77.11,0.51,0.59,0.45,0.0,180.34,1,46
17,14,0,4.92,5.27,0.48,0.0,757,185.42,83.91,0.36,0.54,0.18,0.75,190.5,1,44
12,8,0,3.69,3.8,3.0,0.0,758,185.42,92.99,0.42,0.61,0.34,0.91,193.04,1,49
19,6,0,3.92,2.55,1.03,0.7,759,187.96,92.99,0.5,0.67,0.47,0.7,187.96,1,43
12,11,0,1.65,2.96,1.03,2.6,760,175.26,61.23,0.53,0.41,0.44,0.55,187.96,1,38
8,5,0,4.87,5.75,2.49,0.0,761,177.8,65.77,0.48,0.57,0.33,0.0,177.8,1,42
14,2,1,3.29,0.82,5.84,0.0,762,187.96,77.11,0.47,0.78,0.56,1.0,193.04,1,39
14,7,0,2.61,2.52,2.32,1.6,763,177.8,70.31,0.27,0.67,0.31,0.53,180.34,1,48
15,5,0,3.28,3.62,2.3,0.0,764,182.88,83.91,0.54,0.54,0.55,0.79,185.42,1,36
13,5,0,3.31,7.42,0.75,0.0,765,160.02,61.23,0.39,0.41,0.1,0.8,180.34,1,48
19,11,0,3.96,2.8,2.18,0.0,766,182.88,83.91,0.47,0.59,0.78,0.62,182.88,1,44
37,7,0,3.2,3.98,2.32,2.3,767,165.1,56.7,0.53,0.52,0.27,0.33,180.34,1,44
9,5,0,2.57,3.06,0.2,0.6,768,170.18,61.23,0.39,0.51,1.0,0.37,175.26,1,41
29,15,1,3.08,1.1,3.81,0.4,769,185.42,92.99,0.43,0.62,0.59,0.66,185.42,2,49
4,4,0,2.27,8.2,0.0,0.0,770,185.42,61.23,0.23,0.33,0.0,0.5,180.34,0,46
14,4,0,3.52,3.48,1.36,0.3,771,182.88,83.91,0.42,0.62,0.36,0.52,187.96,2,47
16,13,0,2.9,3.18,1.14,0.0,772,165.1,61.23,0.36,0.46,0.23,0.78,180.34,1,45
8,7,0,2.72,3.54,0.0,0.2,773,180.34,106.59,0.52,0.59,0.0,0.76,187.96,1,46
10,6,0,1.34,2.21,1.42,0.7,774,167.64,56.7,0.39,0.66,0.33,0.35,165.1,1,46
12,6,0,3.9,3.86,3.09,0.9,775,175.26,70.31,0.47,0.51,0.43,0.27,172.72,1,43
16,10,0,1.74,2.5,2.5,2.5,776,182.88,70.31,0.34,0.67,0.25,0.14,182.88,4,38
21,12,1,3.39,3.44,1.2,0.6,777,172.72,70.31,0.48,0.57,0.37,0.46,177.8,1,46
22,11,0,2.87,2.87,1.14,0.8,778,180.34,83.91,0.42,0.52,0.41,0.53,185.42,2,45
5,1,0,1.67,0.53,0.0,2.0,779,180.34,61.23,0.69,0.33,0.0,0.14,180.34,1,48
18,4,0,1.48,2.09,1.36,0.0,780,190.5,70.31,0.28,0.51,0.2,0.33,180.34,1,41
34,13,0,4.43,9.93,0.0,0.0,781,193.04,65.77,0.27,0.46,0.0,0.0,180.34,4,35
30,18,0,0.14,4.68,0.0,0.0,782,165.1,61.23,0.33,0.3,0.0,0.0,180.34,1,41
4,6,0,1.9,3.67,0.95,0.0,783,187.96,83.91,0.35,0.53,1.0,0.87,180.34,1,45
10,5,0,1.68,2.99,2.58,1.0,784,177.8,70.31,0.39,0.53,0.27,0.0,177.8,1,44
19,9,0,2.72,5.51,0.0,0.0,785,175.26,61.23,0.28,0.64,0.0,0.0,180.34,1,39
10,4,0,2.11,2.32,3.71,0.5,786,182.88,83.91,0.44,0.63,0.44,0.83,182.88,2,44
13,6,0,2.56,3.61,0.44,0.9,787,175.26,70.31,0.33,0.58,0.11,0.2,182.88,1,48
17,8,0,2.19,3.38,2.49,1.6,788,172.72,70.31,0.33,0.59,0.36,0.11,180.34,1,44
16,9,0,2.02,2.39,3.03,4.8,789,180.34,77.11,0.51,0.4,0.46,0.4,190.5,1,38
7,4,0,1.0,2.6,0.0,0.0,790,180.34,77.11,0.41,0.71,0.0,0.0,180.34,1,41
21,17,0,4.52,6.55,0.18,0.2,791,167.64,61.23,0.37,0.59,0.18,0.6,177.8,1,43
25,12,0,2.78,2.76,0.56,1.0,792,167.64,65.77,0.37,0.65,0.28,0.38,162.56,1,43
17,2,0,3.4,1.8,2.61,0.9,793,185.42,77.11,0.4,0.62,0.43,0.6,190.5,1,38
19,10,1,4.06,1.78,1.17,0.2,794,198.12,92.99,0.71,0.6,0.83,0.53,205.74,2,52
32,18,0,2.96,1.85,1.3,0.2,795,175.26,70.31,0.4,0.66,0.63,0.61,180.34,1,43
28,10,0,1.64,1.98,0.93,1.4,796,190.5,83.91,0.44,0.56,0.5,0.5,190.5,2,43
14,6,0,2.43,3.82,0.88,0.2,797,175.26,56.7,0.31,0.57,0.45,0.48,177.8,1,40
8,4,0,2.08,2.12,2.32,0.0,798,170.18,70.31,0.32,0.63,0.58,0.66,180.34,1,39
31,9,0,2.45,1.8,2.83,1.2,799,182.88,77.11,0.36,0.56,0.29,0.35,182.88,1,47
9,4,1,5.39,3.51,2.82,0.0,800,177.8,77.11,0.69,0.51,0.5,0.66,180.34,1,38
17,5,0,2.17,2.43,3.13,0.5,801,185.42,83.91,0.53,0.45,0.4,1.0,190.5,1,38
12,5,0,2.34,2.32,3.65,1.3,802,172.72,70.31,0.43,0.6,0.36,0.31,190.5,1,44
16,12,0,4.25,3.58,0.36,0.4,803,177.8,65.77,0.42,0.57,1.0,0.6,180.34,1,44
23,7,0,0.53,0.58,0.0,0.0,804,175.26,77.11,0.34,0.66,0.0,0.2,180.34,2,46
8,7,1,1.47,8.53,0.0,0.0,805,177.8,70.31,0.29,0.29,0.0,1.0,180.34,1,37
6,0,0,1.85,1.94,3.38,2.0,806,180.34,61.23,0.29,0.58,0.62,1.0,180.34,0,38
7,2,0,3.68,2.7,1.5,0.0,807,180.34,77.11,0.51,0.56,0.33,0.61,182.88,2,37
19,13,0,4.01,5.84,1.04,0.0,808,182.88,77.11,0.35,0.42,0.5,0.66,187.96,1,47
21,6,0,1.28,1.56,2.36,2.8,809,172.72,70.31,0.42,0.48,0.63,0.37,185.42,2,44
13,6,0,3.51,4.28,0.75,0.0,810,167.64,61.23,0.37,0.61,0.22,0.66,177.8,2,42
6,4,0,1.31,4.32,0.75,1.5,811,177.8,77.11,0.3,0.43,0.5,0.5,180.34,0,39
7,4,0,1.64,2.3,4.09,1.4,812,182.88,70.31,0.41,0.51,0.36,0.25,180.34,1,38
9,4,0,3.27,4.4,0.0,0.0,813,182.88,83.91,0.29,0.7,0.0,0.0,180.34,1,40
7,0,0,0.0,0.0,7.32,21.9,814,190.5,92.99,0.0,0.0,1.0,0.0,180.34,1,44
15,6,0,2.42,1.6,0.0,2.5,815,193.04,92.99,0.49,0.53,0.0,0.28,200.66,2,41
5,1,0,1.93,4.67,0.0,0.0,816,157.48,52.16,0.2,0.57,0.0,0.16,180.34,1,37
34,23,0,2.57,2.57,3.08,1.1,817,182.88,70.31,0.36,0.5,0.37,0.55,182.88,1,42
8,5,0,5.61,5.44,1.67,1.7,818,190.5,92.99,0.59,0.45,0.28,0.0,187.96,1,45
5,1,0,4.44,1.29,1.75,3.5,819,190.5,83.91,0.58,0.72,0.25,0.4,180.34,0,42
22,12,0,2.34,3.16,1.76,0.0,820,162.56,56.7,0.26,0.68,0.21,0.6,165.1,1,42
29,16,0,3.21,2.96,0.47,1.6,821,180.34,65.77,0.41,0.54,0.21,0.55,177.8,1,39
18,5,0,2.73,4.37,0.0,0.5,822,182.88,77.11,0.29,0.55,0.0,0.37,180.34,1,41
11,6,0,2.97,3.81,2.64,0.0,823,193.04,92.99,0.4,0.51,0.41,0.52,200.66,1,44
9,3,0,1.52,3.29,0.91,0.0,824,203.2,115.67,0.38,0.33,0.33,0.2,180.34,4,45
2,1,0,1.32,1.63,0.0,0.0,825,182.88,77.11,0.26,0.44,0.0,0.33,180.34,1,35
9,5,0,2.28,4.32,2.51,1.6,826,175.26,61.23,0.44,0.4,0.34,0.42,180.34,1,42
19,9,1,2.53,2.53,0.0,3.0,827,187.96,77.11,0.49,0.52,0.0,1.0,180.34,1,39
20,6,1,3.17,2.27,0.0,0.0,828,182.88,77.11,0.46,0.53,0.0,0.77,180.34,2,40
11,4,1,1.4,2.07,1.0,0.0,829,170.18,65.77,0.26,0.65,0.25,0.33,180.34,1,37
9,3,0,4.36,2.98,1.37,0.3,830,175.26,83.91,0.48,0.66,0.71,0.88,177.8,2,54
25,12,0,2.22,1.64,1.79,0.6,831,190.5,92.99,0.42,0.59,0.36,0.73,198.12,1,44
21,13,0,4.53,1.75,1.83,0.0,832,177.8,61.23,0.5,0.63,0.62,0.62,180.34,1,43
18,9,0,1.71,1.99,1.42,1.2,833,180.34,77.11,0.39,0.63,0.31,0.63,187.96,1,45
9,2,0,1.01,3.83,0.85,0.8,834,170.18,65.77,0.69,0.35,0.33,0.63,180.34,1,38
18,7,1,2.26,3.63,2.0,0.0,835,180.34,70.31,0.41,0.53,0.38,0.78,185.42,2,39
19,11,0,0.46,12.92,0.0,0.0,836,177.8,77.11,0.33,0.09,0.0,0.0,180.34,2,40
6,5,0,4.71,3.55,0.57,0.3,837,177.8,77.11,0.46,0.6,0.27,0.6,190.5,1,45
10,2,0,2.79,3.89,0.89,0.0,838,172.72,65.77,0.4,0.59,0.33,0.5,177.8,1,42
16,7,1,1.16,3.26,0.62,0.3,839,187.96,83.91,0.46,0.32,0.07,0.66,180.34,1,43
16,12,0,3.94,2.41,0.5,0.2,840,185.42,70.31,0.46,0.65,0.45,0.53,190.5,1,46
15,2,0,1.18,2.27,3.0,0.3,841,175.26,83.91,0.46,0.56,0.37,0.66,180.34,1,38
14,9,1,1.29,1.85,2.34,1.5,842,177.8,70.31,0.33,0.61,0.32,0.2,180.34,1,47
19,4,1,1.6,3.08,0.47,0.9,843,170.18,61.23,0.28,0.59,0.11,0.66,180.34,1,40
14,4,0,4.56,4.46,0.74,0.0,844,187.96,83.91,0.32,0.62,0.33,0.8,187.96,1,44
7,4,0,4.13,2.92,0.67,0.7,845,190.5,92.99,0.66,0.54,0.33,0.66,180.34,1,39
14,4,0,2.64,4.5,1.4,1.9,846,177.8,70.31,0.42,0.48,0.33,0.5,185.42,1,43
6,3,0,1.69,2.87,0.0,0.0,847,182.88,77.11,0.29,0.65,0.0,0.58,180.34,1,39
9,4,0,2.73,5.57,1.0,0.0,848,165.1,61.23,0.31,0.46,0.09,0.33,180.34,2,43
19,8,0,1.52,1.55,4.23,0.0,849,177.8,70.31,0.56,0.46,0.42,0.72,177.8,1,45
10,16,1,1.13,1.0,2.0,0.0,850,165.1,65.77,0.36,0.62,0.33,0.33,180.34,1,39
4,6,0,1.71,2.19,1.43,0.0,851,177.8,65.77,0.5,0.62,0.25,0.0,180.34,0,41
9,4,0,1.08,2.67,3.39,0.7,852,175.26,70.31,0.45,0.52,0.5,1.0,180.34,1,38
11,4,0,4.91,7.17,0.0,0.0,853,175.26,65.77,0.23,0.51,0.0,0.0,180.34,1,37
42,22,0,2.91,2.34,0.76,0.7,854,175.26,70.31,0.42,0.66,0.53,0.69,185.42,2,49
16,7,1,5.56,5.6,0.2,0.0,855,172.72,70.31,0.47,0.45,0.12,0.58,177.8,1,48
9,3,0,3.23,4.27,3.66,0.0,856,177.8,61.23,0.42,0.52,0.44,0.5,177.8,2,39
10,5,0,2.92,2.22,2.32,0.4,857,193.04,111.13,0.37,0.57,0.46,0.72,198.12,1,43
11,3,0,1.33,3.82,0.93,2.2,858,170.18,61.23,0.21,0.51,0.37,0.5,180.34,1,37
7,3,0,3.72,4.04,0.0,0.9,859,182.88,70.31,0.48,0.46,0.0,0.27,182.88,1,45
15,2,0,1.62,3.45,3.17,1.1,860,175.26,70.31,0.47,0.48,0.4,0.0,182.88,1,41
21,11,0,2.92,2.55,3.49,0.8,861,172.72,70.31,0.34,0.58,0.53,0.66,180.34,1,41
22,8,1,1.91,2.31,2.97,0.5,862,175.26,65.77,0.54,0.58,0.46,0.33,175.26,1,43
10,5,0,3.2,4.13,0.96,0.5,863,185.42,77.11,0.39,0.64,0.33,0.75,187.96,1,36
6,3,0,1.33,3.33,1.5,0.0,864,175.26,61.23,0.27,0.6,0.5,0.5,180.34,1,35
11,4,1,2.99,5.62,3.87,2.3,865,185.42,77.11,0.39,0.63,0.83,0.44,180.34,1,42
13,9,0,3.5,5.61,0.44,0.3,866,170.18,70.31,0.36,0.57,0.16,0.8,180.34,1,46
8,4,0,2.34,6.42,0.57,1.1,867,160.02,56.7,0.37,0.48,0.4,0.31,160.02,1,41
13,8,0,3.2,3.43,0.0,0.0,868,170.18,56.7,0.34,0.69,0.0,0.16,180.34,1,40
7,6,0,7.73,6.82,0.0,0.0,869,195.58,92.99,0.45,0.49,0.0,0.5,180.34,0,39
13,10,0,1.27,2.55,0.0,0.0,870,172.72,56.7,0.32,0.42,0.0,0.2,180.34,1,42
12,2,0,3.33,5.39,2.77,0.0,871,180.34,92.99,0.43,0.43,0.41,0.0,180.34,1,44
9,6,0,2.24,2.23,1.44,0.0,872,172.72,65.77,0.44,0.5,0.26,0.58,175.26,1,37
12,6,0,3.25,4.91,0.7,0.0,873,172.72,65.77,0.45,0.5,0.28,0.86,172.72,1,43
17,4,0,2.85,1.33,2.99,0.6,874,187.96,92.99,0.34,0.72,0.38,0.72,200.66,1,41
10,4,0,3.51,5.32,0.0,0.0,875,190.5,83.91,0.23,0.57,0.0,0.58,198.12,1,34
7,4,0,1.17,1.83,0.0,0.0,876,187.96,83.91,0.28,0.67,0.0,1.0,180.34,1,42
13,5,1,3.59,3.25,2.08,0.0,877,165.1,56.7,0.39,0.67,0.3,0.88,162.56,1,42
8,3,1,1.29,5.5,2.66,1.3,878,170.18,70.31,0.33,0.32,0.36,0.0,180.34,1,35
10,3,0,2.03,2.83,3.0,1.5,879,180.34,83.91,0.19,0.64,0.54,1.0,180.34,0,37
11,4,0,1.4,1.75,0.0,0.8,880,185.42,70.31,0.33,0.6,0.0,0.61,180.34,1,36
9,3,0,4.92,3.96,1.85,0.0,881,180.34,77.11,0.54,0.65,0.45,0.78,190.5,1,34
5,4,0,2.47,2.73,2.0,0.0,882,177.8,65.77,0.37,0.69,0.22,0.5,180.34,1,37
11,6,0,0.85,5.92,0.75,2.3,883,187.96,112.04,0.37,0.22,0.16,0.33,190.5,1,48
18,6,0,2.09,2.01,0.41,0.0,884,162.56,61.23,0.45,0.57,0.22,0.45,167.64,2,49
10,2,0,1.21,4.14,0.0,0.0,885,170.18,61.23,0.19,0.55,0.0,0.0,180.34,1,31
12,7,0,3.44,4.01,0.65,0.0,886,180.34,70.31,0.52,0.46,0.33,0.5,180.34,4,39
12,4,0,1.03,3.01,0.0,0.0,887,185.42,120.2,0.31,0.55,0.0,0.57,180.34,1,43
8,3,0,2.12,3.32,0.0,0.9,888,190.5,83.91,0.37,0.64,0.0,0.5,180.34,2,42
5,1,0,1.3,1.73,0.0,0.0,889,162.56,56.7,0.18,0.79,0.0,0.75,180.34,1,43
9,2,0,1.26,4.84,0.0,0.0,890,172.72,70.31,0.31,0.48,0.0,0.22,180.34,1,46
10,3,0,2.72,5.8,0.0,0.0,891,172.72,70.31,0.42,0.51,0.0,0.14,180.34,1,39
15,11,0,2.49,6.36,0.67,1.3,892,170.18,61.23,0.3,0.51,0.18,0.44,180.34,1,45
17,11,0,1.79,2.27,2.46,0.4,893,177.8,77.11,0.36,0.63,0.48,0.64,185.42,1,48
9,2,0,1.7,3.17,1.0,0.5,894,180.34,83.91,0.36,0.45,0.15,0.46,180.34,1,38
18,8,0,3.76,2.97,0.59,0.0,895,172.72,65.77,0.44,0.53,0.66,0.65,180.34,1,40
3,2,0,2.47,5.33,1.0,0.0,896,175.26,65.77,0.51,0.44,0.1,0.33,180.34,1,39
15,7,0,0.79,5.26,0.0,0.0,897,177.8,70.31,0.5,0.23,0.0,0.0,180.34,1,36
6,3,0,3.74,4.9,1.75,0.0,898,165.1,52.16,0.71,0.32,0.12,1.0,180.34,1,34
20,14,0,3.08,3.14,0.89,0.8,899,190.5,77.11,0.31,0.51,0.16,0.48,190.5,1,44
35,11,0,2.11,1.89,0.19,0.3,900,187.96,104.33,0.5,0.63,0.4,0.78,185.42,2,51
11,3,0,3.47,3.5,5.2,1.4,901,175.26,65.77,0.57,0.57,0.44,0.61,180.34,2,38
1,5,0,2.5,3.55,0.75,0.8,902,170.18,52.16,0.44,0.64,0.2,0.0,180.34,1,49
12,6,0,3.2,2.37,0.0,0.3,903,177.8,77.11,0.49,0.44,0.0,0.32,177.8,1,50
11,3,0,3.25,4.45,2.53,0.7,904,175.26,70.31,0.43,0.54,0.58,0.77,180.34,1,37
37,12,0,3.25,2.51,1.52,0.1,905,185.42,92.99,0.54,0.55,0.56,0.73,185.42,1,47
9,5,0,3.81,5.72,4.21,0.0,906,165.1,56.7,0.32,0.59,0.58,0.75,165.1,1,40
6,6,0,2.24,3.39,1.18,0.4,907,180.34,77.11,0.48,0.41,0.33,0.26,185.42,1,49
18,7,0,2.21,2.72,2.83,0.4,908,185.42,83.91,0.5,0.46,0.5,0.57,187.96,4,46
15,11,0,1.68,2.32,4.19,0.6,909,162.56,52.16,0.48,0.57,0.63,0.5,180.34,0,43
29,10,2,2.42,2.12,2.55,0.6,910,180.34,65.77,0.42,0.65,0.56,0.54,185.42,1,42
4,3,0,2.57,2.53,0.0,0.0,911,167.64,56.7,0.47,0.67,0.0,0.6,180.34,1,38
4,2,0,2.71,2.15,1.94,0.0,912,162.56,56.7,0.46,0.51,0.6,0.68,180.34,1,35
4,1,0,1.1,2.45,3.38,0.0,913,170.18,61.23,0.6,0.49,0.81,0.0,170.18,1,39
23,9,1,1.28,1.88,1.75,0.8,914,180.34,70.31,0.48,0.53,0.3,0.69,180.34,2,36
13,4,0,4.43,3.87,0.63,0.4,915,198.12,83.91,0.36,0.59,0.42,0.63,195.58,1,38
14,6,0,3.12,2.26,3.17,0.6,916,182.88,83.91,0.51,0.57,0.29,0.57,180.34,1,48
13,5,0,2.19,2.73,0.4,0.3,917,180.34,83.91,0.35,0.54,0.42,0.65,185.42,1,46
11,5,0,1.99,2.96,1.06,2.1,918,162.56,56.7,0.36,0.55,0.33,0.4,162.56,1,41
13,6,1,3.92,4.8,0.0,0.0,919,180.34,77.11,0.5,0.41,0.0,1.0,180.34,1,44
29,10,0,3.77,4.4,0.0,0.0,920,177.8,77.11,0.47,0.47,0.0,1.0,180.34,1,42
19,5,0,3.12,2.77,0.45,0.0,921,185.42,92.99,0.66,0.46,0.28,0.87,185.42,1,44
6,2,0,2.05,2.05,0.0,0.0,922,172.72,61.23,0.47,0.58,0.0,0.62,180.34,2,33
5,1,0,3.79,3.98,2.13,0.7,923,180.34,83.91,0.31,0.68,0.42,1.0,180.34,1,42
9,5,0,2.68,3.32,2.14,1.0,924,177.8,70.31,0.42,0.51,0.26,0.27,177.8,1,43
51,18,0,2.32,2.14,1.7,0.1,925,182.88,77.11,0.49,0.56,0.23,0.61,185.42,2,45
6,4,0,5.4,3.94,0.0,0.0,926,177.8,83.91,0.51,0.43,0.0,1.0,180.34,1,37
11,3,0,1.12,3.65,2.92,2.2,927,185.42,65.77,0.41,0.4,0.8,0.72,180.34,1,36
20,5,0,3.49,2.21,1.69,0.0,928,177.8,65.77,0.55,0.64,0.42,0.66,180.34,1,37
11,3,0,1.4,1.87,2.0,0.0,929,177.8,77.11,0.37,0.41,0.33,0.62,180.34,1,38
7,2,0,1.53,0.73,0.0,0.0,930,182.88,77.11,0.58,0.66,0.0,0.68,180.34,1,42
8,4,0,2.03,2.57,1.93,0.0,931,182.88,83.91,0.32,0.6,0.83,0.63,193.04,1,42
10,6,1,1.64,1.6,0.0,0.3,932,172.72,70.31,0.29,0.67,0.0,0.31,175.26,1,41
15,6,0,2.36,2.29,1.06,0.6,933,185.42,77.11,0.37,0.54,0.5,0.61,195.58,1,46
13,5,0,1.92,5.38,0.72,1.4,934,167.64,56.7,0.25,0.52,0.25,0.33,170.18,2,38
14,8,0,2.03,3.06,1.67,1.8,935,185.42,83.91,0.36,0.49,0.54,0.47,187.96,1,44
9,4,0,2.39,3.01,0.53,0.0,936,185.42,77.11,0.4,0.5,0.37,0.72,193.04,1,40
21,11,0,1.93,2.63,2.0,0.9,937,187.96,83.91,0.38,0.5,0.68,0.81,198.12,1,43
25,9,0,1.52,2.86,0.86,0.6,938,185.42,77.11,0.42,0.49,0.15,0.22,195.58,1,45
22,9,0,2.59,2.12,1.92,1.3,939,177.8,70.31,0.47,0.64,0.39,0.54,180.34,1,47
7,7,0,3.97,3.64,0.56,0.0,940,162.56,61.23,0.35,0.56,1.0,0.8,180.34,2,41
12,7,0,0.72,2.99,0.0,0.0,941,177.8,65.77,0.34,0.41,0.0,0.5,180.34,1,39
22,8,3,3.16,2.84,2.4,0.0,942,190.5,92.99,0.61,0.41,0.36,0.62,180.34,1,38
14,13,1,3.47,2.07,0.81,1.0,943,167.64,56.7,0.47,0.7,0.33,0.72,167.64,1,43
13,4,0,4.55,4.38,2.12,0.4,944,177.8,70.31,0.48,0.43,0.83,0.69,177.8,1,37
12,3,0,1.67,2.22,1.0,0.0,945,182.88,77.11,0.33,0.53,0.37,0.7,185.42,1,37
27,7,0,3.41,2.91,1.56,0.6,946,175.26,70.31,0.49,0.59,0.16,0.75,185.42,1,45
3,5,0,4.83,4.43,1.27,1.9,947,180.34,61.23,0.53,0.57,0.36,0.5,185.42,1,39
9,6,0,3.05,1.62,5.32,1.1,948,180.34,70.31,0.44,0.62,0.62,0.55,190.5,1,38
8,4,0,3.05,3.2,0.22,0.0,949,167.64,61.23,0.38,0.57,0.06,0.5,170.18,1,43
22,5,0,2.47,2.68,2.2,0.0,950,193.04,120.2,0.57,0.48,0.47,0.66,205.74,1,48
34,10,0,1.95,2.4,1.3,2.4,951,190.5,108.86,0.42,0.55,0.29,0.36,195.58,1,49
12,7,0,2.19,5.9,0.0,0.0,952,175.26,70.31,0.26,0.45,0.0,0.4,180.34,1,38
10,6,0,1.95,2.89,1.77,0.0,953,170.18,61.23,0.39,0.57,0.18,0.5,180.34,1,38
12,5,0,3.57,4.63,4.0,0.0,954,165.1,61.23,0.41,0.62,0.42,0.83,180.34,1,36
17,9,0,4.01,4.41,0.15,0.0,955,185.42,83.91,0.44,0.5,0.07,0.43,185.42,1,43
13,3,0,3.67,2.97,1.62,0.2,956,180.34,70.31,0.49,0.51,0.38,0.85,185.42,1,39
20,11,0,3.06,2.93,1.94,0.1,957,170.18,61.23,0.41,0.62,0.6,0.82,172.72,1,46
20,12,1,4.17,4.08,0.63,0.1,958,175.26,70.31,0.28,0.57,0.38,0.77,177.8,1,42
28,4,0,3.87,3.27,1.0,0.0,959,172.72,70.31,0.34,0.69,0.33,0.0,180.34,0,40
14,8,0,3.22,3.26,0.0,0.0,960,187.96,77.11,0.6,0.51,0.0,0.71,190.5,2,43
14,7,0,4.22,5.0,2.81,0.5,961,180.34,65.77,0.32,0.5,0.39,0.71,185.42,1,33
4,2,0,2.6,2.13,0.0,1.4,962,180.34,77.11,0.51,0.36,0.0,0.81,180.34,2,40
34,14,7,1.02,2.89,0.83,0.8,963,172.72,70.31,0.31,0.5,0.16,0.46,167.64,2,44
24,8,2,2.64,2.47,1.88,0.8,964,172.72,65.77,0.4,0.61,0.75,0.76,167.64,1,44
15,13,1,3.43,2.47,1.05,0.1,965,185.42,61.23,0.34,0.6,0.57,0.59,182.88,1,44
17,7,0,2.58,2.46,0.77,0.4,966,167.64,56.7,0.41,0.64,0.4,0.72,167.64,1,41
17,8,0,3.35,2.23,1.11,0.8,967,160.02,56.7,0.43,0.61,0.39,0.57,162.56,2,44
13,3,0,2.65,2.42,0.97,0.0,968,175.26,70.31,0.42,0.64,0.22,0.41,177.8,1,44
14,1,0,4.02,1.47,0.33,0.0,969,190.5,109.77,0.47,0.66,1.0,0.88,198.12,1,39
19,8,0,2.87,3.3,1.97,0.1,970,182.88,117.93,0.5,0.47,0.38,0.76,190.5,2,41
8,3,0,0.63,7.01,2.82,0.0,971,182.88,83.91,0.55,0.25,0.5,0.6,180.34,1,40
17,4,1,2.49,3.01,2.46,0.4,972,185.42,77.11,0.44,0.55,0.23,0.83,190.5,1,38
7,3,0,1.07,3.33,0.5,0.0,973,167.64,52.16,0.39,0.43,0.33,0.37,180.34,1,37
16,6,0,2.92,1.4,2.15,0.9,974,157.48,52.16,0.52,0.55,0.41,0.33,162.56,1,38
16,7,0,2.6,2.98,0.0,0.0,975,180.34,70.31,0.34,0.54,0.0,0.6,185.42,1,38
8,5,0,2.99,4.14,3.2,1.9,976,167.64,56.7,0.38,0.51,0.83,0.55,170.18,1,38
12,2,1,2.13,2.81,2.88,1.3,977,177.8,56.7,0.46,0.46,0.47,0.71,175.26,1,38
7,3,0,2.12,3.96,0.0,0.0,978,167.64,61.23,0.34,0.42,0.0,0.25,165.1,0,34
17,4,2,2.23,4.1,0.75,0.0,979,180.34,77.11,0.39,0.59,0.17,0.9,180.34,1,43
15,5,0,4.65,2.91,0.0,0.0,980,182.88,65.77,0.44,0.58,0.0,0.5,187.96,1,41
23,11,0,5.29,4.31,0.44,0.6,981,185.42,92.99,0.58,0.53,0.57,0.61,190.5,1,46
18,6,0,3.98,3.17,2.55,0.4,982,175.26,70.31,0.45,0.58,0.44,0.7,180.34,1,38
24,8,0,2.28,5.52,2.51,0.0,983,180.34,77.11,0.35,0.45,0.33,0.0,180.34,1,43
9,5,0,4.85,4.12,0.0,0.0,984,193.04,83.91,0.39,0.47,0.0,0.64,180.34,2,35
21,8,0,2.73,3.77,3.0,0.0,985,167.64,56.7,0.28,0.63,0.45,0.36,170.18,1,40
10,4,0,3.69,4.09,3.0,1.0,986,167.64,56.7,0.46,0.57,0.45,0.31,175.26,1,42
15,10,0,2.27,3.77,2.03,1.1,987,190.5,92.99,0.43,0.53,0.22,0.33,190.5,1,53
23,11,1,2.32,4.01,1.07,0.4,988,177.8,70.31,0.45,0.56,1.0,0.33,180.34,2,43
15,5,0,4.87,4.09,1.33,0.0,989,182.88,70.31,0.37,0.61,0.4,0.96,185.42,1,40
3,1,0,4.0,8.0,0.0,0.0,990,167.64,77.11,0.25,0.55,0.0,0.0,180.34,1,33
15,12,0,3.37,3.41,2.61,0.7,991,165.1,61.23,0.4,0.65,0.45,0.59,167.64,1,43
18,4,1,1.68,3.8,1.99,0.7,992,177.8,70.31,0.32,0.45,0.25,0.33,180.34,1,42
18,8,1,3.53,2.0,1.33,0.3,993,175.26,65.77,0.51,0.48,0.16,0.57,180.34,1,44
13,3,0,3.55,3.21,1.7,0.5,994,177.8,83.91,0.51,0.63,0.41,0.61,185.42,2,41
14,6,0,3.1,3.62,2.29,1.0,995,177.8,77.11,0.41,0.57,0.67,0.92,190.5,1,50
24,7,0,2.93,1.79,2.4,0.8,996,175.26,77.11,0.45,0.63,0.45,0.63,177.8,2,42
3,3,0,2.6,5.29,1.86,0.0,997,160.02,52.16,0.36,0.38,0.14,0.5,180.34,0,44
10,4,0,2.83,4.74,1.55,0.0,998,180.34,77.11,0.37,0.57,0.66,0.8,180.34,1,38
24,13,0,2.15,3.08,2.7,0.4,999,170.18,77.11,0.5,0.51,0.49,0.53,182.88,1,43
20,9,1,6.27,6.87,2.0,0.0,1000,180.34,70.31,0.49,0.43,0.2,0.0,180.34,0,43
17,7,0,2.62,2.36,3.08,0.2,1001,172.72,77.11,0.42,0.62,0.42,0.71,180.34,1,45
9,3,0,1.07,1.83,0.0,0.0,1002,180.34,104.33,0.36,0.47,0.0,0.7,180.34,1,43
12,4,0,3.47,4.07,3.0,0.0,1003,175.26,70.31,0.43,0.43,0.25,0.33,180.34,0,38
17,4,0,1.61,2.89,0.35,0.7,1004,182.88,83.91,0.45,0.42,0.2,0.66,190.5,2,37
6,3,0,2.11,3.16,0.0,0.0,1005,177.8,77.11,0.46,0.48,0.0,0.25,180.34,0,43
17,10,0,2.57,1.96,2.95,0.2,1006,175.26,70.31,0.42,0.62,0.38,0.63,180.34,1,46
18,4,0,6.65,4.0,0.38,0.0,1007,165.1,61.23,0.46,0.62,0.57,0.81,167.64,1,40
14,5,0,3.16,4.23,2.21,0.6,1008,177.8,77.11,0.29,0.6,0.57,0.5,180.34,1,42
10,3,1,2.26,3.73,3.23,0.0,1009,185.42,77.11,0.4,0.37,0.37,0.14,180.34,2,41
26,12,5,1.88,1.63,1.44,0.9,1010,170.18,61.23,0.49,0.62,0.5,0.63,170.18,1,43
12,4,0,1.81,0.76,0.71,0.7,1011,180.34,70.31,0.63,0.65,0.5,0.5,177.8,2,40
22,11,0,2.94,3.38,3.21,0.6,1012,170.18,65.77,0.47,0.62,0.68,0.8,162.56,1,39
18,10,0,2.88,2.98,2.04,0.2,1013,172.72,70.31,0.38,0.57,0.41,0.6,182.88,4,40
12,5,0,3.55,2.79,0.0,0.7,1014,190.5,120.2,0.5,0.64,0.0,0.55,208.28,4,47
14,5,0,6.68,4.6,0.0,0.0,1015,175.26,70.31,0.58,0.57,0.0,0.71,180.34,1,41
15,2,1,2.87,2.07,3.67,0.0,1016,172.72,65.77,0.54,0.61,0.42,0.85,172.72,1,37
9,4,0,2.57,3.24,0.44,0.0,1017,193.04,77.11,0.34,0.54,0.1,0.6,193.04,1,36
11,7,0,2.46,3.5,0.47,0.0,1018,177.8,65.77,0.32,0.54,0.33,0.69,177.8,1,39
11,2,0,2.79,1.47,2.37,2.4,1019,175.26,65.77,0.46,0.63,0.26,0.16,175.26,1,41
13,9,0,3.68,3.78,0.08,0.0,1020,177.8,70.31,0.35,0.65,0.2,0.68,177.8,1,43
12,7,0,2.71,3.62,0.6,0.1,1021,185.42,92.99,0.53,0.49,0.4,0.63,187.96,1,46
14,4,0,2.08,1.52,1.83,0.1,1022,187.96,120.2,0.46,0.59,0.41,0.66,190.5,1,39
9,2,0,1.47,2.27,2.5,1.0,1023,177.8,77.11,0.3,0.64,0.31,0.4,180.34,1,37
10,6,0,2.23,3.1,0.36,0.7,1024,175.26,83.91,0.46,0.58,0.07,0.53,185.42,1,43
44,17,0,2.41,1.69,2.45,0.6,1025,182.88,83.91,0.51,0.57,0.55,0.62,177.8,2,43
15,6,0,2.02,5.91,0.0,0.0,1026,185.42,70.31,0.38,0.38,0.0,0.0,180.34,0,41
23,6,1,3.06,2.88,1.98,0.0,1027,180.34,70.31,0.35,0.64,0.26,0.77,177.8,2,39
21,11,0,1.43,1.62,1.06,1.4,1028,175.26,65.77,0.41,0.64,0.2,0.18,180.34,1,45
11,5,0,2.25,2.82,2.64,0.0,1029,177.8,83.91,0.32,0.65,0.23,0.16,182.88,1,38
9,4,0,2.35,3.7,0.92,0.9,1030,170.18,65.77,0.38,0.35,0.14,0.55,167.64,1,38
12,7,0,3.42,2.96,2.43,0.0,1031,172.72,70.31,0.43,0.68,0.2,0.0,177.8,2,44
9,2,1,4.67,4.41,1.99,0.0,1032,182.88,83.91,0.51,0.62,0.13,0.0,185.42,1,42
10,6,0,2.5,2.41,2.46,1.4,1033,182.88,92.99,0.42,0.6,0.32,0.57,187.96,2,43
19,6,0,3.26,2.77,1.93,0.3,1034,180.34,77.11,0.42,0.63,0.5,0.66,190.5,1,42
19,2,1,1.57,3.9,3.0,0.5,1035,154.94,61.23,0.33,0.6,0.18,0.75,180.34,1,39
6,3,0,3.37,2.98,1.45,0.0,1036,172.72,65.77,0.45,0.54,0.22,0.63,172.72,1,40
16,9,0,4.04,2.99,2.75,0.2,1037,187.96,83.91,0.51,0.62,0.37,0.58,190.5,1,44
18,11,0,2.18,3.84,2.02,2.0,1038,190.5,119.75,0.47,0.38,0.4,0.54,200.66,2,47
19,3,0,2.87,4.14,0.0,0.5,1039,182.88,65.77,0.35,0.6,0.0,0.76,182.88,2,37
14,4,0,2.33,1.99,1.9,0.0,1040,175.26,65.77,0.46,0.62,0.3,0.45,175.26,2,43
12,2,2,0.0,0.88,0.0,0.0,1041,172.72,61.23,0.0,0.33,0.0,0.0,180.34,1,33
9,3,0,0.11,7.36,0.0,12.1,1042,165.1,61.23,0.07,0.31,0.0,0.0,180.34,1,39
28,13,0,2.25,4.26,0.87,0.2,1043,182.88,92.99,0.45,0.4,0.29,0.51,187.96,1,47
17,11,0,2.12,2.94,2.8,1.1,1044,187.96,109.77,0.45,0.57,0.39,0.66,193.04,1,47
28,12,0,2.92,2.3,1.31,0.8,1045,175.26,70.31,0.44,0.63,0.4,0.66,180.34,1,40
11,6,0,3.36,3.44,1.02,0.0,1046,187.96,92.99,0.42,0.56,0.35,0.6,195.58,1,39
9,3,0,2.4,2.64,1.04,0.3,1047,170.18,56.7,0.43,0.48,0.18,0.53,172.72,1,45
12,7,0,1.8,4.28,0.0,0.4,1048,172.72,56.7,0.38,0.38,0.0,0.67,182.88,1,39
9,5,0,0.48,2.53,4.07,0.0,1049,185.42,77.11,0.23,0.39,0.52,0.28,200.66,1,37
13,3,0,2.02,1.98,2.89,1.2,1050,180.34,70.31,0.47,0.62,0.35,0.37,185.42,1,43
10,5,0,3.45,3.18,1.6,0.2,1051,170.18,56.7,0.35,0.61,0.58,0.78,175.26,1,40
12,2,0,5.99,5.38,0.92,0.0,1052,180.34,92.99,0.52,0.5,0.33,1.0,182.88,1,44
19,4,0,3.75,2.8,1.77,0.4,1053,182.88,77.11,0.42,0.62,0.47,0.88,193.04,1,36
16,3,0,0.88,1.14,2.2,1.6,1054,172.72,61.23,0.64,0.46,0.33,0.5,182.88,1,46
19,3,0,2.37,3.33,2.5,1.5,1055,165.1,61.23,0.36,0.53,0.31,1.0,180.34,0,41
11,5,0,3.13,4.56,0.0,0.0,1056,185.42,70.31,0.3,0.46,0.0,0.33,180.34,1,41
7,3,0,2.99,2.31,6.11,0.0,1057,180.34,77.11,0.64,0.52,0.6,0.0,180.34,1,39
3,1,0,3.13,4.07,0.0,0.0,1058,190.5,92.99,0.39,0.42,0.0,1.0,180.34,4,38
15,4,0,1.75,1.78,2.02,0.5,1059,167.64,65.77,0.39,0.48,0.22,0.56,180.34,0,44
21,7,1,2.0,2.31,3.83,1.5,1060,170.18,65.77,0.4,0.62,0.42,0.62,177.8,1,41
10,4,0,1.43,3.0,2.5,1.0,1061,177.8,77.11,0.33,0.5,0.38,0.6,180.34,0,39
5,3,0,3.53,2.11,3.9,0.5,1062,190.5,120.2,0.72,0.5,0.55,0.6,205.74,1,48
13,6,1,1.41,2.8,2.82,0.0,1063,177.8,70.31,0.25,0.51,0.3,0.0,185.42,1,35
5,2,0,2.5,3.07,0.85,1.7,1064,160.02,52.16,0.5,0.52,1.0,0.4,180.34,1,32
13,4,0,2.08,2.47,1.09,0.4,1065,190.5,83.91,0.52,0.34,0.33,0.33,200.66,1,38
17,4,0,2.69,2.76,1.09,1.4,1066,175.26,61.23,0.42,0.57,0.66,0.52,177.8,1,35
13,3,0,2.9,4.38,2.26,0.3,1067,175.26,65.77,0.4,0.56,0.41,0.8,180.34,1,39
8,3,0,5.37,5.2,7.32,2.4,1068,180.34,70.31,0.45,0.56,0.75,0.0,180.34,1,35
6,0,1,1.25,1.47,4.8,0.4,1069,177.8,77.11,0.54,0.58,0.52,0.66,180.34,1,35
11,7,0,4.07,3.16,1.01,0.6,1070,172.72,61.23,0.41,0.68,0.63,0.68,177.8,1,44
36,11,2,2.04,2.01,3.63,1.1,1071,170.18,65.77,0.44,0.5,0.48,0.63,175.26,1,48
4,3,0,0.86,2.91,0.0,0.0,1072,177.8,65.77,0.26,0.46,0.0,0.5,180.34,0,35
12,2,0,1.79,3.49,2.83,0.0,1073,190.5,83.91,0.52,0.45,0.5,0.66,180.34,1,41
18,6,0,3.53,2.74,0.27,0.1,1074,180.34,77.11,0.46,0.63,0.42,0.79,182.88,1,39
6,6,0,2.6,3.07,0.75,0.2,1075,167.64,61.23,0.33,0.58,0.25,0.53,165.1,1,39
19,9,0,3.8,2.17,2.53,0.9,1076,175.26,77.11,0.41,0.62,0.48,0.63,180.34,2,41
14,6,0,3.99,3.19,1.36,0.0,1077,182.88,70.31,0.59,0.55,0.28,0.82,180.34,1,39
9,5,0,2.27,3.76,0.79,0.4,1078,180.34,83.91,0.53,0.46,0.22,0.27,195.58,2,44
20,6,0,2.39,2.08,1.76,0.4,1079,175.26,70.31,0.48,0.63,0.37,0.65,182.88,1,40
13,6,0,2.08,3.17,2.38,1.2,1080,170.18,61.23,0.37,0.58,0.22,0.5,175.26,1,42
18,10,0,2.72,2.07,0.49,0.5,1081,175.26,70.31,0.38,0.66,0.33,0.57,180.34,4,43
35,8,0,3.2,2.11,1.26,1.4,1082,190.5,113.4,0.5,0.57,0.55,0.55,198.12,1,48
12,6,0,4.24,4.02,0.14,0.0,1083,177.8,77.11,0.32,0.6,0.33,0.68,187.96,1,38
10,3,0,2.27,2.78,1.05,1.6,1084,185.42,83.91,0.4,0.56,0.15,0.58,185.42,1,38
6,2,0,2.44,4.46,0.62,0.0,1085,177.8,61.23,0.28,0.55,1.0,0.5,185.42,1,39
11,5,0,2.35,2.99,0.0,1.0,1086,182.88,83.91,0.56,0.44,0.0,0.52,180.34,1,44
15,3,0,3.46,2.66,0.0,0.0,1087,185.42,77.11,0.46,0.56,0.0,0.66,185.42,1,41
12,8,0,4.11,3.19,1.85,0.3,1088,172.72,65.77,0.44,0.66,0.36,0.63,180.34,1,42
15,5,0,3.72,3.02,1.37,0.8,1089,177.8,77.11,0.47,0.52,0.26,0.57,187.96,1,42
15,5,0,2.35,3.46,2.68,0.3,1090,182.88,70.31,0.42,0.47,0.42,0.76,195.58,1,35
17,10,1,0.97,2.44,0.0,3.8,1091,180.34,77.11,0.38,0.39,0.0,0.38,185.42,1,38
19,12,1,2.89,3.09,0.82,0.8,1092,193.04,119.75,0.45,0.5,0.29,0.66,208.28,1,46
4,2,0,4.01,3.61,0.0,0.0,1093,172.72,61.23,0.48,0.52,0.0,0.44,180.34,1,41
12,3,0,4.15,7.32,3.97,0.0,1094,190.5,111.13,0.43,0.4,1.0,0.16,180.34,1,37
14,5,0,2.07,1.6,2.28,2.5,1095,193.04,83.91,0.49,0.46,0.5,0.33,193.04,4,39
13,3,0,2.06,3.88,1.01,0.0,1096,172.72,70.31,0.35,0.57,0.25,0.66,180.34,1,35
18,4,0,3.76,3.34,0.2,0.0,1097,180.34,77.11,0.42,0.58,0.2,0.75,185.42,1,34
32,15,0,2.44,2.7,1.52,0.3,1098,180.34,83.91,0.47,0.51,0.52,0.57,187.96,1,55
5,4,0,2.37,4.17,0.0,0.0,1099,177.8,65.77,0.3,0.48,0.0,0.46,180.34,1,33
11,3,1,1.73,3.55,0.7,0.0,1100,182.88,70.31,0.24,0.66,0.33,1.0,180.34,1,46
7,5,0,2.79,2.06,2.29,0.0,1101,182.88,77.11,0.44,0.64,0.36,0.66,185.42,1,40
17,6,0,3.16,2.09,3.16,0.2,1102,172.72,61.23,0.4,0.66,0.55,0.69,172.72,1,36
7,6,0,3.69,5.62,0.33,0.3,1103,167.64,52.16,0.49,0.5,0.04,0.8,162.56,1,45
11,6,0,0.87,3.43,2.34,0.0,1104,160.02,61.23,0.31,0.58,0.45,0.0,180.34,1,36
3,2,0,3.68,4.64,0.0,0.0,1105,160.02,52.16,0.49,0.56,0.0,0.33,180.34,1,41
15,6,0,2.85,3.09,2.51,0.3,1106,162.56,56.7,0.42,0.52,0.36,0.65,165.1,1,40
14,5,0,2.38,3.02,2.87,1.0,1107,195.58,83.91,0.51,0.4,0.64,0.66,200.66,1,44
15,10,0,2.13,2.83,3.26,0.7,1108,165.1,61.23,0.41,0.55,0.34,0.69,170.18,1,45
23,5,0,2.82,1.39,3.37,0.4,1109,187.96,92.99,0.43,0.71,0.44,0.8,187.96,1,42
2,4,0,1.44,2.82,0.66,0.0,1110,165.1,56.7,0.21,0.48,0.16,0.58,162.56,1,35
5,4,1,2.66,1.91,1.09,0.3,1111,162.56,65.77,0.41,0.61,0.5,0.62,162.56,2,44
9,3,0,1.51,5.07,0.83,0.6,1112,165.1,56.7,0.31,0.52,0.37,0.38,167.64,1,36
8,1,0,3.47,1.43,0.58,0.0,1113,190.5,77.11,0.5,0.69,0.33,0.58,180.34,4,38
9,5,0,3.84,2.72,1.55,0.2,1114,182.88,77.11,0.46,0.58,0.4,0.66,185.42,1,37
17,8,0,4.2,5.15,0.0,0.2,1115,157.48,52.16,0.39,0.61,0.0,0.66,157.48,2,39
9,3,0,2.17,4.34,1.36,0.0,1116,170.18,70.31,0.44,0.48,0.33,0.0,180.34,2,36
22,10,1,3.23,2.09,1.53,0.8,1117,185.42,77.11,0.5,0.64,0.54,0.66,193.04,2,46
15,6,1,3.41,4.27,0.0,0.0,1118,182.88,83.91,0.4,0.38,0.0,0.81,182.88,1,39
6,3,0,1.9,2.77,2.22,0.6,1119,170.18,77.11,0.47,0.39,0.43,0.36,175.26,1,38
5,1,0,3.58,4.81,1.76,0.0,1120,182.88,92.99,0.36,0.62,0.4,0.0,180.34,1,40
20,7,0,3.69,4.23,0.63,0.3,1121,175.26,65.77,0.35,0.59,0.11,0.33,177.8,1,39
7,2,0,1.04,2.92,1.56,0.8,1122,180.34,83.91,0.39,0.45,1.0,0.5,180.34,1,32
17,9,0,5.46,6.77,0.0,0.5,1123,185.42,92.99,0.48,0.45,0.0,0.3,187.96,1,42
20,8,0,1.94,2.24,3.71,0.3,1124,162.56,56.7,0.43,0.62,0.3,0.56,162.56,2,43
8,6,0,4.51,5.4,0.77,0.3,1125,170.18,52.16,0.37,0.58,0.45,0.66,172.72,1,43
18,6,0,2.78,1.84,2.58,0.7,1126,180.34,83.91,0.47,0.62,0.35,0.7,187.96,1,46
3,2,0,1.58,1.89,2.84,0.0,1127,160.02,56.7,0.26,0.61,0.25,0.84,165.1,1,46
21,11,2,3.37,3.27,1.46,0.1,1128,170.18,61.23,0.37,0.57,0.57,0.7,175.26,1,42
9,5,0,2.39,3.86,0.0,0.2,1129,177.8,77.11,0.48,0.4,0.0,0.79,180.34,4,38
21,11,0,3.0,3.88,0.6,1.8,1130,185.42,65.77,0.33,0.59,0.36,0.38,185.42,1,42
11,5,0,2.7,3.63,1.36,0.7,1131,187.96,77.11,0.42,0.52,0.66,0.5,187.96,4,40
12,2,0,4.17,4.14,6.26,4.8,1132,170.18,61.23,0.52,0.44,0.68,0.5,167.64,1,39
6,4,0,2.96,4.83,0.34,0.0,1133,170.18,52.16,0.31,0.56,0.25,0.81,162.56,1,40
10,4,0,1.58,2.54,3.29,0.0,1134,190.5,108.86,0.36,0.56,0.28,1.0,195.58,1,35
17,5,0,0.79,2.75,0.79,0.0,1135,175.26,70.31,0.25,0.45,1.0,0.5,180.34,1,36
5,3,0,1.32,3.39,2.83,0.0,1136,185.42,92.99,0.46,0.44,0.33,0.5,190.5,1,41
11,3,0,1.97,1.99,2.4,0.2,1137,165.1,61.23,0.37,0.5,0.38,0.43,170.18,1,35
21,11,0,1.46,1.82,3.05,1.4,1138,180.34,77.11,0.46,0.62,0.42,0.83,193.04,1,47
11,8,1,1.79,2.48,0.99,0.7,1139,175.26,65.77,0.35,0.56,0.28,0.44,182.88,1,42
13,5,0,3.76,2.89,1.97,0.8,1140,170.18,61.23,0.4,0.59,0.27,0.25,165.1,1,43
10,5,0,2.48,2.53,0.0,0.0,1141,180.34,70.31,0.41,0.64,0.0,0.64,180.34,1,43
15,8,0,2.46,3.55,1.45,0.9,1142,172.72,65.77,0.33,0.59,0.43,0.7,170.18,1,40
13,6,0,3.56,2.94,1.15,0.9,1143,185.42,83.91,0.54,0.45,0.22,0.34,182.88,2,43
14,7,0,2.04,3.14,0.59,0.8,1144,170.18,65.77,0.44,0.53,0.3,0.36,185.42,1,42
14,4,0,3.03,3.52,0.44,0.7,1145,190.5,83.91,0.46,0.52,0.18,0.65,190.5,2,38
25,14,0,3.02,4.63,2.47,0.4,1146,167.64,61.23,0.31,0.55,0.44,0.58,172.72,1,47
14,7,0,3.21,4.75,0.36,0.0,1147,180.34,65.77,0.39,0.51,0.16,0.83,180.34,1,39
23,11,0,2.81,3.21,0.68,0.2,1148,180.34,77.11,0.48,0.48,0.2,0.43,190.5,1,46
42,6,2,3.75,1.21,1.59,1.1,1149,187.96,83.91,0.5,0.68,0.6,0.59,193.04,1,40
22,6,0,3.25,1.83,2.43,0.6,1150,187.96,92.99,0.47,0.6,0.57,0.77,198.12,1,42
15,7,0,3.88,2.4,3.17,0.0,1151,177.8,77.11,0.52,0.61,0.47,0.5,175.26,2,47
6,2,0,2.42,3.91,1.75,0.0,1152,167.64,61.23,0.34,0.56,0.33,0.8,165.1,1,43
20,2,0,4.4,3.05,0.67,0.2,1153,175.26,70.31,0.49,0.54,0.57,0.89,177.8,1,41
22,14,0,2.18,4.79,1.14,0.1,1154,182.88,119.29,0.36,0.46,0.27,0.65,185.42,1,49
11,5,0,3.39,3.93,0.0,1.8,1155,177.8,70.31,0.36,0.59,0.0,0.7,182.88,1,40
8,3,0,3.13,3.4,5.0,0.0,1156,170.18,61.23,0.32,0.58,0.55,0.0,180.34,1,41
8,3,0,4.08,5.85,1.85,1.2,1157,185.42,70.31,0.48,0.4,0.42,0.3,180.34,1,40
13,5,0,3.56,3.8,1.16,0.2,1158,182.88,77.11,0.35,0.57,0.19,0.82,190.5,1,40
14,6,0,2.51,3.31,3.17,0.5,1159,180.34,70.31,0.46,0.66,0.33,0.89,185.42,1,47
24,13,0,3.57,2.96,0.27,0.5,1160,187.96,83.91,0.44,0.56,0.19,0.57,190.5,1,39
7,4,0,4.12,4.65,0.0,0.5,1161,193.04,83.91,0.43,0.47,0.0,0.5,195.58,1,36
29,11,0,3.19,6.65,0.0,0.0,1162,177.8,77.11,0.26,0.49,0.0,1.0,180.34,1,42
18,7,0,1.87,3.92,1.59,0.3,1163,177.8,77.11,0.44,0.41,0.2,0.28,180.34,1,45
14,9,0,2.32,2.42,2.95,0.0,1164,177.8,77.11,0.49,0.5,0.42,0.76,187.96,1,38
9,2,0,3.29,3.45,0.78,0.0,1165,165.1,61.23,0.41,0.47,1.0,0.26,180.34,4,36
16,7,0,4.05,3.06,0.52,0.1,1166,177.8,77.11,0.47,0.62,0.36,0.84,177.8,4,39
22,4,0,2.12,1.89,2.93,0.6,1167,187.96,77.11,0.49,0.58,0.43,0.71,193.04,2,44
4,8,0,3.22,3.54,0.0,1.0,1168,187.96,92.99,0.54,0.54,0.0,0.87,187.96,1,41
22,6,0,3.95,2.66,1.7,0.2,1169,177.8,70.31,0.38,0.61,0.45,0.72,182.88,1,36
23,11,0,3.87,2.67,0.87,0.3,1170,167.64,65.77,0.32,0.65,0.32,0.65,177.8,1,47
14,6,0,3.78,3.29,0.0,0.0,1171,190.5,92.99,0.41,0.46,0.0,0.0,193.04,1,47
19,10,0,3.53,7.07,1.0,0.0,1172,177.8,77.11,0.26,0.43,0.11,0.0,180.34,2,39
7,1,0,2.31,6.92,0.0,0.0,1173,187.96,92.99,0.17,0.44,0.0,0.0,180.34,1,38
31,15,0,1.94,0.55,7.28,3.1,1174,182.88,77.11,0.65,0.38,0.5,1.0,185.42,1,43
18,7,1,2.93,4.31,1.21,0.2,1175,198.12,115.67,0.41,0.42,0.68,0.75,200.66,1,43
19,8,0,3.09,3.29,0.56,0.1,1176,182.88,112.04,0.57,0.47,0.26,0.68,187.96,2,43
10,7,1,7.56,8.41,0.0,0.0,1177,175.26,61.23,0.4,0.51,0.0,0.62,167.64,1,43
3,3,0,1.64,7.21,0.0,0.0,1178,180.34,77.11,0.19,0.53,0.0,0.0,180.34,1,45
16,13,0,3.56,3.79,0.78,1.6,1179,162.56,56.7,0.41,0.58,0.27,0.53,162.56,1,46
11,2,0,2.4,3.47,0.0,0.0,1180,177.8,110.22,0.31,0.42,0.0,0.25,185.42,1,38
12,3,0,1.7,1.75,2.6,1.1,1181,177.8,70.31,0.53,0.51,0.51,0.55,177.8,1,38
10,4,0,1.64,2.17,1.75,0.3,1182,180.34,70.31,0.41,0.54,0.41,0.5,185.42,1,37
20,5,0,4.0,7.65,0.0,0.0,1183,185.42,109.32,0.36,0.51,0.0,0.0,190.5,1,46
21,9,1,3.1,2.48,2.55,0.5,1184,182.88,83.91,0.47,0.57,0.34,0.77,195.58,1,43
14,4,0,3.31,2.33,3.49,1.4,1185,157.48,56.7,0.52,0.65,0.25,0.71,162.56,1,39
12,3,0,2.2,3.0,0.85,2.1,1186,180.34,70.31,0.49,0.54,0.18,0.1,177.8,2,40
17,4,0,10.22,0.13,3.98,2.0,1187,187.96,92.99,0.61,0.92,1.0,0.0,180.34,1,34
10,6,0,1.23,5.95,0.0,0.0,1188,180.34,92.99,0.35,0.47,0.0,0.33,185.42,1,46
28,9,0,1.8,2.14,0.83,0.4,1189,177.8,70.31,0.38,0.65,0.8,0.81,182.88,2,43
11,5,0,2.35,3.27,0.64,0.4,1190,177.8,70.31,0.34,0.47,0.15,0.5,185.42,1,40
12,4,0,2.5,2.94,2.33,0.0,1191,180.34,70.31,0.39,0.52,0.4,0.23,180.34,1,40
14,5,0,2.47,2.47,0.65,0.0,1192,185.42,113.85,0.42,0.69,1.0,0.0,180.34,1,44
13,7,1,4.45,5.07,0.23,0.2,1193,190.5,77.11,0.41,0.51,1.0,0.73,195.58,1,41
5,2,0,6.23,7.77,0.0,0.0,1194,165.1,52.16,0.31,0.55,0.0,0.0,180.34,1,28
14,5,0,3.89,5.28,0.25,0.2,1195,190.5,92.99,0.6,0.4,0.14,0.22,193.04,1,36
35,14,0,3.81,3.52,1.23,0.8,1196,170.18,70.31,0.41,0.6,0.65,0.63,177.8,2,47
8,6,0,2.07,1.93,0.7,0.2,1197,172.72,56.7,0.37,0.63,0.5,0.46,175.26,1,40
6,3,0,2.23,4.07,1.04,0.5,1198,162.56,52.16,0.37,0.57,0.11,0.0,180.34,1,39
23,7,0,1.41,2.02,2.46,1.3,1199,175.26,70.31,0.34,0.47,0.46,0.37,180.34,1,34
7,3,0,2.92,5.65,0.37,0.0,1200,187.96,92.99,0.48,0.56,1.0,0.8,190.5,2,38
8,3,1,2.76,4.02,0.0,0.0,1201,195.58,120.2,0.44,0.42,0.0,0.33,180.34,1,45
23,6,1,2.08,3.31,2.5,0.5,1202,172.72,70.31,0.41,0.55,0.39,0.76,175.26,1,41
18,8,0,3.49,3.99,3.83,0.3,1203,175.26,83.91,0.45,0.53,0.46,0.63,175.26,2,42
26,2,0,3.78,1.4,4.16,1.1,1204,180.34,83.91,0.53,0.72,0.74,0.83,193.04,1,45
9,3,0,3.83,4.52,0.45,0.5,1205,185.42,92.99,0.46,0.64,0.08,0.75,187.96,1,40
8,3,0,2.91,5.98,0.0,0.0,1206,177.8,70.31,0.29,0.48,0.0,0.36,185.42,1,41
35,19,2,2.71,2.32,1.87,0.8,1207,182.88,83.91,0.49,0.55,0.51,0.7,187.96,1,47
15,9,0,3.91,3.02,2.62,0.0,1208,195.58,117.93,0.65,0.45,0.42,0.78,193.04,1,46
18,4,0,4.26,2.54,2.08,0.3,1209,177.8,70.31,0.59,0.56,0.51,0.82,182.88,1,39
13,3,0,1.95,3.66,0.54,0.0,1210,167.64,56.7,0.43,0.43,0.16,0.33,170.18,2,40
15,6,1,2.18,2.31,0.67,0.5,1211,182.88,77.11,0.34,0.57,0.25,0.55,193.04,2,37
5,3,0,0.7,1.88,0.0,0.0,1212,170.18,61.23,0.1,0.72,0.0,0.0,182.88,1,38
4,5,0,3.89,4.75,2.0,0.6,1213,162.56,52.16,0.43,0.53,0.57,0.61,165.1,1,35
8,4,0,3.42,3.95,2.37,1.6,1214,182.88,77.11,0.37,0.51,0.33,1.0,187.96,1,36
20,1,1,4.73,3.27,0.0,0.0,1215,175.26,65.77,0.43,0.6,0.0,0.0,180.34,1,40
30,9,0,4.33,2.71,1.05,0.3,1216,185.42,83.91,0.38,0.65,0.43,0.63,190.5,1,47
4,5,0,4.44,4.31,0.0,0.0,1217,167.64,56.7,0.34,0.64,0.0,0.0,167.64,2,35
3,3,0,1.2,1.8,0.0,0.0,1218,162.56,56.7,0.2,0.76,0.0,0.0,160.02,0,37
10,3,0,7.69,5.53,0.35,0.0,1219,190.5,83.91,0.48,0.59,1.0,0.58,193.04,1,44
8,9,0,5.0,3.0,7.5,0.0,1220,170.18,56.7,0.58,0.64,1.0,0.0,175.26,1,40
8,3,1,3.13,3.27,0.0,1.0,1221,162.56,56.7,0.58,0.58,0.0,0.0,172.72,1,41
11,9,0,1.53,4.92,0.4,0.4,1222,154.94,52.16,0.28,0.42,0.25,0.28,165.1,1,42
9,3,0,1.36,3.92,3.07,0.5,1223,190.5,83.91,0.33,0.45,0.37,0.0,195.58,1,38
6,2,0,1.74,3.93,1.37,0.0,1224,165.1,56.7,0.37,0.44,0.33,0.66,180.34,2,29
19,9,0,2.5,4.18,0.85,1.4,1225,182.88,77.11,0.48,0.49,0.35,0.56,187.96,1,41
6,4,0,2.45,2.7,0.94,0.0,1226,180.34,83.91,0.48,0.55,0.33,0.37,198.12,4,38
15,8,0,2.65,2.31,2.18,0.4,1227,172.72,70.31,0.41,0.59,0.45,0.4,177.8,1,42
5,3,0,3.63,3.63,2.37,0.0,1228,180.34,77.11,0.45,0.54,1.0,0.5,182.88,4,44
11,8,0,4.98,6.91,2.8,0.0,1229,182.88,77.11,0.48,0.47,0.5,0.66,182.88,1,37
19,7,0,2.77,3.07,2.22,0.0,1230,185.42,92.99,0.52,0.59,0.24,0.83,190.5,1,46
9,5,0,1.94,2.11,1.72,0.0,1231,165.1,52.16,0.44,0.55,0.31,0.7,165.1,1,44
13,6,0,2.32,3.23,0.37,1.5,1232,170.18,65.77,0.38,0.47,0.07,0.35,185.42,1,38
18,7,0,3.36,5.37,0.85,1.9,1233,167.64,61.23,0.41,0.67,0.21,0.7,165.1,1,39
6,5,0,1.57,3.13,3.91,0.0,1234,162.56,52.16,0.54,0.33,1.0,0.5,157.48,1,44
12,4,0,3.43,3.08,1.09,0.0,1235,190.5,120.2,0.45,0.44,0.24,0.69,195.58,2,41
11,1,0,2.22,2.58,5.73,0.0,1236,180.34,65.77,0.46,0.47,0.52,0.66,180.34,1,33
11,2,0,2.74,5.66,4.47,0.0,1237,190.5,83.91,0.5,0.39,0.25,0.0,203.2,1,34
17,12,0,3.66,4.86,0.68,0.7,1238,177.8,70.31,0.38,0.5,0.27,0.53,172.72,1,41
9,4,0,3.35,5.82,4.41,0.9,1239,182.88,112.04,0.39,0.35,0.62,1.0,187.96,1,40
28,16,0,2.69,3.13,2.53,0.3,1240,177.8,77.11,0.43,0.51,0.36,0.72,182.88,1,46
7,5,0,3.15,6.39,0.0,0.7,1241,187.96,77.11,0.26,0.54,0.0,0.0,198.12,1,34
7,4,1,3.81,3.96,0.91,0.2,1242,175.26,61.23,0.35,0.56,0.35,0.7,182.88,1,35
15,8,0,1.75,1.68,2.11,0.8,1243,170.18,61.23,0.4,0.53,0.45,0.52,177.8,1,39
27,14,1,2.74,2.84,1.8,1.5,1244,182.88,77.11,0.45,0.6,0.35,0.7,187.96,1,50
11,0,0,2.95,2.53,3.16,3.2,1245,190.5,108.86,0.7,0.35,0.66,1.0,195.58,1,36
13,4,0,3.97,3.3,0.0,0.0,1246,193.04,108.86,0.53,0.54,0.0,0.28,195.58,1,42
7,2,0,2.38,3.55,0.87,0.0,1247,182.88,77.11,0.36,0.37,0.16,0.0,195.58,4,34
16,2,0,3.83,5.3,0.42,0.0,1248,170.18,61.23,0.45,0.62,0.25,0.46,172.72,1,32
7,8,0,4.48,5.66,0.71,0.4,1249,167.64,56.7,0.42,0.57,0.4,0.68,162.56,1,37
8,6,0,4.12,4.12,2.71,0.5,1250,172.72,61.23,0.51,0.52,0.41,1.0,185.42,1,44
15,3,1,4.16,3.19,0.32,0.3,1251,182.88,77.11,0.47,0.62,0.12,0.85,190.5,1,32
8,3,0,0.65,3.64,0.0,0.0,1252,193.04,92.99,0.26,0.21,0.0,0.0,205.74,1,37
13,1,0,3.23,3.7,1.85,0.0,1253,182.88,77.11,0.38,0.47,0.2,0.5,195.58,1,44
24,8,0,2.59,1.57,1.21,0.4,1254,185.42,83.91,0.53,0.61,0.65,0.75,187.96,2,47
26,14,0,1.59,2.83,1.02,0.6,1255,182.88,83.91,0.46,0.5,0.6,0.53,187.96,2,49
8,2,0,5.4,1.8,1.0,0.0,1256,182.88,70.31,0.5,0.59,1.0,0.71,195.58,1,42
16,8,1,3.47,4.68,0.0,0.6,1257,172.72,61.23,0.42,0.53,0.0,0.52,175.26,1,45
10,2,0,1.37,2.14,1.79,0.9,1258,172.72,65.77,0.4,0.52,0.6,0.64,175.26,1,34
11,6,0,3.52,4.31,0.32,0.7,1259,185.42,77.11,0.41,0.57,0.15,0.63,193.04,1,36
13,4,0,3.62,4.64,1.86,0.3,1260,182.88,83.91,0.38,0.61,0.34,0.78,177.8,2,48
9,3,0,1.28,2.71,3.45,0.4,1261,172.72,65.77,0.41,0.51,0.47,0.22,175.26,1,32
33,14,0,1.95,2.51,4.08,0.8,1262,177.8,70.31,0.31,0.63,0.53,0.92,180.34,2,42
19,12,0,3.44,3.58,2.66,1.1,1263,177.8,65.77,0.49,0.36,0.5,0.53,175.26,1,36
19,8,1,2.14,2.42,2.98,0.0,1264,182.88,92.99,0.37,0.63,0.44,0.73,190.5,1,46
0,1,0,1.1,4.87,0.87,0.0,1265,185.42,77.11,0.23,0.4,0.11,0.0,185.42,1,47
4,4,2,4.03,4.0,0.0,0.0,1266,167.64,56.7,0.41,0.62,0.0,1.0,167.64,1,38
7,5,0,1.44,3.53,0.55,0.8,1267,165.1,56.7,0.42,0.53,0.66,0.51,172.72,1,37
11,1,0,3.67,3.37,0.0,2.5,1268,175.26,56.7,0.35,0.6,0.0,0.6,180.34,1,28
13,2,0,2.7,4.48,0.25,0.2,1269,154.94,52.16,0.3,0.58,1.0,0.28,160.02,1,32
10,3,0,3.23,3.75,1.83,0.0,1270,170.18,77.11,0.58,0.45,0.16,0.75,177.8,1,40
9,7,0,3.04,4.47,0.3,0.0,1271,172.72,65.77,0.37,0.52,0.2,0.68,175.26,1,35
18,10,0,2.37,2.66,0.93,0.7,1272,172.72,61.23,0.45,0.64,0.47,0.41,185.42,1,38
6,2,0,3.8,4.49,0.33,0.0,1273,180.34,77.11,0.33,0.56,0.5,0.0,180.34,1,34
22,9,0,4.36,4.45,0.64,0.3,1274,177.8,65.77,0.41,0.58,0.28,0.61,177.8,1,41
9,1,0,3.4,2.53,3.0,0.0,1275,170.18,65.77,0.47,0.44,0.75,0.7,175.26,1,35
13,1,0,3.93,1.8,0.0,1.0,1276,170.18,70.31,0.52,0.61,0.0,0.57,177.8,1,34
3,1,1,1.98,2.26,8.49,0.0,1277,175.26,70.31,0.77,0.65,0.66,0.0,172.72,1,34
10,4,0,4.04,4.67,0.0,1.3,1278,162.56,56.7,0.3,0.66,0.0,0.0,165.1,1,46
8,1,0,0.93,4.73,0.0,0.0,1279,170.18,70.31,0.21,0.36,0.0,0.71,180.34,1,39
6,1,0,1.93,2.8,1.0,0.0,1280,182.88,70.31,0.38,0.4,0.16,0.0,187.96,2,30
4,3,0,4.51,4.0,1.0,0.0,1281,154.94,52.16,0.51,0.65,0.21,0.5,165.1,1,37
1,2,0,7.09,4.57,0.0,0.0,1282,182.88,92.99,0.58,0.53,0.0,1.0,185.42,1,42
11,5,0,3.56,2.16,3.42,0.5,1283,170.18,56.7,0.51,0.55,0.63,0.82,167.64,2,34
11,2,0,3.58,1.96,1.81,0.6,1284,182.88,77.11,0.52,0.58,0.34,0.41,180.34,1,30
10,6,0,1.86,3.1,2.64,0.6,1285,165.1,61.23,0.36,0.52,0.35,0.43,177.8,1,36
15,8,0,2.81,3.84,1.41,0.0,1286,182.88,92.99,0.46,0.49,0.2,0.5,182.88,4,35
12,5,0,2.98,2.95,0.95,0.2,1287,185.42,83.91,0.45,0.58,0.55,0.5,195.58,1,47
9,6,0,1.89,3.4,0.0,1.1,1288,182.88,70.31,0.38,0.55,0.0,0.33,187.96,1,36
31,12,0,3.35,2.55,1.56,0.2,1289,182.88,77.11,0.44,0.69,0.58,0.66,185.42,1,36
29,6,0,4.32,4.39,2.92,0.5,1290,175.26,70.31,0.41,0.55,0.36,0.92,175.26,1,42
9,4,0,2.75,3.31,0.2,0.2,1291,152.4,52.16,0.29,0.71,0.2,0.7,152.4,1,36
8,1,0,4.37,9.84,1.28,0.0,1292,162.56,56.7,0.36,0.5,0.33,0.75,165.1,1,33
27,3,1,3.43,1.66,3.35,0.5,1293,160.02,56.7,0.54,0.67,0.56,0.65,167.64,1,39
10,5,0,3.0,3.74,0.42,1.0,1294,180.34,70.31,0.4,0.6,0.33,0.5,185.42,1,41
18,8,1,2.23,1.44,1.31,0.7,1295,170.18,56.7,0.56,0.45,0.66,0.2,180.34,4,39
17,7,0,3.53,2.42,1.37,0.7,1296,182.88,77.11,0.39,0.57,0.2,0.38,185.42,1,45
35,10,0,2.72,2.79,1.44,0.8,1297,175.26,61.23,0.45,0.49,0.62,0.6,180.34,2,45
15,5,0,3.07,3.55,1.81,0.0,1298,187.96,83.91,0.38,0.48,0.4,1.0,193.04,1,39
19,7,0,2.57,2.55,0.62,1.1,1299,167.64,56.7,0.43,0.56,0.23,0.44,167.64,1,42
31,15,0,2.47,2.83,2.04,0.4,1300,175.26,77.11,0.39,0.6,0.47,0.86,180.34,1,41
13,2,0,2.12,1.66,4.54,0.6,1301,160.02,56.7,0.46,0.62,0.57,0.69,157.48,4,33
8,2,0,0.96,1.78,3.61,0.7,1302,167.64,56.7,0.4,0.46,0.62,0.5,167.64,1,40
14,9,0,1.23,3.28,0.0,0.8,1303,187.96,77.11,0.4,0.39,0.0,0.5,193.04,1,35
17,9,0,4.02,6.07,0.5,0.0,1304,172.72,61.23,0.32,0.5,0.22,0.44,180.34,1,40
10,0,0,3.45,2.64,3.25,1.2,1305,187.96,92.99,0.47,0.53,0.42,1.0,200.66,1,37
9,1,0,0.18,6.14,0.0,0.0,1306,175.26,83.91,0.08,0.36,0.0,0.25,187.96,1,37
23,13,1,2.47,1.59,1.54,0.2,1307,180.34,70.31,0.42,0.64,0.37,0.62,190.5,1,42
17,9,0,2.65,2.58,3.55,1.2,1308,187.96,83.91,0.47,0.54,0.54,0.62,193.04,1,42
14,2,0,4.8,0.4,7.5,0.0,1309,182.88,83.91,0.69,0.78,1.0,0.33,193.04,1,32
5,5,0,2.97,5.1,2.31,1.0,1310,160.02,52.16,0.54,0.5,0.41,0.53,160.02,2,47
34,10,0,3.02,3.35,1.69,0.5,1311,175.26,83.91,0.46,0.53,0.48,0.77,180.34,2,48
28,9,0,2.13,2.99,2.1,1.1,1312,185.42,83.91,0.4,0.52,0.27,0.3,198.12,1,44
10,5,0,1.81,2.22,3.09,1.0,1313,187.96,110.22,0.43,0.47,0.36,0.5,187.96,1,32
14,3,0,2.89,1.86,2.13,0.2,1314,185.42,77.11,0.4,0.63,0.44,0.58,187.96,2,42
13,7,0,1.92,2.64,2.91,0.7,1315,175.26,70.31,0.32,0.66,0.47,0.81,177.8,1,47
12,5,0,3.68,5.64,1.23,0.3,1316,177.8,70.31,0.34,0.5,0.8,0.83,182.88,1,39
15,6,0,1.81,3.03,3.72,0.1,1317,175.26,77.11,0.31,0.59,0.52,0.66,182.88,1,38
13,15,0,3.52,4.82,0.39,0.0,1318,175.26,65.77,0.41,0.5,0.25,0.52,165.1,2,39
10,2,0,1.68,1.87,0.41,0.4,1319,195.58,113.4,0.38,0.48,0.33,0.58,205.74,1,34
20,5,0,2.95,3.02,1.31,1.7,1320,177.8,65.77,0.33,0.51,0.31,0.47,180.34,1,33
11,4,0,3.22,2.82,0.95,0.4,1321,167.64,61.23,0.36,0.63,0.71,0.51,172.72,1,34
5,1,0,1.65,3.72,7.08,0.0,1322,175.26,70.31,0.37,0.46,0.42,0.0,182.88,1,40
3,5,0,3.55,3.2,1.53,1.8,1323,160.02,52.16,0.44,0.51,0.38,0.28,162.56,4,34
9,4,0,2.88,3.67,0.0,0.6,1324,182.88,70.31,0.41,0.51,0.0,0.0,185.42,1,38
21,6,2,2.16,2.5,3.03,1.2,1325,177.8,56.7,0.41,0.5,0.43,0.41,180.34,2,36
9,4,0,4.82,6.68,0.0,0.0,1326,180.34,92.99,0.56,0.5,0.0,0.62,193.04,1,44
12,6,0,2.55,2.62,0.95,0.0,1327,185.42,77.11,0.48,0.46,0.18,0.55,195.58,4,42
13,4,0,2.05,4.21,0.35,0.7,1328,177.8,70.31,0.44,0.39,0.5,0.47,177.8,2,38
4,1,0,0.0,4.03,6.72,0.0,1329,190.5,117.93,0.0,0.4,0.5,0.0,180.34,1,42
21,9,0,2.53,3.61,2.57,0.8,1330,172.72,61.23,0.34,0.54,0.25,0.8,172.72,1,41
10,3,0,1.11,6.11,0.0,0.0,1331,182.88,120.2,0.66,0.04,0.0,0.0,190.5,2,36
6,1,0,0.67,2.27,0.0,0.0,1332,187.96,70.31,0.32,0.38,0.0,0.54,187.96,4,30
18,10,2,3.36,3.5,1.36,0.1,1333,170.18,70.31,0.4,0.54,0.5,0.58,170.18,1,45
6,2,0,1.59,5.05,0.68,1.4,1334,165.1,56.7,0.27,0.5,0.14,0.33,170.18,2,33
16,8,0,3.51,3.01,0.25,1.0,1335,165.1,56.7,0.4,0.59,0.33,0.63,165.1,4,37
34,12,0,2.06,2.25,1.98,0.5,1336,187.96,77.11,0.38,0.6,0.39,0.84,190.5,2,44
13,14,0,2.81,2.9,0.51,0.2,1337,177.8,120.2,0.43,0.51,0.55,0.64,182.88,1,52
13,4,0,4.78,3.59,1.05,0.0,1338,177.8,77.11,0.42,0.65,0.54,0.78,180.34,1,39
10,4,0,3.13,3.73,3.32,1.3,1339,170.18,61.23,0.5,0.55,0.6,0.71,175.26,2,39
5,3,0,4.08,6.37,2.02,1.0,1340,190.5,113.4,0.45,0.43,0.3,0.33,203.2,1,47
8,4,0,3.85,4.79,0.0,0.0,1341,190.5,92.99,0.46,0.43,0.0,0.64,193.04,1,38
10,4,0,2.57,1.63,2.77,0.8,1342,167.64,65.77,0.61,0.47,0.65,0.42,172.72,2,43
18,5,0,2.78,2.35,4.13,0.3,1343,167.64,65.77,0.49,0.67,0.55,1.0,167.64,1,41
6,3,0,1.5,4.15,0.72,0.0,1344,172.72,70.31,0.41,0.44,1.0,0.44,182.88,1,35
17,9,0,4.42,3.07,3.89,1.1,1345,167.64,70.31,0.46,0.59,0.4,0.82,167.64,1,39
19,8,0,2.94,2.17,3.01,0.1,1346,165.1,56.7,0.44,0.56,0.36,0.52,165.1,1,37
14,2,0,3.6,1.83,2.85,0.0,1347,165.1,56.7,0.51,0.52,0.4,0.75,165.1,1,37
8,2,0,4.69,3.53,0.94,0.0,1348,175.26,70.31,0.43,0.55,0.33,0.77,185.42,2,37
20,9,0,1.61,3.02,3.28,0.4,1349,175.26,61.23,0.42,0.56,0.42,0.77,175.26,1,37
10,7,2,3.26,3.63,0.5,0.0,1350,170.18,61.23,0.44,0.53,0.16,0.3,175.26,2,34
16,6,0,4.52,6.38,0.44,0.2,1351,182.88,65.77,0.41,0.62,0.18,0.57,182.88,1,34
17,4,0,2.94,2.16,2.16,0.3,1352,177.8,65.77,0.42,0.66,0.55,0.5,185.42,1,37
14,3,0,6.37,2.33,5.13,0.4,1353,185.42,108.86,0.57,0.57,0.45,0.85,195.58,1,43
11,3,0,4.17,4.12,2.91,0.0,1354,180.34,77.11,0.37,0.61,0.44,0.0,190.5,2,32
17,7,0,2.63,2.73,0.97,0.4,1355,180.34,77.11,0.36,0.58,0.29,0.57,182.88,1,39
21,13,0,2.93,2.9,1.45,0.8,1356,182.88,83.91,0.5,0.57,0.34,0.59,187.96,1,45
14,7,0,1.56,2.32,1.45,1.2,1357,177.8,65.77,0.35,0.59,0.35,0.2,182.88,1,38
12,6,0,2.57,1.88,2.83,0.2,1358,167.64,56.7,0.42,0.63,0.51,0.46,172.72,1,35
16,5,1,3.23,4.37,2.5,0.0,1359,177.8,70.31,0.38,0.52,1.0,1.0,180.34,2,29
8,2,0,3.37,2.57,0.96,0.0,1360,185.42,119.75,0.59,0.57,0.66,0.36,198.12,2,38
20,16,0,3.68,4.09,0.74,0.0,1361,172.72,70.31,0.4,0.62,0.35,0.75,175.26,1,41
20,8,0,4.93,7.19,0.94,0.2,1362,160.02,52.16,0.5,0.53,0.25,0.5,160.02,1,44
22,6,0,1.66,1.91,2.55,0.0,1363,185.42,83.91,0.39,0.56,0.32,0.43,198.12,1,44
17,5,0,3.86,2.95,0.43,0.0,1364,187.96,77.11,0.46,0.61,1.0,0.57,193.04,1,38
23,10,0,1.83,3.04,5.15,0.6,1365,162.56,56.7,0.29,0.55,0.42,0.47,165.1,2,41
34,10,0,2.23,3.2,1.65,0.3,1366,180.34,77.11,0.36,0.58,0.48,0.63,185.42,2,42
15,3,0,1.41,2.2,1.76,0.0,1367,180.34,77.11,0.45,0.56,0.38,1.0,187.96,1,41
6,3,0,4.27,4.3,0.45,0.5,1368,190.5,112.94,0.58,0.45,0.5,0.87,190.5,1,33
11,5,0,3.06,3.13,0.0,1.0,1369,187.96,70.31,0.39,0.58,0.0,0.3,187.96,2,36
31,9,0,5.36,4.27,0.56,0.6,1370,160.02,61.23,0.4,0.56,0.58,0.67,170.18,1,35
9,3,0,1.44,3.81,0.0,0.0,1371,187.96,114.76,0.42,0.55,0.0,0.75,187.96,4,43
12,5,0,2.76,2.21,1.16,1.9,1372,165.1,61.23,0.46,0.61,0.25,0.65,165.1,2,41
9,1,0,2.33,3.25,1.73,0.0,1373,185.42,111.13,0.56,0.59,0.75,1.0,190.5,1,40
16,3,0,4.19,2.39,1.27,0.0,1374,185.42,83.91,0.42,0.53,0.28,0.59,190.5,1,37
6,4,0,3.12,4.04,1.62,0.5,1375,162.56,61.23,0.42,0.55,0.22,0.28,172.72,1,39
16,14,2,2.76,3.2,1.19,0.5,1376,175.26,70.31,0.48,0.56,0.55,0.74,177.8,1,47
10,7,0,4.26,3.35,4.49,0.1,1377,187.96,92.99,0.5,0.55,0.41,0.28,193.04,1,45
23,8,0,3.7,2.51,1.62,0.0,1378,177.8,70.31,0.46,0.69,0.5,0.75,185.42,2,36
3,1,0,6.01,2.72,6.44,0.0,1379,170.18,65.77,0.39,0.73,0.6,0.0,185.42,1,30
14,5,0,2.65,3.61,0.86,0.0,1380,167.64,70.31,0.35,0.59,0.33,0.83,167.64,2,42
19,8,0,1.16,4.02,0.93,0.9,1381,170.18,61.23,0.42,0.38,0.3,0.33,177.8,1,44
9,1,0,1.4,2.67,1.0,1.0,1382,182.88,65.77,0.33,0.51,0.33,0.83,182.88,1,33
17,6,0,3.43,3.97,0.53,0.4,1383,185.42,92.99,0.54,0.49,0.18,0.7,200.66,1,46
12,6,0,3.71,5.72,1.31,1.0,1384,185.42,83.91,0.45,0.55,0.2,0.75,185.42,1,39
10,4,0,2.95,2.95,1.85,1.2,1385,190.5,111.13,0.51,0.56,0.33,1.0,193.04,1,36
6,3,0,5.4,7.22,0.0,0.3,1386,162.56,52.16,0.44,0.58,0.0,0.83,167.64,1,37
14,6,0,3.98,6.08,1.54,0.0,1387,190.5,119.75,0.51,0.52,0.37,1.0,187.96,1,35
13,6,0,2.67,3.56,1.25,0.4,1388,182.88,70.31,0.43,0.43,0.27,0.45,185.42,2,39
22,8,0,3.44,2.53,1.64,0.2,1389,175.26,65.77,0.33,0.63,0.41,0.71,185.42,1,44
5,3,0,5.6,4.43,2.25,0.4,1390,165.1,61.23,0.41,0.64,0.54,0.69,165.1,2,37
11,4,0,3.0,3.64,0.0,0.0,1391,172.72,65.77,0.42,0.63,0.0,0.53,182.88,1,35
13,8,0,1.9,2.44,2.69,0.5,1392,185.42,83.91,0.42,0.53,0.53,0.84,198.12,2,41
9,4,0,5.1,7.63,1.5,0.0,1393,167.64,61.23,0.36,0.52,0.25,1.0,175.26,1,33
11,3,0,1.41,2.42,1.32,0.0,1394,182.88,77.11,0.35,0.43,0.2,0.6,193.04,1,37
16,6,0,2.33,2.82,1.02,1.0,1395,177.8,77.11,0.42,0.47,0.42,0.81,180.34,2,37
9,2,0,4.52,2.57,0.0,0.0,1396,167.64,56.7,0.52,0.55,0.0,0.53,175.26,2,39
8,2,0,2.76,5.65,0.0,0.0,1397,172.72,65.77,0.49,0.48,0.0,0.0,177.8,1,31
11,5,0,2.48,2.97,2.36,0.5,1398,175.26,70.31,0.51,0.55,0.33,0.7,177.8,2,37
21,2,0,7.28,2.25,0.66,0.4,1399,172.72,65.77,0.52,0.64,0.55,0.94,172.72,1,40
10,4,0,2.6,2.87,0.0,0.0,1400,177.8,77.11,0.46,0.58,0.0,0.83,182.88,1,36
13,5,0,3.41,3.15,2.74,1.4,1401,177.8,65.77,0.39,0.61,0.66,0.66,185.42,1,35
14,7,0,2.22,4.79,2.9,0.5,1402,180.34,65.77,0.41,0.41,0.46,0.62,180.34,2,31
13,7,0,2.78,2.51,2.57,0.3,1403,167.64,56.7,0.54,0.61,0.51,0.65,167.64,1,42
6,6,0,4.1,7.37,0.75,0.0,1404,154.94,52.16,0.31,0.52,0.21,0.83,162.56,1,40
13,8,0,2.77,4.31,1.25,0.2,1405,175.26,61.23,0.44,0.49,0.53,0.58,177.8,1,37
22,12,0,2.07,4.03,3.18,0.8,1406,177.8,77.11,0.37,0.5,0.5,0.0,182.88,1,38
9,3,1,2.08,0.74,2.22,0.7,1407,182.88,70.31,0.52,0.67,0.25,0.8,182.88,2,35
15,7,0,3.66,2.62,1.94,0.0,1408,185.42,77.11,0.51,0.66,0.76,0.73,187.96,1,44
8,3,0,2.57,3.91,2.31,1.5,1409,185.42,70.31,0.54,0.47,0.25,1.0,190.5,1,39
27,6,0,2.98,3.03,1.34,0.0,1410,175.26,70.31,0.39,0.64,0.63,0.88,185.42,1,37
10,2,0,2.28,6.49,0.0,0.0,1411,180.34,61.23,0.29,0.45,0.0,0.0,180.34,4,33
9,3,0,5.93,2.87,0.72,0.0,1412,190.5,117.93,0.37,0.56,0.25,0.9,198.12,1,40
6,6,0,0.25,2.11,0.0,0.0,1413,185.42,70.31,0.27,0.43,0.0,0.28,193.04,4,39
18,5,0,3.88,2.91,0.85,0.4,1414,167.64,56.7,0.37,0.65,0.4,0.67,175.26,1,32
8,7,0,6.0,5.52,0.0,0.0,1415,180.34,70.31,0.37,0.59,0.0,0.46,180.34,1,41
10,5,1,2.1,4.8,0.0,0.0,1416,162.56,61.23,0.21,0.5,0.0,0.66,170.18,2,29
11,3,0,7.66,5.72,2.6,0.0,1417,172.72,65.77,0.39,0.51,0.35,0.85,180.34,2,32
9,4,0,1.32,2.63,0.71,0.0,1418,177.8,61.23,0.34,0.52,0.5,0.37,180.34,1,32
24,8,1,2.91,3.23,1.32,0.3,1419,180.34,77.11,0.4,0.49,0.61,0.62,185.42,1,42
12,5,0,1.52,4.79,3.5,0.0,1420,182.88,70.31,0.61,0.41,1.0,0.5,187.96,2,31
5,2,0,3.13,4.48,0.46,2.8,1421,165.1,56.7,0.41,0.48,0.33,0.4,167.64,2,30
6,2,0,1.8,3.97,1.0,0.0,1422,177.8,77.11,0.25,0.57,0.4,0.87,182.88,4,34
13,5,0,2.93,3.17,0.25,0.0,1423,180.34,77.11,0.43,0.58,1.0,0.86,182.88,1,38
5,3,0,4.08,3.77,0.7,0.0,1424,165.1,56.7,0.41,0.58,0.5,0.71,170.18,1,34
4,3,0,3.59,5.08,0.93,0.0,1425,180.34,77.11,0.38,0.59,1.0,0.0,182.88,1,37
14,9,0,3.97,6.45,0.5,0.0,1426,185.42,70.31,0.37,0.37,0.33,0.33,190.5,1,33
13,5,0,4.13,3.31,0.26,0.7,1427,190.5,70.31,0.39,0.6,0.33,0.57,193.04,1,39
6,3,0,2.6,5.3,0.74,0.0,1428,200.66,111.13,0.35,0.46,0.66,0.0,208.28,1,35
6,3,0,4.13,7.75,0.0,0.0,1429,175.26,61.23,0.37,0.59,0.0,1.0,175.26,2,35
8,5,0,2.63,5.11,1.14,0.0,1430,170.18,65.77,0.31,0.58,0.15,0.62,177.8,1,39
14,2,0,2.92,2.68,3.06,3.1,1431,177.8,65.77,0.61,0.46,0.54,0.0,180.34,1,31
28,16,0,2.84,5.39,2.39,2.0,1432,177.8,70.31,0.39,0.54,0.45,0.54,180.34,1,42
3,2,0,4.83,5.56,2.27,0.4,1433,157.48,52.16,0.47,0.38,0.5,0.77,160.02,1,35
13,6,0,3.76,3.07,0.92,0.5,1434,182.88,70.31,0.42,0.6,0.28,0.71,180.34,2,37
23,9,0,3.73,2.93,0.75,0.6,1435,177.8,70.31,0.44,0.54,0.46,0.55,177.8,2,36
19,2,0,3.64,5.66,4.33,0.9,1436,180.34,77.11,0.49,0.36,0.55,0.0,185.42,1,41
14,4,0,1.1,3.62,1.35,0.3,1437,187.96,77.11,0.2,0.49,0.26,0.16,190.5,2,39
13,3,0,3.63,4.2,0.0,0.0,1438,170.18,61.23,0.37,0.55,0.0,0.45,172.72,4,42
24,4,0,1.98,2.16,3.95,0.1,1439,172.72,70.31,0.34,0.65,0.41,0.61,185.42,1,39
18,1,0,4.89,3.0,5.22,0.8,1440,185.42,65.77,0.48,0.64,0.56,0.77,185.42,1,35
5,2,0,1.0,2.07,2.0,1.0,1441,160.02,56.7,0.35,0.5,0.66,0.0,162.56,1,34
34,9,0,3.78,3.9,1.49,0.5,1442,167.64,65.77,0.36,0.57,0.41,0.91,177.8,1,39
14,6,1,2.42,3.73,1.2,0.4,1443,182.88,77.11,0.42,0.59,0.38,0.75,182.88,1,43
15,10,0,3.29,3.31,1.7,0.7,1444,190.5,83.91,0.55,0.51,0.32,0.6,190.5,1,45
23,15,0,3.73,3.42,0.71,0.3,1445,175.26,77.11,0.41,0.62,0.6,0.63,177.8,1,42
7,4,0,3.08,3.93,0.56,0.3,1446,165.1,65.77,0.46,0.56,0.18,0.6,175.26,1,38
22,13,2,3.23,3.58,0.2,1.3,1447,187.96,77.11,0.5,0.51,0.4,0.66,195.58,1,43
35,11,0,2.65,2.59,1.54,0.8,1448,167.64,61.23,0.4,0.64,0.3,0.58,170.18,1,47
16,11,3,2.84,4.1,1.27,0.0,1449,180.34,70.31,0.41,0.54,0.53,0.33,177.8,1,37
8,5,0,2.21,6.85,0.0,0.0,1450,172.72,65.77,0.43,0.48,0.0,0.0,182.88,1,33
13,7,0,2.36,2.99,0.25,1.0,1451,167.64,61.23,0.33,0.54,0.2,0.56,182.88,1,33
13,4,0,2.61,4.04,3.42,0.0,1452,182.88,92.99,0.45,0.58,0.5,0.83,193.04,1,34
5,3,0,7.09,4.06,0.91,0.0,1453,195.58,120.2,0.55,0.34,0.66,0.57,203.2,1,34
14,5,0,4.43,2.22,4.89,0.0,1454,190.5,92.99,0.46,0.59,0.5,0.83,200.66,1,36
18,9,0,3.18,4.72,3.29,0.0,1455,182.88,77.11,0.5,0.58,0.66,1.0,182.88,1,41
9,5,0,2.52,2.53,0.25,1.0,1456,180.34,77.11,0.39,0.38,0.33,0.47,187.96,4,37
14,4,0,2.59,2.68,3.31,0.4,1457,172.72,70.31,0.58,0.41,0.5,0.23,180.34,1,37
7,3,0,2.31,4.3,0.0,0.0,1458,182.88,120.2,0.31,0.47,0.0,0.0,182.88,2,36
8,2,0,1.3,3.47,1.5,0.5,1459,167.64,61.23,0.34,0.45,0.25,0.38,180.34,1,31
9,3,0,4.03,2.96,2.52,0.0,1460,185.42,83.91,0.48,0.47,0.41,0.33,198.12,1,39
13,5,0,3.44,3.05,1.57,0.0,1461,182.88,83.91,0.49,0.6,0.3,0.78,185.42,2,49
17,5,2,3.91,2.97,4.2,0.3,1462,170.18,65.77,0.41,0.68,0.45,0.66,177.8,1,37
20,2,0,3.67,2.83,0.25,0.0,1463,172.72,77.11,0.44,0.63,0.33,0.8,177.8,1,42
13,5,0,1.52,1.93,3.89,1.0,1464,162.56,61.23,0.52,0.48,0.5,0.46,160.02,1,32
15,4,0,2.05,2.9,0.64,0.0,1465,182.88,92.99,0.4,0.55,0.2,0.8,187.96,1,33
18,9,1,5.33,3.54,1.82,1.0,1466,177.8,70.31,0.39,0.61,0.33,0.79,177.8,2,44
23,8,0,1.42,2.34,1.82,0.6,1467,165.1,56.7,0.39,0.64,0.35,0.87,170.18,1,41
10,7,0,3.43,2.63,2.5,1.5,1468,177.8,83.91,0.55,0.55,0.5,0.4,185.42,1,42
17,6,0,2.68,2.59,0.71,1.0,1469,182.88,77.11,0.37,0.58,0.27,0.68,185.42,1,36
11,5,0,3.13,5.0,0.54,0.2,1470,167.64,61.23,0.35,0.48,0.13,0.4,165.1,1,31
5,1,0,1.7,5.8,3.0,1.5,1471,185.42,70.31,0.31,0.42,0.33,0.0,180.34,1,31
11,3,0,3.3,3.93,0.61,1.5,1472,182.88,83.91,0.52,0.51,0.4,0.38,193.04,2,36
9,3,0,3.53,3.23,2.5,0.0,1473,152.4,52.16,0.41,0.57,0.45,0.66,157.48,2,32
21,6,0,5.34,4.01,0.27,0.0,1474,182.88,77.11,0.48,0.63,1.0,0.75,187.96,1,41
10,1,0,3.33,4.4,1.0,0.0,1475,172.72,70.31,0.42,0.44,0.09,0.5,185.42,1,35
12,4,0,5.2,4.16,0.74,2.2,1476,182.88,65.77,0.51,0.45,0.33,0.5,185.42,1,37
8,5,0,3.35,2.62,1.27,1.0,1477,162.56,52.16,0.52,0.42,0.33,0.34,165.1,1,32
18,4,1,2.01,2.7,2.59,1.3,1478,172.72,65.77,0.32,0.46,0.46,0.44,172.72,1,33
10,4,0,2.64,3.44,1.95,0.6,1479,167.64,70.31,0.37,0.56,0.4,0.83,177.8,1,39
17,2,0,2.86,3.84,4.92,1.0,1480,170.18,61.23,0.49,0.53,0.49,0.58,180.34,1,34
16,5,0,2.68,3.78,0.96,0.7,1481,177.8,70.31,0.34,0.54,0.66,0.64,185.42,1,38
12,4,0,3.33,3.0,1.92,0.0,1482,172.72,65.77,0.42,0.58,0.41,0.7,177.8,1,39
10,2,0,2.16,3.43,0.0,0.0,1483,190.5,118.84,0.26,0.42,0.0,1.0,198.12,1,37
17,7,1,2.14,2.9,1.53,0.5,1484,182.88,77.11,0.4,0.58,0.32,0.77,190.5,2,39
24,9,1,3.59,2.64,1.75,1.2,1485,193.04,104.78,0.52,0.55,0.31,0.31,195.58,1,48
23,10,0,2.43,2.34,0.64,0.8,1486,187.96,92.99,0.35,0.59,0.44,0.62,190.5,2,49
13,7,0,3.94,3.5,1.74,0.1,1487,167.64,61.23,0.47,0.52,0.31,0.61,167.64,1,45
22,12,0,3.2,3.58,0.71,0.0,1488,160.02,61.23,0.4,0.61,0.28,0.82,167.64,1,41
22,3,0,4.25,2.92,1.83,0.4,1489,180.34,106.59,0.52,0.54,0.44,0.8,182.88,1,47
10,7,0,4.99,5.39,0.26,0.3,1490,154.94,52.16,0.44,0.52,1.0,0.64,157.48,1,33
12,4,0,3.54,3.15,3.37,0.8,1491,172.72,65.77,0.57,0.41,0.4,1.0,180.34,1,39
20,8,0,3.13,2.87,1.84,0.9,1492,172.72,65.77,0.47,0.57,0.33,0.46,180.34,1,44
7,2,0,1.78,1.96,1.67,1.7,1493,180.34,61.23,0.35,0.49,0.33,0.45,170.18,1,37
8,3,0,2.91,4.35,0.38,0.0,1494,182.88,77.11,0.36,0.43,0.5,0.6,193.04,1,31
8,4,0,2.5,4.57,4.69,0.0,1495,187.96,83.91,0.42,0.51,0.2,1.0,187.96,1,36
15,6,0,4.78,4.35,0.41,0.4,1496,182.88,70.31,0.64,0.46,0.1,0.66,185.42,2,34
10,6,0,3.36,5.07,1.0,0.0,1497,167.64,61.23,0.44,0.57,0.16,0.7,170.18,2,37
12,9,0,2.54,2.48,1.83,0.2,1498,167.64,56.7,0.37,0.71,0.44,0.66,175.26,1,39
13,4,0,2.43,1.8,3.98,0.4,1499,172.72,65.77,0.41,0.57,0.52,0.92,177.8,1,35
8,4,0,3.55,4.26,0.97,0.3,1500,190.5,92.99,0.49,0.47,0.3,0.8,198.12,1,31
10,4,0,3.95,3.67,0.71,0.0,1501,187.96,113.4,0.51,0.6,0.5,0.45,195.58,1,38
31,13,0,2.69,3.02,1.51,0.8,1502,177.8,77.11,0.37,0.56,0.24,0.46,182.88,2,44
16,6,0,3.53,3.59,0.0,0.3,1503,182.88,70.31,0.37,0.58,0.0,0.5,185.42,1,33
21,12,0,1.23,3.92,0.0,0.0,1504,190.5,92.99,0.34,0.38,0.0,0.46,200.66,1,40
8,5,0,2.43,1.97,3.5,1.0,1505,167.64,61.23,0.42,0.56,0.29,0.6,172.72,1,35
20,8,0,2.08,4.21,5.08,1.4,1506,180.34,92.99,0.55,0.4,0.36,0.0,177.8,1,39
22,11,0,1.72,4.03,0.0,0.0,1507,180.34,83.91,0.34,0.49,0.0,0.07,190.5,2,40
28,9,0,4.79,4.11,0.96,0.9,1508,187.96,77.11,0.49,0.61,0.18,0.59,185.42,1,39
24,10,1,1.74,2.41,1.66,0.1,1509,190.5,70.31,0.47,0.58,0.35,0.72,187.96,2,41
33,13,0,3.12,4.04,0.56,1.7,1510,210.82,120.2,0.47,0.46,0.46,0.55,213.36,1,38
8,2,0,2.7,2.58,0.0,0.0,1511,162.56,56.7,0.3,0.74,0.0,0.0,165.1,1,34
29,0,0,4.1,1.75,5.32,0.8,1512,177.8,70.31,0.48,0.65,0.48,0.84,177.8,1,37
9,4,0,3.35,4.82,0.23,0.2,1513,193.04,92.99,0.39,0.49,0.5,0.42,203.2,1,37
11,3,0,0.31,5.34,0.0,0.0,1514,182.88,77.11,0.27,0.23,0.0,0.25,185.42,1,42
23,10,0,2.74,4.19,0.0,0.0,1515,182.88,83.91,0.25,0.56,0.0,0.2,185.42,1,36
34,11,0,3.05,2.05,0.5,0.8,1516,187.96,83.91,0.61,0.6,0.77,0.69,195.58,2,51
13,2,0,3.42,2.36,0.48,0.0,1517,175.26,65.77,0.51,0.58,1.0,0.61,177.8,1,36
7,3,0,3.73,2.67,0.0,0.0,1518,190.5,83.91,0.43,0.54,0.0,0.66,200.66,1,35
18,5,0,3.31,4.57,3.03,0.7,1519,162.56,52.16,0.41,0.57,0.42,0.58,160.02,1,37
12,6,0,3.67,2.62,3.0,0.0,1520,170.18,61.23,0.52,0.5,0.45,0.59,182.88,1,34
17,6,0,3.7,3.44,0.29,0.2,1521,180.34,70.31,0.44,0.48,0.28,0.64,177.8,1,42
17,7,0,5.67,3.77,0.51,0.3,1522,182.88,77.11,0.5,0.6,0.44,0.58,185.42,2,44
4,6,0,2.54,3.97,2.03,0.8,1523,160.02,56.7,0.43,0.57,0.83,0.66,157.48,1,35
9,3,0,2.55,3.85,3.34,0.5,1524,172.72,65.77,0.54,0.3,0.36,0.57,180.34,4,33
9,5,0,3.6,3.0,2.7,0.6,1525,172.72,61.23,0.45,0.64,0.47,0.42,175.26,2,35
16,10,0,3.17,3.57,2.13,1.5,1526,177.8,70.31,0.5,0.51,0.37,0.56,172.72,1,42
11,5,0,4.18,4.32,1.39,0.0,1527,177.8,65.77,0.61,0.42,0.22,0.66,185.42,2,39
21,9,0,4.49,3.33,0.3,0.1,1528,193.04,107.95,0.47,0.56,0.5,0.81,195.58,1,42
10,3,0,3.5,4.97,0.0,0.0,1529,177.8,77.11,0.4,0.5,0.0,0.58,190.5,1,33
24,10,0,3.05,3.44,0.61,1.1,1530,177.8,70.31,0.47,0.54,0.5,0.6,182.88,1,39
8,4,0,2.56,6.78,0.51,0.5,1531,175.26,65.77,0.33,0.35,0.05,0.2,182.88,1,30
11,8,0,3.48,6.13,0.0,0.0,1532,165.1,61.23,0.3,0.59,0.0,0.71,165.1,1,38
6,8,0,2.28,3.58,0.67,0.8,1533,170.18,61.23,0.34,0.5,0.21,0.33,170.18,1,38
12,5,0,2.6,3.72,0.81,1.0,1534,185.42,83.91,0.47,0.52,0.25,0.77,185.42,1,37
12,3,0,3.34,2.81,0.0,1.1,1535,190.5,83.91,0.5,0.6,0.0,0.7,185.42,2,34
9,5,0,3.15,5.07,1.97,1.3,1536,193.04,92.99,0.59,0.43,0.18,0.0,193.04,1,37
30,12,0,3.44,3.25,3.3,1.2,1537,172.72,65.77,0.47,0.5,0.32,0.43,172.72,1,41
11,5,0,1.95,2.14,3.42,0.8,1538,187.96,83.91,0.42,0.52,0.39,0.53,200.66,1,36
8,6,0,3.97,3.79,0.72,0.5,1539,177.8,65.77,0.45,0.53,0.6,0.65,185.42,1,37
47,19,0,3.67,2.44,1.42,0.8,1540,193.04,120.2,0.64,0.57,0.55,0.73,203.2,1,46
4,5,0,3.34,5.2,0.84,0.0,1541,167.64,56.7,0.37,0.5,0.5,0.14,175.26,1,37
7,4,0,3.29,6.51,0.0,0.5,1542,167.64,65.77,0.45,0.43,0.0,0.18,172.72,1,36
23,5,0,4.03,3.9,0.88,0.1,1543,162.56,61.23,0.4,0.6,0.27,0.92,172.72,1,36
8,4,0,7.58,8.88,0.0,0.0,1544,182.88,65.77,0.39,0.58,0.0,0.0,198.12,4,36
15,9,0,4.22,2.94,0.75,0.2,1545,167.64,56.7,0.52,0.57,0.28,0.7,175.26,1,36
28,8,0,3.52,2.67,1.41,0.6,1546,162.56,56.7,0.34,0.61,0.3,0.62,165.1,2,41
11,5,0,1.76,3.35,0.52,0.5,1547,182.88,65.77,0.46,0.37,0.25,0.53,182.88,1,36
16,8,0,0.9,3.89,1.42,0.0,1548,170.18,61.23,0.27,0.4,0.5,0.44,177.8,1,38
22,5,0,4.84,4.93,0.17,0.0,1549,170.18,65.77,0.43,0.61,0.14,0.75,177.8,2,34
19,7,1,2.36,2.76,1.06,0.4,1550,175.26,77.11,0.48,0.54,0.4,0.87,187.96,1,44
18,9,0,2.52,3.02,1.45,1.9,1551,177.8,65.77,0.46,0.5,0.35,0.42,185.42,2,36
9,2,0,3.92,2.08,1.97,1.3,1552,172.72,65.77,0.53,0.58,0.34,0.67,175.26,1,34
7,1,0,3.38,5.25,0.51,0.0,1553,190.5,120.2,0.5,0.49,0.16,1.0,187.96,1,42
6,3,0,2.46,3.85,0.0,0.0,1554,182.88,113.4,0.43,0.53,0.0,0.77,187.96,1,39
14,8,0,4.32,5.16,0.81,0.2,1555,177.8,77.11,0.47,0.52,0.4,0.78,180.34,1,34
16,8,0,3.93,3.67,0.48,0.5,1556,172.72,61.23,0.36,0.56,0.14,0.61,175.26,1,40
15,5,0,2.23,1.46,7.1,0.0,1557,182.88,77.11,0.68,0.51,0.7,0.8,190.5,1,40
11,2,0,2.38,1.95,8.93,2.4,1558,190.5,115.67,0.7,0.4,0.78,0.5,203.2,1,45
9,3,0,3.66,3.12,1.17,1.2,1559,190.5,70.31,0.46,0.51,0.33,0.48,190.5,2,32
7,4,0,4.51,4.59,0.87,0.1,1560,165.1,56.7,0.48,0.57,0.33,0.5,162.56,1,38
12,4,0,1.83,2.83,2.0,0.5,1561,182.88,77.11,0.5,0.64,0.33,0.25,190.5,2,34
13,5,0,6.61,4.37,0.71,0.2,1562,167.64,61.23,0.52,0.5,0.3,0.72,170.18,2,40
8,2,0,4.31,5.39,0.0,0.0,1563,193.04,83.91,0.49,0.45,0.0,0.0,198.12,4,34
14,8,0,2.54,4.04,0.0,0.0,1564,175.26,77.11,0.37,0.48,0.0,0.6,182.88,4,34
14,1,0,3.74,2.3,6.86,0.8,1565,170.18,70.31,0.52,0.57,0.48,1.0,180.34,1,39
9,7,0,3.28,3.61,0.0,0.4,1566,200.66,117.03,0.45,0.45,0.0,0.27,203.2,1,39
17,5,0,3.96,4.81,0.16,0.0,1567,170.18,70.31,0.4,0.52,0.16,0.78,185.42,1,37
26,10,0,2.53,2.83,2.57,1.3,1568,185.42,83.91,0.47,0.62,0.39,0.57,182.88,1,46
7,4,0,1.59,6.11,0.0,0.0,1569,165.1,56.7,0.37,0.5,0.0,0.0,170.18,4,33
13,10,0,3.05,3.33,0.29,0.1,1570,195.58,113.4,0.39,0.54,0.28,0.7,195.58,2,42
28,11,0,1.8,2.07,2.49,1.0,1571,185.42,77.11,0.43,0.63,0.24,0.61,182.88,2,48
7,2,0,5.64,6.5,3.15,0.3,1572,162.56,56.7,0.58,0.47,0.47,0.5,170.18,1,30
15,8,2,3.28,4.9,0.38,0.4,1573,177.8,113.4,0.53,0.56,0.5,0.53,182.88,1,40
17,9,0,3.12,3.88,1.26,0.6,1574,187.96,77.11,0.39,0.58,0.34,0.73,190.5,1,37
15,8,0,4.36,5.67,0.33,0.7,1575,177.8,70.31,0.37,0.47,0.5,0.73,190.5,1,38
16,8,0,3.34,5.33,0.75,1.1,1576,170.18,65.77,0.44,0.62,0.4,0.2,172.72,1,36
26,4,0,2.38,2.51,3.94,0.6,1577,167.64,77.11,0.47,0.57,0.36,0.47,170.18,1,44
10,6,0,3.21,2.6,0.0,0.0,1578,177.8,56.7,0.33,0.51,0.0,0.4,182.88,2,31
21,6,1,2.97,2.84,2.58,0.2,1579,182.88,83.91,0.34,0.55,0.45,0.65,185.42,1,38
32,14,0,3.66,2.67,0.59,1.0,1580,187.96,77.11,0.39,0.55,0.46,0.38,190.5,1,42
22,6,0,5.32,4.66,0.67,0.1,1581,175.26,70.31,0.49,0.54,0.55,0.66,187.96,2,37
9,8,1,3.2,3.52,0.62,0.8,1582,167.64,61.23,0.41,0.59,0.63,0.5,172.72,1,48
14,5,0,3.25,2.98,1.02,0.7,1583,180.34,83.91,0.5,0.59,0.17,0.59,182.88,1,37
10,8,0,2.88,3.65,0.28,0.4,1584,165.1,56.7,0.39,0.58,0.22,0.72,172.72,1,36
7,4,0,0.79,1.92,0.0,0.0,1585,167.64,61.23,0.21,0.74,0.0,0.5,177.8,1,33
21,9,0,2.7,5.37,0.98,0.7,1586,165.1,61.23,0.25,0.49,0.14,0.66,177.8,1,40
7,3,0,3.37,4.4,2.93,0.7,1587,172.72,61.23,0.36,0.58,0.66,0.75,175.26,1,29
16,4,1,4.85,4.67,1.09,0.4,1588,170.18,61.23,0.42,0.58,0.35,0.61,172.72,2,35
6,4,0,6.69,5.44,0.72,0.0,1589,185.42,77.11,0.53,0.52,1.0,0.7,182.88,4,37
4,1,0,6.84,6.96,0.0,1.1,1590,175.26,61.23,0.46,0.62,0.0,0.78,187.96,1,34
8,3,0,1.31,2.96,1.2,0.8,1591,182.88,61.23,0.47,0.4,0.42,0.54,185.42,2,36
12,8,0,3.05,3.29,1.75,0.1,1592,182.88,92.99,0.45,0.48,0.45,0.67,187.96,1,35
9,3,0,2.82,3.82,1.11,0.6,1593,172.72,70.31,0.4,0.57,0.15,1.0,185.42,1,30
17,7,0,3.84,4.54,0.97,1.7,1594,182.88,77.11,0.41,0.55,0.33,0.57,190.5,1,35
4,5,0,2.5,2.98,1.9,0.5,1595,165.1,56.7,0.31,0.54,0.66,0.7,160.02,1,35
12,6,1,2.48,3.87,1.74,0.7,1596,165.1,61.23,0.4,0.57,0.41,0.31,170.18,1,36
9,2,0,4.96,3.66,1.75,0.2,1597,180.34,77.11,0.48,0.58,0.58,0.66,190.5,1,32
9,6,0,2.36,6.06,1.61,0.4,1598,162.56,61.23,0.44,0.38,0.26,0.2,160.02,2,34
11,7,0,4.35,4.24,0.0,0.0,1599,193.04,92.99,0.53,0.41,0.0,0.37,208.28,2,37
9,5,0,2.82,2.02,1.14,0.2,1600,190.5,83.91,0.66,0.5,0.41,0.41,185.42,1,36
4,3,1,4.0,12.0,0.0,0.0,1601,180.34,77.11,0.33,0.4,0.0,0.0,190.5,1,34
26,10,0,5.71,3.84,1.28,1.0,1602,185.42,77.11,0.42,0.59,0.32,0.6,193.04,2,42
28,13,0,2.95,3.22,0.22,0.4,1603,170.18,61.23,0.39,0.63,0.2,0.58,180.34,1,47
15,7,1,0.99,2.44,0.0,0.0,1604,170.18,61.23,0.55,0.42,0.0,0.3,165.1,1,34
11,6,1,4.37,4.93,0.39,0.0,1605,165.1,61.23,0.43,0.56,0.18,0.85,162.56,1,42
13,7,0,4.3,5.1,2.55,0.0,1606,185.42,83.91,0.43,0.5,0.36,1.0,187.96,1,38
11,2,0,4.88,5.6,0.0,0.0,1607,182.88,111.13,0.45,0.5,0.0,0.72,190.5,1,31
13,1,0,4.2,6.13,0.0,0.0,1608,167.64,61.23,0.39,0.51,0.0,0.0,175.26,1,34
11,12,1,2.97,3.1,1.12,0.2,1609,162.56,52.16,0.43,0.58,0.28,0.52,160.02,1,40
14,4,0,1.75,3.6,2.54,1.4,1610,160.02,52.16,0.45,0.56,0.45,0.4,160.02,1,35
16,9,0,4.18,4.45,0.0,0.7,1611,180.34,70.31,0.48,0.46,0.0,0.57,187.96,1,39
9,5,0,3.31,3.73,0.83,0.0,1612,185.42,83.91,0.34,0.54,0.26,0.48,180.34,1,33
3,3,0,3.35,5.09,0.0,0.4,1613,190.5,83.91,0.48,0.35,0.0,0.33,182.88,1,31
14,1,0,5.35,3.46,0.0,0.0,1614,187.96,92.99,0.48,0.51,0.0,0.5,193.04,1,35
13,7,0,3.56,5.74,1.4,0.8,1615,185.42,92.99,0.42,0.52,0.71,0.5,190.5,1,33
17,14,0,4.38,5.47,0.45,0.0,1616,190.5,104.33,0.44,0.55,0.23,0.83,193.04,1,40
9,6,0,5.83,5.46,1.11,0.0,1617,185.42,83.91,0.5,0.35,0.5,0.85,190.5,2,35
14,7,1,4.06,4.53,0.63,0.2,1618,177.8,70.31,0.4,0.61,0.18,0.74,177.8,1,39
8,5,0,2.42,5.32,1.71,1.3,1619,162.56,56.7,0.3,0.54,0.66,0.5,157.48,1,31
8,3,0,4.59,5.54,2.28,0.0,1620,175.26,65.77,0.48,0.51,0.66,1.0,180.34,1,33
5,3,0,3.06,3.84,0.51,0.0,1621,170.18,65.77,0.41,0.52,0.5,0.76,180.34,2,33
9,3,0,3.21,4.54,1.18,0.2,1622,167.64,65.77,0.48,0.45,0.18,0.27,172.72,1,35
39,14,0,3.71,4.63,0.68,0.4,1623,193.04,120.2,0.42,0.47,0.34,0.7,198.12,1,44
14,8,0,3.18,2.14,1.33,0.0,1624,175.26,65.77,0.61,0.56,0.55,0.52,177.8,1,36
15,5,0,6.18,4.96,0.21,0.0,1625,172.72,70.31,0.57,0.52,0.5,0.65,172.72,1,39
7,5,0,4.42,6.64,2.28,0.3,1626,162.56,52.16,0.48,0.55,0.43,0.25,160.02,1,32
13,9,0,4.1,3.93,2.24,0.8,1627,177.8,83.91,0.44,0.55,0.52,0.5,190.5,1,35
9,2,0,2.38,1.33,0.22,2.2,1628,177.8,65.77,0.5,0.65,0.09,0.0,177.8,2,41
8,4,0,4.83,2.81,0.36,0.7,1629,170.18,70.31,0.41,0.61,0.16,0.81,172.72,1,32
17,9,0,4.28,4.87,0.36,0.1,1630,172.72,65.77,0.4,0.51,0.75,0.72,190.5,2,38
8,7,0,4.3,3.43,1.9,0.3,1631,162.56,56.7,0.43,0.57,0.44,0.66,170.18,1,41
8,4,0,2.77,4.42,2.4,0.0,1632,177.8,70.31,0.38,0.41,0.33,0.0,185.42,1,31
16,4,0,2.63,3.27,2.9,1.0,1633,165.1,56.7,0.52,0.5,0.6,0.51,170.18,1,34
17,3,0,2.33,2.16,0.76,0.3,1634,193.04,113.4,0.41,0.41,0.62,0.71,210.82,1,39
11,4,0,1.44,2.52,3.93,0.8,1635,198.12,92.99,0.79,0.52,0.28,0.0,195.58,1,40
21,11,0,4.63,4.45,0.95,0.7,1636,167.64,61.23,0.49,0.54,0.44,0.34,172.72,1,41
7,4,0,1.35,4.89,0.0,0.0,1637,185.42,92.99,0.4,0.38,0.0,0.0,187.96,2,31
25,21,0,3.35,5.7,1.35,0.1,1638,170.18,56.7,0.3,0.51,0.23,0.3,175.26,1,43
5,3,0,5.03,5.28,3.87,0.0,1639,170.18,61.23,0.51,0.47,0.57,1.0,177.8,1,34
18,4,0,1.4,4.07,0.0,0.0,1640,172.72,65.77,0.45,0.4,0.0,0.66,177.8,2,37
19,3,0,2.01,3.21,1.74,2.3,1641,180.34,65.77,0.4,0.49,0.34,0.39,182.88,1,41
6,5,0,2.04,3.02,0.0,0.0,1642,180.34,77.11,0.57,0.43,0.0,0.5,182.88,1,39
23,9,1,3.45,3.18,0.54,0.3,1643,167.64,61.23,0.35,0.61,0.22,0.7,170.18,1,36
11,4,0,4.55,3.91,0.35,0.3,1644,175.26,70.31,0.53,0.49,0.25,0.85,193.04,1,32
7,5,0,4.79,3.31,0.2,0.0,1645,195.58,120.2,0.5,0.55,0.33,0.64,203.2,1,37
22,12,0,2.99,2.55,2.35,0.6,1646,180.34,77.11,0.51,0.46,0.38,0.63,193.04,1,38
9,4,0,6.1,4.35,0.65,0.2,1647,170.18,56.7,0.43,0.57,0.8,0.59,177.8,1,29
23,10,1,3.37,4.53,0.87,0.3,1648,167.64,61.23,0.4,0.54,0.41,0.46,170.18,1,38
18,3,0,5.19,3.33,1.73,0.3,1649,167.64,61.23,0.53,0.45,0.4,0.55,170.18,1,36
12,4,0,2.09,4.45,4.06,0.4,1650,170.18,65.77,0.45,0.56,0.28,0.5,182.88,1,39
12,5,0,3.65,1.77,0.4,0.4,1651,172.72,70.31,0.53,0.57,0.25,0.3,180.34,2,40
10,3,0,3.73,5.3,0.5,0.0,1652,177.8,65.77,0.39,0.45,0.16,0.6,177.8,1,30
13,6,0,2.26,1.92,4.38,0.5,1653,167.64,61.23,0.46,0.47,0.65,0.5,167.64,1,45
14,1,1,3.05,2.8,2.6,0.4,1654,167.64,56.7,0.54,0.57,0.24,0.66,170.18,1,33
7,6,0,3.01,3.19,1.83,0.8,1655,157.48,52.16,0.5,0.51,0.22,0.37,160.02,1,26
9,3,0,3.78,4.65,1.56,0.6,1656,167.64,61.23,0.47,0.47,0.47,0.62,167.64,1,31
21,15,0,2.65,3.1,0.48,0.5,1657,180.34,61.23,0.34,0.41,0.05,0.3,185.42,1,38
15,9,0,2.93,8.05,0.0,0.0,1658,182.88,70.31,0.41,0.33,0.0,0.27,180.34,4,34
12,5,0,1.49,2.64,1.44,0.0,1659,167.64,65.77,0.5,0.38,0.33,0.4,167.64,1,28
4,2,0,9.31,4.66,0.0,0.0,1660,177.8,77.11,0.4,0.51,0.0,1.0,182.88,1,33
10,6,0,1.99,8.09,0.0,0.0,1661,175.26,61.23,0.4,0.51,0.0,0.0,180.34,4,39
18,14,0,3.66,7.24,0.6,0.0,1662,185.42,92.99,0.38,0.36,0.5,1.0,185.42,1,42
28,6,1,3.41,2.37,0.76,0.0,1663,185.42,77.11,0.41,0.6,0.28,0.61,187.96,1,34
7,6,0,3.73,3.52,4.34,0.2,1664,167.64,56.7,0.5,0.5,0.52,0.33,172.72,2,37
14,8,0,3.31,2.96,0.33,0.3,1665,177.8,65.77,0.51,0.5,0.14,0.6,172.72,1,40
15,4,0,1.82,2.95,3.01,0.3,1666,180.34,70.31,0.4,0.43,0.33,0.43,187.96,2,42
22,10,0,6.56,7.44,1.11,0.0,1667,177.8,70.31,0.46,0.51,0.31,0.73,185.42,1,37
17,9,0,4.67,4.11,1.69,1.8,1668,175.26,61.23,0.47,0.53,0.35,0.32,172.72,1,34
10,4,0,2.17,4.65,1.88,0.5,1669,172.72,65.77,0.45,0.36,0.24,0.43,175.26,1,32
13,6,0,2.9,3.57,1.12,0.0,1670,182.88,77.11,0.51,0.44,0.27,0.5,193.04,1,37
11,2,0,7.25,5.04,0.0,0.0,1671,167.64,56.7,0.48,0.55,0.0,0.66,175.26,1,28
12,6,0,2.12,2.25,0.66,0.7,1672,185.42,70.31,0.48,0.49,1.0,0.55,187.96,4,33
21,4,0,2.14,2.52,1.97,0.3,1673,172.72,70.31,0.46,0.56,0.43,0.76,185.42,1,30
14,10,0,3.84,5.19,1.08,0.8,1674,162.56,52.16,0.37,0.48,0.28,0.75,165.1,1,41
19,13,0,0.43,4.07,0.0,0.0,1675,190.5,92.99,0.18,0.13,0.0,0.33,187.96,1,31
4,4,0,3.65,3.04,0.0,0.5,1676,165.1,56.7,0.4,0.64,0.0,1.0,165.1,2,33
8,5,0,2.9,2.8,0.85,0.0,1677,172.72,56.7,0.58,0.54,0.57,0.76,170.18,1,37
20,6,0,2.53,2.14,2.37,0.7,1678,177.8,77.11,0.45,0.65,0.29,0.66,193.04,2,39
16,5,0,6.28,3.25,0.27,0.1,1679,167.64,52.16,0.48,0.62,0.62,0.8,165.1,1,38
7,3,0,4.55,6.21,4.28,0.0,1680,167.64,83.91,0.44,0.46,0.52,0.4,177.8,1,36
24,16,1,3.4,3.76,0.34,0.1,1681,170.18,61.23,0.29,0.68,0.33,0.86,175.26,1,41
6,5,0,4.89,3.77,0.74,0.5,1682,165.1,52.16,0.53,0.66,0.37,0.65,170.18,1,30
11,5,1,2.86,3.83,1.95,0.0,1683,172.72,65.77,0.38,0.5,0.6,0.87,170.18,1,39
8,3,0,5.55,4.85,0.0,1.4,1684,175.26,61.23,0.47,0.45,0.0,0.52,177.8,4,39
21,5,0,4.14,5.01,0.65,0.2,1685,172.72,61.23,0.42,0.48,0.23,0.77,175.26,1,30
8,3,0,5.36,4.82,0.0,0.0,1686,190.5,110.22,0.58,0.46,0.0,0.62,200.66,1,38
15,11,0,3.86,4.19,0.58,0.5,1687,167.64,56.7,0.37,0.55,0.4,0.57,167.64,1,39
18,11,0,3.23,3.85,0.54,0.1,1688,182.88,83.91,0.48,0.54,0.38,0.64,200.66,1,41
36,17,0,4.41,4.48,1.16,1.2,1689,185.42,70.31,0.46,0.53,0.33,0.73,185.42,1,43
9,6,0,2.57,2.42,0.72,0.5,1690,185.42,92.99,0.51,0.57,0.4,0.4,187.96,2,35
10,10,0,4.29,4.0,0.39,0.5,1691,170.18,56.7,0.39,0.55,0.31,0.39,170.18,1,39
10,4,0,3.86,2.93,0.43,0.4,1692,172.72,56.7,0.55,0.52,0.42,0.53,170.18,2,41
11,6,0,3.29,2.66,0.61,0.0,1693,185.42,83.91,0.36,0.6,1.0,0.66,193.04,4,41
15,3,0,7.4,6.78,0.43,0.4,1694,180.34,65.77,0.52,0.56,0.44,0.91,190.5,1,35
14,4,0,2.48,3.0,2.85,1.1,1695,180.34,77.11,0.42,0.46,0.26,0.44,180.34,2,43
14,8,0,3.08,3.86,1.67,1.0,1696,175.26,65.77,0.36,0.47,0.35,0.38,175.26,4,39
18,8,0,4.03,3.53,1.53,0.4,1697,195.58,92.99,0.4,0.51,0.39,0.83,200.66,1,39
7,3,0,2.79,2.57,0.0,0.0,1698,170.18,52.16,0.47,0.57,0.0,0.33,172.72,1,34
33,18,0,3.28,3.63,0.06,0.1,1699,187.96,83.91,0.44,0.52,0.14,0.82,190.5,2,40
22,11,0,3.72,2.57,0.88,0.1,1700,187.96,92.99,0.48,0.53,0.33,0.65,193.04,1,42
19,9,0,2.15,2.54,6.9,0.9,1701,177.8,77.11,0.44,0.52,0.48,1.0,177.8,1,39
11,9,0,1.89,5.86,0.0,0.0,1702,187.96,70.31,0.41,0.31,0.0,0.3,187.96,4,34
11,7,0,4.39,3.47,0.24,0.5,1703,165.1,56.7,0.45,0.55,0.33,0.73,162.56,1,40
24,4,0,3.91,2.61,2.82,0.1,1704,172.72,61.23,0.33,0.7,0.42,0.83,172.72,1,41
13,5,0,2.04,2.59,2.51,0.4,1705,167.64,56.7,0.61,0.61,0.75,0.76,172.72,2,36
16,7,1,5.16,3.65,0.64,0.2,1706,180.34,65.77,0.5,0.6,0.17,0.44,185.42,1,35
18,7,1,2.82,3.4,0.88,0.2,1707,182.88,70.31,0.46,0.54,0.25,0.86,190.5,1,46
7,6,0,3.54,6.53,0.0,2.0,1708,187.96,92.99,0.52,0.42,0.0,0.0,190.5,1,37
13,6,0,4.23,4.95,0.62,0.2,1709,172.72,61.23,0.41,0.49,0.3,0.63,167.64,1,30
16,6,0,4.1,2.68,0.7,1.0,1710,190.5,83.91,0.49,0.53,0.29,0.65,195.58,2,41
13,5,0,2.64,4.12,0.0,0.2,1711,165.1,61.23,0.32,0.46,0.0,0.61,175.26,1,34
13,7,0,3.32,3.44,1.46,0.0,1712,182.88,83.91,0.39,0.61,0.39,0.83,187.96,1,36
5,3,0,4.49,4.56,2.0,0.0,1713,180.34,77.11,0.51,0.51,0.3,1.0,182.88,1,32
1,1,0,2.37,4.57,0.0,0.5,1714,180.34,65.77,0.25,0.47,0.0,0.77,177.8,1,42
22,13,0,4.57,3.77,1.05,1.3,1715,182.88,77.11,0.45,0.52,0.3,0.41,193.04,2,41
15,7,0,5.31,6.41,0.0,0.0,1716,187.96,70.31,0.47,0.4,0.0,0.0,187.96,4,33
7,2,0,4.31,5.35,1.04,0.5,1717,175.26,77.11,0.45,0.47,0.2,0.5,180.34,1,30
8,4,0,0.99,3.85,0.0,0.0,1718,177.8,83.91,0.3,0.46,0.0,0.0,187.96,1,38
6,4,0,6.53,7.58,0.0,0.0,1719,175.26,61.23,0.46,0.58,0.0,0.5,185.42,4,31
24,6,0,2.98,2.23,1.33,0.1,1720,185.42,83.91,0.42,0.57,0.39,0.82,195.58,2,36
21,12,0,3.54,3.39,0.46,0.5,1721,177.8,70.31,0.47,0.57,0.28,0.57,177.8,2,40
60,17,1,3.29,3.8,1.82,1.9,1722,187.96,108.86,0.48,0.44,0.46,0.37,203.2,1,48
28,9,0,3.13,2.67,0.98,0.5,1723,175.26,77.11,0.45,0.6,0.42,0.6,177.8,2,47
1,2,0,4.49,3.73,0.71,0.0,1724,187.96,77.11,0.57,0.62,0.33,0.88,187.96,1,41
8,2,0,1.93,2.64,4.16,0.2,1725,182.88,83.91,0.45,0.46,0.45,0.35,193.04,2,28
14,10,0,4.68,4.62,0.74,0.1,1726,177.8,61.23,0.35,0.58,0.42,0.57,182.88,1,36
15,9,0,3.86,3.06,4.15,1.7,1727,190.5,92.99,0.51,0.57,0.39,0.76,195.58,1,39
13,2,0,1.8,2.2,1.35,0.5,1728,185.42,77.11,0.39,0.39,0.3,0.6,180.34,4,33
18,5,0,5.09,3.47,1.56,0.8,1729,167.64,61.23,0.41,0.62,0.3,0.77,170.18,1,40
11,3,0,5.25,3.34,4.77,0.0,1730,172.72,61.23,0.64,0.61,0.4,1.0,175.26,1,32
8,2,0,0.8,1.13,0.0,1.0,1731,162.56,56.7,0.41,0.54,0.0,0.5,175.26,1,31
12,10,0,4.96,5.67,0.18,0.0,1732,193.04,120.2,0.44,0.45,0.5,0.2,203.2,1,34
6,5,0,3.87,8.43,1.81,0.0,1733,170.18,61.23,0.57,0.46,0.19,1.0,167.64,2,37
8,3,0,3.97,5.17,2.28,0.3,1734,172.72,56.7,0.46,0.44,0.36,0.53,172.72,2,34
9,4,1,2.5,5.67,0.0,0.0,1735,177.8,61.23,0.3,0.55,0.0,0.66,180.34,1,36
10,2,0,4.39,5.18,0.0,0.3,1736,177.8,61.23,0.45,0.56,0.0,0.73,185.42,4,32
9,6,0,3.18,4.88,0.0,0.6,1737,170.18,56.7,0.47,0.43,0.0,0.53,165.1,1,35
26,14,0,2.63,2.28,2.4,2.7,1738,170.18,65.77,0.65,0.35,0.72,0.66,175.26,1,36
13,2,0,3.58,5.56,1.02,0.0,1739,182.88,92.99,0.41,0.39,0.28,0.62,198.12,1,31
11,3,0,3.63,4.4,0.36,0.5,1740,180.34,65.77,0.53,0.5,0.66,0.72,180.34,1,34
11,5,0,4.26,4.04,0.0,0.0,1741,160.02,52.16,0.32,0.61,0.0,0.3,165.1,1,41
10,4,0,4.71,3.53,1.77,0.0,1742,170.18,70.31,0.53,0.53,0.36,0.63,180.34,1,34
23,11,1,3.77,2.82,2.29,0.3,1743,167.64,61.23,0.4,0.65,0.31,0.65,172.72,1,44
9,4,0,2.68,4.29,3.66,0.0,1744,167.64,61.23,0.34,0.47,0.5,0.83,177.8,1,33
16,10,0,4.92,6.42,0.46,0.0,1745,172.72,65.77,0.39,0.55,0.5,0.66,180.34,1,37
14,6,0,4.32,3.66,1.88,0.2,1746,175.26,70.31,0.47,0.55,0.56,0.67,175.26,1,42
6,1,0,0.77,3.73,5.28,1.1,1747,170.18,56.7,0.37,0.4,0.55,0.0,175.26,4,29
11,6,0,3.07,3.93,2.14,0.0,1748,172.72,83.91,0.45,0.52,0.45,0.77,193.04,1,38
10,7,0,3.71,3.9,2.83,0.0,1749,170.18,61.23,0.46,0.44,0.52,0.58,170.18,4,32
18,5,1,2.3,3.31,0.55,0.0,1750,182.88,83.91,0.46,0.56,0.46,0.69,187.96,2,33
19,5,0,3.01,2.97,3.63,0.0,1751,167.64,61.23,0.43,0.61,0.31,0.68,170.18,1,36
10,3,0,2.05,0.88,6.63,1.9,1752,172.72,61.23,0.51,0.58,0.48,0.83,175.26,1,30
7,3,0,4.93,2.57,0.25,0.2,1753,160.02,52.16,0.5,0.64,0.33,0.66,160.02,4,30
20,8,0,2.41,3.02,1.01,0.1,1754,190.5,106.59,0.44,0.55,0.23,0.45,193.04,1,44
11,3,0,7.49,5.42,1.8,0.0,1755,185.42,77.11,0.55,0.53,0.57,0.71,193.04,1,38
27,14,1,3.57,2.79,2.01,0.7,1756,185.42,92.99,0.5,0.54,0.48,0.49,193.04,1,44
33,9,0,3.73,4.43,2.11,0.9,1757,187.96,92.99,0.49,0.51,0.33,0.6,193.04,1,46
7,3,0,2.69,2.69,1.02,0.0,1758,167.64,56.7,0.42,0.65,0.27,0.74,162.56,1,29
20,6,1,3.17,3.07,2.13,0.0,1759,172.72,70.31,0.39,0.63,0.39,1.0,172.72,1,35
12,5,0,3.42,5.87,0.97,1.9,1760,167.64,65.77,0.5,0.31,0.25,0.2,170.18,1,35
4,2,0,2.18,2.18,2.72,0.0,1761,160.02,56.7,0.3,0.63,0.33,0.0,162.56,2,31
23,1,0,2.0,4.13,0.0,0.0,1762,172.72,65.77,0.26,0.56,0.0,0.66,175.26,1,31
10,8,0,2.69,3.87,0.52,0.1,1763,170.18,61.23,0.55,0.44,0.27,0.47,165.1,1,44
11,5,0,2.62,3.3,1.78,0.4,1764,177.8,92.99,0.56,0.35,0.4,0.48,185.42,1,38
12,5,0,4.1,6.03,2.09,0.4,1765,187.96,92.99,0.56,0.31,0.45,1.0,195.58,1,34
20,12,0,1.85,3.3,0.29,1.5,1766,172.72,70.31,0.48,0.58,0.25,0.44,172.72,1,35
14,8,0,2.4,8.08,6.0,0.0,1767,180.34,70.31,0.36,0.4,0.55,0.5,190.5,1,34
16,5,1,4.6,3.83,0.23,0.0,1768,190.5,120.2,0.49,0.48,0.4,0.56,195.58,1,35
10,4,0,4.33,4.94,0.72,0.5,1769,177.8,61.23,0.48,0.5,0.42,0.25,177.8,1,30
23,9,0,3.51,3.05,3.14,0.6,1770,185.42,83.91,0.47,0.51,0.33,0.85,195.58,2,42
13,10,0,2.13,4.29,0.62,0.2,1771,170.18,61.23,0.37,0.39,0.15,0.6,177.8,2,35
23,9,0,3.82,4.47,5.4,0.3,1772,165.1,61.23,0.48,0.44,0.41,0.52,175.26,1,34
28,10,0,3.22,2.5,1.65,0.2,1773,165.1,61.23,0.42,0.66,0.39,0.78,167.64,1,43
10,8,0,3.44,2.84,2.27,0.4,1774,167.64,61.23,0.55,0.51,0.55,0.64,172.72,2,46
11,4,0,3.42,3.18,0.46,0.0,1775,180.34,70.31,0.4,0.58,1.0,0.63,185.42,1,40
17,9,0,1.33,2.98,3.96,1.1,1776,177.8,65.77,0.44,0.46,0.43,0.35,182.88,2,37
19,11,0,4.76,5.94,1.42,0.7,1777,177.8,65.77,0.4,0.53,0.26,0.64,177.8,1,35
9,6,1,4.41,4.12,1.8,0.8,1778,162.56,52.16,0.38,0.64,0.44,0.77,162.56,1,38
35,17,0,4.05,3.05,1.38,0.3,1779,180.34,77.11,0.47,0.64,0.59,0.72,187.96,1,41
12,5,0,1.51,3.66,0.86,0.6,1780,175.26,61.23,0.53,0.43,0.5,0.44,180.34,2,36
27,16,0,3.31,3.71,1.96,1.0,1781,185.42,92.99,0.48,0.42,0.47,0.59,195.58,1,45
25,7,0,2.96,2.91,0.62,0.6,1782,182.88,92.99,0.35,0.55,0.28,0.66,190.5,2,41
12,5,0,5.38,4.21,0.52,0.0,1783,170.18,61.23,0.36,0.47,0.5,0.62,177.8,1,36
10,5,0,2.64,2.57,0.56,0.3,1784,165.1,61.23,0.32,0.64,0.16,0.43,170.18,1,37
8,4,0,2.88,3.08,1.49,0.8,1785,193.04,83.91,0.53,0.54,0.4,0.5,203.2,1,30
5,2,0,6.46,11.54,0.0,0.0,1786,180.34,116.57,0.48,0.32,0.0,1.0,182.88,1,36
11,9,0,3.73,3.51,1.66,0.3,1787,165.1,61.23,0.51,0.58,0.42,0.62,162.56,1,38
8,2,0,2.51,3.24,0.72,0.7,1788,170.18,56.7,0.45,0.6,0.18,0.75,180.34,1,36
9,7,2,5.37,5.41,0.0,0.1,1789,170.18,56.7,0.36,0.56,0.0,0.5,182.88,1,36
16,12,0,6.04,6.65,0.09,0.0,1790,193.04,113.4,0.45,0.52,0.5,0.74,198.12,1,36
26,19,0,3.76,2.92,1.68,1.3,1791,182.88,77.11,0.55,0.55,0.46,0.63,190.5,1,45
16,7,0,2.21,3.73,0.76,0.0,1792,177.8,77.11,0.41,0.44,0.37,0.6,185.42,2,35
6,2,0,2.83,7.93,2.5,0.0,1793,177.8,70.31,0.46,0.42,0.45,0.71,182.88,1,28
17,9,0,2.05,2.93,2.11,0.3,1794,177.8,104.33,0.45,0.56,0.35,1.0,185.42,1,43
8,2,0,2.77,4.02,1.92,0.0,1795,180.34,77.11,0.53,0.44,0.4,0.61,180.34,4,31
32,10,2,3.26,2.27,0.21,0.0,1796,190.5,92.99,0.52,0.58,0.16,0.66,198.12,1,42
17,4,1,2.78,2.61,1.25,0.0,1797,180.34,77.11,0.53,0.65,0.22,0.88,182.88,1,36
13,7,0,5.03,5.76,0.95,0.0,1798,167.64,52.16,0.38,0.44,0.44,0.47,175.26,1,29
20,6,0,3.48,3.29,0.58,0.2,1799,165.1,56.7,0.43,0.59,0.3,0.7,172.72,1,33
23,5,0,4.55,2.62,2.73,0.7,1800,172.72,61.23,0.51,0.57,0.54,0.82,175.26,1,37
8,2,0,2.78,1.75,6.75,0.2,1801,172.72,61.23,0.56,0.52,0.77,0.45,172.72,4,33
14,9,0,5.24,5.86,1.3,0.2,1802,162.56,56.7,0.43,0.52,0.19,0.75,167.64,4,37
19,6,0,3.25,4.2,0.69,0.1,1803,180.34,113.4,0.4,0.53,0.4,0.61,185.42,2,39
18,8,0,3.88,3.6,3.18,0.8,1804,175.26,77.11,0.42,0.5,0.43,0.75,195.58,1,33
24,3,0,3.36,2.44,1.0,0.0,1805,177.8,70.31,0.42,0.61,0.28,0.7,187.96,1,35
12,6,0,3.22,5.87,1.5,1.2,1806,177.8,70.31,0.5,0.4,0.26,0.47,190.5,4,32
30,16,0,3.85,4.67,0.65,0.0,1807,180.34,77.11,0.47,0.59,0.64,0.65,187.96,2,44
6,6,0,4.03,4.59,0.95,0.0,1808,172.72,61.23,0.34,0.53,0.22,0.5,170.18,1,38
17,7,0,1.53,1.85,0.0,0.0,1809,170.18,70.31,0.31,0.61,0.0,0.5,175.26,1,36
7,2,0,3.7,4.73,3.0,0.0,1810,175.26,70.31,0.42,0.55,0.4,1.0,182.88,4,36
21,14,1,3.87,4.97,0.0,0.0,1811,170.18,56.7,0.33,0.65,0.0,0.87,172.72,1,42
10,3,0,4.08,7.16,1.54,0.4,1812,175.26,70.31,0.3,0.48,0.44,0.36,182.88,1,34
9,3,0,3.86,4.86,0.43,0.0,1813,177.8,65.77,0.37,0.57,0.66,0.75,177.8,1,31
12,4,0,3.74,3.25,1.99,0.2,1814,172.72,65.77,0.46,0.44,0.44,0.69,182.88,1,31
16,5,0,2.99,3.01,1.97,0.6,1815,180.34,83.91,0.4,0.59,0.29,0.66,190.5,1,37
9,3,0,4.65,4.89,0.0,0.0,1816,175.26,77.11,0.44,0.6,0.0,0.66,175.26,1,34
18,8,0,3.18,3.73,0.24,0.2,1817,185.42,77.11,0.39,0.5,0.09,0.57,187.96,2,38
6,3,0,4.73,4.26,0.46,0.0,1818,185.42,92.99,0.57,0.54,0.22,0.5,187.96,1,30
13,3,0,4.29,4.18,3.13,1.5,1819,167.64,65.77,0.44,0.57,0.44,0.53,167.64,2,39
9,6,0,1.88,3.02,1.55,2.3,1820,165.1,61.23,0.39,0.4,0.25,0.25,170.18,1,30
6,4,0,5.57,4.11,0.76,0.0,1821,182.88,83.91,0.52,0.54,0.57,0.64,195.58,1,31
12,7,0,6.05,4.64,0.0,0.0,1822,190.5,92.99,0.5,0.55,0.0,1.0,193.04,1,36
13,4,1,5.45,3.37,0.0,0.0,1823,172.72,65.77,0.5,0.56,0.0,0.65,185.42,1,34
6,3,0,4.65,5.12,0.0,0.0,1824,182.88,77.11,0.5,0.51,0.0,0.5,180.34,2,25
14,9,0,6.55,6.32,1.35,0.5,1825,182.88,120.2,0.5,0.51,0.26,0.66,190.5,1,41
19,3,0,3.39,2.64,2.0,1.1,1826,167.64,56.7,0.48,0.58,0.76,0.86,172.72,1,32
17,8,0,3.93,4.52,0.7,0.6,1827,170.18,65.77,0.41,0.52,0.44,0.72,182.88,1,39
6,6,0,4.55,7.4,0.0,0.0,1828,172.72,61.23,0.31,0.45,0.0,0.6,182.88,1,42
13,8,0,5.19,5.46,0.63,0.0,1829,172.72,65.77,0.4,0.52,0.18,0.64,182.88,1,32
3,3,0,3.12,2.17,0.0,0.0,1830,180.34,77.11,0.55,0.48,0.0,0.73,193.04,4,37
18,9,0,5.52,4.15,0.0,0.0,1831,172.72,70.31,0.49,0.68,0.0,0.86,172.72,1,41
14,4,0,2.21,8.85,3.69,0.0,1832,177.8,61.23,0.34,0.41,0.5,0.0,187.96,1,36
6,4,0,5.19,4.67,0.66,0.2,1833,162.56,52.16,0.47,0.5,0.12,0.54,154.94,1,34
13,10,0,5.8,5.08,0.71,0.6,1834,190.5,104.33,0.44,0.5,0.33,0.67,198.12,1,37
16,8,0,3.3,6.26,0.25,0.0,1835,182.88,77.11,0.41,0.45,1.0,0.66,187.96,1,32
10,3,0,3.36,4.61,1.54,0.9,1836,177.8,77.11,0.49,0.46,0.35,0.33,170.18,4,29
12,4,0,2.44,2.66,2.4,1.8,1837,175.26,61.23,0.36,0.55,0.25,0.45,180.34,1,33
12,3,0,2.15,2.4,3.38,0.8,1838,154.94,52.16,0.56,0.53,0.56,1.0,157.48,1,32
8,9,0,3.42,4.13,1.09,0.6,1839,170.18,52.16,0.39,0.47,0.27,0.66,175.26,2,38
17,11,0,3.37,2.89,3.41,1.3,1840,175.26,65.77,0.44,0.49,0.57,0.36,182.88,4,36
21,10,1,4.35,4.52,0.42,0.1,1841,162.56,56.7,0.38,0.55,0.27,0.58,162.56,1,37
11,10,0,2.97,4.23,1.02,0.3,1842,160.02,52.16,0.43,0.52,0.36,0.9,165.1,2,41
11,6,0,5.75,7.28,0.98,0.0,1843,177.8,70.31,0.45,0.42,0.3,0.67,177.8,1,37
14,4,1,4.38,4.32,1.0,0.0,1844,175.26,83.91,0.43,0.51,0.37,0.42,193.04,1,40
17,7,0,2.54,2.64,3.29,0.0,1845,177.8,70.31,0.4,0.52,0.43,0.66,185.42,1,33
12,2,0,3.56,3.97,2.86,0.0,1846,172.72,70.31,0.49,0.52,0.66,0.62,182.88,1,41
7,2,0,0.73,2.89,1.16,0.6,1847,175.26,61.23,0.33,0.45,0.2,0.33,187.96,2,30
18,8,0,3.23,4.17,1.55,0.8,1848,182.88,77.11,0.51,0.45,0.2,0.42,182.88,1,29
8,5,0,2.2,2.48,2.48,0.6,1849,167.64,61.23,0.46,0.52,0.42,0.5,172.72,1,37
13,9,0,5.96,7.39,0.0,0.0,1850,167.64,56.7,0.39,0.55,0.0,1.0,167.64,4,37
12,6,0,5.33,3.72,2.11,0.2,1851,182.88,83.91,0.59,0.55,0.34,0.9,195.58,1,37
14,8,0,2.5,2.0,1.72,1.0,1852,170.18,56.7,0.45,0.43,0.35,0.26,180.34,4,36
9,3,0,2.22,3.38,0.94,0.5,1853,185.42,77.11,0.41,0.58,0.28,0.72,193.04,1,33
7,3,1,6.77,7.7,0.5,0.0,1854,175.26,70.31,0.4,0.55,0.33,1.0,177.8,2,30
8,2,1,3.81,4.15,0.31,0.6,1855,172.72,65.77,0.48,0.53,0.07,0.71,172.72,4,35
5,2,0,9.28,12.83,0.0,0.0,1856,175.26,77.11,0.43,0.42,0.0,1.0,180.34,4,29
26,8,0,4.21,2.57,3.03,0.2,1857,187.96,83.91,0.43,0.61,0.66,0.77,190.5,1,36
14,0,0,6.01,4.38,5.64,3.8,1858,175.26,83.91,0.64,0.61,0.6,1.0,187.96,2,35
10,5,0,2.04,3.79,0.28,0.6,1859,170.18,61.23,0.34,0.48,0.5,0.5,170.18,1,34
7,3,0,4.46,2.73,0.38,0.0,1860,187.96,92.99,0.62,0.58,0.07,1.0,193.04,1,38
14,9,0,3.03,3.24,2.17,0.1,1861,182.88,92.99,0.54,0.44,0.32,0.58,190.5,1,36
7,2,0,1.6,4.93,1.92,0.0,1862,172.72,77.11,0.35,0.36,1.0,0.5,187.96,1,32
22,10,1,3.7,2.9,1.4,0.5,1863,185.42,114.76,0.57,0.51,0.45,0.59,190.5,1,40
14,5,0,4.59,5.16,3.99,0.0,1864,167.64,56.7,0.5,0.56,0.58,0.62,175.26,1,33
11,6,0,3.95,8.28,2.32,1.2,1865,167.64,56.7,0.45,0.34,0.5,0.0,177.8,4,29
10,3,0,1.66,4.14,2.54,0.4,1866,167.64,56.7,0.4,0.3,0.27,0.55,180.34,1,27
11,5,0,3.59,4.9,0.56,0.0,1867,185.42,83.91,0.51,0.3,0.5,0.66,195.58,1,33
13,11,0,2.65,3.62,1.26,0.1,1868,187.96,83.91,0.47,0.5,0.4,0.67,203.2,1,37
10,5,0,2.9,2.39,0.76,0.8,1869,190.5,92.99,0.59,0.56,0.3,0.5,200.66,1,34
11,6,0,4.42,4.89,0.7,0.6,1870,170.18,56.7,0.33,0.51,0.24,0.42,170.18,1,34
17,8,0,7.1,4.89,1.52,0.3,1871,167.64,56.7,0.51,0.51,0.55,0.58,165.1,1,40
15,8,0,4.55,4.88,0.98,0.2,1872,193.04,120.2,0.48,0.41,0.33,0.46,200.66,1,36
18,5,0,3.8,3.59,1.65,0.0,1873,187.96,92.99,0.49,0.46,0.33,1.0,198.12,1,40
18,6,0,4.58,4.48,0.31,0.3,1874,175.26,56.7,0.34,0.62,0.15,0.5,172.72,1,37
8,2,0,3.7,3.19,5.03,0.5,1875,175.26,70.31,0.52,0.58,0.58,0.41,180.34,2,34
18,12,0,5.35,4.59,0.13,0.3,1876,182.88,83.91,0.48,0.44,0.22,0.5,182.88,2,37
8,1,0,7.17,4.33,9.69,0.0,1877,170.18,56.7,0.52,0.47,0.71,0.5,175.26,1,23
8,2,0,6.03,8.2,0.0,0.0,1878,177.8,65.77,0.57,0.52,0.0,0.66,175.26,1,31
7,3,0,4.29,5.31,1.67,0.3,1879,185.42,83.91,0.46,0.46,0.75,0.65,193.04,1,34
8,4,0,2.45,3.42,4.98,0.0,1880,193.04,92.99,0.42,0.54,0.41,0.16,198.12,1,29
19,6,0,4.36,3.05,0.46,0.3,1881,170.18,65.77,0.36,0.68,0.28,0.96,177.8,2,36
10,5,0,2.57,2.0,0.0,0.4,1882,175.26,61.23,0.46,0.65,0.0,0.65,180.34,1,42
20,12,0,3.03,3.21,2.84,0.4,1883,177.8,70.31,0.41,0.5,0.36,0.52,180.34,1,36
15,7,0,3.13,2.92,0.87,0.1,1884,172.72,61.23,0.4,0.55,0.3,0.76,175.26,2,44
23,13,0,5.26,4.49,0.22,0.9,1885,172.72,70.31,0.41,0.63,0.5,0.55,180.34,2,37
19,8,0,1.99,3.95,3.6,0.5,1886,165.1,56.7,0.42,0.36,0.58,0.25,170.18,1,29
6,3,0,1.47,5.08,1.9,0.4,1887,152.4,52.16,0.41,0.31,0.33,0.25,162.56,2,33
8,2,0,4.0,4.93,0.5,0.0,1888,177.8,70.31,0.39,0.52,0.12,0.57,177.8,1,29
28,12,0,1.71,2.08,2.73,1.8,1889,167.64,61.23,0.38,0.5,0.3,0.29,170.18,1,41
21,15,0,4.21,3.09,0.54,0.7,1890,177.8,65.77,0.49,0.62,0.68,0.64,185.42,2,37
13,9,0,7.45,7.84,0.2,0.0,1891,157.48,52.16,0.52,0.57,0.14,0.94,160.02,1,32
8,4,0,4.58,2.29,0.6,0.6,1892,165.1,61.23,0.57,0.53,0.22,0.53,170.18,1,30
15,8,0,3.04,3.95,1.22,0.8,1893,180.34,83.91,0.48,0.5,0.5,0.62,182.88,1,35
13,6,0,7.94,7.66,0.7,0.0,1894,172.72,70.31,0.51,0.53,0.33,0.8,177.8,1,34
14,7,0,5.48,6.5,0.36,0.0,1895,170.18,61.23,0.43,0.48,0.11,0.86,177.8,2,29
13,9,1,2.9,3.39,1.85,0.8,1896,170.18,56.7,0.37,0.45,0.33,0.68,172.72,1,31
12,6,0,2.02,4.62,0.0,0.0,1897,177.8,61.23,0.34,0.39,0.0,0.0,185.42,1,34
10,4,0,4.09,5.92,0.36,2.0,1898,187.96,77.11,0.49,0.46,0.22,0.54,187.96,1,33
39,12,0,1.95,2.64,3.3,0.2,1899,172.72,65.77,0.45,0.5,0.35,0.28,175.26,1,32
16,3,0,3.14,3.88,0.68,0.7,1900,177.8,56.7,0.5,0.42,0.75,0.8,182.88,1,34
6,3,0,3.57,6.38,0.34,0.0,1901,182.88,77.11,0.42,0.53,0.11,0.71,182.88,1,33
9,2,0,2.7,3.75,4.8,1.1,1902,172.72,61.23,0.5,0.51,0.46,0.42,180.34,1,27
19,11,0,3.13,3.32,1.97,0.8,1903,175.26,61.23,0.47,0.54,0.5,0.68,185.42,1,38
34,24,0,3.82,3.22,0.37,0.2,1904,190.5,108.86,0.45,0.57,0.35,0.76,195.58,1,47
18,13,0,3.42,4.25,1.39,0.6,1905,160.02,52.16,0.46,0.48,0.33,0.69,157.48,1,40
12,3,0,2.29,5.14,0.0,0.0,1906,175.26,61.23,0.38,0.35,0.0,0.0,175.26,1,31
11,6,0,2.52,2.23,0.66,1.1,1907,193.04,83.91,0.44,0.47,0.25,0.3,193.04,1,32
10,5,0,4.43,3.62,0.55,0.8,1908,167.64,56.7,0.54,0.52,0.66,0.45,172.72,2,29
14,10,0,3.6,4.07,0.7,0.6,1909,172.72,56.7,0.37,0.5,0.31,0.67,170.18,1,31
18,6,1,2.89,3.76,4.65,0.0,1910,180.34,70.31,0.44,0.46,0.57,0.42,175.26,1,35
24,16,0,3.31,4.59,1.68,0.7,1911,167.64,61.23,0.41,0.54,0.41,0.6,167.64,4,39
18,9,0,5.88,4.38,1.03,0.1,1912,182.88,65.77,0.51,0.47,0.5,0.55,185.42,4,36
15,3,0,5.67,5.71,2.74,2.1,1913,182.88,70.31,0.5,0.46,1.0,0.75,185.42,1,35
13,0,0,1.61,1.35,5.29,0.8,1914,170.18,56.7,0.45,0.57,0.41,0.25,177.8,1,25
10,10,0,3.61,5.23,0.96,0.0,1915,185.42,83.91,0.41,0.38,0.42,0.72,195.58,1,38
26,11,0,4.91,4.37,0.39,0.9,1916,180.34,77.11,0.45,0.55,0.35,0.66,193.04,1,42
14,6,1,3.29,3.29,0.0,0.3,1917,180.34,65.77,0.44,0.61,0.0,0.33,185.42,1,31
10,2,0,2.68,2.15,4.2,0.2,1918,190.5,106.59,0.48,0.55,0.48,1.0,200.66,1,36
17,9,0,4.88,4.09,0.41,0.1,1919,170.18,61.23,0.49,0.51,0.33,0.65,167.64,1,34
8,5,0,2.62,3.97,2.62,0.0,1920,170.18,61.23,0.48,0.46,0.8,0.9,170.18,1,34
22,9,2,3.79,4.3,0.72,0.4,1921,182.88,77.11,0.42,0.51,0.13,0.69,177.8,2,37
13,5,0,4.46,6.92,1.5,0.0,1922,180.34,70.31,0.46,0.48,0.28,0.0,185.42,1,39
11,6,0,1.86,5.17,2.94,1.8,1923,175.26,65.77,0.36,0.41,0.34,0.66,185.42,1,38
11,4,1,3.41,3.04,0.0,0.3,1924,177.8,65.77,0.44,0.59,0.0,0.65,185.42,1,32
19,9,0,4.46,3.95,1.19,0.0,1925,182.88,77.11,0.42,0.56,0.41,0.6,180.34,1,38
9,7,0,3.22,4.81,1.57,0.0,1926,165.1,56.7,0.38,0.47,0.27,0.71,162.56,1,36
9,3,0,0.96,2.25,0.0,2.4,1927,180.34,65.77,0.6,0.3,0.0,0.33,180.34,1,29
8,3,0,0.41,5.7,0.0,0.0,1928,175.26,65.77,0.5,0.28,0.0,0.0,177.8,1,30
9,3,0,4.39,3.88,1.45,0.0,1929,175.26,65.77,0.53,0.43,0.5,0.52,177.8,4,31
11,2,0,6.64,5.25,0.0,0.0,1930,160.02,52.16,0.39,0.54,0.0,1.0,162.56,1,27
15,8,0,5.19,6.64,0.15,0.2,1931,175.26,61.23,0.39,0.56,0.5,0.77,172.72,1,38
12,5,0,4.58,3.82,2.88,0.0,1932,172.72,56.7,0.53,0.53,0.38,0.63,177.8,4,35
21,4,0,4.59,2.61,0.27,0.3,1933,167.64,61.23,0.48,0.62,0.33,0.77,185.42,2,34
12,6,0,2.84,3.1,1.18,0.7,1934,187.96,70.31,0.43,0.52,0.26,0.5,185.42,1,32
15,6,1,3.24,4.23,1.59,0.2,1935,193.04,92.99,0.4,0.49,0.47,0.75,198.12,1,32
33,17,0,5.04,3.65,1.14,0.2,1936,187.96,77.11,0.49,0.6,0.4,0.64,190.5,1,42
20,8,0,2.19,2.87,3.28,0.3,1937,154.94,52.16,0.39,0.54,0.36,0.47,160.02,1,38
27,18,0,3.03,3.33,1.09,0.5,1938,190.5,92.99,0.47,0.47,0.36,0.67,203.2,2,43
16,10,0,4.1,3.32,0.83,0.6,1939,170.18,61.23,0.49,0.61,0.27,0.62,170.18,1,37
8,1,0,9.2,3.47,2.48,0.8,1940,170.18,61.23,0.51,0.64,0.37,0.83,175.26,1,27
9,3,0,2.48,3.44,4.36,1.4,1941,170.18,61.23,0.43,0.5,0.35,0.55,172.72,2,32
8,4,0,2.94,3.68,2.0,0.4,1942,160.02,52.16,0.38,0.46,0.47,0.75,147.32,1,26
14,7,0,5.12,3.32,5.02,0.8,1943,182.88,65.77,0.54,0.54,0.5,0.55,180.34,4,34
23,10,0,4.4,6.74,0.91,0.4,1944,182.88,77.11,0.48,0.45,0.45,0.65,195.58,1,32
5,2,0,2.11,2.54,0.0,0.0,1945,200.66,120.2,0.59,0.46,0.0,0.5,213.36,1,37
14,9,0,2.63,5.05,1.29,0.5,1946,165.1,52.16,0.33,0.45,0.18,0.36,170.18,1,43
7,4,0,2.91,4.46,0.0,0.7,1947,167.64,61.23,0.53,0.49,0.0,0.35,172.72,1,27
19,6,1,3.31,2.98,1.22,0.8,1948,167.64,56.7,0.51,0.65,0.43,0.9,167.64,1,33
28,17,0,2.85,3.26,1.42,1.5,1949,170.18,65.77,0.49,0.45,0.24,0.54,175.26,1,40
11,4,0,3.8,4.16,0.33,1.1,1950,170.18,61.23,0.43,0.61,0.11,0.54,177.8,2,29
25,5,0,3.27,2.95,0.81,1.2,1951,170.18,61.23,0.44,0.56,0.33,0.73,180.34,1,33
32,17,0,3.48,3.23,1.95,0.6,1952,172.72,77.11,0.47,0.6,0.35,0.54,177.8,2,41
13,8,0,3.11,2.76,0.68,0.5,1953,167.64,61.23,0.46,0.53,0.3,0.38,162.56,1,39
10,5,0,5.35,3.64,1.1,0.6,1954,167.64,61.23,0.53,0.56,0.5,0.64,177.8,1,29
11,3,0,3.71,4.34,1.02,0.5,1955,187.96,111.58,0.47,0.44,0.37,0.6,203.2,1,33
18,3,0,3.78,2.13,4.49,0.9,1956,187.96,118.84,0.51,0.54,0.55,0.28,190.5,2,35
17,3,0,3.6,2.31,3.22,0.6,1957,172.72,65.77,0.58,0.56,0.39,0.74,180.34,1,31
20,10,0,5.38,6.29,0.48,0.5,1958,167.64,61.23,0.41,0.55,0.16,0.82,165.1,1,39
16,7,0,3.17,2.39,1.07,0.3,1959,182.88,77.11,0.54,0.58,0.5,0.72,187.96,1,33
8,4,1,5.82,2.87,0.0,0.0,1960,193.04,113.4,0.53,0.63,0.0,0.82,198.12,2,31
21,8,1,4.32,3.91,2.17,0.0,1961,167.64,61.23,0.46,0.6,0.37,0.76,162.56,1,36
11,8,0,3.77,4.24,1.01,0.4,1962,185.42,77.11,0.42,0.54,0.57,0.45,190.5,4,33
7,1,0,2.4,8.8,0.0,0.0,1963,190.5,77.11,0.37,0.68,0.0,0.0,187.96,1,30
9,4,1,3.71,5.68,2.21,0.0,1964,180.34,77.11,0.38,0.41,0.24,0.5,182.88,1,34
7,7,0,3.5,4.72,1.15,1.6,1965,187.96,77.11,0.49,0.49,0.32,0.37,187.96,4,34
23,8,0,2.96,3.47,2.3,1.2,1966,180.34,70.31,0.42,0.49,0.32,0.37,180.34,4,37
19,6,0,4.44,4.09,0.38,0.1,1967,172.72,61.23,0.49,0.56,0.35,0.68,177.8,2,32
14,5,0,5.57,4.12,0.0,0.0,1968,182.88,70.31,0.41,0.57,0.0,0.54,185.42,1,26
20,5,0,4.67,4.01,1.74,0.0,1969,193.04,108.86,0.52,0.52,0.34,0.65,203.2,1,43
28,1,0,4.38,2.24,1.89,0.5,1970,193.04,112.49,0.58,0.64,0.45,0.95,213.36,1,38
10,4,0,4.18,1.49,0.7,0.0,1971,170.18,52.16,0.49,0.68,1.0,0.63,170.18,2,24
9,0,0,4.54,3.13,0.46,0.0,1972,165.1,56.7,0.66,0.58,0.14,0.81,167.64,4,27
12,3,0,4.05,2.64,0.92,0.5,1973,177.8,56.7,0.52,0.41,0.33,0.5,185.42,1,30
18,7,0,1.61,2.62,1.73,0.2,1974,175.26,65.77,0.35,0.52,0.38,0.78,180.34,1,30
22,9,0,4.49,5.82,0.42,0.0,1975,182.88,77.11,0.46,0.51,0.3,0.73,180.34,1,36
38,22,0,2.63,3.0,3.1,0.6,1976,170.18,70.31,0.33,0.61,0.35,0.66,177.8,1,44
16,8,0,3.11,3.37,3.27,0.8,1977,187.96,83.91,0.45,0.51,0.42,0.72,198.12,1,41
13,2,0,5.12,4.11,0.77,0.4,1978,185.42,83.91,0.52,0.44,0.17,0.53,195.58,1,31
17,4,1,5.0,4.43,1.26,0.5,1979,177.8,65.77,0.55,0.57,0.53,0.59,177.8,1,35
5,3,0,2.95,5.73,0.35,0.7,1980,175.26,65.77,0.42,0.51,0.25,0.0,177.8,2,37
19,0,0,3.25,2.17,1.4,1.2,1981,185.42,77.11,0.6,0.51,0.25,0.85,195.58,1,31
8,1,0,4.24,2.13,1.6,0.0,1982,160.02,52.16,0.51,0.54,0.72,0.35,152.4,1,30
16,6,0,6.07,5.74,0.0,0.6,1983,185.42,65.77,0.4,0.52,0.0,1.0,193.04,1,29
13,3,0,4.43,4.11,0.0,0.0,1984,172.72,70.31,0.44,0.52,0.0,1.0,180.34,4,36
18,7,0,7.44,5.83,1.47,1.0,1985,177.8,65.77,0.54,0.42,0.24,0.61,177.8,1,37
17,5,0,3.81,3.09,3.64,0.2,1986,180.34,77.11,0.38,0.54,0.42,0.68,182.88,1,38
13,6,0,1.97,1.85,2.06,1.4,1987,175.26,70.31,0.53,0.5,0.48,0.14,177.8,1,32
8,2,0,2.87,3.4,2.73,0.0,1988,165.1,52.16,0.47,0.5,0.35,0.33,170.18,1,27
9,1,0,2.89,1.64,3.67,0.0,1989,187.96,92.99,0.49,0.62,0.73,0.61,190.5,1,32
11,6,0,3.54,3.25,3.46,2.3,1990,180.34,77.11,0.51,0.54,0.36,0.71,180.34,1,30
18,7,0,3.2,3.49,1.89,0.7,1991,180.34,70.31,0.5,0.55,0.32,1.0,182.88,1,36
20,8,0,4.44,4.96,0.73,0.0,1992,190.5,83.91,0.5,0.5,0.18,0.66,190.5,2,29
16,10,0,2.27,1.61,0.69,0.7,1993,182.88,56.7,0.57,0.53,0.6,0.41,180.34,1,31
12,7,0,3.64,4.01,0.84,0.2,1994,177.8,83.91,0.49,0.54,0.33,0.51,185.42,1,40
19,7,0,3.79,3.46,1.46,0.6,1995,182.88,77.11,0.43,0.54,0.22,0.55,193.04,1,38
13,3,0,4.39,4.69,2.43,0.8,1996,167.64,61.23,0.58,0.52,0.6,0.76,167.64,1,25
11,5,0,3.57,3.97,2.0,0.0,1997,190.5,92.99,0.46,0.49,0.46,0.7,195.58,1,30
8,5,0,4.69,2.87,0.0,0.0,1998,180.34,65.77,0.57,0.56,0.0,0.6,185.42,1,30
14,8,0,3.34,3.74,0.91,0.1,1999,175.26,70.31,0.47,0.59,0.54,0.34,177.8,1,39
15,6,0,3.48,2.63,0.0,0.0,2000,187.96,109.77,0.48,0.52,0.0,0.72,198.12,1,38
7,2,0,6.42,5.72,0.81,0.4,2001,182.88,70.31,0.46,0.5,0.18,0.63,175.26,4,31
10,4,0,6.61,6.49,0.69,0.3,2002,187.96,77.11,0.51,0.5,0.4,1.0,190.5,1,33
12,2,0,4.35,4.31,3.8,1.2,2003,175.26,65.77,0.6,0.45,0.54,0.87,177.8,1,29
7,5,0,4.05,5.11,0.0,0.0,2004,182.88,119.75,0.54,0.47,0.0,0.53,187.96,2,32
9,4,0,2.81,3.28,0.63,0.2,2005,170.18,61.23,0.42,0.55,0.37,0.52,172.72,1,38
7,5,0,1.06,1.8,1.93,0.4,2006,182.88,83.91,0.38,0.42,0.38,0.76,190.5,4,26
8,3,0,5.04,3.14,0.0,0.0,2007,175.26,65.77,0.59,0.56,0.0,0.72,177.8,2,34
19,3,0,4.37,3.93,0.84,0.0,2008,162.56,56.7,0.4,0.59,0.5,1.0,160.02,1,29
13,11,0,4.62,3.91,1.65,0.6,2009,167.64,56.7,0.45,0.61,0.52,0.53,175.26,1,37
9,6,0,5.06,5.35,0.0,2.6,2010,187.96,83.91,0.45,0.5,0.0,0.54,182.88,1,36
9,5,0,5.84,3.31,0.17,0.0,2011,190.5,83.91,0.53,0.53,0.33,0.41,180.34,1,35
10,1,0,2.24,2.01,5.06,1.9,2012,167.64,56.7,0.52,0.42,0.37,0.5,172.72,1,23
6,1,0,13.53,10.75,0.0,0.0,2013,162.56,56.7,0.48,0.53,0.0,0.0,165.1,1,29
10,4,0,5.65,5.76,0.0,0.0,2014,157.48,61.23,0.43,0.51,0.0,0.58,170.18,2,32
11,0,0,4.06,2.49,1.36,1.1,2015,170.18,56.7,0.6,0.57,0.75,0.75,170.18,1,27
17,8,0,4.6,6.93,1.71,0.5,2016,167.64,56.7,0.48,0.5,0.29,0.8,167.64,1,37
12,4,0,1.53,2.79,0.0,1.6,2017,167.64,61.23,0.57,0.49,0.0,0.25,175.26,1,38
11,5,0,4.22,6.31,0.0,0.5,2018,177.8,61.23,0.29,0.48,0.0,0.46,180.34,1,31
11,8,0,3.56,3.16,0.83,0.0,2019,182.88,65.77,0.38,0.47,0.54,0.7,187.96,1,33
13,5,0,3.53,4.22,0.61,0.0,2020,180.34,70.31,0.45,0.54,0.15,0.75,182.88,1,34
10,2,0,4.73,5.2,3.0,0.0,2021,167.64,61.23,0.42,0.52,0.34,0.87,172.72,1,30
9,5,0,5.61,5.82,0.0,0.0,2022,162.56,52.16,0.48,0.46,0.0,1.0,149.86,2,32
10,1,0,4.7,4.13,1.38,0.2,2023,193.04,120.2,0.5,0.58,0.46,0.5,200.66,1,30
8,3,0,3.75,3.8,0.0,0.5,2024,170.18,56.7,0.39,0.41,0.0,0.2,177.8,1,25
13,4,0,2.11,1.9,0.63,0.0,2025,177.8,70.31,0.45,0.58,0.14,0.44,185.42,1,30
14,8,0,5.28,4.65,1.78,0.5,2026,162.56,52.16,0.49,0.62,0.36,0.38,157.48,1,36
19,6,1,1.77,3.06,2.0,1.0,2027,180.34,77.11,0.61,0.48,0.52,0.68,182.88,4,37
17,8,0,3.23,6.01,4.75,1.9,2028,180.34,65.77,0.43,0.37,0.38,0.0,180.34,1,36
14,5,0,3.78,3.17,2.5,0.2,2029,177.8,70.31,0.46,0.54,0.51,0.31,182.88,1,43
17,3,0,2.71,3.8,1.09,0.8,2030,167.64,56.7,0.43,0.44,0.36,0.64,165.1,1,27
12,7,1,5.02,4.69,0.0,0.2,2031,167.64,56.7,0.56,0.53,0.0,0.6,172.72,1,34
16,5,0,3.21,3.39,2.73,0.0,2032,167.64,61.23,0.48,0.5,0.25,0.66,167.64,1,33
25,7,0,7.17,5.19,1.04,0.3,2033,170.18,61.23,0.53,0.48,0.42,0.81,172.72,4,39
6,6,0,4.28,4.07,0.0,0.0,2034,162.56,52.16,0.47,0.59,0.0,0.47,167.64,1,33
15,10,0,6.45,6.55,0.86,0.0,2035,170.18,56.7,0.41,0.51,0.62,0.64,172.72,1,29
9,4,0,1.91,3.46,2.29,0.8,2036,162.56,61.23,0.38,0.39,0.66,0.64,172.72,2,32
29,12,0,3.4,3.34,2.87,1.1,2037,177.8,65.77,0.38,0.51,0.34,0.56,180.34,1,42
19,5,0,4.69,3.23,0.84,0.0,2038,165.1,52.16,0.45,0.6,0.73,0.64,160.02,1,36
13,2,1,5.57,4.18,0.58,0.3,2039,187.96,65.77,0.46,0.58,0.55,0.84,198.12,1,33
21,6,0,4.65,3.78,0.71,0.6,2040,180.34,65.77,0.46,0.52,0.29,0.59,180.34,1,33
23,10,0,4.04,4.52,1.96,0.6,2041,172.72,70.31,0.49,0.43,0.41,0.61,180.34,1,40
6,4,0,3.55,4.44,0.87,0.0,2042,172.72,61.23,0.45,0.4,0.6,0.28,172.72,2,35
8,5,1,4.56,6.44,0.0,0.0,2043,172.72,65.77,0.49,0.44,0.0,0.71,177.8,1,26
13,9,0,2.82,2.74,0.67,1.5,2044,165.1,52.16,0.4,0.52,0.33,0.33,170.18,1,33
9,3,0,5.3,4.14,0.89,0.7,2045,172.72,61.23,0.46,0.51,0.28,0.47,170.18,2,25
17,10,2,2.82,5.12,1.74,0.0,2046,165.1,61.23,0.32,0.57,0.43,0.75,167.64,1,34
10,2,0,5.66,4.94,0.48,0.5,2047,177.8,70.31,0.5,0.57,0.15,0.4,182.88,4,29
17,9,0,1.67,4.7,2.36,3.5,2048,170.18,56.7,0.5,0.43,0.33,0.0,172.72,1,35
38,22,0,3.19,5.04,0.44,0.6,2049,193.04,92.99,0.49,0.44,0.22,0.5,193.04,1,37
7,3,0,1.91,2.05,2.12,0.8,2050,172.72,56.7,0.41,0.56,0.38,0.61,177.8,2,31
11,9,0,3.22,3.61,0.59,0.0,2051,198.12,117.93,0.43,0.46,0.38,0.46,205.74,1,34
8,5,0,3.28,2.4,0.66,0.0,2052,170.18,65.77,0.49,0.5,1.0,0.42,175.26,1,33
17,6,2,4.51,3.01,0.27,0.3,2053,167.64,52.16,0.46,0.55,0.5,0.61,165.1,1,39
20,10,0,2.62,3.05,1.97,1.2,2054,167.64,61.23,0.44,0.51,0.3,0.56,165.1,1,39
12,2,0,4.49,4.26,1.58,1.3,2055,180.34,61.23,0.39,0.54,0.25,0.2,182.88,4,29
31,9,0,4.78,4.68,0.6,0.0,2056,182.88,77.11,0.41,0.61,0.27,0.71,185.42,1,39
16,5,0,4.81,4.75,1.86,0.0,2057,167.64,61.23,0.52,0.5,0.34,0.61,162.56,1,34
11,3,0,3.38,3.82,0.63,0.3,2058,177.8,65.77,0.49,0.5,0.66,0.72,185.42,1,30
23,13,0,3.86,5.35,0.77,0.0,2059,182.88,83.91,0.48,0.41,0.22,0.74,187.96,1,36
32,10,0,3.65,3.81,0.47,0.1,2060,170.18,61.23,0.46,0.6,0.51,0.92,177.8,1,39
11,5,0,3.29,4.06,2.33,0.2,2061,157.48,52.16,0.39,0.6,0.37,0.71,157.48,1,33
10,5,0,3.83,3.5,1.56,0.2,2062,172.72,56.7,0.45,0.5,0.21,0.65,170.18,1,32
8,5,0,3.41,3.26,0.46,0.0,2063,160.02,52.16,0.53,0.51,0.6,0.53,160.02,1,33
7,4,0,4.82,6.06,3.24,0.7,2064,172.72,65.77,0.43,0.55,0.55,0.46,180.34,4,33
12,5,0,5.6,6.19,0.71,0.5,2065,177.8,70.31,0.45,0.47,0.5,0.5,185.42,4,33
36,9,0,2.59,2.89,0.75,0.0,2066,195.58,83.91,0.46,0.48,0.66,0.33,193.04,1,32
13,5,0,5.27,4.29,0.36,0.4,2067,175.26,70.31,0.49,0.53,0.23,0.62,180.34,1,33
14,9,0,4.57,6.47,0.5,0.0,2068,157.48,52.16,0.4,0.59,0.14,0.8,157.48,1,30
22,10,0,4.58,4.24,0.65,0.8,2069,180.34,70.31,0.44,0.49,0.33,0.38,177.8,1,39
9,4,0,7.51,5.02,1.75,0.0,2070,177.8,77.11,0.46,0.59,0.16,0.66,182.88,4,27
8,1,0,3.87,7.33,2.0,0.0,2071,172.72,70.31,0.5,0.33,0.18,0.0,175.26,1,30
8,2,0,2.88,4.78,3.24,0.0,2072,175.26,70.31,0.5,0.5,0.38,0.64,175.26,1,31
14,5,0,2.75,2.82,2.17,0.5,2073,172.72,65.77,0.5,0.4,0.8,0.66,175.26,1,31
17,11,0,4.05,4.4,0.47,0.3,2074,167.64,56.7,0.41,0.5,0.38,0.68,170.18,1,32
16,5,0,4.97,5.34,0.0,0.0,2075,182.88,77.11,0.39,0.41,0.0,0.51,195.58,1,32
19,1,0,4.29,1.1,2.84,0.9,2076,172.72,61.23,0.62,0.66,0.37,1.0,167.64,2,35
13,6,0,3.1,2.56,1.7,0.8,2077,167.64,61.23,0.44,0.57,0.54,0.24,175.26,1,36
11,8,0,3.37,5.39,0.32,0.4,2078,157.48,56.7,0.39,0.41,0.09,0.26,149.86,1,37
10,5,0,5.46,6.59,2.53,0.2,2079,177.8,77.11,0.46,0.52,0.39,0.83,187.96,1,33
12,6,0,4.07,3.52,0.0,0.0,2080,175.26,61.23,0.37,0.58,0.0,0.62,175.26,1,28
23,14,0,4.5,3.65,1.78,0.5,2081,180.34,77.11,0.36,0.6,0.24,0.7,190.5,1,41
17,6,0,3.22,2.25,2.16,0.4,2082,160.02,56.7,0.44,0.61,0.4,0.45,165.1,2,28
21,4,0,4.16,2.67,2.79,0.1,2083,182.88,77.11,0.51,0.55,0.44,0.89,193.04,4,39
12,4,0,3.85,4.27,0.56,0.0,2084,187.96,108.41,0.39,0.51,0.14,0.66,200.66,1,37
7,2,0,3.71,4.39,2.03,0.0,2085,170.18,61.23,0.5,0.52,0.42,0.85,172.72,1,34
15,6,0,4.13,5.28,0.0,0.0,2086,175.26,70.31,0.38,0.52,0.0,0.83,177.8,1,33
12,4,0,6.19,4.03,0.0,0.0,2087,193.04,92.99,0.51,0.44,0.0,0.73,200.66,2,35
7,1,0,5.47,7.47,1.0,0.0,2088,187.96,120.2,0.31,0.38,0.1,0.0,187.96,1,34
13,7,0,3.84,4.83,1.72,0.6,2089,162.56,56.7,0.47,0.55,0.43,0.75,172.72,1,39
14,2,0,2.86,2.91,2.18,0.7,2090,167.64,61.23,0.45,0.64,0.27,0.85,172.72,1,28
25,12,0,4.46,3.24,0.56,0.0,2091,162.56,56.7,0.4,0.64,0.3,0.83,175.26,1,33
17,0,0,4.81,3.83,1.96,1.1,2092,170.18,70.31,0.48,0.64,0.61,0.93,175.26,1,29
8,2,0,3.78,5.21,0.35,0.0,2093,157.48,52.16,0.47,0.53,0.5,0.5,167.64,2,28
12,3,0,4.73,5.23,2.4,0.8,2094,182.88,70.31,0.53,0.54,0.44,0.6,182.88,1,33
8,3,0,3.51,3.98,0.59,0.0,2095,180.34,70.31,0.44,0.37,0.33,0.25,180.34,1,33
16,7,0,3.94,5.19,1.09,0.2,2096,165.1,56.7,0.38,0.56,0.24,0.67,170.18,1,42
11,6,0,2.59,3.7,2.87,0.6,2097,193.04,92.99,0.41,0.46,0.36,0.33,193.04,1,35
23,10,0,4.41,6.55,0.34,0.1,2098,180.34,65.77,0.37,0.54,0.29,0.77,182.88,1,38
17,9,1,4.05,3.0,0.23,0.0,2099,182.88,77.11,0.46,0.54,0.35,0.63,190.5,1,43
9,4,0,2.88,5.59,3.38,1.0,2100,160.02,52.16,0.39,0.52,0.29,0.5,157.48,1,29
9,7,0,4.9,3.65,0.41,0.4,2101,190.5,107.05,0.5,0.54,0.33,0.35,198.12,1,34
17,9,0,5.52,3.15,0.14,0.0,2102,190.5,92.99,0.54,0.54,0.2,0.53,185.42,1,37
12,1,0,8.78,4.24,2.2,0.0,2103,190.5,77.11,0.54,0.5,1.0,1.0,190.5,1,27
20,5,0,7.2,5.4,0.51,0.1,2104,185.42,77.11,0.49,0.57,0.5,0.64,187.96,2,39
30,10,0,5.24,4.57,1.15,1.2,2105,175.26,70.31,0.5,0.52,0.35,0.64,182.88,2,37
16,2,0,4.39,4.49,0.15,0.1,2106,193.04,120.2,0.53,0.55,0.2,0.93,195.58,1,34
10,2,0,7.47,7.1,0.24,0.0,2107,180.34,65.77,0.42,0.6,1.0,0.88,185.42,4,33
12,6,0,3.5,6.39,0.5,0.5,2108,175.26,65.77,0.39,0.43,0.2,0.42,185.42,4,32
13,7,0,4.26,3.29,2.05,0.6,2109,162.56,52.16,0.39,0.6,0.52,0.82,167.64,1,32
17,8,1,4.33,4.19,1.48,1.5,2110,177.8,61.23,0.45,0.52,0.33,0.71,182.88,4,31
18,5,0,3.08,2.05,0.86,1.1,2111,172.72,61.23,0.48,0.55,0.15,0.63,177.8,1,34
18,4,0,2.27,1.6,3.24,1.2,2112,177.8,61.23,0.59,0.58,0.36,0.33,177.8,2,31
16,1,0,5.93,3.85,0.0,0.0,2113,187.96,83.91,0.62,0.43,0.0,0.71,185.42,1,32
10,2,0,5.5,3.64,0.31,0.3,2114,172.72,61.23,0.45,0.57,0.14,0.9,175.26,1,36
27,9,0,4.39,3.36,0.73,0.0,2115,182.88,92.99,0.43,0.59,0.38,0.82,185.42,1,35
14,1,0,1.75,2.34,7.81,1.7,2116,167.64,65.77,0.47,0.48,0.41,0.62,177.8,1,24
6,3,0,2.51,3.41,5.79,1.9,2117,185.42,83.91,0.56,0.39,0.35,0.66,195.58,1,30
9,3,0,3.41,2.16,3.37,0.7,2118,170.18,61.23,0.59,0.57,0.38,0.5,177.8,1,28
10,1,0,3.27,1.72,2.58,1.4,2119,170.18,61.23,0.52,0.63,0.81,1.0,172.72,2,31
25,10,1,4.16,3.56,0.79,0.4,2120,180.34,77.11,0.41,0.55,0.2,0.67,185.42,1,39
19,7,0,5.88,4.59,1.17,0.2,2121,165.1,61.23,0.56,0.49,0.48,0.7,170.18,1,31
16,6,0,4.76,5.86,0.99,0.0,2122,177.8,70.31,0.47,0.5,0.16,0.76,182.88,1,28
11,10,2,2.74,4.45,0.78,1.4,2123,170.18,56.7,0.38,0.46,0.2,0.54,167.64,1,33
7,5,0,5.57,4.62,2.86,0.7,2124,190.5,77.11,0.56,0.44,0.44,0.0,190.5,1,30
11,5,0,1.49,4.56,1.94,1.0,2125,170.18,61.23,0.53,0.38,0.16,0.66,175.26,1,29
12,4,0,3.85,2.85,1.75,1.1,2126,170.18,65.77,0.5,0.56,0.4,0.67,180.34,1,28
18,6,0,3.22,2.8,2.28,0.1,2127,160.02,52.16,0.45,0.62,0.55,0.68,167.64,1,24
16,3,1,4.25,3.65,1.49,0.0,2128,175.26,70.31,0.55,0.49,0.26,0.69,177.8,1,38
26,15,0,6.37,5.58,2.1,0.3,2129,154.94,52.16,0.48,0.54,0.54,0.75,157.48,1,34
8,4,0,3.14,5.13,0.0,0.0,2130,187.96,77.11,0.39,0.41,0.0,0.71,187.96,1,28
21,6,0,2.27,3.53,0.0,0.0,2131,172.72,61.23,0.32,0.52,0.0,0.5,175.26,1,32
18,9,0,4.42,4.35,0.54,0.0,2132,180.34,83.91,0.49,0.56,0.4,0.64,195.58,4,42
23,3,0,5.18,4.33,2.22,0.7,2133,185.42,83.91,0.48,0.52,0.51,0.34,193.04,4,32
8,2,0,3.82,3.82,0.0,0.0,2134,167.64,56.7,0.4,0.52,0.0,0.0,170.18,1,30
17,6,0,3.12,2.92,0.81,0.0,2135,157.48,52.16,0.36,0.53,0.3,0.57,152.4,1,31
9,1,0,2.14,3.66,0.0,1.7,2136,193.04,92.99,0.25,0.44,0.0,0.5,200.66,1,31
17,10,0,1.57,6.71,1.57,7.9,2137,185.42,65.77,0.31,0.3,0.16,0.33,185.42,2,37
17,10,0,3.97,4.1,1.63,0.1,2138,177.8,70.31,0.42,0.55,0.28,0.68,180.34,1,34
27,6,0,6.02,5.44,1.35,0.1,2139,175.26,70.31,0.51,0.52,0.62,0.84,180.34,1,26
10,5,0,3.96,5.96,0.0,0.0,2140,182.88,70.31,0.31,0.51,0.0,0.47,180.34,1,26
10,6,0,4.46,5.8,0.0,0.0,2141,180.34,77.11,0.64,0.46,0.0,0.4,177.8,4,36
12,1,0,9.82,5.01,1.47,0.0,2142,187.96,77.11,0.53,0.58,0.33,1.0,190.5,2,25
20,3,0,4.43,3.62,0.48,0.0,2143,190.5,116.57,0.44,0.55,0.25,0.75,213.36,2,34
16,5,0,3.84,6.38,0.93,0.9,2144,172.72,70.31,0.37,0.49,0.25,0.54,175.26,4,35
19,7,0,7.71,5.33,0.0,0.0,2145,187.96,92.99,0.6,0.43,0.0,0.75,190.5,1,27
7,3,0,3.85,3.25,0.0,0.5,2146,165.1,52.16,0.44,0.45,0.0,0.47,165.1,4,32
24,1,1,5.03,3.61,3.91,0.2,2147,182.88,77.11,0.52,0.54,0.34,0.91,187.96,1,34
12,3,0,5.82,3.63,6.19,0.0,2148,185.42,77.11,0.71,0.45,0.58,1.0,185.42,1,35
9,2,0,6.39,5.83,0.4,0.8,2149,195.58,77.11,0.44,0.55,0.33,0.85,195.58,1,31
11,2,0,4.28,1.42,1.18,0.0,2150,175.26,70.31,0.55,0.62,1.0,0.76,185.42,1,31
14,7,1,4.71,7.15,0.0,0.0,2151,187.96,77.11,0.4,0.47,0.0,0.47,198.12,1,30
17,10,0,2.5,3.04,1.43,1.3,2152,190.5,92.99,0.45,0.43,0.18,0.35,193.04,1,38
17,4,0,4.28,3.17,0.74,1.0,2153,190.5,83.91,0.54,0.58,0.32,0.81,190.5,1,30
9,2,0,2.25,8.76,3.37,0.0,2154,175.26,77.11,0.27,0.42,0.25,0.66,180.34,1,28
14,6,0,3.43,4.17,0.34,0.8,2155,172.72,70.31,0.43,0.53,0.5,0.7,175.26,2,37
13,5,0,1.54,2.62,3.29,1.0,2156,177.8,70.31,0.46,0.48,0.33,0.6,182.88,2,30
13,6,0,4.73,4.4,1.77,0.3,2157,185.42,83.91,0.57,0.48,0.21,0.42,187.96,1,32
9,3,0,2.82,4.59,2.9,0.4,2158,170.18,61.23,0.38,0.49,0.33,1.0,177.8,1,34
19,7,0,4.7,3.46,0.82,0.6,2159,175.26,70.31,0.39,0.55,0.3,0.57,187.96,1,41
16,8,0,3.3,3.23,2.08,1.1,2160,182.88,83.91,0.45,0.47,0.37,0.46,190.5,1,34
10,4,0,3.67,2.52,1.81,0.1,2161,154.94,52.16,0.55,0.53,0.5,0.68,154.94,1,30
5,2,0,1.57,15.13,0.0,0.0,2162,182.88,107.95,0.33,0.4,0.0,0.0,198.12,1,29
11,5,0,4.65,3.46,0.3,0.6,2163,167.64,61.23,0.51,0.51,0.37,0.68,175.26,1,32
8,2,0,3.19,4.39,0.9,0.5,2164,172.72,61.23,0.45,0.36,0.5,0.81,187.96,2,27
14,5,0,6.23,5.5,0.0,0.2,2165,180.34,70.31,0.47,0.52,0.0,0.75,187.96,1,29
13,6,0,2.75,2.99,3.13,1.2,2166,182.88,83.91,0.49,0.51,0.52,0.86,185.42,4,34
9,3,0,5.23,4.17,2.45,0.0,2167,182.88,70.31,0.51,0.55,0.36,0.62,182.88,1,30
10,1,0,5.87,4.73,0.74,1.9,2168,190.5,70.31,0.45,0.48,0.22,0.71,185.42,2,26
22,8,0,3.34,2.62,1.44,0.8,2169,180.34,77.11,0.43,0.6,0.41,0.64,185.42,1,31
10,4,0,4.07,6.45,0.0,0.0,2170,172.72,65.77,0.43,0.54,0.0,0.72,177.8,2,32
14,4,0,4.48,2.95,1.98,0.2,2171,170.18,65.77,0.61,0.59,0.6,0.71,172.72,4,32
15,6,0,2.53,4.57,0.93,0.0,2172,187.96,92.99,0.49,0.54,0.37,0.7,182.88,1,34
14,4,2,4.15,3.65,4.39,2.0,2173,187.96,92.99,0.52,0.42,0.52,0.58,187.96,1,30
8,5,0,1.84,3.32,1.02,0.0,2174,162.56,56.7,0.32,0.47,0.75,0.11,170.18,4,37
10,5,1,3.06,3.24,0.82,0.3,2175,162.56,56.7,0.45,0.5,0.41,0.51,162.56,2,30
13,3,0,3.04,2.71,3.08,1.2,2176,180.34,77.11,0.59,0.48,0.35,1.0,187.96,1,36
22,7,2,4.4,2.65,0.3,0.1,2177,175.26,61.23,0.57,0.63,0.3,0.67,170.18,1,35
17,8,0,4.41,3.12,0.78,0.1,2178,167.64,61.23,0.57,0.52,0.47,0.51,172.72,1,36
24,8,0,2.08,2.46,3.98,1.1,2179,185.42,83.91,0.48,0.51,0.48,0.35,198.12,2,36
16,5,0,3.8,3.6,1.62,0.4,2180,187.96,83.91,0.48,0.49,0.37,0.66,190.5,1,28
20,3,0,5.3,7.3,2.5,0.0,2181,180.34,61.23,0.43,0.43,0.62,0.0,177.8,2,32
9,1,0,6.36,4.99,0.0,0.0,2182,170.18,65.77,0.58,0.56,0.0,0.5,180.34,1,32
14,3,0,5.15,5.38,2.6,0.0,2183,170.18,65.77,0.4,0.5,0.33,0.73,170.18,1,31
10,4,0,0.0,3.56,0.0,0.0,2184,185.42,83.91,0.0,0.5,0.0,0.0,200.66,1,29
28,7,1,3.07,3.43,2.61,0.4,2185,187.96,83.91,0.49,0.55,0.59,1.0,198.12,1,35
15,7,0,3.88,4.33,0.0,0.1,2186,185.42,92.99,0.4,0.49,0.0,0.58,193.04,2,36
18,6,0,4.86,3.47,1.15,0.2,2187,180.34,61.23,0.45,0.56,0.34,0.56,177.8,4,34
13,3,0,5.16,3.5,0.11,0.2,2188,193.04,92.99,0.62,0.53,0.5,0.79,200.66,1,38
21,2,0,3.65,2.59,0.79,0.0,2189,190.5,92.99,0.52,0.56,0.22,0.87,190.5,1,33
18,7,0,2.62,3.87,1.18,1.2,2190,162.56,61.23,0.42,0.45,0.28,0.36,182.88,1,35
16,10,0,5.54,5.77,0.36,0.2,2191,160.02,52.16,0.42,0.56,0.23,0.74,162.56,1,40
18,2,0,5.09,3.67,1.64,0.0,2192,160.02,56.7,0.49,0.56,0.75,0.76,162.56,1,25
5,4,0,3.42,5.02,0.38,0.4,2193,172.72,61.23,0.38,0.45,0.2,0.5,170.18,1,35
15,5,0,4.94,5.36,0.0,0.0,2194,180.34,65.77,0.39,0.44,0.0,0.53,180.34,1,35
17,8,0,2.91,3.97,2.51,1.0,2195,175.26,65.77,0.36,0.54,0.57,0.67,182.88,1,30
9,2,0,3.89,3.62,0.0,0.0,2196,193.04,115.21,0.56,0.56,0.0,0.7,200.66,1,34
7,4,0,2.01,2.88,1.67,0.3,2197,170.18,61.23,0.44,0.45,0.31,0.53,170.18,1,35
7,2,1,5.2,3.04,1.3,0.3,2198,167.64,52.16,0.42,0.64,0.71,0.8,165.1,1,26
9,2,0,5.81,4.65,0.0,0.0,2199,187.96,83.91,0.51,0.52,0.0,1.0,200.66,2,30
10,2,0,3.38,3.14,1.5,1.8,2200,170.18,56.7,0.41,0.55,0.31,0.47,167.64,1,30
26,12,0,4.69,5.47,1.2,0.0,2201,170.18,61.23,0.49,0.48,0.46,0.58,175.26,1,32
22,12,0,3.63,3.22,2.12,0.6,2202,177.8,61.23,0.46,0.57,0.37,0.69,180.34,1,38
18,10,0,3.25,5.69,0.0,0.0,2203,177.8,70.31,0.34,0.48,0.0,0.45,177.8,2,36
11,6,1,3.3,3.76,2.34,0.8,2204,175.26,70.31,0.39,0.56,0.41,0.4,180.34,1,35
13,2,0,5.66,3.58,1.05,0.0,2205,170.18,56.7,0.42,0.66,0.29,0.87,165.1,1,36
14,2,0,4.54,4.08,0.12,0.0,2206,172.72,61.23,0.47,0.69,0.14,0.83,172.72,1,38
26,7,0,3.59,3.62,1.56,1.1,2207,187.96,83.91,0.53,0.47,0.42,0.56,190.5,1,30
16,6,0,4.45,4.65,0.75,0.0,2208,160.02,52.16,0.52,0.49,0.33,0.8,165.1,1,31
10,2,0,2.43,2.16,2.16,3.8,2209,160.02,52.16,0.5,0.54,0.36,0.0,172.72,1,30
10,3,0,1.73,2.65,2.54,0.0,2210,165.1,56.7,0.36,0.61,0.37,0.61,162.56,4,27
15,3,0,2.75,4.25,3.5,0.2,2211,170.18,56.7,0.27,0.52,0.31,0.85,177.8,2,31
23,10,0,3.36,6.55,0.0,0.0,2212,175.26,118.39,0.47,0.36,0.0,0.35,190.5,1,39
7,1,0,4.27,3.67,3.25,0.0,2213,187.96,120.2,0.55,0.51,0.65,1.0,182.88,2,33
15,1,0,2.0,2.85,5.74,2.5,2214,198.12,110.68,0.52,0.42,0.69,0.0,198.12,1,28
24,5,1,3.76,3.48,1.37,0.0,2215,170.18,70.31,0.53,0.53,0.51,0.76,182.88,2,31
19,7,0,4.64,3.82,1.69,0.8,2216,177.8,83.91,0.51,0.51,0.42,0.54,185.42,1,35
17,2,0,6.86,5.47,3.2,0.5,2217,182.88,83.91,0.64,0.41,0.6,1.0,193.04,2,33
18,6,0,6.36,6.0,0.34,0.0,2218,177.8,70.31,0.45,0.63,0.2,0.86,182.88,2,30
14,6,0,4.13,2.86,0.64,0.1,2219,193.04,92.99,0.5,0.51,0.21,0.85,198.12,1,34
16,5,0,3.47,3.93,0.93,1.1,2220,162.56,52.16,0.41,0.51,0.18,0.37,160.02,1,33
13,2,0,5.29,2.33,0.68,0.6,2221,193.04,112.04,0.61,0.6,0.25,0.47,205.74,1,36
15,3,0,7.63,3.62,2.62,1.3,2222,195.58,115.67,0.67,0.56,0.8,1.0,198.12,1,33
15,4,0,2.63,4.61,1.08,0.2,2223,157.48,52.16,0.38,0.44,0.5,0.22,154.94,1,33
13,2,0,2.73,1.42,4.0,0.3,2224,177.8,77.11,0.59,0.58,0.63,0.75,180.34,2,32
10,5,0,2.21,6.19,1.75,0.6,2225,152.4,52.16,0.29,0.44,0.5,0.44,154.94,2,33
12,7,0,7.0,4.97,1.08,0.2,2226,160.02,52.16,0.46,0.61,0.5,0.85,157.48,1,34
16,5,0,2.71,3.73,1.31,0.5,2227,172.72,61.23,0.4,0.5,0.42,0.9,172.72,1,34
11,2,0,3.88,2.13,3.2,0.3,2228,172.72,61.23,0.66,0.37,0.34,0.4,175.26,1,32
10,4,0,2.88,3.72,1.18,0.0,2229,175.26,61.23,0.42,0.55,0.31,0.71,180.34,1,27
22,6,0,3.06,2.53,1.26,1.1,2230,172.72,56.7,0.55,0.52,0.23,0.37,175.26,1,34
9,4,0,3.25,4.32,0.0,0.0,2231,185.42,77.11,0.38,0.5,0.0,0.5,185.42,1,32
7,2,0,2.99,1.65,4.57,1.8,2232,170.18,65.77,0.63,0.4,0.5,0.0,180.34,1,29
13,4,1,2.35,1.28,3.06,1.3,2233,175.26,77.11,0.46,0.48,0.46,0.5,187.96,4,39
14,3,0,5.07,4.89,1.05,0.5,2234,180.34,65.77,0.5,0.51,0.3,0.52,187.96,1,31
19,5,0,5.39,2.12,0.86,0.4,2235,182.88,65.77,0.49,0.59,0.4,0.88,190.5,2,34
18,1,0,4.9,3.79,1.35,0.1,2236,170.18,61.23,0.53,0.61,0.52,0.85,175.26,1,33
15,5,0,3.36,2.99,1.22,0.0,2237,170.18,61.23,0.44,0.65,0.26,0.77,172.72,1,32
12,3,0,4.43,3.16,1.45,0.7,2238,157.48,52.16,0.49,0.51,0.34,0.66,160.02,1,26
15,8,0,4.73,3.48,0.56,0.1,2239,154.94,52.16,0.48,0.61,0.14,0.62,152.4,1,36
6,2,0,3.21,9.64,0.0,0.0,2240,187.96,116.12,0.42,0.47,0.0,0.0,190.5,1,33
10,2,0,5.3,2.98,0.0,0.0,2241,172.72,61.23,0.46,0.68,0.0,0.85,177.8,1,28
22,8,0,5.1,3.92,2.59,0.3,2242,177.8,65.77,0.49,0.57,0.53,0.81,187.96,1,36
11,2,0,5.81,3.95,0.56,0.8,2243,175.26,65.77,0.52,0.51,0.18,0.65,177.8,4,35
20,6,0,5.51,3.71,1.06,0.0,2244,172.72,70.31,0.54,0.65,0.33,0.76,180.34,1,30
22,6,0,3.37,2.96,1.07,0.0,2245,180.34,77.11,0.49,0.62,0.32,0.72,177.8,1,41
15,2,0,2.0,2.05,1.14,3.0,2246,167.64,56.7,0.4,0.57,0.42,0.26,175.26,4,31
17,10,0,4.07,4.11,0.6,1.2,2247,172.72,56.7,0.4,0.55,0.45,0.43,177.8,1,36
19,1,0,4.61,3.68,3.6,1.4,2248,185.42,77.11,0.46,0.63,0.55,0.76,182.88,1,28
10,3,0,2.19,3.25,4.43,0.6,2249,177.8,70.31,0.43,0.64,0.53,0.0,175.26,1,25
8,7,1,5.1,4.46,0.0,0.1,2250,180.34,70.31,0.5,0.57,0.0,0.43,175.26,1,34
9,1,0,5.01,2.71,2.02,0.0,2251,167.64,52.16,0.5,0.57,0.58,0.5,170.18,1,25
18,16,0,5.37,5.02,0.75,0.1,2252,160.02,52.16,0.5,0.6,0.3,0.72,162.56,1,41
18,7,0,4.14,2.66,2.34,0.2,2253,170.18,65.77,0.55,0.52,0.39,0.59,175.26,1,33
17,4,0,3.32,2.9,2.08,2.1,2254,187.96,83.91,0.53,0.42,0.25,0.82,193.04,2,33
10,2,0,4.58,4.23,0.0,0.0,2255,177.8,61.23,0.55,0.52,0.0,0.46,180.34,4,31
12,3,0,3.86,3.01,2.15,0.3,2256,165.1,56.7,0.48,0.57,0.46,0.59,165.1,1,32
14,2,0,5.24,4.25,1.96,0.9,2257,162.56,56.7,0.44,0.58,0.34,0.78,167.64,1,27
8,1,0,3.35,2.07,3.1,2.5,2258,185.42,83.91,0.61,0.59,0.55,1.0,193.04,2,30
22,6,0,2.6,2.44,1.25,0.4,2259,187.96,77.11,0.54,0.52,0.37,0.63,187.96,2,34
19,0,0,5.68,3.26,1.04,0.0,2260,182.88,77.11,0.49,0.53,0.41,0.89,200.66,1,26
26,4,0,4.66,2.63,1.96,0.5,2261,162.56,52.16,0.52,0.53,0.44,0.63,160.02,4,36
26,4,1,3.04,2.0,2.65,0.3,2262,165.1,56.7,0.52,0.63,0.61,0.76,167.64,2,38
28,1,0,2.45,1.45,3.1,1.0,2263,177.8,77.11,0.58,0.61,0.56,0.91,177.8,2,34
6,1,0,2.07,3.27,0.0,0.0,2264,193.04,120.2,0.38,0.37,0.0,0.0,195.58,1,33
11,0,0,2.72,1.63,2.12,0.3,2265,177.8,70.31,0.44,0.58,0.43,0.8,182.88,1,25
8,3,0,5.1,2.46,1.37,1.4,2266,187.96,83.91,0.69,0.5,0.14,1.0,193.04,2,34
25,8,0,3.66,1.75,1.48,0.2,2267,177.8,83.91,0.52,0.64,0.4,0.73,187.96,1,29
7,1,0,2.93,2.57,1.5,0.0,2268,170.18,61.23,0.55,0.68,0.33,1.0,172.72,1,30
12,3,0,1.61,3.73,0.0,0.0,2269,170.18,61.23,0.34,0.36,0.0,0.41,172.72,1,28
11,4,0,1.56,5.05,0.0,0.0,2270,190.5,92.99,0.43,0.36,0.0,0.36,193.04,2,36
23,3,0,2.31,1.99,4.46,1.5,2271,162.56,56.7,0.5,0.53,0.42,0.44,165.1,1,32
22,3,0,1.33,1.73,4.0,0.0,2272,182.88,77.11,0.58,0.58,0.4,1.0,187.96,0,31
24,6,0,3.88,3.51,0.9,0.1,2273,180.34,77.11,0.43,0.52,0.26,0.59,187.96,1,41
15,4,0,4.06,5.06,4.22,0.0,2274,172.72,65.77,0.51,0.49,0.4,0.75,177.8,1,30
17,3,0,3.01,3.44,2.73,1.5,2275,170.18,56.7,0.48,0.5,0.39,0.63,177.8,2,34
24,10,0,5.15,3.72,1.48,0.4,2276,185.42,77.11,0.45,0.56,0.29,0.8,195.58,1,37
17,6,1,3.77,3.81,0.5,0.2,2277,182.88,92.99,0.53,0.5,0.31,0.78,193.04,1,38
21,8,0,4.99,4.19,0.5,0.1,2278,187.96,92.99,0.48,0.55,0.29,0.8,190.5,1,36
17,1,0,4.78,2.86,0.92,0.4,2279,190.5,77.11,0.54,0.52,0.31,0.8,187.96,1,28
24,5,0,4.43,3.82,2.14,0.1,2280,180.34,77.11,0.43,0.55,0.36,0.9,182.88,1,37
23,3,0,3.85,1.8,3.26,0.1,2281,170.18,70.31,0.5,0.54,0.37,0.75,182.88,1,29
18,1,0,3.33,2.24,0.0,0.0,2282,170.18,65.77,0.48,0.65,0.0,0.69,182.88,1,25
13,4,0,2.51,3.35,1.49,0.2,2283,175.26,65.77,0.4,0.44,0.3,0.68,177.8,1,31
14,4,0,5.75,3.96,0.0,0.0,2284,190.5,92.99,0.48,0.56,0.0,0.87,195.58,1,30
15,9,0,5.79,4.54,0.75,1.1,2285,190.5,70.31,0.48,0.41,0.55,0.75,195.58,2,31
24,14,0,4.14,4.68,0.43,0.1,2286,180.34,70.31,0.44,0.55,0.5,0.73,190.5,1,40
19,10,1,4.74,4.55,1.41,0.4,2287,182.88,83.91,0.45,0.56,0.43,0.68,187.96,2,32
18,4,0,2.87,1.53,1.73,0.5,2288,185.42,70.31,0.52,0.65,0.4,0.71,190.5,1,29
11,2,1,4.79,5.49,1.1,0.2,2289,177.8,70.31,0.49,0.49,0.45,0.72,175.26,2,32
17,3,0,7.29,4.08,1.72,0.9,2290,177.8,70.31,0.59,0.54,0.66,0.9,185.42,4,31
18,3,1,4.57,4.09,0.0,0.7,2291,190.5,92.99,0.55,0.44,0.0,0.57,193.04,1,33
29,11,2,3.55,3.14,0.98,0.4,2292,187.96,92.99,0.5,0.52,0.48,0.69,198.12,1,43
11,1,0,6.62,3.41,0.78,0.2,2293,177.8,61.23,0.56,0.46,0.44,0.77,177.8,4,27
16,6,0,3.83,3.84,1.78,0.1,2294,162.56,61.23,0.47,0.57,0.29,0.72,162.56,1,39
30,6,0,4.38,3.88,2.79,1.0,2295,165.1,56.7,0.5,0.49,0.47,0.69,170.18,1,36
20,5,0,5.16,4.24,1.7,0.1,2296,170.18,61.23,0.54,0.59,0.49,0.86,170.18,4,33
21,5,0,4.42,2.8,5.97,0.3,2297,167.64,61.23,0.41,0.54,0.35,0.76,172.72,1,35
7,2,0,2.92,2.14,1.72,0.7,2298,175.26,56.7,0.51,0.43,0.22,0.83,180.34,1,24
6,1,0,2.2,4.27,0.0,0.0,2299,195.58,120.2,0.38,0.36,0.0,0.0,203.2,1,28
10,2,0,2.99,2.93,2.17,1.2,2300,167.64,61.23,0.52,0.63,0.47,0.85,170.18,1,26
4,2,0,7.41,15.0,0.93,0.0,2301,190.5,114.31,0.43,0.42,0.11,0.0,195.58,1,32
9,3,0,1.4,2.2,4.0,0.0,2302,177.8,65.77,0.44,0.42,0.8,0.33,175.26,0,24
18,5,1,2.43,2.32,3.38,1.1,2303,172.72,65.77,0.51,0.44,0.67,0.47,182.88,1,31
31,15,0,3.4,2.44,2.17,0.3,2304,190.5,77.11,0.46,0.51,0.39,0.55,203.2,1,38
14,6,1,4.96,4.58,0.5,0.2,2305,195.58,107.05,0.46,0.51,0.45,0.8,210.82,2,33
21,12,1,4.02,4.51,2.06,0.3,2306,172.72,65.77,0.5,0.53,0.46,0.83,175.26,1,30
17,3,0,1.99,0.77,5.77,0.0,2307,190.5,83.91,0.86,0.47,0.85,1.0,190.5,2,26
7,2,0,3.46,2.03,0.0,0.2,2308,185.42,83.91,0.58,0.46,0.0,0.52,187.96,1,38
15,6,0,3.75,3.47,0.18,0.2,2309,182.88,65.77,0.42,0.59,0.33,0.65,187.96,1,37
22,7,0,5.04,4.08,0.4,0.3,2310,165.1,56.7,0.56,0.57,0.3,0.81,172.72,2,32
17,9,0,5.54,4.25,0.65,1.1,2311,175.26,56.7,0.41,0.43,0.75,0.45,172.72,2,33
7,0,0,7.16,4.65,0.0,0.0,2312,187.96,77.11,0.38,0.64,0.0,0.75,195.58,1,25
10,6,0,4.88,5.33,1.63,0.0,2313,185.42,77.11,0.46,0.51,0.22,0.5,195.58,2,37
7,2,0,2.45,3.4,0.0,0.0,2314,185.42,120.2,0.56,0.5,0.0,0.5,195.58,2,34
26,10,0,4.41,3.2,2.21,0.7,2315,167.64,56.7,0.46,0.59,0.48,0.75,165.1,1,34
20,7,0,3.14,3.86,0.23,0.1,2316,190.5,92.99,0.43,0.5,0.66,0.82,193.04,4,32
31,11,0,4.36,2.59,2.05,1.2,2317,190.5,92.99,0.54,0.47,0.37,0.53,195.58,1,34
10,4,0,3.84,3.14,0.29,0.0,2318,193.04,83.91,0.56,0.55,0.16,0.64,198.12,2,28
25,6,1,2.63,3.47,1.61,1.2,2319,165.1,61.23,0.53,0.49,0.35,0.57,172.72,1,38
20,1,0,3.86,1.86,4.03,0.2,2320,172.72,61.23,0.56,0.61,0.46,0.79,175.26,1,30
17,3,0,4.82,4.5,1.2,0.6,2321,170.18,65.77,0.51,0.53,0.6,0.78,175.26,1,29
21,4,0,3.52,3.15,1.24,0.3,2322,172.72,65.77,0.43,0.6,0.6,0.73,177.8,2,32
15,8,0,3.5,3.38,1.47,0.3,2323,165.1,56.7,0.41,0.63,0.48,0.62,165.1,1,33
20,5,1,4.81,2.36,0.43,0.0,2324,162.56,56.7,0.45,0.66,0.3,0.9,165.1,2,29
29,13,0,2.46,2.57,0.55,0.0,2325,190.5,117.93,0.49,0.39,0.26,0.52,200.66,1,41
22,9,0,4.42,3.94,0.78,0.1,2326,172.72,61.23,0.43,0.55,0.39,0.73,170.18,1,28
19,3,0,6.05,3.4,0.24,0.2,2327,180.34,61.23,0.6,0.6,0.42,0.6,182.88,4,31
23,4,0,5.49,3.89,0.69,1.2,2328,177.8,70.31,0.52,0.42,0.21,0.44,185.42,1,31
27,5,0,6.48,7.05,0.33,0.0,2329,180.34,70.31,0.58,0.51,0.4,0.74,177.8,1,37
8,1,0,3.72,3.32,5.3,0.0,2330,170.18,61.23,0.39,0.6,0.4,1.0,182.88,1,29
10,4,0,3.96,3.2,0.0,0.0,2331,175.26,61.23,0.48,0.62,0.0,0.72,167.64,2,20
10,2,0,4.94,2.2,0.51,0.0,2332,167.64,65.77,0.41,0.65,0.2,0.84,167.64,1,32
8,1,0,4.48,4.28,0.0,0.0,2333,177.8,65.77,0.41,0.63,0.0,0.78,177.8,2,27
13,4,0,5.11,5.82,1.77,1.2,2334,182.88,70.31,0.55,0.44,0.22,0.72,180.34,1,32
26,6,0,3.25,2.88,3.42,0.9,2335,170.18,65.77,0.47,0.49,0.33,0.64,180.34,1,29
14,4,1,2.33,3.34,0.38,0.4,2336,170.18,65.77,0.45,0.54,0.07,0.0,167.64,1,32
12,4,0,3.62,2.24,1.52,0.0,2337,182.88,77.11,0.48,0.61,0.4,0.52,182.88,1,28
11,1,0,1.78,3.34,6.86,0.8,2338,172.72,83.91,0.54,0.4,0.59,0.75,190.5,1,27
10,2,0,2.71,3.59,0.85,0.8,2339,190.5,92.99,0.56,0.46,0.22,0.0,195.58,2,30
18,9,0,4.1,4.28,2.46,0.1,2340,182.88,70.31,0.46,0.54,0.3,0.7,187.96,1,31
9,1,0,5.02,3.86,2.48,0.0,2341,200.66,117.03,0.64,0.42,0.3,0.0,210.82,1,26
13,2,0,4.19,4.09,0.0,0.0,2342,180.34,70.31,0.58,0.58,0.0,0.85,190.5,1,29
13,5,0,4.71,4.84,0.83,0.0,2343,172.72,70.31,0.52,0.49,0.66,0.9,180.34,4,33
17,3,0,5.62,4.09,4.19,1.8,2344,180.34,70.31,0.58,0.42,0.35,0.72,185.42,2,30
24,14,0,4.82,4.94,0.68,0.6,2345,182.88,70.31,0.48,0.49,0.33,0.77,190.5,4,36
27,8,0,3.83,4.56,0.88,1.4,2346,180.34,65.77,0.47,0.45,0.5,0.68,182.88,1,31
28,4,0,5.99,3.31,1.63,0.2,2347,167.64,65.77,0.57,0.58,0.34,0.68,180.34,1,37
13,8,0,4.43,7.6,0.25,0.0,2348,170.18,61.23,0.44,0.45,0.4,0.69,165.1,1,37
8,2,0,7.27,5.5,0.41,0.0,2349,172.72,61.23,0.48,0.56,0.12,0.4,175.26,1,27
18,3,2,3.4,3.87,0.0,2.5,2350,177.8,61.23,0.44,0.46,0.0,0.41,182.88,1,29
20,7,0,3.36,2.51,1.57,0.0,2351,170.18,61.23,0.47,0.55,0.28,0.7,172.72,1,30
12,2,0,2.57,2.5,3.58,0.4,2352,167.64,56.7,0.37,0.58,0.34,0.8,170.18,1,32
9,1,0,6.22,2.19,0.78,0.8,2353,167.64,56.7,0.56,0.63,0.75,0.84,167.64,2,34
13,5,1,1.6,3.93,0.0,2.0,2354,170.18,61.23,0.22,0.39,0.0,0.62,180.34,1,31
15,2,0,5.18,2.75,1.83,0.1,2355,175.26,61.23,0.54,0.63,0.4,0.83,175.26,1,30
16,6,0,4.01,3.86,0.46,0.2,2356,160.02,52.16,0.56,0.52,0.13,0.53,160.02,1,31
14,8,0,2.74,3.43,0.4,0.4,2357,185.42,77.11,0.56,0.47,0.16,0.62,187.96,1,36
14,2,0,7.15,2.57,0.77,0.0,2358,180.34,77.11,0.6,0.72,0.33,0.75,180.34,1,24
24,13,0,4.9,4.88,0.32,0.3,2359,180.34,77.11,0.39,0.55,0.24,0.47,182.88,1,35
7,2,0,3.73,4.03,4.09,0.0,2360,193.04,92.99,0.53,0.43,0.38,1.0,198.12,1,26
22,9,1,5.4,3.92,0.32,0.0,2361,190.5,92.99,0.48,0.57,0.25,0.62,193.04,1,38
15,0,0,4.25,2.89,3.34,0.3,2362,172.72,61.23,0.52,0.62,0.44,0.54,180.34,1,28
17,2,0,5.37,5.41,3.0,0.5,2363,167.64,61.23,0.39,0.47,0.48,0.56,172.72,1,26
17,11,0,5.65,5.94,0.34,0.1,2364,185.42,83.91,0.47,0.49,0.28,0.68,187.96,1,36
22,9,0,5.85,4.5,1.02,0.0,2365,182.88,83.91,0.53,0.59,0.42,0.52,187.96,2,31
13,3,0,3.94,2.33,0.98,0.0,2366,193.04,108.86,0.54,0.48,0.75,0.93,193.04,1,34
22,5,0,2.23,1.3,5.64,1.7,2367,190.5,102.06,0.62,0.43,0.55,0.6,200.66,1,34
36,5,0,3.77,2.13,1.61,0.1,2368,162.56,56.7,0.47,0.63,0.4,0.61,160.02,1,35
17,3,0,2.47,3.88,1.18,0.4,2369,165.1,56.7,0.33,0.59,0.25,0.62,172.72,1,32
23,4,0,4.73,2.7,1.45,0.2,2370,175.26,61.23,0.43,0.57,0.46,0.7,177.8,4,30
17,3,0,5.3,3.98,1.91,0.8,2371,175.26,61.23,0.48,0.54,0.38,0.55,175.26,4,32
6,2,0,9.32,6.62,0.52,0.0,2372,170.18,56.7,0.5,0.57,0.25,0.8,172.72,2,27
5,4,0,2.65,4.14,2.16,1.2,2373,170.18,56.7,0.39,0.44,0.29,0.44,167.64,1,30
10,1,0,4.05,2.16,1.23,2.0,2374,175.26,65.77,0.6,0.55,0.42,0.58,175.26,2,29
13,3,0,2.21,1.59,3.15,1.1,2375,175.26,65.77,0.57,0.58,0.34,0.3,180.34,2,30
10,2,0,4.77,3.72,2.79,1.9,2376,180.34,77.11,0.61,0.53,0.3,0.0,182.88,4,27
11,7,0,3.51,4.15,0.46,0.2,2377,190.5,77.11,0.49,0.5,0.36,0.53,203.2,1,35
13,4,0,4.42,3.31,1.97,0.1,2378,180.34,77.11,0.53,0.47,0.51,0.48,182.88,2,33
13,6,0,2.29,3.27,1.99,1.6,2379,177.8,77.11,0.48,0.47,0.34,0.44,182.88,1,33
9,4,0,2.73,2.04,0.22,0.2,2380,170.18,61.23,0.55,0.56,0.11,0.47,170.18,1,36
11,3,0,5.7,5.37,0.67,0.2,2381,165.1,56.7,0.43,0.57,0.15,0.59,162.56,1,32
12,3,0,4.69,2.4,1.75,0.0,2382,172.72,56.7,0.44,0.69,0.5,0.71,170.18,1,28
11,1,0,2.51,2.64,3.25,0.0,2383,167.64,56.7,0.44,0.6,0.31,0.66,172.72,1,31
13,9,0,2.94,3.24,0.94,0.4,2384,170.18,56.7,0.4,0.49,0.29,0.66,185.42,2,34
23,7,0,8.75,7.78,0.43,0.0,2385,180.34,77.11,0.47,0.48,0.11,0.9,187.96,1,32
25,12,0,5.16,3.32,0.0,0.1,2386,190.5,77.11,0.61,0.57,0.0,0.75,203.2,1,37
32,14,0,4.46,4.4,1.21,0.7,2387,185.42,83.91,0.51,0.51,0.56,0.75,185.42,1,32
10,3,0,4.48,3.92,2.8,1.3,2388,193.04,83.91,0.54,0.43,0.61,0.52,195.58,4,32
11,1,0,2.32,10.94,0.0,0.0,2389,170.18,77.11,0.5,0.29,0.0,0.0,172.72,2,27
12,0,0,6.89,2.78,7.78,0.7,2390,177.8,77.11,0.67,0.47,0.91,1.0,182.88,2,30
26,8,0,4.28,3.95,0.0,0.0,2391,190.5,108.41,0.38,0.52,0.0,0.75,198.12,1,35
18,6,0,3.57,4.23,3.82,0.5,2392,190.5,117.93,0.47,0.52,0.59,0.63,198.12,1,31
26,8,0,4.29,3.19,1.53,0.8,2393,177.8,65.77,0.47,0.5,0.35,0.5,180.34,2,29
19,11,0,3.6,3.56,0.93,0.2,2394,170.18,65.77,0.45,0.56,0.26,0.56,180.34,1,34
13,3,0,5.59,3.42,0.34,0.0,2395,185.42,77.11,0.6,0.56,0.5,0.55,180.34,2,33
16,8,0,5.02,5.5,0.54,0.1,2396,180.34,77.11,0.5,0.57,0.45,0.87,190.5,2,35
15,3,0,4.57,3.1,5.88,1.6,2397,182.88,83.91,0.6,0.51,0.48,0.68,190.5,1,32
9,1,0,7.5,3.75,0.0,0.0,2398,185.42,83.91,0.56,0.56,0.0,1.0,200.66,1,24
9,4,0,2.06,1.52,3.26,0.0,2399,175.26,65.77,0.67,0.4,0.8,0.6,180.34,1,39
6,2,1,7.28,6.47,0.75,0.0,2400,175.26,56.7,0.42,0.49,0.6,0.81,180.34,1,27
8,0,0,7.6,7.0,1.0,0.0,2401,170.18,61.23,0.47,0.57,0.33,0.5,167.64,2,21
23,5,0,8.91,2.53,2.0,0.0,2402,170.18,65.77,0.55,0.47,0.5,0.5,185.42,0,32
29,7,0,3.54,4.09,0.54,0.2,2403,170.18,65.77,0.38,0.56,0.42,0.71,172.72,1,40
14,8,0,3.35,9.36,0.0,0.0,2404,170.18,61.23,0.33,0.3,0.0,0.3,172.72,2,33
19,5,0,3.67,3.71,3.14,0.6,2405,172.72,61.23,0.43,0.56,0.55,0.85,177.8,1,30
11,6,0,3.21,2.76,1.87,0.4,2406,180.34,61.23,0.46,0.44,0.35,0.62,182.88,1,34
13,2,0,2.88,1.58,4.9,0.2,2407,165.1,61.23,0.56,0.56,0.49,0.72,167.64,4,31
11,7,0,2.13,5.34,0.39,0.0,2408,182.88,83.91,0.36,0.46,0.33,0.27,187.96,1,35
9,1,0,13.02,1.7,0.0,0.0,2409,185.42,83.91,0.5,0.81,0.0,1.0,187.96,1,31
7,4,0,7.58,10.56,0.33,0.0,2410,172.72,61.23,0.36,0.41,0.5,0.16,177.8,1,34
8,0,0,8.2,3.82,4.21,0.8,2411,175.26,61.23,0.54,0.71,0.83,0.5,187.96,1,21
10,5,0,3.96,5.64,0.0,0.0,2412,165.1,56.7,0.44,0.49,0.0,0.7,172.72,1,28
7,0,0,5.71,2.42,1.3,0.0,2413,162.56,56.7,0.55,0.58,0.33,0.0,162.56,1,26
14,9,0,3.17,4.57,1.08,1.4,2414,170.18,56.7,0.46,0.47,0.25,0.4,175.26,1,36
13,6,0,3.65,4.75,0.0,1.3,2415,170.18,56.7,0.45,0.46,0.0,0.38,180.34,1,30
15,4,0,5.45,6.17,0.14,0.3,2416,185.42,70.31,0.38,0.54,0.25,0.81,195.58,4,26
14,1,0,4.82,2.9,0.6,0.0,2417,165.1,61.23,0.46,0.69,0.25,1.0,170.18,1,27
23,12,1,4.18,5.34,0.47,0.8,2418,172.72,61.23,0.47,0.5,0.39,0.71,177.8,4,33
10,1,0,4.13,3.49,1.12,0.2,2419,167.64,56.7,0.48,0.56,0.45,0.94,170.18,1,26
23,10,2,3.84,3.64,1.36,0.4,2420,170.18,56.7,0.44,0.59,0.39,0.65,177.8,1,32
13,3,0,5.37,5.86,1.38,0.2,2421,190.5,92.99,0.6,0.46,0.35,0.94,190.5,1,30
6,1,0,8.14,10.17,0.0,0.0,2422,185.42,92.99,0.58,0.36,0.0,0.0,193.04,1,30
11,2,0,4.52,2.81,1.37,0.0,2423,187.96,92.99,0.59,0.61,0.75,0.8,187.96,2,29
14,2,0,2.77,5.81,2.4,1.6,2424,187.96,92.99,0.36,0.35,0.33,1.0,187.96,1,23
12,4,0,2.54,2.29,1.52,1.1,2425,162.56,56.7,0.38,0.61,0.29,0.45,157.48,1,30
19,7,0,4.43,2.35,0.67,0.5,2426,172.72,56.7,0.5,0.62,0.35,0.72,182.88,2,30
10,1,0,2.72,2.47,3.37,2.1,2427,170.18,56.7,0.42,0.53,0.5,0.56,180.34,1,28
12,1,0,5.26,4.44,0.0,6.8,2428,170.18,65.77,0.6,0.6,0.0,0.77,175.26,1,31
13,6,0,4.68,3.84,0.85,0.3,2429,175.26,65.77,0.39,0.51,0.17,0.44,180.34,1,32
12,9,0,2.5,2.95,1.8,0.5,2430,182.88,83.91,0.51,0.5,0.41,0.66,182.88,1,32
8,0,0,3.11,2.0,2.0,0.7,2431,172.72,83.91,0.48,0.61,1.0,0.75,187.96,2,27
27,11,0,5.06,3.85,0.74,0.0,2432,172.72,61.23,0.47,0.5,0.27,0.82,177.8,1,28
15,7,0,2.79,3.66,0.85,0.0,2433,172.72,61.23,0.4,0.58,0.22,0.81,165.1,1,34
15,3,0,3.77,3.91,1.25,0.8,2434,177.8,83.91,0.5,0.51,0.23,0.61,182.88,1,33
19,6,0,5.53,4.78,1.9,0.4,2435,190.5,83.91,0.51,0.5,0.34,0.75,190.5,1,34
25,20,0,4.27,3.78,0.57,0.0,2436,177.8,70.31,0.39,0.58,0.38,0.81,185.42,2,39
29,15,0,4.48,4.33,0.61,0.1,2437,172.72,70.31,0.41,0.53,0.16,0.58,177.8,2,37
12,1,0,1.34,1.24,6.1,0.9,2438,175.26,61.23,0.42,0.52,0.54,0.25,170.18,4,21
22,10,0,5.11,3.53,0.7,0.3,2439,172.72,61.23,0.45,0.57,0.29,0.37,180.34,1,38
21,4,0,2.47,2.36,2.56,0.6,2440,193.04,83.91,0.48,0.46,0.29,0.4,198.12,2,35
18,2,0,3.47,2.61,1.25,0.4,2441,185.42,83.91,0.56,0.6,0.5,0.76,190.5,2,33
37,11,0,3.23,3.05,2.29,2.6,2442,177.8,70.31,0.55,0.48,0.39,0.54,187.96,1,36
27,9,0,6.91,4.61,0.23,0.3,2443,180.34,70.31,0.48,0.58,0.53,0.81,175.26,1,34
11,7,0,4.41,4.69,1.12,0.2,2444,165.1,52.16,0.47,0.58,0.29,0.63,162.56,1,33
12,2,0,4.04,3.13,4.04,0.0,2445,160.02,52.16,0.46,0.53,0.5,0.81,160.02,1,33
15,1,0,4.53,2.5,2.0,1.0,2446,175.26,61.23,0.47,0.61,0.36,0.69,177.8,1,30
13,4,0,4.06,6.15,2.82,0.6,2447,170.18,61.23,0.42,0.49,0.39,0.66,180.34,1,33
7,2,0,2.95,3.65,1.91,0.3,2448,172.72,61.23,0.27,0.57,0.37,0.85,172.72,1,37
7,0,0,5.78,0.64,4.81,3.2,2449,162.56,61.23,0.6,0.8,0.75,0.0,170.18,1,35
18,9,0,3.44,4.03,1.83,0.1,2450,185.42,83.91,0.47,0.5,0.25,0.8,190.5,2,39
21,13,0,3.41,3.32,0.7,0.0,2451,185.42,83.91,0.43,0.54,0.26,0.8,187.96,1,38
14,1,0,4.15,3.71,0.0,1.6,2452,175.26,70.31,0.45,0.51,0.0,0.6,177.8,1,28
10,4,0,6.42,5.12,1.02,0.0,2453,177.8,70.31,0.45,0.61,0.57,0.75,185.42,1,30
16,4,0,2.15,2.01,4.26,0.4,2454,167.64,61.23,0.47,0.68,0.47,0.66,165.1,1,30
10,1,0,4.18,2.96,2.98,1.1,2455,175.26,61.23,0.48,0.46,0.53,0.53,180.34,1,23
7,2,0,10.05,6.64,0.0,0.0,2456,195.58,117.93,0.51,0.5,0.0,1.0,198.12,1,27
14,2,0,3.24,2.71,2.6,0.7,2457,187.96,102.06,0.48,0.51,0.46,0.79,195.58,1,28
16,2,1,2.78,2.7,8.77,0.5,2458,177.8,77.11,0.5,0.51,0.59,0.4,187.96,1,28
32,13,0,5.52,5.75,0.0,0.0,2459,177.8,77.11,0.5,0.54,0.0,0.64,190.5,1,38
15,8,0,3.95,4.69,2.01,0.2,2460,162.56,56.7,0.51,0.51,0.25,0.72,165.1,1,36
19,8,0,4.77,4.02,0.51,0.3,2461,175.26,56.7,0.49,0.55,0.16,0.69,177.8,4,35
12,2,0,3.41,1.87,2.45,0.3,2462,193.04,92.99,0.48,0.66,0.35,0.66,210.82,1,30
20,11,0,4.23,3.28,3.76,0.2,2463,185.42,92.99,0.43,0.47,0.49,0.75,190.5,2,32
13,5,1,5.47,8.54,0.0,0.0,2464,172.72,65.77,0.42,0.44,0.0,0.0,180.34,4,31
11,2,0,7.48,4.95,1.51,0.0,2465,180.34,65.77,0.54,0.5,0.4,0.5,187.96,4,28
25,13,0,3.88,4.34,2.32,0.2,2466,180.34,65.77,0.37,0.5,0.46,0.71,187.96,1,35
17,8,0,2.71,2.86,2.76,0.9,2467,165.1,52.16,0.48,0.56,0.4,0.38,160.02,1,31
15,6,1,2.75,3.01,1.02,0.7,2468,162.56,52.16,0.55,0.45,0.64,0.63,165.1,2,39
18,1,0,6.12,4.41,0.66,0.0,2469,170.18,65.77,0.48,0.57,0.28,0.84,172.72,4,24
19,7,0,3.67,4.52,1.07,0.1,2470,167.64,65.77,0.35,0.59,0.36,0.43,177.8,1,41
7,4,1,1.91,3.72,0.88,0.0,2471,165.1,52.16,0.3,0.46,0.5,0.46,165.1,1,29
7,1,0,7.71,6.72,0.7,0.0,2472,167.64,52.16,0.46,0.51,0.08,1.0,165.1,1,25
16,4,0,4.61,3.43,1.47,0.0,2473,172.72,70.31,0.41,0.6,0.23,0.54,175.26,1,31
12,3,1,3.03,4.4,1.0,0.0,2474,180.34,70.31,0.39,0.49,0.13,0.88,185.42,2,32
12,7,0,1.27,5.3,0.88,0.4,2475,195.58,83.91,0.47,0.26,0.09,0.42,203.2,1,35
9,1,0,4.97,1.3,2.8,0.9,2476,187.96,83.91,0.65,0.57,0.6,0.91,190.5,1,26
10,2,0,1.81,2.55,3.02,0.0,2477,185.42,92.99,0.5,0.38,0.37,0.87,193.04,1,25
12,0,0,2.85,1.93,2.38,0.9,2478,195.58,120.2,0.69,0.58,0.26,1.0,200.66,1,28
16,2,0,3.47,4.47,0.0,0.0,2479,170.18,65.77,0.43,0.62,0.0,1.0,182.88,1,28
23,6,0,5.64,4.25,1.35,0.5,2480,167.64,65.77,0.51,0.54,0.48,0.73,175.26,1,33
11,1,1,4.07,5.29,2.22,0.0,2481,182.88,70.31,0.45,0.61,0.36,0.0,187.96,2,28
18,2,0,5.98,4.45,3.48,0.2,2482,177.8,70.31,0.42,0.5,0.55,0.73,187.96,1,31
11,2,0,6.35,7.1,2.06,0.2,2483,170.18,65.77,0.54,0.61,0.36,0.75,175.26,4,29
8,1,0,3.5,2.63,8.76,0.0,2484,175.26,65.77,0.48,0.51,0.4,0.5,182.88,4,23
14,2,0,4.43,2.59,0.33,0.0,2485,187.96,83.91,0.57,0.52,0.16,0.63,200.66,4,30
15,5,0,3.19,3.71,1.16,0.7,2486,187.96,83.91,0.41,0.48,0.43,0.32,193.04,1,37
13,8,0,2.7,2.45,1.5,0.0,2487,198.12,92.99,0.5,0.39,0.28,0.33,203.2,1,38
8,0,0,15.77,14.01,0.0,0.0,2488,182.88,92.99,0.7,0.46,0.0,1.0,185.42,1,27
14,3,1,2.62,3.06,0.82,1.6,2489,190.5,77.11,0.37,0.5,0.5,0.33,198.12,1,30
25,3,0,2.28,1.51,0.19,0.0,2490,190.5,77.11,0.58,0.62,0.16,0.7,200.66,4,39
11,4,0,7.79,7.43,0.32,0.0,2491,172.72,65.77,0.42,0.51,1.0,0.57,175.26,1,25
13,0,0,5.56,3.32,0.0,0.0,2492,175.26,65.77,0.57,0.64,0.0,0.37,175.26,1,26
17,1,1,4.34,2.65,1.2,0.5,2493,175.26,65.77,0.51,0.6,0.54,0.44,185.42,1,34
20,0,0,3.91,2.8,4.78,0.2,2494,170.18,65.77,0.47,0.61,0.52,0.61,182.88,1,32
11,7,1,2.56,3.75,1.23,0.1,2495,167.64,52.16,0.57,0.52,0.52,0.57,165.1,1,32
14,1,0,4.62,2.46,4.54,1.8,2496,162.56,52.16,0.43,0.59,0.57,1.0,170.18,1,30
17,6,1,5.96,5.24,0.0,0.0,2497,170.18,61.23,0.41,0.56,0.0,0.75,177.8,1,32
22,7,1,3.03,3.9,4.49,0.3,2498,167.64,61.23,0.42,0.61,0.41,0.76,175.26,1,33
14,3,0,2.88,4.21,1.93,0.0,2499,187.96,92.99,0.43,0.54,0.21,1.0,187.96,1,33
9,0,0,6.25,2.67,0.98,0.0,2500,193.04,92.99,0.52,0.58,0.28,0.82,200.66,1,28
11,4,0,3.51,5.31,0.42,0.2,2501,167.64,56.7,0.46,0.53,0.18,0.68,167.64,2,32
11,2,0,7.89,5.53,1.4,0.7,2502,167.64,56.7,0.52,0.57,0.34,0.7,175.26,1,28
18,3,0,2.0,3.13,3.0,0.0,2503,182.88,117.48,0.5,0.57,0.6,1.0,190.5,1,35
27,11,0,3.56,3.26,1.3,0.1,2504,190.5,112.94,0.48,0.55,0.33,0.7,198.12,1,40
10,2,0,2.4,4.24,1.67,0.0,2505,175.26,70.31,0.45,0.56,0.66,0.75,182.88,4,31
16,5,1,4.5,3.02,2.43,2.1,2506,185.42,70.31,0.49,0.39,0.32,0.55,187.96,2,26
23,6,0,1.84,1.74,2.3,0.0,2507,175.26,70.31,0.46,0.5,0.6,0.5,175.26,1,36
17,7,0,5.99,4.07,0.0,0.6,2508,190.5,70.31,0.46,0.55,0.0,0.7,190.5,1,28
17,7,1,3.6,4.58,1.18,0.5,2509,180.34,70.31,0.45,0.53,0.23,0.66,180.34,4,35
18,8,0,6.53,3.45,3.31,2.1,2510,177.8,70.31,0.55,0.43,0.4,0.72,185.42,4,31
10,3,0,6.1,2.17,0.29,0.0,2511,198.12,83.91,0.64,0.63,1.0,0.66,200.66,1,33
9,1,1,3.28,4.49,1.65,0.3,2512,187.96,83.91,0.44,0.46,0.41,0.83,203.2,1,28
14,5,0,8.67,4.82,0.0,0.0,2513,175.26,65.77,0.64,0.63,0.0,0.0,182.88,1,31
31,14,0,6.18,6.31,1.73,0.7,2514,185.42,65.77,0.48,0.48,0.43,0.61,187.96,2,36
16,11,0,5.11,5.57,1.06,0.6,2515,182.88,77.11,0.43,0.48,0.3,0.5,193.04,1,36
20,7,0,2.02,1.73,3.11,1.0,2516,185.42,77.11,0.4,0.57,0.47,0.65,190.5,2,38
15,3,0,4.56,2.78,1.56,0.1,2517,165.1,56.7,0.53,0.55,0.45,0.51,165.1,4,28
17,5,1,4.11,3.71,0.4,0.7,2518,165.1,56.7,0.41,0.58,0.35,0.54,167.64,1,32
16,3,0,3.52,3.22,1.45,0.9,2519,187.96,83.91,0.44,0.52,0.3,0.62,190.5,1,29
24,6,0,4.03,3.22,0.05,0.1,2520,193.04,83.91,0.48,0.55,0.09,0.76,203.2,4,36
11,2,0,7.07,7.0,1.0,0.0,2521,167.64,70.31,0.41,0.33,0.33,1.0,172.72,0,29
18,7,1,5.4,5.67,1.51,0.2,2522,170.18,65.77,0.59,0.56,0.53,0.55,175.26,1,31
9,3,2,3.47,2.67,1.77,0.4,2523,165.1,56.7,0.49,0.54,0.27,0.58,175.26,1,30
9,4,0,2.21,2.4,2.4,1.7,2524,167.64,56.7,0.45,0.64,0.44,0.63,167.64,1,34
7,4,0,3.41,7.0,1.91,1.0,2525,182.88,83.91,0.49,0.4,0.72,0.83,190.5,4,31
20,5,0,4.57,6.83,3.48,0.0,2526,182.88,83.91,0.52,0.31,0.43,0.62,182.88,1,30
7,5,0,2.66,2.92,1.95,0.0,2527,172.72,61.23,0.43,0.4,0.42,0.8,170.18,2,34
7,1,0,2.83,3.11,0.0,0.0,2528,172.72,61.23,0.36,0.66,0.0,0.75,180.34,1,20
13,8,1,3.13,5.35,1.65,0.4,2529,175.26,70.31,0.5,0.42,0.44,0.66,180.34,1,31
12,8,2,4.52,4.71,1.24,0.3,2530,175.26,70.31,0.45,0.54,0.36,0.66,180.34,1,34
8,3,0,3.63,5.84,1.63,0.0,2531,165.1,56.7,0.39,0.49,0.11,0.28,165.1,1,30
15,5,0,3.73,3.72,0.79,0.4,2532,162.56,56.7,0.45,0.56,0.26,0.86,170.18,1,30
11,4,0,3.1,2.61,3.01,0.4,2533,185.42,113.4,0.59,0.54,0.43,0.87,187.96,2,31
6,1,0,2.7,2.03,0.0,0.0,2534,198.12,120.2,0.61,0.51,0.0,1.0,205.74,1,32
11,3,0,3.37,5.2,1.0,0.0,2535,172.72,65.77,0.34,0.45,0.22,0.71,182.88,4,28
17,3,0,8.43,3.5,0.0,0.0,2536,172.72,65.77,0.64,0.68,0.0,0.75,177.8,1,29
11,5,0,3.72,12.82,0.0,0.0,2537,172.72,65.77,0.28,0.45,0.0,0.0,172.72,1,29
10,0,0,9.87,5.54,0.0,0.0,2538,182.88,65.77,0.53,0.58,0.0,0.83,187.96,1,28
14,1,0,2.4,3.9,4.91,0.2,2539,172.72,61.23,0.39,0.45,0.33,0.66,175.26,1,29
10,2,0,7.44,4.53,1.68,0.0,2540,167.64,61.23,0.55,0.63,0.6,1.0,175.26,1,30
17,10,0,3.04,3.91,0.85,0.6,2541,190.5,92.99,0.42,0.53,0.42,0.21,205.74,1,29
9,0,0,7.4,2.3,11.49,7.7,2542,187.96,92.99,0.67,0.57,0.75,1.0,198.12,1,25
12,4,0,4.0,4.83,2.51,0.1,2543,154.94,52.16,0.37,0.57,0.37,0.65,154.94,1,31
23,4,0,2.27,2.86,3.13,1.4,2544,160.02,52.16,0.41,0.55,0.39,0.72,162.56,1,37
15,3,0,4.83,4.57,2.92,0.6,2545,177.8,70.31,0.45,0.5,0.4,0.55,180.34,1,33
21,7,1,4.1,3.55,1.68,0.6,2546,180.34,70.31,0.49,0.59,0.4,0.64,182.88,1,37
12,5,0,3.68,4.31,0.76,0.8,2547,177.8,77.11,0.43,0.54,0.19,0.4,175.26,1,23
12,5,0,2.5,2.45,1.99,0.5,2548,175.26,77.11,0.53,0.54,0.44,1.0,182.88,1,35
24,12,1,4.8,5.24,0.89,0.7,2549,180.34,83.91,0.5,0.51,0.48,0.59,190.5,1,34
21,11,0,3.65,3.52,1.04,0.1,2550,175.26,83.91,0.42,0.57,0.35,0.6,180.34,2,34
11,1,1,5.46,4.58,0.23,0.0,2551,177.8,70.31,0.58,0.52,0.08,0.82,175.26,1,29
17,6,1,6.19,4.88,1.13,0.3,2552,175.26,70.31,0.54,0.49,0.28,0.8,187.96,1,30
14,6,0,4.43,3.94,2.99,0.8,2553,157.48,52.16,0.49,0.62,0.42,0.76,154.94,1,32
13,1,0,2.86,1.63,4.52,0.7,2554,165.1,52.16,0.6,0.44,0.45,0.57,167.64,2,35
15,3,0,7.27,5.83,0.35,0.2,2555,177.8,70.31,0.43,0.54,0.66,0.66,175.26,1,30
26,4,0,3.21,2.81,5.22,0.2,2556,177.8,70.31,0.51,0.6,0.38,0.83,177.8,2,35
20,8,0,4.39,3.35,0.71,0.5,2557,190.5,77.11,0.47,0.53,0.34,0.74,198.12,1,35
29,15,0,4.24,3.21,0.79,0.6,2558,190.5,77.11,0.49,0.5,0.36,0.57,205.74,1,33
14,5,0,6.16,3.11,6.54,0.0,2559,172.72,65.77,0.53,0.45,0.5,0.0,177.8,1,29
37,9,0,2.77,4.61,1.26,0.5,2560,167.64,65.77,0.45,0.55,0.33,0.74,170.18,1,38
18,8,0,5.55,5.96,0.73,0.7,2561,175.26,65.77,0.45,0.51,0.41,0.71,182.88,1,37
31,14,0,4.84,3.99,1.0,0.4,2562,172.72,65.77,0.51,0.59,0.5,0.63,177.8,1,42
22,10,0,3.9,2.99,0.36,0.7,2563,198.12,92.99,0.54,0.46,0.5,0.57,208.28,1,34
16,5,0,4.99,3.4,0.25,0.2,2564,193.04,92.99,0.53,0.49,0.28,0.82,195.58,2,36
9,0,0,9.25,6.81,3.89,0.0,2565,185.42,107.05,0.62,0.44,0.43,0.75,185.42,1,28
19,6,0,4.18,2.76,5.12,0.0,2566,193.04,120.2,0.52,0.53,0.47,0.35,203.2,1,35
16,4,0,6.15,5.96,0.3,0.0,2567,185.42,92.99,0.59,0.49,0.42,0.77,182.88,1,35
16,1,0,4.4,3.2,0.68,0.2,2568,177.8,92.99,0.56,0.56,0.2,0.88,180.34,2,37
15,1,0,6.57,4.03,0.53,0.2,2569,193.04,92.99,0.55,0.51,0.6,0.85,195.58,1,35
32,6,1,5.61,5.67,0.49,0.2,2570,190.5,92.99,0.55,0.45,0.6,0.68,203.2,1,33
10,4,0,3.3,1.26,0.0,0.0,2571,170.18,61.23,0.53,0.74,0.0,0.66,177.8,2,31
14,4,0,2.21,7.73,0.0,0.0,2572,170.18,61.23,0.25,0.38,0.0,0.0,167.64,1,31
12,4,2,6.93,10.0,0.5,0.0,2573,160.02,61.23,0.47,0.4,0.14,0.57,165.1,1,26
21,8,1,4.95,5.07,1.49,0.1,2574,167.64,61.23,0.51,0.54,0.37,0.75,180.34,4,34
9,3,0,3.8,2.64,0.98,0.2,2575,170.18,56.7,0.47,0.63,0.42,0.8,167.64,1,36
15,7,0,3.92,4.34,0.7,0.0,2576,165.1,56.7,0.46,0.61,0.25,0.67,170.18,2,33
10,3,0,4.13,3.38,0.31,0.0,2577,175.26,61.23,0.4,0.64,1.0,0.5,172.72,1,30
8,3,0,4.27,2.13,2.02,0.3,2578,175.26,61.23,0.47,0.59,0.5,0.66,172.72,1,35
12,2,0,5.87,6.18,0.0,0.0,2579,190.5,120.2,0.47,0.38,0.0,1.0,190.5,1,35
22,11,1,4.82,3.0,0.0,0.0,2580,187.96,92.99,0.53,0.57,0.0,0.69,190.5,1,34
12,6,0,1.3,2.72,0.59,1.8,2581,187.96,83.91,0.55,0.33,0.5,0.55,195.58,1,31
10,3,0,1.69,2.96,0.0,0.0,2582,187.96,83.91,0.66,0.46,0.0,0.0,187.96,2,34
18,2,0,7.01,6.65,0.0,0.0,2583,167.64,65.77,0.47,0.52,0.0,1.0,177.8,1,28
12,6,0,4.21,4.79,0.62,0.2,2584,175.26,65.77,0.43,0.48,0.27,0.75,177.8,4,28
11,3,0,6.32,5.12,0.75,0.0,2585,175.26,70.31,0.52,0.49,0.3,0.76,177.8,1,25
19,10,0,2.52,4.4,1.37,1.1,2586,175.26,70.31,0.42,0.52,0.29,0.52,177.8,1,31
19,7,0,2.24,2.74,1.93,1.6,2587,165.1,56.7,0.38,0.52,0.5,0.26,170.18,1,32
15,4,0,3.47,3.46,2.63,0.5,2588,170.18,56.7,0.44,0.51,0.46,0.75,172.72,1,37
14,6,1,3.19,3.34,0.42,0.0,2589,185.42,70.31,0.41,0.52,0.21,0.66,195.58,1,38
14,4,0,8.26,5.03,0.0,0.0,2590,182.88,70.31,0.58,0.54,0.0,1.0,190.5,1,36
18,8,1,5.36,4.11,0.38,0.6,2591,175.26,61.23,0.49,0.56,0.21,0.46,175.26,4,30
12,5,0,4.75,3.83,2.82,0.3,2592,172.72,61.23,0.43,0.58,0.47,0.75,182.88,1,30
14,2,1,4.02,3.09,1.63,0.7,2593,185.42,77.11,0.48,0.56,0.5,0.57,185.42,1,34
22,10,0,3.16,3.68,2.04,0.4,2594,177.8,77.11,0.48,0.52,0.35,0.53,180.34,1,39
14,6,0,6.22,5.18,0.62,0.3,2595,157.48,52.16,0.56,0.59,0.8,0.57,160.02,1,28
8,1,1,3.09,3.67,3.01,0.5,2596,154.94,52.16,0.36,0.51,0.29,0.66,147.32,1,35
14,4,0,3.47,4.81,0.63,0.0,2597,175.26,77.11,0.4,0.51,0.33,0.55,180.34,1,32
20,13,0,3.7,3.69,1.44,0.2,2598,180.34,77.11,0.47,0.58,0.41,0.69,193.04,1,40
11,3,0,0.6,2.2,0.0,1.0,2599,177.8,70.31,0.25,0.52,0.0,0.33,182.88,2,25
10,3,0,3.19,3.45,2.71,0.5,2600,175.26,70.31,0.34,0.55,0.47,0.88,182.88,1,27
18,10,1,3.24,3.94,3.99,0.7,2601,170.18,56.7,0.44,0.5,0.49,0.56,170.18,2,35
17,5,0,1.78,1.76,2.4,1.8,2602,170.18,56.7,0.4,0.5,0.47,0.5,172.72,1,33
8,0,0,2.77,2.47,3.5,0.0,2603,175.26,61.23,0.48,0.41,0.53,0.0,172.72,2,32
10,7,0,3.52,4.71,0.46,1.3,2604,167.64,61.23,0.56,0.51,0.23,0.64,167.64,1,34
10,5,0,1.97,2.64,1.3,0.2,2605,187.96,83.91,0.44,0.53,0.31,0.33,200.66,1,30
7,2,0,6.51,3.37,0.0,1.2,2606,193.04,83.91,0.69,0.23,0.0,0.0,195.58,2,27
11,4,1,2.92,3.05,0.64,0.0,2607,182.88,83.91,0.46,0.45,1.0,0.68,195.58,2,36
11,5,0,3.43,4.28,2.87,0.9,2608,182.88,83.91,0.54,0.49,0.22,0.6,185.42,1,36
24,11,0,3.11,3.92,1.21,1.7,2609,195.58,92.99,0.39,0.43,0.34,0.59,200.66,1,34
5,3,1,1.59,2.15,2.02,0.4,2610,187.96,115.67,0.5,0.5,0.16,0.0,195.58,1,36
22,5,0,4.65,4.24,2.51,0.7,2611,170.18,61.23,0.51,0.6,0.31,0.87,170.18,1,39
15,4,0,3.02,1.4,2.71,0.3,2612,177.8,61.23,0.52,0.6,0.63,0.67,190.5,2,34
17,2,0,8.8,9.3,2.0,0.0,2613,172.72,61.23,0.58,0.47,0.33,1.0,180.34,1,30
18,8,0,5.58,4.04,0.95,0.2,2614,172.72,61.23,0.45,0.54,0.38,0.65,175.26,1,40
18,9,0,4.23,4.45,1.05,0.1,2615,175.26,70.31,0.4,0.59,0.35,0.68,182.88,1,33
19,4,0,4.28,4.42,3.22,0.4,2616,170.18,70.31,0.44,0.61,0.45,0.77,177.8,1,31
18,6,0,4.61,3.26,1.29,0.6,2617,172.72,61.23,0.53,0.5,0.36,0.62,177.8,1,30
13,3,0,3.85,2.33,1.43,0.0,2618,170.18,61.23,0.5,0.64,0.54,0.71,170.18,1,35
18,6,1,2.78,1.79,1.84,1.3,2619,177.8,65.77,0.5,0.64,0.31,0.55,182.88,4,29
26,5,0,4.26,2.15,2.54,0.6,2620,170.18,65.77,0.52,0.59,0.32,0.44,180.34,1,36
8,1,0,3.85,6.2,1.07,0.5,2621,175.26,70.31,0.32,0.52,0.25,1.0,180.34,1,31
9,3,0,3.43,2.31,1.84,0.3,2622,180.34,70.31,0.56,0.44,0.5,0.62,190.5,1,26
14,7,0,2.7,1.75,4.52,0.4,2623,185.42,77.11,0.56,0.51,0.62,0.73,195.58,1,35
10,1,0,3.85,3.64,1.08,0.7,2624,182.88,77.11,0.43,0.56,0.42,0.66,195.58,2,27
9,3,0,2.91,3.11,2.39,3.6,2625,185.42,83.91,0.46,0.43,0.21,0.0,195.58,1,29
5,2,0,1.01,1.01,2.54,0.0,2626,193.04,83.91,0.75,0.29,1.0,1.0,193.04,1,35
16,11,0,3.54,3.91,0.71,0.5,2627,170.18,61.23,0.37,0.54,0.47,0.63,177.8,1,35
9,1,0,3.24,2.93,0.67,1.7,2628,170.18,61.23,0.41,0.54,0.07,0.33,175.26,1,26
37,22,0,2.95,3.44,1.7,1.5,2629,185.42,83.91,0.45,0.53,0.29,0.4,195.58,2,38
10,3,0,4.23,2.33,5.39,0.8,2630,175.26,83.91,0.56,0.55,0.42,0.55,185.42,1,30
9,4,0,2.19,3.54,0.0,1.9,2631,200.66,92.99,0.58,0.4,0.0,0.5,203.2,1,31
7,5,0,3.62,2.66,0.0,0.0,2632,190.5,92.99,0.53,0.51,0.0,0.72,190.5,1,29
18,7,0,2.8,4.51,0.36,0.4,2633,182.88,83.91,0.37,0.55,1.0,0.71,190.5,1,35
15,3,0,4.6,2.12,1.34,0.3,2634,190.5,83.91,0.48,0.52,0.44,0.33,198.12,1,31
11,5,0,1.81,2.03,4.95,0.0,2635,190.5,119.75,0.68,0.3,0.42,0.0,193.04,1,32
15,10,0,3.37,4.61,0.0,0.0,2636,187.96,119.75,0.48,0.42,0.0,0.58,190.5,2,33
7,1,0,11.0,4.26,0.0,0.0,2637,195.58,111.13,0.57,0.58,0.0,0.71,200.66,1,31
14,3,0,2.94,4.92,1.06,0.3,2638,193.04,120.2,0.46,0.45,0.33,0.83,198.12,1,36
4,3,0,3.23,7.9,0.0,0.0,2639,182.88,65.77,0.3,0.45,0.0,0.0,180.34,1,25
9,0,0,7.75,5.9,0.0,0.8,2640,172.72,65.77,0.52,0.57,0.0,1.0,182.88,1,24
14,4,0,4.64,4.07,1.13,0.4,2641,172.72,56.7,0.47,0.55,0.28,0.67,172.72,1,30
22,14,1,3.51,3.0,3.61,1.1,2642,170.18,56.7,0.43,0.56,0.45,0.59,167.64,2,39
12,1,0,5.01,3.03,7.25,0.8,2643,182.88,70.31,0.57,0.45,0.35,0.8,190.5,1,26
23,8,1,3.74,2.63,2.21,0.8,2644,177.8,70.31,0.49,0.57,0.38,0.82,182.88,2,37
24,7,0,4.41,4.3,0.18,0.0,2645,185.42,77.11,0.54,0.47,1.0,0.77,198.12,4,32
18,4,0,5.32,4.24,0.34,0.1,2646,180.34,77.11,0.51,0.61,0.2,0.64,185.42,4,29
9,2,0,5.16,2.99,0.3,0.9,2647,170.18,56.7,0.47,0.58,0.25,0.65,170.18,2,25
8,3,0,3.88,4.47,1.75,1.0,2648,167.64,56.7,0.5,0.49,0.35,0.5,167.64,1,29
11,3,0,6.64,6.35,0.51,0.0,2649,182.88,83.91,0.42,0.48,0.28,0.85,190.5,1,28
12,0,0,5.74,4.45,2.09,0.8,2650,187.96,83.91,0.54,0.58,0.26,1.0,200.66,1,25
15,4,0,3.2,2.6,0.73,0.3,2651,182.88,65.77,0.48,0.61,0.38,0.77,185.42,2,28
22,5,0,1.69,1.16,4.27,1.3,2652,172.72,65.77,0.54,0.54,0.41,0.5,177.8,1,35
14,3,0,6.02,2.97,1.05,0.3,2653,182.88,83.91,0.53,0.56,0.26,0.0,187.96,1,31
15,5,0,4.54,5.08,1.12,0.0,2654,182.88,83.91,0.5,0.53,0.5,0.88,190.5,2,34
21,9,0,5.57,4.11,1.91,0.0,2655,175.26,70.31,0.53,0.55,0.34,0.6,172.72,1,37
39,19,0,2.92,3.43,1.49,1.7,2656,172.72,70.31,0.42,0.56,0.45,0.47,180.34,2,42
20,5,0,4.79,4.36,3.05,0.4,2657,170.18,70.31,0.46,0.54,0.48,0.53,167.64,2,33
24,3,1,3.14,2.14,3.58,1.4,2658,177.8,70.31,0.51,0.44,0.39,0.66,182.88,4,32
30,1,0,2.65,1.38,11.11,3.2,2659,182.88,77.11,0.53,0.6,0.53,0.0,190.5,1,32
23,4,0,4.53,3.03,0.18,1.1,2660,190.5,77.11,0.54,0.53,0.33,0.46,195.58,1,33
10,4,0,5.33,6.52,0.0,0.0,2661,193.04,83.91,0.49,0.61,0.0,0.5,200.66,1,35
11,1,0,4.32,2.6,0.41,0.0,2662,193.04,83.91,0.43,0.54,1.0,0.93,205.74,4,24
29,23,0,3.13,3.25,1.1,0.4,2663,175.26,70.31,0.4,0.57,0.38,0.61,180.34,1,40
35,17,0,6.46,3.55,1.33,0.3,2664,177.8,70.31,0.53,0.62,0.43,0.72,180.34,1,39
21,8,0,3.62,3.1,1.43,0.1,2665,177.8,77.11,0.36,0.58,0.45,0.7,193.04,2,32
19,2,0,4.08,2.77,3.58,0.8,2666,177.8,77.11,0.53,0.59,0.51,0.86,182.88,1,33
17,3,0,5.34,3.63,0.4,0.1,2667,193.04,117.93,0.48,0.54,0.5,0.73,198.12,1,34
40,11,0,4.84,2.9,0.54,0.2,2668,200.66,113.4,0.57,0.54,0.62,0.68,203.2,1,37
18,2,0,2.87,3.1,3.57,1.3,2669,170.18,56.7,0.54,0.44,0.43,0.46,177.8,1,26
17,2,0,8.43,5.82,0.82,0.2,2670,165.1,56.7,0.57,0.58,0.61,0.75,165.1,1,24
31,7,0,5.98,4.53,0.66,0.1,2671,185.42,83.91,0.42,0.6,0.62,0.68,193.04,1,35
15,1,0,4.01,2.98,5.32,1.4,2672,187.96,83.91,0.54,0.52,0.58,0.87,190.5,1,32
16,1,1,3.72,3.40,5.50,0.8,2673,172.72,61.23,0.41,0.59,0.5,0.0,175.26,1,27
8,5,0,2.40,2.40,0.00,0.0,2674,195.58,92.99,0.5,0.55,0.0,0.0,198.12,2,27
7,1,0,1.02,3.57,0.00,0.0,2675,175.26,70.31,0.61,0.26,0.0,0.64,175.26,1,22
12,0,0,2.92,0.85,11.29,1.4,2676,180.34,70.31,0.75,0.43,0.36,1.0,193.04,1,33
