fight_id,round_num,event_id,fighter1_kd,fighter2_kd,fighter1_strikes,fighter2_strikes,fighter1_td,fighter2_td,fighter1_sub,fighter2_sub,fighter1_id,fighter2_id,winner_id,weight_class_encoded,method_detailed_encoded,method_basic_encoded,total_seconds
1,1,1,0,0,1,0,1,0,1,0,10,1,10,0,0,0,20
2,1,1,0,0,1,1,0,0,1,0,30,2,30,0,0,0,58
3,1,1,0,0,11,4,1,0,0,0,13,3,13,0,1,1,733
4,1,1,0,0,2,0,1,0,3,0,5,4,5,0,2,0,292
5,1,1,0,0,8,2,0,1,0,1,12,6,12,0,3,1,170
6,1,1,0,0,4,1,1,0,1,0,38,7,38,0,4,0,591
7,1,1,0,0,3,0,0,1,5,0,138,8,138,0,5,0,401
8,1,1,0,0,2,3,1,0,2,0,274,9,274,0,6,0,308
9,1,1,0,0,13,0,0,0,0,0,30,10,30,0,7,1,30
10,1,1,1,0,13,4,0,0,1,0,13,11,13,0,8,0,187
11,1,1,0,0,7,1,1,0,0,0,38,12,38,0,7,1,89
12,1,1,0,0,0,0,0,1,1,0,274,138,274,0,6,0,67
13,1,1,0,0,5,4,0,0,1,0,30,13,30,0,0,0,67
14,1,1,0,0,0,0,1,0,1,0,274,38,274,0,9,0,91
15,1,1,0,0,4,1,1,0,0,0,274,30,274,0,1,1,77
16,1,2,1,0,34,1,0,0,0,0,40,14,40,0,1,1,119
17,1,2,0,0,8,1,1,0,0,0,292,72,292,0,1,1,289
18,1,2,1,0,9,3,0,1,0,0,35,15,35,0,1,1,46
19,1,2,0,0,2,6,0,1,1,0,274,234,274,0,6,0,280
20,1,2,0,0,4,3,1,0,1,0,292,16,292,0,10,0,274
21,1,2,0,0,6,2,1,0,0,1,39,35,39,0,1,1,87
24,1,3,0,1,19,9,1,0,0,0,117,17,117,0,3,1,133
25,1,3,0,0,7,0,1,0,1,0,274,18,274,0,10,0,229
26,1,3,0,0,8,0,0,1,1,1,40,19,40,0,11,0,164
27,1,3,0,0,13,1,2,0,1,0,39,20,39,0,6,0,287
28,1,3,0,0,0,8,2,0,1,0,163,31,163,0,10,0,105
29,1,3,0,0,11,4,0,0,3,0,274,40,274,0,6,0,332
30,1,3,0,0,0,1,1,0,1,0,163,21,163,0,12,0,52
31,1,3,0,0,0,4,0,1,3,0,274,163,274,0,5,0,949
32,1,4,0,0,12,0,1,0,0,0,90,22,90,0,3,1,21
33,1,4,1,0,12,0,0,0,0,0,117,23,117,0,1,1,122
34,1,4,0,0,17,2,0,0,0,0,25,24,25,0,13,1,83
35,1,4,0,0,4,1,1,0,1,0,27,37,27,0,14,0,175
36,1,4,0,0,0,2,0,0,1,0,41,26,41,0,15,0,143
37,1,4,0,0,2,1,1,0,1,0,163,93,163,0,10,0,98
38,1,4,0,0,8,0,1,0,0,0,90,27,90,0,1,1,132
39,1,4,0,0,9,0,1,0,0,0,163,41,163,0,3,1,261
40,2,4,0,0,10,3,1,0,0,0,292,274,274,0,16,2,300
41,1,4,0,0,2,2,1,0,1,0,163,90,163,0,2,0,181
44,1,5,2,0,7,0,0,0,0,0,223,28,223,0,1,1,20
45,1,5,1,0,8,9,0,0,0,0,59,58,59,0,18,1,62
46,1,5,1,0,6,0,2,0,1,0,30,29,30,0,10,0,68
47,1,5,0,0,0,5,0,1,1,0,41,90,41,0,0,0,57
48,1,5,0,0,14,1,1,0,0,0,223,59,223,0,1,1,113
49,1,5,0,0,0,0,0,0,1,0,41,31,41,0,0,0,9
50,1,5,0,0,2,2,0,0,2,0,292,163,292,0,0,0,134
51,1,5,0,0,4,17,0,2,4,1,41,223,41,0,10,0,1065
54,1,6,0,0,1,2,0,0,2,0,33,32,33,0,0,0,31
55,1,6,0,0,4,0,1,0,0,0,59,34,59,0,7,1,65
56,1,6,0,0,1,4,0,1,0,0,60,35,60,0,1,1,101
57,1,6,0,0,0,0,1,0,1,0,38,36,38,0,9,0,185
58,1,6,0,0,1,6,1,0,3,1,128,37,128,0,19,0,203
59,1,6,0,0,2,2,1,0,2,0,59,60,59,0,2,0,61
60,1,6,0,0,4,2,0,1,2,2,128,38,128,0,20,0,747
61,2,6,0,0,29,4,1,0,1,0,292,41,41,0,16,2,180
62,1,6,1,0,33,10,0,0,0,1,128,59,128,0,21,1,797
65,1,7,0,0,1,0,1,0,1,0,223,39,223,0,23,0,74
66,1,7,0,0,0,1,1,0,2,0,163,59,163,0,12,0,61
67,1,7,0,0,7,1,1,0,1,0,128,40,128,0,10,0,159
68,1,7,0,0,0,2,0,0,2,0,41,90,41,0,24,0,75
69,1,7,0,0,57,3,1,0,0,0,163,223,163,0,25,3,1080
70,1,7,0,0,6,14,0,0,1,0,41,128,41,0,25,3,1080
71,2,7,0,0,24,8,0,0,0,1,163,41,163,0,25,3,180
73,1,8,1,0,3,1,0,0,0,0,62,42,62,0,26,1,8
74,1,8,0,0,9,12,0,0,0,0,59,80,59,0,25,3,600
75,1,8,0,0,7,9,0,2,1,1,112,68,112,0,0,0,543
76,1,8,0,0,8,0,1,0,0,0,116,43,116,0,7,1,13
77,1,8,0,0,5,0,1,0,0,0,62,56,62,0,3,1,48
78,1,8,0,0,3,1,1,0,1,0,116,112,116,0,26,1,331
79,1,8,0,0,0,4,1,0,2,0,292,234,292,0,27,0,264
80,1,8,0,0,12,2,0,1,0,0,62,116,62,0,1,1,134
81,1,9,0,0,13,4,2,0,1,0,61,44,61,0,3,1,445
82,1,9,0,0,9,1,1,0,0,0,58,45,58,0,1,1,194
83,1,9,0,0,8,0,1,0,0,0,47,46,47,0,1,1,332
84,1,9,0,0,8,1,3,0,0,0,48,116,48,0,3,1,720
85,1,9,0,0,3,1,0,1,0,0,60,49,60,0,3,1,47
86,1,9,0,0,46,2,1,0,0,0,62,155,62,0,13,1,570
87,3,9,0,0,16,18,0,0,0,0,163,292,163,0,28,3,180
88,1,10,0,0,21,3,0,0,1,0,51,50,51,0,1,1,357
90,1,10,0,0,27,2,1,0,0,0,62,60,62,0,29,1,621
91,1,10,0,0,2,3,1,0,1,0,83,52,83,0,1,1,145
92,1,10,0,0,25,0,1,0,0,0,469,82,469,0,1,1,163
93,1,10,0,0,5,5,0,0,0,0,116,53,116,0,1,1,88
94,1,10,0,0,11,11,1,0,0,0,62,83,62,0,7,1,277
95,1,10,0,0,33,3,2,0,0,0,469,116,469,0,20,0,420
96,1,10,0,0,34,1,3,0,2,0,469,62,469,0,17,1,694
99,1,11,0,0,7,0,1,0,2,0,469,54,469,0,15,0,45
100,1,11,0,0,6,0,1,0,0,0,83,55,83,0,1,1,28
101,1,11,0,0,8,0,1,0,1,0,223,56,223,0,14,0,126
102,1,11,0,0,18,2,1,1,0,1,112,57,112,0,25,3,900
103,1,11,0,0,9,3,1,0,0,0,469,83,469,0,1,1,140
104,2,11,0,0,60,21,0,0,0,0,68,223,68,0,25,3,180
108,1,12,0,0,16,14,0,1,0,0,62,116,62,0,20,0,679
109,1,12,0,0,4,5,0,0,1,0,223,58,223,0,1,1,171
110,1,12,0,0,9,21,0,0,0,0,234,59,234,0,1,1,548
111,1,12,0,0,22,1,1,0,1,0,292,83,292,0,14,0,348
112,1,12,0,0,0,0,0,0,1,0,62,60,62,0,24,0,20
113,1,12,1,0,9,2,1,0,0,0,223,61,223,0,26,1,63
114,1,12,0,0,6,13,0,0,2,0,62,223,62,0,10,0,82
117,1,13,0,0,0,0,1,0,1,0,112,63,112,1,10,0,84
118,2,13,0,0,20,1,1,1,0,0,65,64,65,1,25,3,180
119,1,13,0,0,30,3,2,0,1,0,68,66,68,2,13,1,482
120,1,13,1,0,17,1,0,0,0,0,1255,252,1255,2,7,1,77
121,1,13,0,0,2,0,1,0,1,0,112,67,112,1,23,0,39
122,1,13,1,0,9,0,0,0,0,0,1255,68,1255,2,1,1,43
123,1,13,0,0,4,2,0,0,2,0,469,163,469,2,15,0,177
124,1,14,0,0,21,0,1,0,0,0,632,69,632,1,1,1,31
125,1,14,0,0,11,1,0,0,0,1,71,70,71,1,7,1,83
126,2,14,0,0,35,3,0,0,0,1,117,72,117,1,25,3,180
127,1,14,0,0,0,3,0,0,1,0,73,125,73,1,6,0,96
128,1,14,0,0,0,1,1,0,1,0,76,74,76,2,2,0,90
129,1,14,0,0,1,0,1,0,1,0,557,75,557,2,10,0,56
130,1,14,0,0,0,5,0,1,1,0,117,632,117,1,0,0,120
131,1,14,0,0,16,0,1,0,0,0,557,76,557,2,1,1,193
132,1,14,0,0,15,2,1,0,0,0,1255,223,1255,2,1,1,52
133,1,15,0,0,5,0,1,0,1,0,237,77,237,1,11,0,91
134,1,15,0,0,7,1,1,0,0,0,86,78,86,2,20,0,150
135,2,15,0,0,7,1,3,0,0,0,80,79,80,1,25,3,180
136,1,15,0,0,3,1,1,0,0,0,97,81,97,1,1,1,87
137,1,15,0,0,14,1,1,0,0,0,92,82,92,2,1,1,142
138,1,15,0,0,9,6,1,0,1,0,84,83,84,2,14,0,130
139,1,15,0,0,2,0,1,0,1,0,97,237,97,1,10,0,44
140,1,15,0,0,3,0,1,0,0,0,92,84,92,2,20,0,98
141,3,15,0,0,55,19,0,2,0,2,169,469,169,2,25,3,180
142,1,16,0,0,11,12,1,1,0,4,86,85,86,2,28,3,720
143,1,16,0,0,11,1,1,0,0,0,91,87,91,2,1,1,223
144,1,16,1,0,1,0,0,0,0,0,92,88,92,2,32,1,17
145,2,16,0,0,13,11,3,2,0,0,90,89,90,2,25,3,180
146,1,16,0,0,34,6,1,0,1,0,557,1255,557,2,1,1,496
147,1,16,0,0,5,0,1,0,1,0,92,91,92,2,10,0,53
148,1,16,0,1,12,5,0,0,1,0,169,223,169,2,20,0,488
149,1,17,0,0,6,12,0,3,1,0,252,133,252,2,6,0,605
150,2,17,0,0,13,9,3,0,0,1,223,172,223,2,25,3,180
151,1,17,0,0,0,4,0,1,0,1,95,94,94,2,33,2,111
152,1,17,0,0,1,2,0,1,1,0,135,97,135,1,6,0,16
153,1,17,0,0,0,1,2,0,3,0,1255,93,1255,2,6,0,243
154,1,17,0,0,1,1,1,1,2,1,95,94,95,2,6,0,224
155,3,17,0,0,19,9,3,0,1,0,557,169,557,2,34,3,180
158,1,18,0,0,42,6,1,0,1,0,111,96,111,1,1,1,585
159,2,18,0,0,18,13,0,2,1,0,189,110,189,1,28,3,180
160,1,18,0,0,5,18,0,2,2,0,112,97,112,3,6,0,623
161,1,18,0,0,6,2,0,1,1,1,189,184,189,1,31,0,542
162,2,18,0,0,45,13,0,2,0,2,194,234,194,2,25,3,180
163,1,18,0,0,2,0,1,0,0,0,135,98,135,3,35,1,22
164,1,19,0,0,46,9,2,1,0,0,492,99,492,3,25,3,720
166,2,19,1,1,31,36,1,0,1,0,1098,100,1098,3,25,3,180
167,1,19,0,0,1,0,1,0,3,0,226,101,226,3,5,0,52
168,1,19,0,0,27,4,1,0,1,1,262,102,262,2,2,0,661
169,1,19,0,0,11,0,0,1,0,0,223,103,223,2,1,1,43
170,2,19,0,2,28,20,3,2,0,1,1098,226,1098,3,28,3,180
171,2,19,1,0,22,26,0,3,1,0,188,469,188,2,36,1,38
172,2,19,0,0,20,14,0,5,3,0,135,407,135,3,27,0,88
174,1,20,0,0,31,11,4,2,0,0,105,104,105,3,1,1,540
175,1,20,0,0,9,3,1,0,1,0,106,407,106,3,0,0,207
176,2,20,0,0,14,13,3,0,5,0,194,188,194,2,25,3,180
177,3,20,0,0,19,24,1,2,0,2,189,111,189,1,28,3,180
178,1,20,2,0,24,16,0,1,0,0,222,223,222,2,26,1,487
179,1,20,1,0,7,1,0,0,0,0,1255,700,1255,3,1,1,44
180,1,20,2,0,23,4,0,3,4,1,135,107,135,3,23,0,460
181,1,21,0,0,15,0,2,0,0,1,162,108,162,1,1,1,412
182,1,21,0,0,24,4,1,1,4,0,374,109,374,3,10,0,477
183,2,21,1,0,42,34,0,0,1,0,111,110,111,1,25,3,180
184,2,21,0,0,37,9,6,0,0,0,632,112,632,3,3,1,151
185,2,21,0,0,16,25,0,2,0,0,222,469,222,2,28,3,180
186,3,21,0,0,27,19,3,1,0,1,189,113,189,1,25,3,180
187,2,21,1,0,31,23,0,3,0,0,122,194,122,2,1,1,135
188,1,22,0,0,9,17,1,1,0,2,115,114,115,2,3,1,601
189,1,22,0,0,3,2,1,0,1,0,188,134,188,2,27,0,116
190,1,22,0,0,23,2,1,0,1,0,374,131,374,3,7,1,178
191,2,22,0,0,17,9,4,0,0,2,185,169,185,2,25,3,180
192,1,22,0,0,8,12,3,0,3,0,407,492,407,3,12,0,720
193,1,22,0,0,8,2,0,0,0,0,116,124,116,2,1,1,43
194,1,22,0,0,26,2,2,0,0,3,632,117,632,3,1,1,596
195,1,23,0,0,6,0,1,0,0,0,148,118,148,2,1,1,28
196,1,23,1,0,6,0,0,0,0,2,162,180,162,1,3,1,81
197,1,23,0,0,7,0,1,0,0,0,120,119,120,1,7,1,83
198,1,23,1,0,25,4,0,0,0,0,700,121,700,3,13,1,173
199,1,23,0,0,15,6,0,0,2,0,188,123,188,2,6,0,388
200,1,23,1,0,9,16,0,0,0,0,222,252,222,2,26,1,270
201,3,23,0,0,18,20,0,6,1,0,122,185,122,2,28,3,180
202,2,24,1,0,25,0,1,0,0,0,123,156,123,2,25,3,300
203,1,24,1,0,10,22,0,0,0,0,124,148,124,2,26,1,171
204,2,24,1,0,21,11,0,2,1,0,204,125,204,3,26,1,79
205,2,24,0,0,11,12,0,0,3,0,194,160,194,2,3,1,300
206,1,24,0,1,21,1,0,0,2,0,132,126,132,3,10,0,260
207,1,24,0,0,35,0,0,0,0,0,407,171,407,3,7,1,281
208,2,24,0,0,13,10,0,0,0,0,189,127,189,1,3,1,94
209,1,24,0,0,4,1,0,1,0,2,169,128,169,2,3,1,300
210,2,25,0,0,48,34,0,1,1,0,330,129,129,1,34,3,300
211,3,25,0,0,20,9,1,0,0,0,167,130,167,3,3,1,13
212,3,25,0,0,77,7,5,0,0,1,575,131,575,1,25,3,300
213,1,25,0,0,13,5,0,0,0,0,492,132,492,3,3,1,233
214,1,25,1,0,3,0,1,0,0,0,133,144,133,2,26,1,30
215,1,25,0,0,3,1,0,1,1,0,407,134,407,2,6,0,128
216,3,25,0,0,12,14,0,2,0,2,160,148,148,2,25,3,300
217,4,25,0,0,31,20,0,8,1,0,135,632,135,3,1,1,282
218,2,26,1,0,18,18,0,1,0,0,139,136,139,0,1,1,192
219,3,26,0,0,20,5,0,0,0,0,173,171,173,0,25,3,300
220,3,26,1,0,22,14,0,0,0,0,204,137,204,3,26,1,192
221,1,26,0,0,2,1,1,0,0,0,145,138,145,3,3,1,88
222,2,26,0,0,1,27,0,2,1,0,173,139,173,0,27,0,255
223,3,26,1,0,14,14,0,0,0,0,222,194,222,2,26,1,77
224,5,26,0,1,10,8,6,0,2,1,185,188,185,2,25,3,300
225,2,27,0,0,22,12,5,0,0,1,303,159,303,1,25,3,300
226,1,27,0,0,0,0,1,0,4,1,140,214,140,2,19,0,189
227,2,27,0,0,54,20,3,0,2,0,330,141,330,1,1,1,161
228,2,27,0,0,22,24,1,0,2,0,142,232,142,1,10,0,89
229,3,27,0,0,37,8,0,1,1,0,302,180,302,1,25,3,300
230,3,27,1,1,33,27,2,0,1,0,170,143,170,3,32,1,215
231,1,27,1,0,9,14,0,0,0,0,161,144,161,2,26,1,203
232,3,28,0,0,13,1,0,3,0,0,162,248,162,1,34,3,300
233,3,28,0,0,3,8,3,0,0,4,146,145,146,3,3,1,114
234,3,28,0,0,51,6,3,0,1,1,148,147,148,2,25,3,300
235,1,28,0,0,8,4,2,0,2,1,149,204,149,3,6,0,278
236,2,28,0,0,11,0,4,0,1,0,195,172,195,3,12,0,31
237,5,28,1,0,20,10,4,0,0,0,632,700,632,3,25,3,300
238,2,29,0,0,26,6,3,0,0,0,303,150,303,4,25,3,300
239,2,29,0,0,16,9,1,1,0,0,214,151,214,2,13,1,133
240,3,29,0,0,4,5,0,1,0,0,330,152,330,1,25,3,300
241,1,29,0,0,18,2,2,0,0,0,575,153,575,4,3,1,274
242,2,29,0,1,6,12,0,0,0,0,155,154,155,3,37,2,43
243,2,29,0,0,9,1,2,0,1,2,189,631,189,4,6,0,103
244,3,29,0,0,16,10,1,0,0,0,157,156,157,3,25,3,300
245,5,29,0,0,17,12,2,0,2,0,185,222,185,2,25,3,300
246,2,30,0,0,18,28,0,1,0,0,159,158,158,4,25,3,300
247,2,30,0,0,31,5,1,0,0,0,299,160,299,2,25,3,300
248,3,30,0,0,30,25,0,1,0,0,214,161,214,2,25,3,300
249,3,30,1,0,33,14,0,2,0,0,178,208,178,3,38,1,148
250,1,30,0,0,1,1,1,0,2,0,180,162,180,4,6,0,70
251,1,30,0,0,2,2,1,0,1,0,407,204,407,3,6,0,272
252,3,30,0,0,43,10,0,4,0,0,169,183,169,2,28,3,300
253,1,30,1,0,2,0,0,0,0,0,222,163,222,2,21,1,93
254,2,31,0,0,5,2,2,0,0,1,164,570,164,4,25,3,300
255,2,31,0,0,9,4,2,0,3,1,166,165,166,3,25,3,300
256,1,31,1,0,1,0,0,0,0,0,330,167,330,1,26,1,15
257,1,31,0,0,2,0,1,0,2,0,1904,168,1904,2,6,0,55
258,2,31,0,0,17,10,1,2,1,0,1082,217,1082,5,7,1,274
259,3,31,0,0,7,5,4,0,2,0,333,169,333,2,34,3,300
260,3,31,0,0,28,15,1,2,1,1,557,185,557,2,1,1,253
261,3,32,0,0,42,6,0,1,0,0,492,299,492,3,25,3,300
262,1,32,0,0,0,1,0,1,1,0,592,575,592,4,6,0,20
263,1,32,0,0,32,6,1,0,0,0,374,170,374,3,1,1,298
264,1,32,0,0,8,0,1,0,0,0,180,171,180,4,1,1,144
265,1,32,0,0,17,0,0,0,0,0,250,172,250,3,1,1,178
266,2,32,0,0,16,3,3,0,2,0,189,173,189,4,0,0,118
267,1,32,0,1,16,2,2,0,2,0,632,178,632,3,23,0,112
268,2,33,0,0,12,1,4,0,0,0,507,232,507,4,30,0,287
269,2,33,0,0,39,2,2,0,0,0,532,233,532,3,25,3,300
270,1,33,1,0,20,0,0,0,0,0,183,174,174,2,33,2,207
271,2,33,1,0,31,39,0,0,0,0,222,1082,222,2,26,1,261
272,1,33,0,0,2,4,0,0,2,0,317,407,317,3,5,0,172
273,1,33,0,0,3,2,1,0,1,0,180,175,180,4,6,0,100
274,5,33,0,0,50,50,0,3,0,0,330,475,330,1,25,3,300
275,1,33,0,0,7,0,1,0,0,0,632,374,632,3,35,1,32
276,3,34,0,0,28,2,5,0,0,3,348,198,348,4,25,3,300
277,1,34,0,0,22,3,2,0,0,0,1376,176,1376,1,1,1,297
278,3,34,0,0,22,9,5,0,0,0,250,548,250,6,37,2,261
279,2,34,2,0,15,6,0,1,0,0,179,188,179,2,26,1,88
280,3,34,2,0,18,10,2,2,0,3,303,508,303,4,39,1,291
281,1,34,1,0,3,0,0,0,0,0,492,185,492,6,26,1,78
282,3,34,0,0,14,28,4,0,1,0,226,189,226,4,8,0,170
283,5,34,0,1,69,42,3,0,0,0,557,222,557,2,25,3,300
284,1,35,0,0,1,2,0,0,2,0,348,177,348,4,0,0,65
285,3,35,0,0,30,11,2,0,1,0,221,1904,221,2,1,1,83
286,3,35,0,0,17,1,3,0,0,0,678,178,678,6,25,3,300
287,1,35,0,0,8,6,2,0,0,1,475,180,475,1,1,1,108
288,2,35,1,0,10,14,1,0,0,0,189,303,189,4,36,1,162
289,1,35,0,0,10,1,1,0,1,0,1082,179,1082,2,6,0,261
290,1,35,1,0,6,1,0,1,0,0,1376,362,1376,1,32,1,162
291,1,35,0,0,35,3,1,0,0,0,632,317,632,6,7,1,212
292,3,36,0,0,42,19,1,2,0,2,362,180,362,1,25,3,300
293,1,36,0,0,4,1,1,2,1,2,548,204,548,3,5,0,246
294,2,36,1,0,8,1,0,0,0,0,186,348,186,4,26,1,15
295,5,36,0,0,70,9,1,7,4,0,302,207,302,3,25,3,300
296,3,36,0,0,9,9,3,0,3,0,508,854,508,4,34,3,300
297,3,36,1,0,27,15,0,2,0,0,492,195,492,6,25,3,300
298,5,36,0,0,27,15,0,2,1,3,330,592,330,1,25,3,300
299,5,36,0,0,64,19,5,1,0,0,632,678,632,6,25,3,300
300,1,37,0,0,3,1,0,0,1,0,1038,181,1038,2,6,0,65
301,3,37,0,1,71,32,4,0,0,2,250,532,250,3,34,3,300
302,2,37,0,0,4,4,0,2,4,0,374,182,374,6,6,0,55
303,2,37,0,0,17,6,2,1,1,1,1082,183,1082,2,1,1,265
304,1,37,1,0,5,0,1,0,0,0,1376,475,1376,1,1,1,11
305,2,37,0,0,8,2,4,0,1,1,575,226,575,4,35,1,87
306,2,37,0,0,26,4,5,0,1,1,221,188,221,2,1,1,242
307,3,37,0,0,41,13,3,1,0,0,557,222,557,2,1,1,202
308,2,38,0,0,1,6,0,2,1,2,204,220,204,3,0,0,74
309,3,38,0,0,17,8,3,0,0,1,207,184,207,4,25,3,300
310,3,38,0,0,18,2,1,0,0,5,185,333,185,6,25,3,300
311,2,38,1,0,5,12,0,1,0,5,191,548,191,3,26,1,121
312,3,38,0,0,46,26,0,0,0,0,492,192,492,6,25,3,300
313,2,38,1,0,9,14,2,0,0,0,195,302,195,3,26,1,44
314,3,38,0,0,42,7,3,2,1,0,221,299,221,2,1,1,180
315,5,38,0,0,38,49,1,7,0,2,330,1376,330,1,34,3,300
316,3,39,0,0,21,4,7,0,0,0,507,186,507,4,25,3,300
317,1,39,0,0,2,0,1,0,3,0,508,187,508,1,5,0,178
318,1,39,0,0,4,0,0,1,1,0,1038,188,1038,2,40,0,46
319,1,39,0,0,7,4,0,0,0,0,374,317,374,6,3,1,126
320,1,39,0,0,20,1,1,0,0,0,250,189,250,3,1,1,189
321,4,39,0,1,36,5,9,0,0,0,575,190,575,4,1,1,181
322,3,39,1,0,27,38,0,0,0,0,222,1904,222,2,26,1,105
323,2,39,0,0,44,18,0,1,1,0,1082,557,1082,2,1,1,275
324,3,40,1,0,64,55,6,0,0,1,1807,732,1807,4,25,3,300
325,1,40,1,0,10,0,0,0,0,0,205,198,198,4,33,2,27
326,3,40,0,0,43,5,2,1,8,1,370,191,370,3,1,1,147
327,3,40,0,0,19,13,3,1,1,1,475,854,475,1,25,3,300
328,1,40,0,0,11,9,0,1,0,1,532,192,532,3,1,1,179
329,2,40,0,0,39,6,0,3,0,0,1376,193,1376,1,1,1,203
330,2,40,0,0,19,6,3,1,1,0,221,194,221,2,1,1,205
331,3,40,1,0,17,35,2,0,2,1,195,250,195,3,0,0,93
332,1,41,0,0,6,1,0,0,0,0,854,196,854,1,3,1,79
333,2,41,1,0,60,11,0,0,1,0,237,197,237,3,1,1,214
334,2,41,1,0,28,11,1,1,0,0,1807,198,1807,4,26,1,27
335,1,41,0,0,3,2,0,1,1,0,320,199,320,4,6,0,145
336,3,41,1,0,26,0,0,1,0,2,205,200,205,4,25,3,300
337,3,41,1,0,43,20,0,3,0,0,492,1255,492,6,25,3,300
338,3,42,0,0,70,14,3,0,0,2,374,201,374,6,25,3,300
339,3,42,0,0,42,7,4,0,0,0,333,317,333,6,25,3,300
340,3,42,0,0,30,29,4,0,0,1,206,202,206,6,25,3,300
341,2,42,0,0,9,5,2,0,3,0,227,203,227,1,10,0,98
342,1,42,1,0,4,0,0,0,0,0,209,204,209,3,26,1,10
343,1,42,0,0,34,6,0,1,0,3,214,1038,214,2,3,1,275
344,4,42,0,0,58,3,4,0,1,1,575,226,575,4,1,1,217
345,1,43,0,0,6,7,1,0,0,0,507,205,507,4,3,1,256
346,3,43,0,0,16,32,6,0,0,0,250,370,250,3,25,3,300
347,1,43,1,0,8,1,0,0,0,0,532,302,532,3,1,1,18
348,1,43,0,0,17,14,0,0,0,0,217,222,217,2,3,1,300
349,3,43,0,0,35,11,0,3,0,4,475,362,475,1,25,3,300
350,3,43,0,0,32,8,1,1,0,1,1376,508,1376,1,25,3,300
351,2,43,0,0,138,26,0,0,0,0,356,231,356,2,3,1,103
352,5,43,0,0,39,39,4,5,1,0,221,557,221,2,7,1,184
353,2,44,0,1,10,19,2,0,1,3,206,209,206,3,10,0,290
354,1,44,0,0,24,0,2,0,0,1,678,247,678,2,1,1,250
355,1,44,1,0,14,1,0,0,0,0,1904,214,1904,2,1,1,78
356,1,44,1,0,5,7,0,0,0,0,1807,232,1807,4,26,1,89
357,1,44,0,0,0,1,1,0,1,0,226,320,226,4,41,0,105
358,1,44,0,0,22,1,1,0,0,0,575,207,575,4,3,1,300
359,1,44,1,0,13,10,0,0,0,0,492,333,492,6,36,1,175
360,3,44,0,0,74,12,3,0,1,0,632,292,632,6,3,1,300
361,3,45,1,0,51,31,0,2,1,0,854,413,854,1,10,0,247
362,1,45,0,0,9,1,0,0,0,1,217,208,217,2,1,1,289
363,3,45,0,0,29,26,0,1,0,0,362,508,362,1,28,3,300
364,3,45,0,0,24,12,5,0,0,0,678,222,678,2,25,3,300
365,3,45,0,0,40,44,4,1,2,0,250,532,250,3,25,3,300
366,5,45,0,0,67,64,5,6,0,1,1376,475,475,1,28,3,300
367,1,45,0,0,0,1,0,0,2,0,1038,223,1038,2,42,0,46
368,1,45,1,0,12,7,0,0,0,1,356,221,356,2,26,1,189
369,1,46,0,0,16,2,1,0,0,0,491,209,491,3,1,1,235
370,3,46,1,0,27,29,2,4,9,0,449,210,449,1,25,3,300
371,3,46,0,0,38,24,0,3,0,0,646,227,646,1,25,3,300
372,1,46,1,0,16,6,0,0,0,0,658,374,658,6,1,1,160
373,2,46,0,0,22,6,0,0,0,0,231,211,231,2,1,1,106
374,3,46,0,1,60,24,1,2,0,0,216,212,216,4,25,3,300
375,2,46,0,0,19,15,1,2,0,0,320,1807,320,4,30,0,148
376,5,46,0,0,44,19,5,3,1,1,575,507,575,4,25,3,300
377,2,47,0,1,40,34,1,0,0,0,222,252,222,2,3,1,264
378,1,47,0,0,2,2,0,0,0,0,224,250,224,3,35,1,116
379,3,47,1,0,21,3,0,2,3,0,854,213,854,1,25,3,300
380,1,47,0,0,4,1,1,0,4,0,1038,230,1038,2,37,2,175
381,3,47,0,0,45,18,1,2,0,1,236,214,214,2,28,3,300
382,1,47,1,0,9,1,0,0,0,0,1255,372,1255,6,13,1,67
383,1,47,0,0,1,0,1,0,1,0,234,223,234,2,12,0,119
384,3,47,0,0,46,22,4,0,1,0,557,492,557,6,1,1,159
385,2,48,1,0,13,32,2,1,1,0,449,475,449,1,26,1,166
386,3,48,0,0,17,9,6,0,2,0,1602,295,1602,4,6,0,124
387,1,48,1,0,11,0,1,0,0,3,939,215,939,1,1,1,165
388,1,48,0,0,13,2,3,0,1,0,519,216,519,4,41,0,232
389,1,48,1,0,37,4,0,1,0,1,658,296,658,6,13,1,215
390,3,48,1,0,80,35,0,0,0,0,599,491,599,3,25,3,300
391,1,48,1,0,10,7,0,0,0,0,356,217,356,2,26,1,114
392,1,48,2,0,9,5,0,0,0,0,1904,678,1904,2,1,1,119
393,5,48,0,0,88,16,8,2,0,0,557,632,557,6,25,3,300
394,2,49,1,0,33,5,0,0,0,0,854,218,854,1,26,1,134
395,1,49,0,0,5,1,1,0,1,0,220,219,220,3,0,0,209
396,3,49,0,0,30,15,0,0,0,0,222,221,222,2,25,3,300
397,3,49,1,0,30,37,3,1,0,1,1807,570,1807,4,25,3,300
398,1,49,0,2,28,17,1,0,0,0,374,532,374,3,7,1,282
399,1,49,1,0,13,11,0,0,0,0,231,223,231,2,3,1,134
400,3,49,0,0,35,3,1,0,1,0,250,224,250,3,1,1,263
401,1,49,0,0,0,0,1,1,2,1,575,468,575,4,10,0,234
402,3,50,0,0,45,9,6,0,0,1,508,612,508,1,25,3,300
403,3,50,0,1,40,22,2,2,0,1,939,449,939,1,34,3,300
404,3,50,0,0,46,1,6,0,0,4,1204,519,1204,4,25,3,300
405,1,50,0,0,0,2,0,1,2,0,225,599,225,3,5,0,105
406,2,50,1,0,28,18,4,0,2,0,1038,230,1038,2,26,1,261
407,1,50,0,0,17,4,0,0,1,0,1376,575,1376,4,10,0,279
408,3,50,0,0,22,4,3,2,1,0,238,226,238,4,25,3,300
409,1,50,0,0,1,1,0,0,0,0,1255,557,1255,6,3,1,49
410,1,51,0,0,6,13,1,1,4,0,227,738,227,1,5,0,211
411,1,51,0,0,10,20,1,0,0,0,229,228,229,2,1,1,280
412,1,51,1,0,13,0,0,0,1,3,239,230,239,2,26,1,299
413,2,51,1,0,22,16,0,0,0,0,1602,1807,1602,4,26,1,91
414,2,51,1,0,51,4,0,0,0,0,1904,231,1904,2,1,1,75
415,3,51,0,0,21,8,0,4,1,2,854,449,854,1,28,3,300
416,2,51,0,0,34,27,2,0,1,0,570,232,570,4,8,0,115
417,2,51,1,0,23,13,0,0,0,0,492,632,492,6,1,1,38
418,2,52,0,0,12,5,2,0,2,0,267,233,267,3,15,0,65
419,1,52,2,0,24,5,0,0,0,0,1204,681,1204,4,1,1,102
420,3,52,0,0,14,8,6,0,0,2,508,792,508,1,25,3,300
421,3,52,0,0,73,23,5,0,0,0,374,532,374,3,25,3,300
422,3,52,0,0,11,7,3,0,1,4,575,238,575,4,25,3,300
423,1,52,0,0,3,2,0,1,1,0,1038,356,1038,2,6,0,50
424,1,52,0,0,20,1,0,0,0,2,468,592,468,4,1,1,255
425,1,52,1,0,12,4,0,0,0,0,292,234,292,2,32,1,86
426,1,53,1,0,16,13,0,2,0,0,854,939,854,1,36,1,272
427,3,53,0,0,27,37,9,1,0,2,519,1602,519,4,28,3,300
428,2,53,1,0,12,8,0,1,2,0,570,235,570,4,0,0,77
429,1,53,1,0,4,7,0,0,0,0,263,239,263,2,26,1,74
430,1,53,1,0,5,0,0,0,0,0,270,250,270,3,26,1,24
431,1,53,2,0,31,13,1,0,0,0,492,236,492,6,26,1,245
432,2,53,0,0,29,6,2,2,0,0,1025,529,1025,3,7,1,219
433,3,53,0,0,50,3,2,0,0,2,557,1255,557,6,3,1,300
434,2,54,1,0,1,10,0,0,0,0,366,372,366,6,26,1,33
435,1,54,1,0,9,4,0,0,1,0,370,237,370,3,40,0,96
436,1,54,0,0,6,3,0,1,1,0,374,1807,374,3,5,0,142
437,2,54,0,0,33,4,1,0,0,2,468,238,468,4,7,1,131
438,1,54,0,0,4,6,2,1,2,0,575,1204,575,4,6,0,299
439,3,54,1,0,41,22,3,0,1,0,658,599,658,3,6,0,268
440,3,54,0,0,45,11,2,0,0,0,632,1148,632,6,25,3,300
441,1,55,0,0,13,3,0,0,1,2,1602,310,1602,4,1,1,280
442,3,55,0,0,29,7,7,0,2,2,519,570,519,4,25,3,300
443,1,55,2,0,17,11,0,1,1,0,491,294,491,3,3,1,300
444,1,55,1,0,10,3,1,0,0,0,239,498,239,2,26,1,115
445,1,55,1,0,22,7,0,0,0,0,472,263,472,2,1,1,214
446,1,55,0,0,19,4,0,2,0,1,374,270,374,3,1,1,275
447,1,55,1,0,5,2,0,0,2,0,1904,356,1904,2,24,0,47
448,3,55,0,0,16,17,1,4,1,0,422,532,422,3,0,0,259
449,3,55,0,0,27,19,4,0,0,1,632,1255,632,6,28,3,300
450,1,56,0,0,6,1,0,0,0,1,260,240,260,4,1,1,100
451,1,56,1,0,7,1,0,0,0,0,933,241,933,3,26,1,20
452,1,56,0,0,36,10,0,0,0,0,478,242,478,3,1,1,197
453,1,56,0,0,14,1,2,0,0,1,893,243,893,3,1,1,261
454,1,56,0,0,27,1,1,0,0,0,778,244,778,3,1,1,95
455,3,56,1,0,22,21,0,1,0,0,308,245,308,6,25,3,300
456,1,56,0,0,14,2,1,0,0,0,1502,576,1502,3,1,1,169
457,3,56,0,0,88,57,2,0,1,0,633,653,633,6,25,3,300
458,1,56,0,0,23,0,0,1,0,2,658,292,658,6,1,1,162
459,3,57,0,1,34,18,1,1,0,1,262,246,262,2,25,3,300
460,3,57,0,2,9,37,4,0,4,0,529,1148,529,3,10,0,155
461,1,57,0,0,2,6,0,1,1,0,370,1025,370,3,5,0,162
462,3,57,0,0,64,16,5,1,4,0,1204,616,1204,4,25,3,300
463,2,57,0,0,11,0,2,1,1,0,250,366,250,3,0,0,193
464,1,57,0,1,13,13,1,0,1,1,575,468,575,4,10,0,245
465,2,57,0,0,15,3,2,2,2,0,333,247,333,6,6,0,24
466,1,57,1,0,13,9,0,0,0,0,492,557,492,6,26,1,126
467,1,58,1,0,25,2,0,0,0,0,1602,248,1602,4,26,1,84
468,2,58,1,0,20,0,0,1,0,1,491,364,491,3,43,1,130
469,1,58,2,0,19,6,0,0,0,0,478,303,478,3,1,1,157
470,1,58,1,0,20,18,0,0,1,0,472,259,472,2,23,0,240
471,1,58,0,0,3,1,1,0,1,0,633,249,633,6,10,0,138
472,4,58,0,1,97,25,0,1,1,1,658,374,658,3,3,1,205
473,3,58,0,1,56,26,8,1,2,0,519,508,519,4,25,3,300
474,1,58,0,0,33,5,0,0,0,0,1904,263,1904,2,1,1,250
475,1,59,0,0,1,0,2,0,1,0,310,697,310,4,10,0,95
476,2,59,0,0,38,18,1,0,0,0,576,260,576,4,3,1,172
477,1,59,1,0,7,1,0,0,0,0,933,294,933,3,1,1,22
478,1,59,0,0,0,0,1,0,1,0,893,320,893,4,10,0,113
479,1,59,1,0,3,2,0,0,0,0,478,422,478,3,1,1,42
480,3,59,0,0,43,11,3,1,1,2,653,308,653,6,25,3,300
481,3,59,0,0,26,26,1,1,0,0,778,1148,778,3,28,3,300
482,3,59,0,0,21,23,2,0,2,0,1207,370,1207,3,25,3,300
483,2,60,1,0,6,12,0,2,0,0,498,354,498,6,38,1,9
484,3,60,0,0,54,9,5,0,0,0,267,366,267,3,25,3,300
485,3,60,0,0,19,8,4,2,4,1,250,529,250,3,25,3,300
486,1,60,0,0,25,1,1,0,2,0,1204,468,1204,4,10,0,249
487,2,60,0,0,35,3,3,0,1,0,1502,251,1502,4,1,1,116
488,3,60,0,0,27,8,4,1,3,0,557,262,557,6,44,0,52
489,1,60,1,0,31,13,0,0,0,0,356,252,356,2,36,1,299
490,4,60,2,0,64,31,0,0,0,0,492,407,492,6,1,1,166
491,3,61,0,0,14,10,0,9,1,3,484,681,484,4,3,1,65
492,3,61,0,0,25,14,5,1,2,3,682,455,682,3,25,3,300
493,2,61,0,0,13,19,1,3,3,0,625,1445,625,4,5,0,283
494,3,61,1,0,5,8,0,6,3,0,310,893,310,4,10,0,268
495,2,61,2,0,28,10,0,1,0,0,747,273,747,2,32,1,202
496,1,61,0,0,5,5,0,1,1,2,778,296,778,3,6,0,206
497,2,61,0,0,13,15,0,3,0,2,491,374,491,3,3,1,255
498,2,62,1,0,46,2,0,0,0,0,766,253,253,6,45,2,10
499,2,62,0,0,12,1,0,2,1,1,305,254,305,2,10,0,62
500,3,62,0,0,51,12,0,1,0,2,599,592,599,3,25,3,300
501,2,62,0,0,15,3,1,1,1,0,1025,570,1025,4,3,1,120
502,2,62,0,0,11,12,4,0,3,0,333,769,333,6,5,0,80
503,1,62,1,0,30,18,0,0,0,0,633,317,633,6,1,1,210
504,1,62,0,0,27,0,1,0,3,0,278,255,278,2,1,1,254
505,1,62,1,0,2,1,0,0,0,0,1904,472,1904,2,26,1,15
506,2,63,1,0,41,8,0,0,0,0,496,256,496,2,21,1,208
507,2,63,0,0,19,3,3,0,1,0,795,533,795,4,3,1,175
508,1,63,0,0,4,1,1,0,0,0,1240,282,1240,4,35,1,21
509,2,63,0,0,10,8,3,0,2,0,576,257,576,4,10,0,37
510,3,63,0,0,20,20,5,1,2,1,566,377,566,4,25,3,300
511,3,63,2,0,48,42,0,2,0,1,1264,313,1264,2,28,3,300
512,3,63,0,0,41,13,5,2,1,1,1502,1602,1502,4,25,3,300
513,3,64,0,0,48,14,1,3,3,0,271,749,271,4,25,3,300
514,1,64,0,0,8,2,1,0,0,2,1445,268,1445,4,1,1,145
515,2,64,0,0,10,2,3,0,2,4,308,258,308,6,10,0,125
516,3,64,0,0,38,38,0,7,1,0,407,267,407,3,25,3,300
517,2,64,0,0,58,20,3,0,0,0,1204,507,1204,4,7,1,173
518,1,64,0,0,8,1,1,0,2,0,575,1025,575,4,41,0,208
519,3,64,1,0,23,18,2,0,2,0,1044,259,1044,2,26,1,279
520,1,64,2,0,13,4,0,0,0,0,658,478,658,3,26,1,154
521,3,65,0,0,28,18,0,1,2,3,284,260,284,4,46,0,77
522,1,65,0,0,25,9,0,2,0,0,625,732,625,4,3,1,300
523,1,65,1,0,1,0,0,0,0,0,646,484,646,4,26,1,6
524,1,65,0,0,3,11,1,2,2,0,697,795,697,4,5,0,260
525,1,65,1,0,10,5,1,0,0,0,778,599,778,3,26,1,104
526,1,65,0,0,7,2,0,0,1,0,1240,310,1240,4,0,0,67
527,1,65,0,0,2,5,2,0,2,0,653,498,653,6,41,0,270
528,3,65,0,0,85,36,0,0,0,0,356,316,356,2,25,3,300
529,3,66,0,0,44,27,0,5,0,0,496,261,496,6,25,3,300
530,1,66,0,0,10,5,1,0,1,1,299,278,299,2,47,0,275
531,2,66,0,0,49,28,1,0,1,0,472,279,472,2,1,1,147
532,3,66,0,0,70,13,9,0,0,0,766,317,766,6,25,3,300
533,3,66,0,1,51,38,3,0,0,1,1025,1602,1025,4,25,3,300
534,1,66,0,0,9,1,0,0,1,0,333,262,333,6,10,0,141
535,1,66,0,0,31,3,1,1,0,0,305,1038,305,2,1,1,250
536,1,66,1,0,7,4,0,0,0,0,747,263,747,2,36,1,85
537,2,66,1,0,19,7,0,1,0,0,492,557,492,6,26,1,88
538,3,67,0,0,30,2,6,0,2,0,265,264,265,2,1,1,119
539,1,67,1,0,7,3,1,0,1,0,379,288,379,6,41,0,114
540,3,67,0,0,62,53,0,4,0,3,958,625,958,1,28,3,300
541,2,67,0,0,22,20,0,1,1,0,660,854,660,1,5,0,112
542,3,67,0,1,56,26,5,2,2,0,1207,529,1207,3,25,3,300
543,3,67,0,0,59,37,4,1,0,1,1204,1376,1204,4,28,3,300
544,1,67,0,0,13,6,0,0,1,0,933,266,933,3,0,0,129
545,5,67,2,1,127,21,5,1,0,0,658,491,658,3,25,3,300
546,3,68,0,0,25,7,7,0,0,2,769,267,769,3,25,3,300
547,1,68,0,0,2,2,2,0,1,1,893,268,893,4,10,0,209
548,3,68,0,0,73,58,0,2,1,0,281,313,281,2,6,0,217
549,2,68,1,0,25,20,3,1,1,1,682,1240,682,4,10,0,297
550,3,68,0,0,43,17,3,2,3,1,377,284,377,4,25,3,300
551,3,68,0,0,36,20,5,0,0,0,778,414,778,3,25,3,300
552,3,68,1,0,46,31,0,2,0,3,697,566,697,4,25,3,300
553,3,68,0,0,23,18,9,0,0,2,1264,308,1264,6,28,3,300
554,3,68,1,0,33,64,1,0,1,0,653,496,653,6,25,3,300
555,1,69,1,0,11,18,0,0,0,0,1445,269,1445,4,1,1,174
556,2,69,0,0,31,15,0,1,0,0,379,354,379,6,1,1,157
557,1,69,0,0,10,3,1,0,2,0,270,322,270,3,10,0,188
558,1,69,0,0,18,2,2,1,0,0,519,271,519,4,1,1,284
559,3,69,0,0,32,40,2,0,0,0,299,305,299,2,28,3,300
560,1,69,0,0,10,2,1,0,2,1,374,276,374,3,5,0,194
561,3,69,0,0,61,58,3,0,0,0,632,633,632,6,28,3,300
562,3,69,0,0,39,57,2,1,0,3,507,1602,507,4,25,3,300
563,1,69,1,1,13,11,0,0,0,0,356,1904,356,2,26,1,163
564,1,70,1,0,10,5,0,0,0,0,795,272,795,1,26,1,97
565,2,70,1,0,16,8,3,0,0,0,1044,273,1044,2,26,1,24
566,2,70,1,0,27,10,0,1,0,4,625,1526,625,1,38,1,103
567,2,70,0,0,3,6,0,3,4,0,407,769,407,3,6,0,77
568,1,70,0,0,5,1,0,0,1,0,933,1025,933,3,0,0,139
569,1,70,0,0,8,9,0,1,1,0,747,316,747,2,0,0,159
570,3,70,0,0,9,17,1,0,0,1,1502,631,1502,4,25,3,300
571,1,70,0,0,1,1,0,0,2,0,401,766,401,6,5,0,140
572,1,70,0,0,32,7,1,0,1,0,575,274,575,7,1,1,279
573,1,71,0,0,22,4,3,0,1,0,332,287,332,6,10,0,190
574,1,71,0,0,33,9,1,0,0,0,758,487,758,6,7,1,287
575,1,71,1,0,11,11,1,1,0,0,414,275,414,3,26,1,255
576,1,71,0,0,21,3,1,0,1,0,365,289,365,3,10,0,176
577,1,71,0,1,2,4,0,0,1,0,323,306,323,3,5,0,44
578,3,71,0,0,67,48,1,1,0,0,496,463,496,6,25,3,300
579,3,71,0,0,25,33,0,5,6,2,558,1781,558,3,25,3,300
580,2,71,2,0,41,8,4,0,4,0,1216,312,1216,6,1,1,254
581,1,71,0,0,5,0,1,0,1,0,576,958,576,1,10,0,106
582,1,72,1,0,9,0,1,0,0,0,690,276,690,3,32,1,133
583,1,72,0,0,10,3,4,0,3,0,288,277,288,6,6,0,241
584,2,72,1,0,51,1,3,1,2,3,682,1445,682,4,36,1,277
585,1,72,0,0,44,4,0,3,1,0,379,278,379,6,1,1,300
586,3,72,0,0,45,13,4,1,1,5,893,302,893,4,25,3,300
587,3,72,0,0,43,36,0,0,0,0,660,388,660,1,25,3,300
588,3,72,0,0,17,12,7,0,0,2,1264,653,1264,6,34,3,300
589,1,72,2,0,17,1,0,0,0,0,1516,778,1516,3,1,1,49
590,3,72,0,2,18,13,6,0,0,3,484,377,484,4,34,3,300
591,3,73,0,0,18,25,1,5,2,0,310,547,310,4,10,0,80
592,1,73,0,0,24,6,1,2,0,0,717,279,717,2,3,1,253
593,1,73,1,0,18,8,0,0,0,0,299,987,299,2,1,1,162
594,3,73,0,0,46,20,3,0,1,0,449,280,449,7,5,0,47
595,2,73,0,1,28,18,3,0,1,2,566,854,566,1,3,1,300
596,3,73,0,0,53,48,3,0,0,1,1038,281,1038,2,25,3,300
597,1,73,0,0,11,0,1,0,0,0,632,292,632,6,7,1,78
598,3,73,1,0,35,19,4,1,0,1,1240,697,1240,4,25,3,300
599,5,73,0,0,97,66,0,0,0,0,356,1904,356,2,25,3,300
600,1,74,0,0,11,13,0,0,1,0,334,817,334,4,10,0,157
601,3,74,5,0,45,8,6,0,0,1,502,282,502,4,25,3,300
602,2,74,0,0,25,2,3,0,0,0,441,283,441,2,1,1,52
603,1,74,0,0,1,0,1,0,1,0,1025,284,1025,4,5,0,121
604,1,74,0,0,19,1,1,0,1,0,743,291,743,3,10,0,179
605,1,74,1,0,23,1,1,0,1,0,893,484,893,4,1,1,250
606,3,74,0,0,24,26,5,0,2,0,401,285,401,3,25,3,300
607,2,74,1,0,9,6,1,1,0,0,778,690,778,3,1,1,35
608,3,74,0,0,66,36,3,9,1,0,1502,519,1502,4,25,3,300
609,3,75,0,0,12,8,5,0,0,0,1336,718,1336,3,25,3,300
610,1,75,0,0,3,2,1,0,3,0,355,286,355,6,10,0,152
611,1,75,0,0,9,10,1,0,1,0,463,287,463,6,10,0,203
612,1,75,0,0,7,2,0,0,2,0,598,288,598,6,12,0,146
613,3,75,0,0,22,18,1,9,3,0,449,861,449,1,6,0,211
614,1,75,1,0,17,0,0,1,0,1,717,409,717,2,32,1,171
615,3,75,0,0,75,25,3,0,1,0,1602,697,1602,4,41,0,102
616,3,75,0,0,83,41,0,0,0,0,633,653,633,6,25,3,300
617,1,75,2,0,17,1,0,0,0,0,492,333,492,6,1,1,95
618,1,76,0,0,0,1,1,0,1,0,579,315,579,1,10,0,110
619,3,76,0,0,58,56,1,0,1,0,388,289,388,1,28,3,300
620,2,76,1,0,10,10,0,1,0,0,390,290,390,2,26,1,17
621,3,76,0,0,71,38,6,0,0,3,447,454,447,1,25,3,300
622,1,76,1,0,9,0,1,0,0,0,1432,330,1432,1,26,1,48
623,2,76,0,0,25,6,8,0,0,3,1264,379,1264,6,1,1,142
624,2,76,2,0,20,7,3,2,0,0,795,538,795,1,26,1,61
625,3,76,0,0,32,36,3,1,0,0,933,491,933,3,25,3,300
626,3,76,0,0,35,17,1,0,0,2,575,1376,575,4,1,1,233
627,1,77,0,0,33,5,0,0,1,0,533,502,533,4,0,0,298
628,3,77,0,0,63,13,0,2,0,0,1445,631,1445,4,25,3,300
629,3,77,0,1,50,23,0,1,0,0,323,312,323,3,25,3,300
630,1,77,0,0,5,1,1,0,1,1,348,528,348,4,41,0,239
631,2,77,0,0,13,4,2,0,2,0,1207,291,1207,3,10,0,74
632,3,77,0,1,14,25,7,0,0,1,758,514,758,6,25,3,300
633,1,77,0,0,5,2,0,1,2,0,614,1781,614,3,5,0,163
634,1,77,0,0,13,5,1,0,1,0,558,307,558,3,7,1,239
635,1,77,0,0,18,0,1,0,0,0,632,292,632,6,1,1,143
636,1,78,0,0,5,1,1,0,1,0,547,595,547,1,10,0,124
637,2,78,0,0,26,13,2,0,2,1,1976,293,1976,1,10,0,282
638,3,78,0,0,39,19,3,0,1,1,1336,365,1336,3,1,1,100
639,1,78,1,0,13,8,0,2,0,0,625,489,625,1,1,1,278
640,3,78,0,0,16,18,6,0,0,2,429,717,429,2,28,3,300
641,3,78,0,0,44,4,5,0,0,2,682,363,682,4,25,3,300
642,5,78,0,0,60,23,8,0,1,4,507,576,507,1,25,3,300
643,1,78,1,0,31,10,0,0,0,0,1516,658,1516,3,13,1,179
644,3,79,1,1,101,46,0,1,0,0,743,1312,743,3,25,3,300
645,1,79,0,0,2,9,1,0,1,0,364,294,364,3,6,0,283
646,2,79,2,0,26,32,0,0,0,0,322,422,322,3,26,1,205
647,2,79,0,0,12,5,0,2,0,0,320,295,320,4,30,0,71
648,1,79,1,0,24,6,0,0,0,0,599,296,599,3,1,1,157
649,2,79,1,0,33,22,1,1,1,0,362,413,362,1,10,0,191
650,1,79,0,0,0,0,1,0,1,0,366,1148,366,3,6,0,138
651,3,79,0,0,20,42,1,1,0,0,508,570,508,4,28,3,300
652,3,80,0,0,13,13,10,0,0,0,441,297,441,2,25,3,300
653,2,80,1,0,17,33,0,3,0,1,498,324,498,6,26,1,156
654,1,80,1,0,10,4,0,1,0,0,451,298,451,2,26,1,195
655,2,80,0,0,24,0,0,0,1,1,1602,1262,1602,4,1,1,147
656,1,80,0,0,1,1,0,1,3,0,566,311,566,1,0,0,127
657,1,80,0,0,15,2,0,0,0,0,747,1038,747,2,1,1,69
658,1,80,1,0,30,32,1,0,0,0,448,766,448,6,1,1,247
659,5,80,0,0,49,12,0,1,1,2,356,299,356,2,25,3,300
660,2,80,2,0,45,10,1,0,0,0,1204,575,1204,4,36,1,85
661,3,81,0,0,40,18,0,3,2,4,301,300,301,3,25,3,300
662,3,81,0,0,22,16,5,0,0,1,455,1366,455,4,25,3,300
663,1,81,1,0,23,8,1,0,0,2,414,302,414,4,1,1,284
664,3,81,1,0,29,14,1,0,2,3,718,690,718,3,36,1,165
665,3,81,0,0,44,66,0,1,0,0,355,314,355,6,28,3,300
666,3,81,1,0,54,27,1,0,2,0,533,303,533,4,25,3,300
667,3,81,0,0,56,47,3,1,0,0,519,310,519,4,25,3,300
668,3,81,0,0,14,18,6,0,1,1,893,304,893,4,25,3,300
669,1,81,2,0,6,3,0,0,0,0,1502,1025,1502,4,38,1,105
670,3,82,1,1,61,48,1,3,0,0,409,987,409,2,25,3,300
671,3,82,0,0,35,28,3,0,0,0,1336,323,1336,3,1,1,243
672,1,82,0,0,4,1,1,0,3,0,1044,429,1044,2,6,0,202
673,2,82,2,0,26,1,0,0,1,0,1445,348,1445,4,32,1,70
674,1,82,0,0,19,3,0,3,0,2,1216,598,1216,6,1,1,264
675,1,82,0,0,7,0,0,0,1,2,1904,305,1904,2,1,1,195
676,2,82,0,0,9,15,1,2,1,0,614,778,614,3,0,0,243
677,1,82,0,0,36,17,0,0,0,0,496,633,496,6,1,1,281
678,3,82,1,0,49,21,0,1,0,0,492,632,492,6,1,1,239
679,2,83,0,0,23,23,1,0,1,0,413,306,413,4,10,0,293
680,3,83,0,0,33,33,0,5,1,0,362,1976,362,1,25,3,300
681,1,83,0,0,5,5,1,0,1,1,1781,307,1781,3,6,0,178
682,3,83,0,0,27,6,9,1,0,2,1240,319,1240,4,25,3,300
683,3,83,4,0,53,18,2,0,0,0,1207,401,1207,3,25,3,300
684,2,83,0,0,25,24,2,0,2,0,449,625,449,1,26,1,243
685,3,83,0,1,13,11,6,1,1,1,441,378,441,2,25,3,300
686,2,83,1,0,13,10,0,2,0,0,1264,318,1264,6,36,1,66
687,3,84,0,0,44,14,1,4,1,0,528,337,528,1,25,3,300
688,3,84,1,0,62,11,4,1,0,0,1254,308,1254,6,25,3,300
689,3,84,0,0,55,38,8,3,0,4,1743,579,1743,1,25,3,300
690,1,84,1,0,4,1,0,0,0,0,354,599,354,3,26,1,14
691,3,84,0,0,50,34,1,0,0,0,1148,322,1148,3,25,3,300
692,2,84,1,0,45,15,0,0,0,0,905,372,905,6,1,1,229
693,1,84,0,0,13,1,1,0,0,0,447,357,447,1,1,1,19
694,1,84,1,0,20,5,0,0,0,0,900,390,900,2,1,1,273
695,2,84,0,0,9,8,0,3,2,0,1516,366,1516,3,5,0,131
696,1,85,0,0,7,0,1,0,2,0,861,331,861,1,10,0,94
697,3,85,0,0,36,12,5,0,1,0,1262,454,1262,1,25,3,300
698,2,85,0,0,19,14,2,0,2,0,682,414,682,4,10,0,185
699,1,85,0,0,29,11,0,0,0,0,758,309,758,6,1,1,240
700,2,85,2,0,19,5,2,1,0,1,379,333,379,6,26,1,216
701,3,85,0,0,13,5,2,0,3,3,575,570,575,4,25,3,300
702,2,85,0,0,49,16,1,1,0,0,658,614,658,3,3,1,300
703,1,85,0,1,15,16,1,0,1,0,743,448,743,3,12,0,246
704,5,85,1,0,73,25,7,0,0,0,557,356,557,2,25,3,300
705,3,86,0,0,21,12,4,1,2,1,1060,963,1060,1,25,3,300
706,3,86,0,0,22,9,7,0,4,0,1138,413,1138,4,25,3,300
707,3,86,0,0,26,7,5,0,1,0,363,502,363,4,25,3,300
708,1,86,0,0,4,6,1,0,1,0,547,402,547,1,24,0,178
709,3,86,0,0,79,32,2,2,0,0,310,1366,310,4,25,3,300
710,2,86,0,0,17,8,1,1,1,0,463,514,463,6,0,0,39
711,3,86,0,0,38,6,1,1,1,2,576,311,576,1,10,0,237
712,3,86,0,0,21,26,3,0,0,1,445,451,445,2,25,3,300
713,1,86,0,0,2,1,1,0,1,0,566,795,566,1,0,0,27
714,2,87,1,0,38,9,0,1,0,0,377,312,377,4,1,1,165
715,2,87,0,0,6,7,3,0,1,0,533,320,533,4,24,0,177
716,3,87,0,0,56,3,3,0,4,2,1312,422,1312,3,25,3,300
717,3,87,2,0,64,19,1,1,0,2,378,313,378,2,25,3,300
718,2,87,0,0,41,8,1,1,2,0,558,718,558,3,48,0,282
719,3,87,0,0,28,28,4,0,2,0,1336,933,1336,3,25,3,300
720,3,87,0,0,85,29,6,0,0,2,447,716,447,1,25,3,300
721,3,87,0,0,30,12,1,0,0,0,893,1502,893,4,25,3,300
722,1,87,2,0,20,6,0,0,0,0,508,1204,508,4,1,1,205
723,3,88,1,0,78,46,0,0,0,0,539,335,539,4,36,1,37
724,1,88,0,0,1,2,0,1,1,0,383,1170,383,4,6,0,81
725,1,88,0,0,6,0,0,0,0,0,766,314,766,6,26,1,104
726,2,88,1,0,29,12,0,0,2,0,595,315,595,1,10,0,115
727,1,88,0,0,5,26,0,1,3,0,687,694,687,1,0,0,288
728,3,88,0,0,64,13,0,6,1,0,717,316,717,2,34,3,300
729,3,88,1,0,67,8,0,0,1,0,1254,355,1254,6,25,3,300
730,2,88,0,1,36,8,1,0,0,2,1216,317,1216,6,1,1,100
731,3,88,1,0,28,23,0,0,0,0,1904,1485,1904,2,25,3,300
732,1,88,1,0,19,1,1,0,0,0,1044,900,1044,2,36,1,291
733,1,89,1,0,18,1,0,0,1,0,463,429,463,6,0,0,186
734,2,89,0,0,10,7,1,0,2,0,362,2663,362,1,6,0,164
735,1,89,0,0,0,1,0,0,1,0,718,318,718,6,0,0,53
736,1,89,0,0,1,3,1,0,0,1,759,498,759,6,3,1,66
737,3,89,0,0,47,44,2,0,0,0,365,778,365,3,25,3,300
738,1,89,2,0,17,5,0,0,0,0,460,496,460,6,26,1,48
739,1,89,0,0,7,5,1,0,0,0,354,370,354,3,3,1,124
740,3,89,0,0,54,16,2,2,0,0,519,1240,519,4,25,3,300
741,1,89,1,0,6,4,0,0,0,0,905,492,905,6,26,1,113
742,3,90,0,1,70,28,0,0,0,0,402,339,402,1,25,3,300
743,1,90,1,0,3,2,0,0,0,0,1150,319,1150,4,1,1,13
744,1,90,0,0,3,0,0,1,1,0,1262,360,1262,1,12,0,112
745,2,90,0,0,8,19,2,0,2,0,1095,320,1095,4,5,0,124
746,3,90,0,0,40,45,0,0,0,0,502,414,502,4,25,3,300
747,2,90,0,0,11,0,2,0,2,2,1060,338,1060,1,5,0,169
748,1,90,1,0,6,1,0,0,0,0,448,349,448,3,26,1,33
749,2,90,0,0,18,4,0,2,1,1,682,1138,682,4,10,0,67
750,3,90,0,0,88,76,0,0,0,0,625,958,625,1,25,3,300
751,1,91,0,0,20,7,0,0,1,0,528,321,528,4,44,0,170
752,2,91,0,0,41,36,1,1,0,2,390,351,390,2,7,1,32
753,1,91,1,0,9,6,0,0,0,0,533,367,533,4,1,1,75
754,2,91,0,0,24,3,3,0,2,2,1781,322,1781,3,10,0,145
755,3,91,0,0,50,36,2,4,2,2,579,1976,579,1,28,3,300
756,2,91,0,0,30,17,2,1,0,1,614,323,614,3,1,1,198
757,3,91,0,0,113,20,0,2,0,0,633,324,633,6,25,3,300
758,3,91,0,0,36,17,1,1,0,3,658,1336,658,3,25,3,300
759,1,92,0,0,21,1,1,0,0,0,1526,325,1526,1,1,1,129
760,1,92,0,0,4,4,0,2,1,1,716,326,716,1,10,0,262
761,2,92,0,0,20,3,2,1,1,1,1315,476,476,1,45,2,39
762,1,92,1,0,12,4,0,0,0,0,1130,327,1130,1,36,1,70
763,2,92,0,0,4,6,3,0,6,0,1432,328,1432,1,5,0,129
764,2,92,0,0,34,20,0,4,0,0,447,347,447,1,1,1,210
765,1,92,0,0,6,3,2,0,1,0,1312,329,1312,3,12,0,230
766,2,92,0,0,2,16,0,1,1,1,1715,1108,1715,1,30,0,20
767,2,92,0,0,23,6,3,0,3,0,1376,330,1376,1,10,0,192
768,1,93,0,0,31,6,0,0,0,0,1743,802,1743,1,1,1,295
769,1,93,0,0,5,3,1,0,5,0,570,331,570,4,5,0,135
770,3,93,0,0,67,49,0,0,0,0,388,337,388,1,25,3,300
771,1,93,0,0,2,2,0,1,2,0,653,332,653,6,10,0,134
772,3,93,0,1,55,31,4,0,2,0,951,378,951,2,25,3,300
773,5,93,0,1,35,6,16,0,2,3,507,449,507,1,25,3,300
774,3,93,0,0,19,24,2,3,0,1,1264,632,632,6,25,3,300
775,1,93,1,0,10,3,1,1,0,0,1516,1207,1516,3,1,1,290
776,1,93,0,0,20,6,3,1,0,0,576,387,576,1,7,1,270
777,3,94,2,0,44,40,0,0,0,0,1976,444,1976,1,28,3,300
778,1,94,0,0,10,11,3,0,2,1,1312,555,1312,3,6,0,227
779,1,94,0,0,4,1,1,0,1,0,1038,451,1038,2,41,0,77
780,2,94,0,0,60,6,1,0,3,0,333,355,333,6,44,0,210
781,1,94,1,0,20,12,0,0,1,0,1148,558,1148,3,1,1,285
782,3,94,0,0,42,27,3,3,3,1,566,547,566,1,25,3,300
783,3,94,0,0,26,4,0,0,0,3,447,353,447,1,1,1,110
784,3,94,0,0,38,4,2,1,5,0,1204,893,1204,4,25,3,300
785,3,94,0,0,63,11,3,0,0,1,557,1044,557,2,1,1,97
786,1,95,2,0,38,13,0,0,0,0,383,334,383,4,1,1,250
787,2,95,1,0,28,9,0,0,0,2,1170,963,1170,1,26,1,124
788,2,95,1,0,48,43,0,1,1,0,759,503,759,6,1,1,263
789,3,95,0,0,14,18,7,0,0,0,1262,687,1262,1,25,3,300
790,1,95,1,0,18,1,0,1,0,0,460,766,460,6,32,1,61
791,1,95,0,1,24,16,1,0,1,0,533,539,533,4,6,0,254
792,3,95,0,0,63,15,1,1,0,0,717,900,717,2,25,3,300
793,3,95,0,0,47,56,0,6,0,0,1216,758,1216,6,28,3,300
794,5,95,1,0,74,60,2,3,0,3,905,1098,905,6,25,3,300
795,1,96,0,0,3,0,0,1,2,0,528,484,528,4,6,0,74
796,2,96,0,0,48,15,0,2,0,0,1445,363,1445,4,32,1,244
797,1,96,1,0,3,0,0,0,0,0,1315,352,1315,1,26,1,9
798,3,96,0,0,21,16,1,0,10,0,1130,716,1130,1,25,3,300
799,1,96,1,0,6,5,0,0,0,0,377,335,377,4,1,1,105
800,3,96,1,1,64,53,0,2,0,0,478,422,478,3,26,1,44
801,1,96,1,0,10,7,1,1,3,0,1715,595,1715,1,0,0,250
802,3,96,1,0,53,45,0,4,1,0,778,354,778,3,26,1,236
803,1,96,0,0,27,3,2,0,1,0,576,362,576,1,10,0,271
804,3,97,0,0,59,33,4,1,0,1,1526,637,1526,1,25,3,300
805,1,97,0,0,6,17,1,0,2,0,409,336,409,2,19,0,199
806,3,97,0,0,50,11,2,0,0,2,2663,337,2663,1,25,3,300
807,2,97,0,1,12,22,1,1,2,3,413,1150,413,4,10,0,185
808,3,97,0,0,29,6,2,4,1,4,579,1060,579,1,25,3,300
809,3,97,0,0,70,15,2,2,1,0,1254,369,1254,6,25,3,300
810,3,97,0,0,25,11,3,2,0,5,682,1502,682,4,28,3,300
811,3,97,0,0,66,27,2,5,3,0,633,1756,633,6,10,0,285
812,3,97,1,0,83,31,0,0,0,0,496,492,496,6,28,3,300
813,3,98,1,0,44,10,3,0,0,7,694,338,694,1,28,3,300
814,3,98,1,0,44,65,3,0,2,0,1240,502,1240,4,28,3,300
815,1,98,0,0,3,2,2,0,1,0,1571,555,1571,3,10,0,160
816,3,98,0,0,41,25,1,0,1,0,1336,614,1336,3,25,3,300
817,2,98,0,0,57,40,0,1,0,0,718,365,718,3,3,1,99
818,2,98,0,0,30,13,0,1,0,1,653,598,653,6,1,1,167
819,3,98,0,0,44,3,2,0,1,0,387,388,387,1,25,3,300
820,3,98,0,0,68,58,0,1,0,0,356,747,356,2,25,3,300
821,2,98,3,0,39,22,0,1,0,0,1516,658,1516,3,13,1,67
822,2,99,1,0,27,31,1,0,1,0,410,1095,410,4,6,0,199
823,1,99,0,0,20,6,1,0,0,0,444,339,444,1,1,1,269
824,1,99,0,0,5,1,1,0,1,0,1432,568,1432,1,10,0,74
825,2,99,1,0,39,42,0,1,0,0,1445,570,1445,4,3,1,300
826,3,99,0,0,42,6,8,0,0,0,1743,625,1743,1,25,3,300
827,3,99,1,0,43,9,2,1,0,3,1781,529,1781,3,26,1,39
828,3,99,0,0,49,35,7,0,0,0,519,430,519,4,25,3,300
829,1,99,0,0,22,2,1,1,0,0,759,460,759,6,1,1,205
830,3,99,0,0,23,40,6,2,0,0,1264,1216,1264,6,28,3,300
831,1,100,0,0,11,12,3,0,1,0,484,340,484,4,10,0,282
832,1,100,0,0,0,0,1,0,1,0,359,341,359,4,24,0,23
833,1,100,0,0,4,1,0,0,5,0,408,342,408,4,6,0,282
834,1,100,1,0,30,20,0,1,0,0,415,343,415,4,26,1,260
835,3,100,0,0,18,12,0,1,4,0,1447,344,1447,4,25,3,300
836,1,100,0,0,2,0,0,0,1,0,763,345,763,4,10,0,96
837,3,100,0,1,29,40,1,2,0,1,368,346,368,4,1,1,121
838,1,100,0,0,10,4,1,0,1,0,777,358,777,4,10,0,121
839,3,100,0,1,31,47,0,6,3,1,447,1976,447,1,10,0,51
840,3,101,0,0,26,22,7,1,0,1,802,347,802,1,25,3,300
841,2,101,0,0,24,9,3,0,2,1,1138,348,1138,4,1,1,213
842,3,101,0,0,31,20,2,0,0,0,401,349,401,3,25,3,300
843,1,101,0,0,3,2,1,0,1,0,1108,402,1108,1,24,0,91
844,1,101,0,0,5,9,0,1,0,0,498,651,498,6,37,2,111
845,1,101,0,0,6,5,2,1,2,0,413,795,413,1,10,0,280
846,2,101,1,0,21,6,0,2,5,2,1254,385,1254,6,12,0,260
847,3,101,0,0,52,21,1,1,0,0,390,950,390,2,1,1,204
848,3,101,0,1,58,44,2,0,0,0,492,700,492,6,25,3,300
849,2,101,0,0,28,5,3,0,3,0,1204,575,1204,4,6,0,294
850,3,102,0,0,33,20,0,2,0,1,958,417,958,1,25,3,300
851,1,102,0,0,8,0,0,2,0,0,766,350,766,6,1,1,90
852,3,102,0,0,70,43,3,1,0,3,540,539,540,4,25,3,300
853,1,102,1,0,5,0,0,0,0,0,451,351,451,2,26,1,17
854,1,102,1,0,28,0,1,0,0,0,599,558,599,3,1,1,80
855,2,102,1,0,5,27,0,1,4,0,463,379,463,6,26,1,37
856,1,102,1,0,5,4,0,0,0,0,533,383,533,4,26,1,64
857,2,102,0,0,46,19,0,3,0,0,1485,1044,1485,2,1,1,274
858,2,102,2,0,41,17,0,0,1,0,1376,566,1376,1,10,0,242
859,1,103,0,0,6,3,1,0,3,0,1526,467,1526,1,10,0,176
860,2,103,0,0,29,0,0,0,0,0,391,352,391,1,1,1,37
861,2,103,1,0,30,5,1,0,0,3,2663,1130,2663,1,7,1,284
862,3,103,1,0,26,16,2,1,3,0,1315,1170,1315,1,25,3,300
863,2,103,0,1,23,4,1,0,0,2,547,353,547,1,1,1,115
864,1,103,0,0,3,2,2,0,2,2,1715,387,1715,1,5,0,219
865,3,103,0,0,19,11,7,1,0,2,1060,637,1060,1,25,3,300
866,1,103,1,0,14,8,0,0,0,0,1148,448,1148,3,1,1,104
867,3,103,0,0,54,39,0,1,0,0,933,1240,933,4,34,3,300
868,3,104,0,1,81,57,0,4,0,0,476,1366,476,1,28,3,300
869,3,104,0,0,40,50,1,1,0,0,372,354,372,3,25,3,300
870,1,104,0,0,42,7,1,0,0,0,1356,355,1356,6,1,1,292
871,1,104,1,0,12,0,0,0,0,0,570,464,570,4,1,1,33
872,3,104,0,0,60,23,0,6,0,0,579,1262,579,1,25,3,300
873,1,104,0,0,4,2,1,0,1,0,548,371,548,3,0,0,68
874,2,104,1,0,22,5,2,1,1,1,1207,407,1207,3,0,0,97
875,1,104,0,0,2,16,0,1,3,0,1038,1062,1038,2,27,0,90
876,3,104,0,1,28,53,2,0,1,0,951,356,951,2,0,0,88
877,3,105,0,0,68,44,1,0,0,2,388,357,388,1,25,3,300
878,1,105,0,0,24,1,1,0,0,0,1502,431,1502,4,1,1,283
879,2,105,1,0,24,20,1,0,0,2,893,528,893,4,36,1,84
880,3,105,0,0,32,16,13,0,0,0,414,377,414,4,25,3,300
881,2,105,0,0,14,4,1,2,0,0,1904,441,1904,2,1,1,257
882,3,105,0,0,40,22,4,0,0,1,682,446,682,4,25,3,300
883,2,105,2,0,26,19,0,1,0,0,1336,374,1336,3,32,1,180
884,1,105,1,0,24,13,0,0,0,0,778,766,778,3,1,1,196
885,3,105,1,0,57,45,3,5,0,0,378,717,378,2,28,3,300
886,2,105,0,0,47,20,0,1,1,0,1516,1098,1516,3,10,0,292
887,1,106,1,0,15,0,0,0,0,0,1150,358,1150,4,1,1,51
888,2,106,0,0,21,2,3,0,3,0,763,359,763,4,1,1,144
889,1,106,0,0,11,4,1,0,0,0,1976,381,1976,1,1,1,255
890,1,106,0,0,3,2,1,0,1,0,1108,360,1108,1,0,0,101
891,1,106,1,0,6,0,0,0,1,0,444,361,444,1,6,0,16
892,3,106,0,0,80,20,3,2,0,0,697,362,697,1,25,3,300
893,1,106,1,0,3,0,0,0,0,0,498,460,498,6,1,1,8
894,2,106,0,0,6,20,1,3,1,0,1715,547,1715,1,5,0,186
895,2,106,0,0,31,18,1,0,0,0,758,1356,758,6,1,1,85
896,2,106,1,0,17,10,0,1,0,0,1445,519,1445,4,13,1,24
897,3,106,0,0,19,26,9,1,0,0,1315,1743,1315,1,25,3,300
898,2,106,0,0,35,5,2,2,0,2,576,1432,576,1,1,1,208
899,2,107,2,1,31,21,0,1,0,0,484,363,484,4,26,1,127
900,1,107,3,0,36,1,0,0,0,0,1353,380,1353,2,1,1,130
901,3,107,0,0,40,48,3,0,3,0,413,958,413,1,28,3,300
902,2,107,0,0,15,15,1,1,3,0,1571,1781,1571,3,5,0,147
903,1,107,0,0,29,3,0,1,0,0,420,718,420,3,1,1,238
904,2,107,0,0,13,4,1,1,2,3,614,529,614,3,7,1,54
905,3,107,1,0,46,22,1,3,2,0,777,802,777,1,10,0,228
906,1,107,1,0,39,1,0,1,0,1,1216,364,1216,3,13,1,300
907,3,107,0,0,84,12,0,1,0,0,478,365,478,3,25,3,300
908,2,107,1,0,28,1,0,1,0,1,658,366,658,3,1,1,181
909,2,107,0,0,42,3,4,0,0,0,1204,508,1204,4,13,1,285
910,1,108,1,0,5,2,0,0,0,0,563,409,563,2,26,1,44
911,3,108,0,0,77,2,3,0,0,0,1167,367,1167,4,7,1,25
912,1,108,0,0,1,1,1,0,1,0,483,368,483,4,44,0,56
913,3,108,0,1,20,23,4,0,0,1,413,687,413,1,25,3,300
914,1,108,1,0,26,6,0,0,0,0,385,369,385,6,3,1,300
915,1,108,0,0,0,1,1,0,3,0,756,370,756,3,6,0,156
916,1,108,0,1,19,5,0,1,1,0,759,404,759,6,1,1,144
917,3,108,1,0,41,16,1,0,0,2,1254,632,1254,6,25,3,300
918,2,108,1,1,33,33,0,0,0,0,518,463,518,6,26,1,195
919,1,108,2,0,11,1,0,0,0,0,700,496,700,6,26,1,36
920,3,108,1,0,122,46,0,0,0,0,1376,507,1376,1,38,1,300
921,2,109,1,2,48,33,0,2,0,0,451,390,451,2,26,1,255
922,3,109,1,0,45,35,1,7,0,1,539,383,539,4,28,3,300
923,1,109,3,0,15,8,0,0,0,0,651,379,651,6,1,1,127
924,2,109,0,0,8,12,0,2,1,0,461,1138,461,4,5,0,230
925,2,109,1,0,18,13,2,1,1,3,1526,1060,1526,1,1,1,117
926,1,109,0,0,4,2,1,0,2,1,743,599,743,3,0,0,164
927,1,109,0,0,15,15,2,0,0,0,1485,747,1485,2,1,1,280
928,3,109,1,0,13,35,0,5,2,0,1312,1207,1312,3,28,3,300
929,3,109,0,0,32,31,2,3,1,2,933,533,933,4,25,3,300
930,1,109,0,0,25,7,2,0,0,0,1216,420,1216,3,1,1,222
931,2,109,1,0,10,9,1,1,0,0,1445,575,1445,4,38,1,62
932,1,110,0,0,9,5,1,1,4,0,546,371,546,3,0,0,238
933,1,110,0,0,6,2,1,0,1,0,401,407,401,3,0,0,232
934,2,110,0,0,32,26,0,2,1,0,1791,408,1791,4,1,1,220
935,1,110,1,0,19,3,1,1,0,0,448,372,448,3,1,1,68
936,2,110,0,0,13,34,1,1,3,0,528,1240,528,4,6,0,286
937,3,110,0,0,60,34,5,0,2,0,688,373,688,3,25,3,300
938,3,110,0,0,56,23,1,2,0,3,625,2663,625,1,25,3,300
939,3,110,2,0,51,27,0,1,1,1,1502,414,1502,4,38,1,247
940,1,110,0,0,2,6,0,1,2,0,837,1308,837,3,6,0,182
941,3,110,0,0,59,27,0,3,1,0,558,374,558,3,28,3,300
942,2,111,0,0,24,34,0,2,1,0,467,391,467,1,10,0,237
943,1,111,2,0,10,0,0,0,0,0,795,1170,795,1,1,1,36
944,3,111,0,0,41,54,1,3,2,0,1130,388,1130,1,5,0,288
945,1,111,0,0,6,2,1,0,1,0,1044,445,1044,2,41,0,117
946,3,111,0,0,92,20,3,0,0,1,579,444,579,1,25,3,300
947,3,111,0,0,38,16,2,0,0,5,893,570,893,4,25,3,300
948,2,111,1,0,12,4,1,5,2,1,566,1262,566,1,0,0,177
949,3,111,0,0,24,26,0,2,0,2,1148,548,1148,3,28,3,300
950,5,111,0,1,77,50,0,0,3,0,633,905,633,6,25,3,300
951,1,112,0,0,3,1,1,0,2,2,471,437,471,1,10,0,213
952,2,112,4,0,53,9,0,0,0,0,481,375,481,4,1,1,149
953,1,112,0,0,1,7,0,0,2,0,394,392,394,3,5,0,261
954,1,112,1,0,6,18,0,0,0,0,473,393,473,4,36,1,97
955,1,112,1,0,19,6,0,0,0,0,561,376,561,3,1,1,114
956,1,112,0,0,4,4,0,1,2,0,1308,1174,1308,3,49,0,238
957,3,112,0,0,37,51,0,5,0,0,461,1150,461,4,3,1,215
958,1,112,0,0,24,1,1,0,0,0,1353,441,1353,2,1,1,122
959,3,112,0,0,69,18,10,0,0,1,1743,449,1743,1,25,3,300
960,3,112,0,0,38,30,2,1,0,0,747,399,747,6,25,3,300
961,1,112,1,0,13,0,0,0,0,0,1516,498,1516,6,26,1,61
962,2,113,1,0,41,12,1,0,2,2,1447,386,1447,4,6,0,148
963,3,113,3,0,47,5,2,1,2,0,446,411,446,4,25,3,300
964,3,113,0,0,42,34,2,0,0,0,1970,434,1970,6,25,3,300
965,1,113,1,0,23,2,2,0,0,2,717,398,717,2,26,1,295
966,3,113,0,0,26,11,4,1,7,1,1095,377,1095,4,25,3,300
967,3,113,0,0,30,7,2,0,3,4,1571,614,1571,3,10,0,164
968,3,113,0,0,51,33,5,0,0,0,576,447,576,1,25,3,300
969,1,113,1,0,3,0,0,0,0,0,476,1108,476,1,26,1,12
970,3,113,1,0,45,9,5,0,1,0,1062,378,1062,2,25,3,300
971,5,113,3,0,131,37,7,0,1,0,1204,682,1204,4,25,3,300
972,3,114,0,0,23,18,0,2,0,1,430,1138,430,4,28,3,300
973,2,114,0,0,10,1,2,0,1,2,614,379,614,3,10,0,80
974,1,114,1,0,15,9,0,0,0,0,1356,419,1356,6,1,1,123
975,3,114,2,0,61,18,1,1,1,0,547,1060,547,1,25,3,300
976,3,114,0,0,12,48,3,1,1,2,1167,1791,1167,4,28,3,300
977,1,114,1,0,22,1,0,0,0,0,1207,743,1207,3,1,1,82
978,3,114,1,0,42,27,0,2,0,1,1098,756,1098,3,25,3,300
979,3,114,1,0,71,13,0,1,0,0,658,758,658,6,36,1,39
980,2,114,1,0,13,10,0,0,0,0,1264,492,1264,6,26,1,111
981,1,115,0,0,0,0,0,0,2,0,935,546,935,3,10,0,87
982,1,115,0,0,0,3,1,0,1,1,609,448,609,3,41,0,88
983,2,115,0,0,34,4,1,0,1,0,588,380,588,6,1,1,174
984,2,115,0,0,23,18,1,0,2,0,1432,464,1432,1,1,1,94
985,2,115,0,0,8,30,1,2,2,0,463,555,463,3,6,0,124
986,1,115,1,0,7,7,0,0,0,0,766,424,766,3,36,1,87
987,1,115,0,0,24,12,1,0,2,0,598,460,598,6,12,0,293
988,3,115,0,0,54,43,0,5,0,2,718,1781,718,3,28,3,300
989,3,115,0,0,43,36,10,1,0,0,1976,777,1976,1,25,3,300
990,3,115,0,0,40,26,5,4,0,4,1715,697,1715,1,28,3,300
991,3,116,0,0,31,23,1,1,5,1,417,381,417,1,10,0,107
992,3,116,0,0,15,7,5,0,5,1,2656,382,2656,1,10,0,199
993,3,116,0,0,69,55,0,1,0,0,687,958,687,1,25,3,300
994,3,116,0,0,36,12,7,1,0,2,431,383,431,1,25,3,300
995,1,116,0,0,13,4,1,0,0,0,563,384,563,2,1,1,91
996,3,116,0,0,57,56,0,3,0,0,647,410,647,4,28,3,300
997,2,116,0,0,25,3,1,1,1,1,533,540,533,4,0,0,136
998,3,116,0,0,102,85,2,0,0,0,570,539,570,4,25,3,300
999,2,116,1,0,41,28,0,0,0,0,651,385,651,6,1,1,255
1000,3,116,1,1,50,48,2,1,0,0,496,747,496,6,28,3,300
1001,3,116,0,0,70,51,1,1,0,0,1216,778,1216,3,25,3,300
1002,3,117,0,0,65,50,1,4,1,0,422,1240,422,4,25,3,300
1003,3,117,0,0,60,40,0,1,0,0,449,444,449,1,25,3,300
1004,3,117,0,0,31,15,6,0,0,5,935,427,935,3,25,3,300
1005,3,117,1,0,30,28,0,2,2,1,625,471,625,1,5,0,236
1006,1,117,0,0,0,1,1,0,1,0,1312,448,1312,3,10,0,78
1007,3,117,0,0,92,74,3,0,0,0,507,579,507,1,25,3,300
1008,1,117,1,0,7,6,0,0,0,0,1528,1485,1528,2,26,1,81
1009,3,117,0,0,22,7,5,0,2,0,1315,413,1315,1,25,3,300
1010,3,117,2,0,80,39,0,0,0,0,1445,893,1445,4,25,3,300
1011,3,117,0,0,29,16,1,0,0,0,1516,1148,1516,3,3,1,39
1012,2,118,0,0,15,15,1,5,3,0,1791,386,1791,4,6,0,57
1013,3,118,0,0,21,5,1,0,6,0,802,387,802,1,10,0,196
1014,3,118,1,0,22,9,0,4,0,2,2663,1952,2663,1,26,1,39
1015,3,118,0,0,98,70,1,1,0,0,732,388,732,1,25,3,300
1016,1,118,0,0,2,0,1,0,1,0,1571,478,1571,3,10,0,133
1017,1,118,1,0,12,1,0,0,0,0,1044,389,1044,2,26,1,61
1018,1,118,0,0,10,15,0,0,3,0,528,1095,528,4,6,0,239
1019,1,118,0,0,17,6,1,1,1,0,576,566,576,1,10,0,243
1020,2,118,1,0,31,11,2,1,0,0,1062,557,1062,2,1,1,187
1021,3,119,1,1,40,42,1,0,0,0,445,390,445,2,25,3,300
1022,2,119,0,0,8,8,0,2,0,0,437,391,437,1,3,1,20
1023,1,119,1,0,42,0,0,0,0,0,1447,433,1447,4,13,1,109
1024,2,119,0,0,10,36,3,1,1,0,411,392,411,4,10,0,224
1025,3,119,0,0,30,10,8,1,5,1,414,393,414,7,25,3,300
1026,3,119,0,0,61,20,4,1,2,0,2656,1526,2656,1,25,3,300
1027,2,119,0,0,52,25,1,0,0,0,561,394,561,3,3,1,300
1028,1,119,0,0,15,13,1,0,1,0,603,450,603,6,6,0,244
1029,1,119,1,0,7,1,0,0,0,0,933,484,933,4,26,1,33
1030,1,119,1,0,6,6,0,0,0,0,893,483,893,4,1,1,135
1031,2,120,1,0,15,1,1,0,3,1,452,395,452,1,0,0,138
1032,3,120,0,0,10,21,3,1,2,0,462,965,462,1,28,3,300
1033,3,120,0,0,14,10,7,0,0,0,1033,823,1033,6,25,3,300
1034,1,120,0,0,8,1,1,0,2,0,578,396,578,6,10,0,87
1035,2,120,0,0,19,7,0,1,1,0,593,397,593,6,41,0,207
1036,2,120,0,0,31,12,2,2,2,1,428,432,428,1,6,0,92
1037,1,120,1,0,18,6,0,1,0,0,463,614,463,3,18,1,138
1038,3,120,1,0,35,17,3,0,0,2,1150,461,1150,4,36,1,28
1039,1,120,1,0,15,4,0,0,0,0,1109,737,1109,6,26,1,138
1040,3,120,0,0,27,20,7,0,0,2,1045,1139,1045,1,25,3,300
1041,1,121,0,0,6,0,0,0,0,0,773,398,773,2,21,1,156
1042,3,121,1,0,79,63,0,0,0,0,481,430,481,4,25,3,300
1043,2,121,0,0,40,34,1,0,0,0,758,399,758,6,1,1,139
1044,2,121,0,0,46,13,0,3,2,0,451,400,451,2,1,1,129
1045,3,121,0,0,39,6,0,0,0,0,1336,401,1336,3,25,3,300
1046,1,121,1,0,34,4,1,0,0,0,717,479,717,2,7,1,277
1047,1,121,1,0,11,7,0,0,0,0,905,700,905,6,26,1,201
1048,1,121,0,1,9,3,1,0,0,2,1308,609,1308,3,1,1,181
1049,2,121,3,0,37,10,1,0,0,0,1038,951,1038,2,26,1,114
1050,3,121,0,0,49,50,1,0,0,0,1264,633,1264,6,1,1,166
1051,3,122,1,0,48,48,0,1,0,0,1170,402,1170,1,43,1,225
1052,1,122,0,0,14,3,1,0,0,0,503,403,503,6,1,1,122
1053,1,122,0,0,22,3,0,0,0,0,598,404,598,6,1,1,215
1054,2,122,1,0,33,8,0,1,2,0,743,405,743,4,1,1,189
1055,1,122,0,0,18,0,5,0,0,0,793,406,793,4,7,1,276
1056,3,122,0,0,59,73,0,0,0,0,533,570,533,4,28,3,300
1057,2,122,0,0,9,26,0,3,1,1,718,453,718,3,0,0,276
1058,3,122,0,0,18,7,7,1,0,1,756,407,756,3,25,3,300
1059,3,122,2,0,62,31,1,7,2,0,1756,469,1756,6,1,1,276
1060,3,122,0,0,36,39,4,0,0,0,1098,658,1098,6,28,3,300
1061,3,123,0,0,24,16,0,2,0,5,443,408,443,4,28,3,300
1062,3,123,1,0,25,46,9,0,0,0,441,409,441,6,28,3,300
1063,3,123,0,0,21,45,7,2,2,2,999,446,999,4,28,3,300
1064,3,123,0,0,27,26,3,1,0,1,1060,1108,1060,1,25,3,300
1065,3,123,0,0,40,7,4,0,2,0,682,410,682,4,25,3,300
1066,3,123,0,0,49,49,4,0,1,0,1976,1715,1976,1,28,3,300
1067,3,123,0,0,24,19,2,2,1,2,519,1167,1167,4,33,2,300
1068,3,123,1,0,45,37,7,0,0,0,1970,653,1970,6,25,3,300
1069,1,123,2,0,24,2,2,0,0,0,1254,759,1254,6,26,1,299
1070,4,123,0,0,92,16,4,0,0,0,1204,1376,1204,4,3,1,300
1071,3,124,0,0,48,22,4,1,0,0,688,411,688,4,25,3,300
1072,2,124,0,0,21,2,4,1,2,0,786,412,786,3,2,0,75
1073,1,124,0,0,7,1,2,0,1,0,1262,413,1262,1,0,0,275
1074,1,124,1,1,12,29,1,0,0,1,480,694,480,1,26,1,274
1075,1,124,0,0,2,2,0,1,2,0,935,456,935,3,0,0,63
1076,2,124,0,0,16,21,1,2,1,0,547,476,547,1,10,0,194
1077,1,124,1,0,21,12,0,0,0,0,1150,414,1150,4,26,1,279
1078,2,124,0,1,46,33,0,0,3,0,697,777,697,1,5,0,216
1079,2,124,0,0,88,7,1,0,0,1,1353,436,1353,2,1,1,154
1080,2,124,0,0,11,15,2,1,4,0,1432,2663,1432,1,6,0,283
1081,3,125,0,1,71,38,2,4,0,0,540,415,540,4,25,3,300
1082,1,125,0,0,0,0,0,0,2,1,440,416,440,2,19,0,63
1083,1,125,1,0,13,9,0,1,1,1,1466,417,1466,1,26,1,133
1084,1,125,2,0,12,0,0,0,0,0,1528,1510,1528,2,1,1,54
1085,2,125,1,0,19,0,1,2,0,0,687,418,687,1,36,1,10
1086,1,125,1,0,7,8,0,0,0,0,833,893,833,4,1,1,209
1087,1,125,0,0,6,8,1,0,1,0,1571,769,1571,3,5,0,157
1088,3,125,1,0,67,16,2,0,1,1,1207,463,1207,3,38,1,190
1089,1,125,1,0,5,2,0,0,0,0,647,473,647,4,26,1,69
1090,3,125,0,0,91,41,1,0,1,1,1502,566,1502,1,25,3,300
1091,1,126,1,0,5,4,0,0,0,0,462,732,462,1,26,1,44
1092,2,126,2,0,32,5,0,0,0,0,747,419,747,6,21,1,87
1093,3,126,0,0,34,27,4,0,1,0,588,1356,588,6,25,3,300
1094,1,126,1,0,10,6,0,0,0,0,558,420,558,3,26,1,92
1095,1,126,0,0,12,0,1,0,0,0,1095,421,1095,4,7,1,215
1096,3,126,0,0,37,25,1,0,0,1,1315,2656,1315,1,25,3,300
1097,1,126,1,0,23,14,0,0,0,0,758,916,758,6,36,1,233
1098,1,126,2,0,24,0,0,0,0,0,1791,422,1791,4,1,1,92
1099,1,126,1,0,4,5,0,1,0,0,563,1044,563,2,26,1,69
1100,3,126,2,0,56,64,2,0,0,0,905,496,905,6,25,3,300
1101,1,127,1,0,16,1,1,0,0,0,650,423,650,3,1,1,100
1102,1,127,0,0,7,4,0,1,2,0,546,424,546,3,0,0,114
1103,3,127,1,0,29,35,4,1,0,1,599,425,599,3,28,3,300
1104,2,127,0,0,9,19,0,3,7,0,561,786,561,3,0,0,225
1105,1,127,0,0,13,0,1,0,1,0,455,426,455,4,10,0,121
1106,3,127,0,0,41,25,9,0,1,3,548,427,548,3,25,3,300
1107,3,127,0,0,7,23,5,0,3,0,1262,2663,1262,1,25,3,300
1108,1,127,0,0,3,1,0,0,1,0,1130,428,1130,1,0,0,118
1109,3,127,0,0,69,26,1,0,0,3,579,1952,579,1,25,3,300
1110,3,127,0,0,24,9,5,0,2,0,1109,429,1109,6,25,3,300
1111,3,127,0,0,26,35,5,3,6,3,743,1580,743,4,28,3,300
1112,3,128,0,0,44,34,0,2,0,0,578,737,578,6,25,3,300
1113,3,128,0,0,34,31,3,2,0,0,724,430,724,4,28,3,300
1114,1,128,0,0,20,4,1,0,1,0,802,431,802,1,10,0,297
1115,3,128,0,0,71,6,5,0,0,0,1781,491,1781,3,25,3,300
1116,1,128,0,0,16,1,1,0,0,0,478,614,478,3,7,1,147
1117,3,128,0,0,31,23,5,0,1,0,453,435,453,3,25,3,300
1118,3,128,0,0,87,69,0,0,0,0,651,603,651,6,25,3,300
1119,2,128,0,0,53,9,2,0,0,0,717,451,717,2,1,1,149
1120,1,128,0,0,3,8,2,0,2,0,593,699,593,6,41,0,233
1121,1,128,1,0,24,8,0,1,0,0,1756,492,1756,6,26,1,268
1122,3,128,1,0,62,46,0,4,0,2,958,1526,958,1,25,3,300
1123,5,128,0,0,94,10,0,1,0,0,1516,1312,1516,3,25,3,300
1124,3,129,0,0,62,50,0,5,0,0,965,432,965,1,28,3,300
1125,1,129,0,0,4,2,0,0,1,0,483,433,483,4,0,0,144
1126,1,129,1,0,18,17,0,0,0,0,593,434,593,6,26,1,197
1127,1,129,0,0,7,3,1,0,0,0,464,1139,464,1,1,1,63
1128,1,129,0,0,0,3,1,0,1,0,537,773,537,2,0,0,102
1129,1,129,0,0,4,1,1,0,1,0,455,1244,455,4,12,0,186
1130,3,129,0,0,74,27,1,1,1,0,1743,507,1743,1,25,3,300
1131,3,129,0,0,36,9,3,0,0,2,769,935,769,3,25,3,300
1132,1,129,2,0,8,0,0,0,0,0,448,435,448,3,1,1,37
1133,3,129,0,1,34,14,3,1,0,0,575,508,575,4,25,3,300
1134,2,129,3,0,28,4,0,0,0,0,1254,1264,1254,6,26,1,237
1135,3,130,0,0,31,21,4,4,3,5,793,1076,793,4,25,3,300
1136,2,130,0,0,4,16,0,0,7,0,1510,436,1510,2,10,0,157
1137,3,130,0,0,32,14,1,1,2,3,540,452,540,1,25,3,300
1138,3,130,0,0,46,18,0,2,0,0,539,1484,539,4,25,3,300
1139,1,130,0,0,8,5,0,1,2,0,1170,437,1170,1,10,0,203
1140,2,130,0,1,27,23,0,0,3,0,687,467,687,1,48,0,158
1141,3,130,1,0,28,19,1,2,0,3,647,533,647,4,28,3,300
1142,3,130,0,0,62,24,1,3,0,0,625,475,625,1,25,3,300
1143,2,130,1,0,10,17,1,0,1,0,933,1447,933,4,1,1,227
1144,1,130,1,0,16,7,1,0,0,0,900,479,900,2,1,1,186
1145,3,130,0,0,29,21,7,1,2,0,1353,717,1353,2,25,3,300
1146,3,130,0,0,52,38,1,1,0,0,658,700,658,7,25,3,300
1147,1,131,0,0,14,24,0,0,1,0,454,438,454,1,44,0,286
1148,1,131,0,0,14,8,1,0,1,0,517,439,517,4,10,0,220
1149,1,131,1,0,27,3,4,0,0,0,503,440,503,6,32,1,288
1150,3,131,0,0,66,39,0,1,1,0,481,1008,481,4,28,3,300
1151,3,131,0,0,13,14,1,6,0,0,795,1262,795,1,28,3,300
1152,3,131,0,0,27,6,8,1,1,4,566,1715,566,1,25,3,300
1153,3,131,0,0,74,46,0,0,0,0,1361,567,1361,1,25,3,300
1154,3,131,0,1,101,69,0,1,0,0,570,461,570,4,25,3,300
1155,1,131,0,0,17,13,2,0,8,0,512,645,512,4,10,0,294
1156,3,131,1,0,68,29,1,2,3,0,1502,1976,1502,1,28,3,300
1157,1,132,0,0,1,4,1,0,2,0,471,694,471,1,0,0,156
1158,1,132,0,0,0,1,0,0,1,0,1033,1308,1033,3,0,0,55
1159,3,132,0,0,29,22,4,1,1,0,1167,724,1167,4,25,3,300
1160,2,132,0,0,25,11,0,0,1,0,1970,441,1970,6,0,0,163
1161,3,132,0,0,37,20,6,0,1,1,2656,777,2656,1,25,3,300
1162,3,132,0,0,20,26,3,0,0,3,469,653,469,6,25,3,300
1163,3,132,0,1,55,76,3,0,0,0,995,718,995,3,28,3,300
1164,2,132,1,0,29,22,0,0,0,0,1098,1216,1098,3,26,1,200
1165,5,132,1,0,59,30,10,0,1,0,1204,1445,1204,4,25,3,300
1166,2,132,0,0,47,4,1,0,0,0,1062,1038,1062,2,1,1,108
1167,3,132,0,0,15,5,4,0,1,5,682,833,682,4,25,3,300
1168,3,133,0,0,37,43,1,1,0,1,490,442,490,4,3,1,217
1169,2,133,0,0,14,5,3,0,1,0,763,965,763,1,41,0,119
1170,3,133,0,0,47,5,2,0,2,1,688,443,688,4,25,3,300
1171,3,133,0,0,24,22,0,4,0,0,766,1312,766,3,28,3,300
1172,3,133,0,0,19,11,5,2,1,1,999,1095,999,4,28,3,300
1173,3,133,0,0,21,24,3,0,0,1,547,697,547,1,25,3,300
1174,3,133,0,0,38,25,6,0,0,2,548,558,548,3,25,3,300
1175,1,133,1,0,7,2,0,0,0,0,1203,837,1203,4,1,1,29
1176,3,133,0,0,50,28,2,0,0,0,732,462,732,1,25,3,300
1177,1,133,3,0,13,3,0,0,0,0,1516,633,1516,6,26,1,203
1178,4,133,0,0,57,19,1,0,1,0,1376,576,1376,1,10,0,234
1179,3,134,1,0,58,27,1,3,0,1,1466,444,1466,1,28,3,300
1180,3,134,0,0,53,38,2,3,2,1,916,786,916,3,28,3,300
1181,1,134,1,0,4,0,0,0,0,0,1412,537,1412,2,26,1,7
1182,3,134,0,0,21,11,8,0,2,0,677,445,677,2,25,3,300
1183,1,134,1,0,22,0,0,0,0,0,1044,543,1044,2,1,1,147
1184,2,134,1,0,25,7,3,0,0,0,650,1781,650,3,3,1,17
1185,3,134,0,0,62,41,1,1,0,0,747,593,747,6,25,3,300
1186,1,134,1,0,1,0,0,0,0,0,1207,1571,1207,3,26,1,21
1187,3,134,0,0,21,14,3,1,1,0,456,778,456,3,12,0,90
1188,1,134,1,0,5,3,0,0,0,0,759,496,759,6,26,1,95
1189,3,134,2,0,27,42,0,0,3,0,951,557,951,2,25,3,300
1190,1,135,0,0,9,7,1,0,1,0,555,497,555,3,0,0,236
1191,3,135,0,0,27,11,6,0,0,1,1001,455,1001,4,25,3,300
1192,1,135,2,0,28,9,0,0,0,0,2663,467,2663,1,3,1,203
1193,3,135,0,0,32,19,6,0,2,2,1308,465,1308,3,25,3,300
1194,3,135,0,0,12,19,2,1,2,1,1244,446,1244,4,0,0,135
1195,3,135,0,0,44,35,0,0,0,0,699,603,699,6,25,3,300
1196,3,135,2,1,53,40,0,0,0,1,478,561,478,3,25,3,300
1197,3,135,0,2,27,28,1,3,1,3,1580,1300,1580,4,28,3,300
1198,3,135,0,0,23,40,3,0,1,0,1315,447,1315,1,28,3,300
1199,2,135,0,1,21,11,2,3,2,0,1715,795,1715,1,0,0,133
1200,3,136,0,0,52,27,2,0,0,0,1952,476,1952,1,25,3,300
1201,3,136,0,0,44,17,4,1,1,0,678,1043,678,6,25,3,300
1202,3,136,0,0,29,27,0,0,0,0,578,588,578,6,28,3,300
1203,2,136,0,0,18,6,3,0,1,1,1076,520,1076,4,12,0,69
1204,3,136,0,0,67,29,4,4,4,0,1537,788,1537,1,25,3,300
1205,2,136,1,0,30,6,0,0,1,0,2656,506,2656,1,3,1,48
1206,2,136,0,0,31,17,3,0,1,0,503,448,503,3,10,0,63
1207,1,136,1,0,10,6,1,0,0,0,1045,1130,1045,1,26,1,216
1208,2,136,1,0,67,11,0,0,0,0,579,449,579,1,26,1,206
1209,1,136,1,0,9,1,0,0,0,0,893,468,893,4,26,1,85
1210,1,136,0,0,27,12,0,0,0,0,486,743,486,4,1,1,151
1211,3,136,0,0,70,22,0,0,0,0,1528,900,1528,2,1,1,120
1212,1,136,0,0,9,4,0,0,0,0,1255,658,1255,7,26,1,182
1213,1,137,0,0,12,8,1,1,3,1,1510,470,1510,2,5,0,244
1214,3,137,0,0,25,31,2,1,0,0,823,450,823,6,28,3,300
1215,3,137,1,0,66,23,0,1,0,0,599,546,599,3,1,1,113
1216,3,137,0,0,91,25,4,0,0,1,769,1336,769,3,25,3,300
1217,2,137,1,0,29,29,0,0,0,0,773,451,773,2,1,1,150
1218,3,137,2,0,52,25,3,0,0,1,1109,598,1109,6,25,3,300
1219,1,137,1,0,10,0,0,0,0,0,1150,483,1150,4,26,1,41
1220,2,137,0,0,28,14,2,0,0,0,566,625,566,1,7,1,243
1221,3,137,0,0,22,24,11,0,2,0,1262,697,1262,1,25,3,300
1222,2,137,0,0,62,3,5,0,0,0,1353,1623,1353,2,1,1,58
1223,5,137,0,0,35,80,0,0,0,0,1254,1756,1254,6,25,3,300
1224,1,138,2,0,14,11,0,0,0,0,567,452,567,1,26,1,202
1225,1,138,1,0,6,6,0,0,0,0,1697,744,1697,6,26,1,41
1226,2,138,2,0,38,12,0,1,0,0,1170,540,1170,1,1,1,173
1227,3,138,0,0,46,28,0,4,1,0,517,688,517,4,1,1,233
1228,2,138,0,0,17,11,0,1,1,0,687,471,687,1,0,0,84
1229,3,138,0,0,80,5,5,0,0,1,793,539,793,4,25,3,300
1230,2,138,0,0,59,15,0,0,0,0,1361,732,1361,1,3,1,278
1231,3,138,1,0,45,19,0,1,3,3,1791,512,1791,4,1,1,147
1232,2,138,0,1,29,11,3,0,1,0,1216,453,1216,3,1,1,264
1233,3,138,0,0,55,38,1,0,0,1,647,933,647,4,25,3,300
1234,3,138,0,1,39,27,1,1,0,0,557,747,557,6,25,3,300
1235,2,139,0,0,33,25,3,0,2,0,763,454,763,1,6,0,276
1236,3,139,0,0,28,22,2,5,0,2,475,842,842,1,34,3,300
1237,2,139,0,0,28,6,2,1,0,1,520,455,520,4,1,1,205
1238,1,139,0,0,3,5,1,3,1,1,558,456,558,3,5,0,239
1239,1,139,0,0,22,8,0,0,0,0,1447,533,1447,4,32,1,204
1240,3,139,0,0,134,51,0,1,0,0,837,532,837,4,25,3,300
1241,1,139,1,0,14,3,0,0,0,0,1486,651,1486,6,26,1,116
1242,3,139,2,0,34,16,2,1,0,1,833,680,833,4,25,3,300
1243,2,139,0,0,19,16,2,0,1,0,893,1150,893,4,10,0,287
1244,3,139,0,0,70,24,0,3,0,0,633,632,633,6,28,3,300
1245,1,140,0,0,6,3,2,0,1,0,802,488,802,1,10,0,216
1246,3,140,1,0,14,8,2,2,0,2,999,592,999,4,1,1,295
1247,3,140,0,0,36,15,0,7,0,2,699,499,699,6,25,3,300
1248,3,140,0,0,26,17,0,0,0,0,553,457,553,2,28,3,300
1249,3,140,0,0,58,16,1,0,2,1,509,458,509,2,32,1,200
1250,2,140,1,0,14,10,0,3,0,1,1014,459,1014,2,1,1,10
1251,2,140,0,0,25,7,0,3,1,0,1743,480,1743,1,10,0,140
1252,3,140,0,0,27,43,4,0,1,0,485,460,485,7,25,3,300
1253,1,140,0,0,5,44,0,1,0,0,758,1970,758,6,37,2,254
1254,1,140,1,0,8,12,1,0,0,0,1154,857,1154,2,26,1,225
1255,1,141,1,1,28,14,1,0,0,0,724,461,724,4,26,1,297
1256,1,141,0,0,10,17,0,1,1,1,645,1008,645,4,5,0,243
1257,2,141,0,0,6,8,1,2,3,2,756,474,756,3,19,0,201
1258,3,141,0,0,49,16,7,1,4,0,1203,623,1203,4,25,3,300
1259,3,141,0,0,55,20,2,1,0,3,1526,462,1526,1,25,3,300
1260,1,141,1,0,21,29,0,0,0,0,718,463,718,7,1,1,183
1261,3,141,0,1,54,37,1,0,2,0,1510,472,1510,2,34,3,300
1262,2,141,1,0,22,13,1,0,1,0,576,1976,576,1,10,0,139
1263,3,141,0,0,55,54,4,1,0,0,682,1001,682,4,25,3,300
1264,1,141,1,0,2,0,0,0,1,0,1038,717,1038,2,0,0,72
1265,5,141,0,0,70,8,0,0,0,0,1376,1502,1376,1,3,1,157
1266,3,142,0,0,21,1,6,1,4,4,788,504,788,1,25,3,300
1267,2,142,1,0,15,5,2,0,0,1,1300,1244,1300,4,26,1,22
1268,1,142,0,0,16,9,1,0,0,1,916,555,916,3,1,1,150
1269,1,142,0,1,15,10,0,1,1,0,1130,489,1130,1,50,0,185
1270,1,142,1,0,14,13,0,0,1,0,743,680,743,4,0,0,243
1271,1,142,1,0,14,3,0,0,0,0,1528,513,1528,2,26,1,127
1272,1,142,1,0,6,2,0,0,1,0,2656,646,2656,1,6,0,151
1273,3,142,0,0,94,26,0,4,0,2,958,1432,958,1,25,3,300
1274,1,142,1,0,8,4,0,0,0,0,486,528,486,4,26,1,144
1275,3,142,0,0,12,31,8,0,0,0,1264,759,1264,6,25,3,300
1276,3,143,0,0,32,32,2,0,0,0,786,487,786,3,28,3,300
1277,3,143,0,0,21,7,1,1,0,0,522,500,522,3,1,1,204
1278,3,143,0,0,42,21,5,0,2,0,1952,464,1952,1,25,3,300
1279,1,143,0,0,8,6,2,0,2,0,1053,536,1053,4,6,0,267
1280,3,143,0,0,55,71,1,4,1,1,1060,1537,1537,1,34,3,300
1281,3,143,0,0,47,22,2,1,1,1,1076,490,1076,4,28,3,300
1282,3,143,0,0,60,15,2,0,2,0,778,465,778,3,25,3,300
1283,3,143,0,0,87,37,2,0,0,0,837,481,837,4,25,3,300
1284,3,143,0,0,36,52,2,1,0,2,650,1033,650,3,28,3,300
1285,3,143,0,1,22,26,3,0,1,2,1466,1045,1466,1,6,0,119
1286,3,143,0,0,41,70,0,0,0,0,1315,1715,1315,1,28,3,300
1287,2,144,0,0,22,15,0,1,0,0,757,466,757,2,1,1,91
1288,3,144,0,0,24,34,1,1,1,1,543,537,543,2,34,3,300
1289,3,144,0,0,48,5,3,0,1,0,874,699,874,6,25,3,300
1290,3,144,0,0,26,19,7,0,0,2,476,1139,476,1,25,3,300
1291,3,144,0,0,34,6,0,5,0,1,795,477,795,1,25,3,300
1292,3,144,0,0,62,30,3,0,0,1,777,467,777,1,25,3,300
1293,1,144,1,0,12,6,0,0,0,0,508,468,508,4,26,1,143
1294,3,144,0,0,30,20,4,0,0,0,1571,935,1571,3,25,3,300
1295,2,144,1,0,9,7,0,1,1,0,833,933,833,4,48,0,114
1296,3,144,0,0,39,11,6,0,0,2,769,1207,769,3,25,3,300
1297,2,144,0,0,44,10,1,0,1,0,557,469,557,6,10,0,69
1298,3,145,0,2,22,25,5,2,1,0,1037,1043,1037,6,1,1,206
1299,3,145,0,0,25,20,5,1,1,3,1308,518,1308,3,25,3,300
1300,1,145,0,0,2,5,0,1,1,0,570,520,570,4,27,0,101
1301,3,145,0,0,48,36,0,2,0,0,593,653,593,6,3,1,64
1302,2,145,0,0,29,9,0,0,1,0,900,987,900,2,3,1,300
1303,3,145,1,0,29,15,3,0,0,0,1109,496,1109,6,26,1,130
1304,3,145,0,0,20,7,2,3,3,2,763,566,763,1,25,3,300
1305,3,145,1,0,42,32,1,5,1,0,700,1216,700,3,25,3,300
1306,1,145,1,0,23,3,0,0,0,0,1353,951,1353,2,26,1,140
1307,3,146,0,0,70,27,3,2,1,1,588,598,588,6,25,3,300
1308,3,146,0,0,39,17,6,0,0,0,1001,505,1001,4,25,3,300
1309,1,146,1,0,25,2,0,0,0,0,857,470,857,2,1,1,47
1310,1,146,0,0,6,7,1,1,0,1,999,597,999,4,26,1,121
1311,1,146,0,0,0,1,1,0,0,0,2037,646,2037,1,3,1,44
1312,3,146,0,0,28,19,2,0,0,0,678,578,678,6,28,3,300
1313,2,146,0,0,14,1,2,0,1,3,1976,471,1976,1,12,0,220
1314,1,146,1,0,13,6,0,0,0,0,766,498,766,3,3,1,181
1315,3,146,0,0,53,3,9,0,0,0,717,472,717,2,7,1,76
1316,1,146,1,0,20,9,0,1,0,0,1528,1044,1528,2,1,1,233
1317,1,146,0,0,11,5,2,0,0,0,1970,747,1970,6,18,1,199
1318,3,147,0,0,47,21,4,0,0,0,688,531,688,4,37,2,90
1319,3,147,1,0,60,34,2,11,0,1,744,499,744,6,25,3,300
1320,1,147,0,0,0,0,0,0,1,0,756,503,756,3,19,0,45
1321,2,147,0,0,15,6,5,0,1,0,548,1791,548,4,10,0,210
1322,1,147,1,0,34,3,0,0,0,0,1715,473,1715,4,1,1,167
1323,3,147,0,0,23,17,1,4,3,1,2656,802,2656,1,25,3,300
1324,3,147,0,0,72,17,2,0,0,0,682,1447,682,4,25,3,300
1325,2,147,0,0,16,8,1,1,2,2,547,842,547,1,10,0,260
1326,1,147,1,0,49,3,0,0,0,0,563,1038,563,2,1,1,228
1327,5,147,0,0,59,4,11,0,6,0,1204,647,1204,4,25,3,300
1328,3,148,0,0,33,12,6,0,0,3,849,809,849,4,25,3,300
1329,1,148,2,1,17,16,0,0,0,0,522,550,522,3,1,1,289
1330,2,148,1,0,50,8,0,0,0,0,1336,474,1336,3,3,1,167
1331,1,148,1,0,22,6,1,0,0,0,1262,475,1262,1,1,1,253
1332,3,148,0,1,46,24,4,0,1,1,1537,476,1537,1,25,3,300
1333,3,148,0,0,24,20,5,3,0,0,680,477,680,1,28,3,300
1334,3,148,0,0,61,52,0,0,0,0,567,788,567,1,25,3,300
1335,3,148,0,0,54,39,1,2,0,0,1361,1170,1361,1,25,3,300
1336,2,148,3,0,29,19,0,0,0,0,599,478,599,3,1,1,29
1337,1,148,1,0,9,2,0,0,0,0,1154,1510,1154,2,26,1,39
1338,3,148,0,0,51,20,1,0,1,0,576,1196,576,1,10,0,172
1339,3,149,0,0,32,20,1,0,0,0,553,479,553,2,25,3,300
1340,2,149,0,0,47,4,0,1,3,2,540,480,540,1,0,0,221
1341,3,149,1,0,34,59,0,4,1,2,645,481,645,4,36,1,128
1342,3,149,0,0,31,28,3,2,1,1,1076,517,1076,4,28,3,300
1343,1,149,0,0,14,0,1,0,1,0,874,1697,874,6,44,0,295
1344,2,149,0,1,25,9,1,0,0,3,916,558,916,3,1,1,170
1345,2,149,0,0,25,7,2,0,1,1,1952,687,1952,1,6,0,270
1346,3,149,2,0,70,34,0,0,0,0,575,482,575,4,1,1,280
1347,5,149,0,0,61,71,1,0,0,0,1743,1376,1743,1,25,3,300
1348,5,149,1,0,61,10,0,0,0,0,1516,1571,1516,3,25,3,300
1349,1,150,0,0,3,5,1,0,0,0,500,614,500,3,3,1,162
1350,3,150,0,0,59,7,3,1,2,2,536,483,536,4,25,3,300
1351,3,150,0,0,97,60,0,2,0,0,757,537,757,2,25,3,300
1352,3,150,0,0,53,67,8,0,0,0,1203,724,1203,4,34,3,300
1353,2,150,2,0,11,5,0,4,1,0,533,484,533,4,1,1,83
1354,2,150,0,1,44,42,0,0,1,0,529,1033,529,3,10,0,130
1355,2,150,0,0,27,22,1,2,1,1,718,1148,718,3,10,0,205
1356,2,150,0,0,44,5,0,2,4,0,1014,485,1014,2,1,1,264
1357,3,150,1,1,55,70,3,0,0,1,2663,958,2663,1,28,3,300
1358,3,150,0,0,19,11,4,0,1,0,893,486,893,4,25,3,300
1359,1,150,1,0,17,9,0,2,0,0,1756,1254,1756,6,1,1,215
1360,1,151,0,1,3,3,0,1,1,1,555,487,555,3,0,0,66
1361,3,151,0,0,46,37,3,1,0,0,732,488,732,1,25,3,300
1362,1,151,1,1,17,4,0,0,0,0,794,651,794,6,1,1,133
1363,1,151,1,0,14,1,0,1,0,0,795,549,795,1,32,1,208
1364,3,151,1,0,64,17,0,0,0,0,1045,489,1045,1,25,3,300
1365,3,151,0,0,30,10,6,0,0,0,1167,837,1167,4,25,3,300
1366,3,151,1,0,84,24,0,1,0,0,793,1502,793,4,25,3,300
1367,3,151,0,0,23,18,1,3,1,3,1486,588,1486,6,28,3,300
1368,3,151,1,0,14,51,0,0,0,0,677,1412,677,2,26,1,155
1369,3,151,0,0,76,50,0,1,0,0,1216,935,1216,3,25,3,300
1370,3,151,0,1,29,17,3,0,0,0,1264,905,1264,6,25,3,300
1371,3,152,1,0,49,37,0,1,3,0,1244,490,1244,4,5,0,284
1372,2,152,0,0,13,5,1,0,2,0,594,623,594,4,0,0,108
1373,3,152,0,0,38,15,1,1,1,2,512,1484,512,4,25,3,300
1374,2,152,0,0,42,2,3,0,0,0,550,491,550,3,7,1,247
1375,1,152,0,0,4,4,0,1,2,0,1526,777,1526,1,0,0,105
1376,3,152,0,0,28,26,3,0,1,1,1466,579,1466,1,28,3,300
1377,3,152,0,0,72,29,0,3,1,0,1580,1053,1580,4,1,1,293
1378,3,152,0,0,44,33,5,0,2,2,1623,513,1623,2,25,3,300
1379,3,152,0,0,24,13,1,1,3,1,743,833,743,4,25,3,300
1380,3,152,1,2,42,25,0,0,2,0,900,773,900,2,10,0,270
1381,1,152,1,0,24,17,0,1,0,0,658,492,658,6,26,1,295
1382,1,153,1,0,19,6,0,0,1,0,1175,509,1175,2,1,1,272
1383,3,153,0,0,62,29,0,2,0,1,1160,493,1160,3,25,3,300
1384,2,153,1,0,50,9,0,0,0,0,1117,494,1117,3,1,1,192
1385,3,153,0,0,18,22,3,0,0,3,2451,899,2451,3,25,3,300
1386,3,153,0,0,31,2,4,1,0,3,504,510,504,1,25,3,300
1387,2,153,0,0,24,29,1,0,0,0,591,495,591,3,1,1,265
1388,3,153,0,0,77,52,0,0,0,0,1170,625,1170,1,25,3,300
1389,2,153,0,0,42,43,0,2,0,1,778,650,778,3,1,1,257
1390,3,153,0,0,77,65,2,0,0,0,758,496,758,6,34,3,300
1391,2,153,0,0,22,19,5,0,1,0,2081,552,2081,3,10,0,221
1392,3,154,0,0,37,16,3,0,0,1,553,725,553,2,25,3,300
1393,3,154,0,0,5,21,6,1,2,0,597,502,597,4,28,3,300
1394,3,154,0,0,10,20,5,0,0,0,522,1363,522,3,35,1,155
1395,3,154,0,0,28,14,1,3,1,1,558,518,558,3,28,3,300
1396,2,154,0,1,19,30,1,0,2,2,574,514,574,6,6,0,185
1397,1,154,1,0,10,1,0,0,0,0,857,543,857,2,26,1,67
1398,3,154,1,1,48,39,1,3,0,0,763,547,763,1,25,3,300
1399,2,154,1,0,48,32,2,0,0,0,653,593,653,6,1,1,188
1400,2,154,0,1,19,25,0,1,4,1,570,1791,570,4,6,0,122
1401,3,154,0,0,46,27,0,5,4,1,778,995,778,3,5,0,280
1402,2,154,0,1,8,40,1,0,1,0,1062,563,1062,2,12,0,139
1403,3,155,0,0,38,85,4,0,2,0,546,497,546,3,25,3,300
1404,1,155,0,0,3,0,0,1,2,0,2442,2037,2442,1,51,0,41
1405,3,155,0,0,43,5,0,5,2,2,699,609,699,3,5,0,190
1406,1,155,0,0,18,11,2,0,1,0,1043,498,1043,6,10,0,149
1407,2,155,0,0,42,9,3,0,0,0,688,645,688,4,1,1,269
1408,3,155,0,0,32,24,6,0,2,2,680,540,680,1,25,3,300
1409,1,155,1,0,5,3,0,0,0,0,1196,579,1196,1,26,1,64
1410,3,155,0,0,38,17,5,0,0,1,1300,999,1300,4,3,1,141
1411,3,155,1,1,22,16,1,1,0,0,1336,916,1336,3,28,3,300
1412,1,155,0,0,15,0,1,0,0,0,1970,678,1970,6,7,1,112
1413,3,156,0,0,28,30,3,0,0,1,592,1447,592,4,25,3,300
1414,2,156,1,0,11,36,0,1,2,1,1510,600,600,2,26,1,22
1415,3,156,0,0,60,28,3,0,1,0,1356,545,1356,6,25,3,300
1416,2,156,2,0,28,9,0,2,0,0,1203,849,1203,4,1,1,40
1417,3,156,0,0,59,2,3,0,0,0,874,499,874,6,25,3,300
1418,2,156,1,0,75,7,3,0,0,2,1076,528,1076,4,1,1,75
1419,3,156,1,0,130,40,1,0,0,0,1528,1154,1528,2,25,3,300
1420,1,156,1,0,2,10,0,0,1,0,575,548,575,4,52,0,195
1421,3,156,0,0,19,17,2,1,0,0,1976,1952,1976,1,30,0,111
1422,3,156,0,0,29,22,9,0,0,0,682,1445,682,4,25,3,300
1423,5,156,0,0,29,89,1,3,3,1,1516,769,1516,3,51,0,190
1424,3,157,0,0,31,4,4,0,2,0,1001,534,1001,4,6,0,191
1425,3,157,0,0,70,29,3,0,1,1,531,517,531,4,25,3,300
1426,2,157,0,0,23,21,0,2,2,0,935,500,935,3,0,0,113
1427,3,157,0,0,23,20,7,0,1,0,1537,567,1537,1,25,3,300
1428,1,157,0,0,19,1,2,0,1,0,1432,538,1432,1,6,0,121
1429,3,157,0,1,94,52,1,1,1,0,1715,533,1715,4,0,0,242
1430,3,157,0,0,15,14,5,0,0,0,1315,576,1315,1,25,3,300
1431,3,157,0,0,30,14,5,0,1,0,1571,550,1571,3,25,3,300
1432,1,157,0,0,8,0,1,0,2,0,557,501,557,2,12,0,199
1433,5,157,0,0,94,36,3,2,0,0,1743,1376,1743,1,25,3,300
1434,1,158,1,0,17,1,0,0,0,0,520,502,520,4,1,1,67
1435,3,158,0,0,37,13,6,2,7,6,789,755,789,4,25,3,300
1436,3,158,1,0,25,28,0,2,0,0,591,1184,591,3,25,3,300
1437,3,158,0,0,15,10,3,0,0,0,1363,503,1363,3,25,3,300
1438,3,158,0,0,79,88,9,0,0,0,823,744,823,6,25,3,300
1439,3,158,0,0,54,15,1,0,1,2,854,504,854,1,25,3,300
1440,2,158,1,0,24,26,1,0,1,0,1130,1361,1130,1,10,0,109
1441,3,158,0,0,29,23,0,4,2,0,2656,1262,2656,1,25,3,300
1442,3,158,0,0,35,13,2,0,1,0,2442,1045,2442,1,10,0,145
1443,1,158,0,0,13,1,0,0,1,1,1207,756,1207,3,1,1,208
1444,1,159,0,0,0,2,0,1,2,0,551,1337,551,2,53,0,63
1445,3,159,0,0,17,12,4,0,1,1,724,505,724,4,25,3,300
1446,3,159,0,0,26,23,5,0,0,0,549,506,549,1,28,3,300
1447,1,159,0,0,7,3,2,0,1,0,1060,527,1060,1,0,0,227
1448,3,159,0,0,76,52,0,1,0,0,1014,757,1014,2,25,3,300
1449,1,159,0,0,1,1,0,0,2,0,1308,529,1308,3,0,0,133
1450,3,159,0,1,73,62,0,0,0,0,795,2663,795,1,28,3,300
1451,3,159,0,0,38,75,5,0,0,7,507,1466,507,1,28,3,300
1452,3,159,0,0,153,124,0,0,0,0,570,508,570,4,25,3,300
1453,3,159,0,0,42,28,5,0,0,0,1109,1486,1109,6,25,3,300
1454,3,159,1,0,25,19,0,0,0,0,1038,900,1038,2,32,1,242
1455,3,160,1,0,89,49,0,0,2,0,981,509,981,6,1,1,48
1456,3,160,0,0,68,45,1,1,2,2,625,564,625,1,25,3,300
1457,1,160,0,0,2,3,0,0,4,0,686,510,686,1,5,0,285
1458,3,160,0,0,67,47,0,5,6,0,580,511,580,2,10,0,103
1459,2,160,1,0,28,11,2,0,3,0,1697,794,1697,6,10,0,161
1460,3,160,0,0,23,12,3,0,0,0,594,512,594,4,25,3,300
1461,3,160,0,0,58,22,0,2,0,0,717,1175,1175,2,25,3,300
1462,3,160,0,0,46,18,5,0,1,0,1244,793,1244,4,25,3,300
1463,1,160,1,0,26,9,0,0,0,0,1580,647,1580,4,26,1,267
1464,3,160,0,0,118,50,0,0,0,0,1216,995,1216,3,25,3,300
1465,1,161,0,0,18,0,1,0,0,0,553,513,553,2,1,1,108
1466,3,161,0,0,74,51,0,3,0,0,1160,994,1160,3,28,3,300
1467,3,161,0,0,107,140,1,0,0,0,958,539,958,1,28,3,300
1468,1,161,0,0,2,0,1,0,1,0,597,536,597,4,44,0,73
1469,3,161,0,0,49,6,5,0,3,0,1033,1148,1033,3,25,3,300
1470,3,161,0,1,60,36,2,1,1,0,2081,555,2081,3,12,0,81
1471,3,161,1,0,53,37,0,0,0,1,857,1044,857,2,25,3,300
1472,3,161,0,0,41,37,3,0,0,0,758,632,758,6,25,3,300
1473,3,161,0,0,48,36,2,1,0,4,1502,833,1502,4,25,3,300
1474,3,161,0,0,25,35,4,0,0,3,799,743,799,4,28,3,300
1475,1,161,2,0,31,9,1,1,0,0,1353,1062,1353,2,1,1,252
1476,1,162,0,0,2,3,0,2,1,0,622,552,622,4,27,0,141
1477,1,162,0,0,18,3,2,0,0,2,725,514,725,6,1,1,226
1478,2,162,0,0,25,16,3,0,2,0,1117,546,1117,3,10,0,93
1479,3,162,0,0,50,33,3,3,2,2,746,515,746,4,25,3,300
1480,1,162,0,0,19,6,2,0,0,0,678,516,678,6,7,1,140
1481,3,162,0,2,99,60,0,2,0,0,646,517,646,4,28,3,300
1482,3,162,0,0,57,23,0,2,3,0,593,518,593,6,25,3,300
1483,3,162,0,0,90,34,0,0,0,0,837,1484,837,4,25,3,300
1484,1,162,1,0,30,13,0,0,1,0,1170,567,1170,1,10,0,217
1485,3,162,0,0,25,21,1,3,0,2,1336,1207,1336,3,25,3,300
1486,3,163,0,1,34,31,4,8,3,1,1537,579,1537,1,28,3,300
1487,2,163,1,0,44,32,1,1,0,0,540,569,540,1,7,1,196
1488,3,163,2,0,43,12,2,0,0,1,2286,572,2286,1,21,1,26
1489,1,163,1,0,10,2,0,0,0,0,592,519,592,4,1,1,107
1490,3,163,0,0,76,43,1,5,0,0,916,650,916,3,25,3,300
1491,2,163,0,0,25,13,3,1,2,1,520,1791,520,4,0,0,131
1492,2,163,0,0,19,16,3,0,2,0,763,1432,763,1,41,0,163
1493,2,163,0,0,33,7,2,0,2,1,874,1356,874,6,41,0,175
1494,3,163,1,0,25,8,1,2,3,0,521,522,521,3,25,3,300
1495,1,163,1,0,7,3,0,0,0,0,1376,575,1376,4,26,1,21
1496,3,163,0,0,16,33,1,1,0,1,905,1254,905,6,28,3,300
1497,3,164,0,0,16,6,4,0,0,0,1363,591,1363,3,25,3,300
1498,1,164,1,0,3,1,0,0,0,0,708,523,708,8,38,1,51
1499,3,164,0,0,18,16,7,1,1,0,587,797,587,9,54,0,273
1500,3,164,0,0,72,36,0,0,0,0,554,524,554,1,25,3,300
1501,3,164,2,0,44,21,0,0,0,0,571,525,571,8,25,3,300
1502,1,164,0,0,0,0,1,1,2,0,776,526,776,1,0,0,123
1503,3,164,0,0,64,102,2,0,0,1,716,791,716,8,28,3,300
1504,3,164,0,0,55,24,2,6,1,1,1076,1203,1076,4,25,3,300
1505,3,164,0,0,42,18,5,0,1,0,1571,558,1571,3,25,3,300
1506,3,164,0,0,44,23,3,0,1,0,653,1043,653,6,25,3,300
1507,3,164,0,1,32,30,3,0,0,0,668,2436,668,1,25,3,300
1508,3,165,1,0,74,19,0,1,0,0,1831,527,1831,1,25,3,300
1509,3,165,0,0,48,6,6,0,0,0,548,724,548,4,25,3,300
1510,3,165,1,0,112,35,1,0,1,1,728,688,728,4,25,3,300
1511,3,165,0,0,53,13,2,5,0,0,562,1184,1184,3,34,3,300
1512,1,165,0,0,9,0,1,0,1,0,802,528,802,1,5,0,153
1513,3,165,0,0,18,12,5,0,1,2,935,529,935,3,28,3,300
1514,3,165,1,0,73,37,2,0,0,0,1445,999,1445,4,25,3,300
1515,1,165,1,0,9,6,0,0,0,0,777,566,777,1,26,1,114
1516,1,165,0,0,1,5,1,0,2,0,2656,2442,2656,1,27,0,119
1517,1,165,0,0,11,4,0,1,0,2,1510,551,1510,2,1,1,235
1518,5,165,0,0,110,16,4,1,0,0,1204,893,1204,4,25,3,300
1519,3,166,0,0,10,25,1,1,2,0,680,530,680,1,28,3,300
1520,1,166,0,0,3,6,1,0,2,1,597,531,597,4,41,0,225
1521,3,166,0,0,65,68,0,4,0,0,674,738,674,8,28,3,300
1522,1,166,1,1,22,11,0,0,0,1,2451,532,2451,3,1,1,260
1523,3,166,0,0,77,16,0,2,0,2,2105,685,2105,8,25,3,300
1524,3,166,1,0,25,17,0,2,2,0,2663,533,2663,1,26,1,153
1525,2,166,0,0,12,14,3,0,2,0,1976,1196,1976,1,0,0,267
1526,3,166,0,0,19,36,3,1,0,1,1167,1715,1167,4,25,3,300
1527,3,166,0,0,19,51,0,3,0,1,747,759,759,6,33,2,300
1528,1,166,3,0,30,7,0,0,1,0,699,778,699,3,32,1,217
1529,5,166,0,3,95,71,3,3,2,1,1743,1315,1315,1,28,3,300
1530,3,167,0,0,67,62,0,0,0,0,967,797,967,9,25,3,300
1531,3,167,0,0,26,10,3,0,0,0,849,534,849,4,25,3,300
1532,3,167,0,0,15,23,4,1,0,0,549,535,549,1,25,3,300
1533,3,167,0,0,40,15,3,1,2,0,1889,738,1889,8,25,3,300
1534,1,167,0,0,2,1,1,0,0,0,645,536,645,4,30,0,202
1535,2,167,0,0,33,16,0,2,1,0,854,776,854,1,10,0,273
1536,3,167,0,0,76,22,1,0,1,0,1526,1130,1526,1,25,3,300
1537,3,167,1,0,46,55,0,0,0,0,773,757,773,2,25,3,300
1538,1,167,2,0,9,12,0,0,0,0,660,965,660,8,26,1,88
1539,1,167,2,0,16,3,0,0,0,0,1014,537,1014,2,26,1,179
1540,1,167,2,0,17,2,0,1,0,0,795,1466,795,1,13,1,178
1541,2,168,1,0,19,12,2,0,1,0,1001,1089,1001,4,1,1,29
1542,1,168,1,0,9,1,0,0,0,0,823,574,823,6,26,1,21
1543,2,168,1,0,37,17,0,0,0,0,539,538,539,1,36,1,102
1544,3,168,0,0,38,16,10,0,0,0,1293,884,1293,9,25,3,300
1545,3,168,0,0,56,18,4,0,0,2,1343,637,1343,8,25,3,300
1546,2,168,0,0,37,22,3,0,1,2,1689,540,1689,1,10,0,228
1547,3,168,0,0,73,10,0,0,0,0,608,541,608,9,25,3,300
1548,3,168,0,0,25,21,3,0,0,2,1300,622,1300,4,28,3,300
1549,2,168,0,0,20,5,2,0,3,0,1970,1109,1970,6,0,0,260
1550,3,168,0,0,50,33,5,1,0,0,633,658,633,6,25,3,300
1551,1,168,1,0,6,6,0,0,0,0,1516,1255,1516,3,36,1,205
1552,3,169,0,0,18,30,4,0,0,0,564,542,564,1,25,3,300
1553,2,169,1,0,14,9,0,1,0,0,1337,543,1337,2,26,1,101
1554,1,169,0,0,4,2,0,0,1,0,657,568,657,8,0,0,48
1555,1,169,0,0,7,8,1,0,1,0,987,544,987,6,10,0,165
1556,3,169,0,0,41,28,0,6,0,0,771,698,771,3,25,3,300
1557,1,169,0,0,4,6,1,1,2,0,1697,1037,1697,6,10,0,267
1558,3,169,0,0,59,38,3,1,0,0,1361,625,1361,1,25,3,300
1559,1,169,0,0,4,4,1,0,1,0,1117,1160,1117,3,10,0,95
1560,3,169,1,0,32,24,4,0,1,5,925,570,925,4,25,3,300
1561,3,169,2,0,74,38,0,0,0,0,1170,763,1170,1,25,3,300
1562,2,169,1,0,50,8,3,0,0,0,1216,599,1216,3,1,1,114
1563,3,169,0,0,12,47,2,4,1,0,1376,682,682,4,34,3,300
1564,1,170,1,0,17,15,0,0,0,0,1043,545,1043,6,3,1,300
1565,2,170,0,0,2,6,0,1,3,0,756,1363,756,3,27,0,104
1566,2,170,1,0,57,1,1,1,2,0,994,546,994,3,1,1,287
1567,3,170,0,0,43,67,4,0,0,0,1128,701,1128,9,28,3,300
1568,2,170,1,0,26,22,0,1,0,0,648,1060,648,1,26,1,88
1569,3,170,0,0,55,12,5,2,0,4,1006,566,1006,1,25,3,300
1570,3,170,1,0,146,28,1,1,0,0,794,603,794,6,25,3,300
1571,1,170,0,0,19,17,1,0,1,0,722,636,722,9,0,0,210
1572,3,170,0,0,45,27,5,0,0,0,1977,766,1977,3,25,3,300
1573,1,170,1,0,4,2,0,1,0,0,916,1308,916,3,26,1,54
1574,3,170,0,1,51,77,1,0,0,0,1502,743,1502,4,25,3,300
1575,1,171,1,0,4,9,0,0,0,0,1395,1773,1395,8,26,1,152
1576,3,171,0,0,31,23,3,0,0,0,786,917,786,7,25,3,300
1577,3,171,0,0,48,45,5,0,0,0,1546,571,1546,9,25,3,300
1578,3,171,0,0,44,47,2,1,0,0,1262,547,1262,1,28,3,300
1579,3,171,0,0,36,48,1,1,1,0,1244,548,1244,4,25,3,300
1580,3,171,0,0,46,72,2,1,0,0,2286,840,2286,1,25,3,300
1581,1,171,1,0,29,2,0,0,0,0,651,578,651,6,1,1,135
1582,3,171,1,0,40,21,4,0,0,0,857,900,857,2,26,1,224
1583,3,171,0,0,47,10,3,2,0,2,1207,935,1207,3,25,3,300
1584,3,171,1,0,43,26,1,1,2,0,2656,613,2656,1,32,1,135
1585,3,171,0,0,49,11,2,1,0,0,1448,1681,1448,9,25,3,300
1586,3,171,1,0,75,9,3,0,0,0,1970,1756,1970,6,32,1,157
1587,3,172,0,0,51,46,0,4,1,1,1537,549,1537,1,0,0,144
1588,3,172,0,0,59,14,10,0,0,0,650,550,650,3,25,3,300
1589,1,172,1,0,7,3,0,0,0,0,1203,789,1203,4,26,1,95
1590,2,172,0,0,22,8,1,1,2,0,600,551,600,2,0,0,250
1591,3,172,0,0,51,45,5,0,3,0,1066,768,1066,9,25,3,300
1592,3,172,0,0,43,48,3,3,4,0,793,552,793,4,28,3,300
1593,1,172,0,0,9,2,3,0,1,0,604,1890,604,8,10,0,198
1594,2,172,0,0,14,27,3,0,0,0,677,553,677,2,3,1,300
1595,2,172,0,0,30,15,1,0,1,0,1827,716,1827,8,55,0,299
1596,2,172,0,0,62,27,2,2,0,0,837,645,837,4,7,1,207
1597,3,172,1,0,20,2,4,0,2,3,1150,647,1150,4,25,3,300
1598,3,172,0,0,42,8,4,0,0,0,874,1486,874,6,25,3,300
1599,1,173,0,0,26,16,0,0,1,0,708,957,708,8,5,0,271
1600,3,173,1,0,50,25,0,0,0,0,1831,554,1831,1,39,1,87
1601,1,173,0,0,0,0,0,0,1,1,614,555,614,3,5,0,97
1602,1,173,1,0,8,5,0,0,0,0,792,556,792,9,18,1,90
1603,3,173,0,0,29,6,4,1,1,1,594,597,594,4,25,3,300
1604,1,173,1,0,9,3,1,0,0,0,1300,728,1300,4,26,1,162
1605,3,173,0,0,42,26,7,0,0,0,1053,1715,1053,4,25,3,300
1606,3,173,0,0,56,11,3,4,0,2,996,802,996,1,25,3,300
1607,1,173,1,0,8,1,0,0,0,0,678,588,678,6,26,1,20
1608,2,173,1,0,15,5,0,0,0,0,1254,557,1254,6,36,1,65
1609,5,173,1,0,94,71,5,1,1,0,2060,660,2060,8,25,3,300
1610,5,173,0,0,85,78,2,0,0,0,1204,799,1204,4,25,3,300
1611,3,174,0,0,46,29,6,0,0,0,1442,584,1442,9,25,3,300
1612,3,174,0,0,32,44,1,1,0,0,1066,967,1066,9,28,3,300
1613,2,174,1,0,19,12,3,0,2,0,1262,788,1262,1,10,0,208
1614,3,174,0,0,17,20,7,1,0,0,1356,558,1356,3,25,3,300
1615,3,174,0,0,13,10,5,0,0,3,1293,608,1293,9,25,3,300
1616,2,174,2,0,47,14,0,0,0,0,699,690,699,3,26,1,269
1617,3,174,0,0,62,41,4,1,0,0,1076,1445,1076,4,25,3,300
1618,1,174,1,0,17,10,1,0,0,2,1175,1510,1175,2,26,1,251
1619,3,174,0,0,46,21,6,0,0,0,1038,1154,1038,2,25,3,300
1620,3,174,0,0,55,32,0,0,0,0,905,758,905,6,25,3,300
1621,3,175,0,0,42,22,2,0,2,3,701,1070,701,9,10,0,117
1622,1,175,0,0,15,18,1,0,0,0,991,640,991,9,26,1,241
1623,3,175,0,0,57,42,1,7,2,0,585,924,585,4,28,3,300
1624,3,175,0,0,33,19,5,0,0,0,586,559,586,4,25,3,300
1625,3,175,1,0,91,11,0,4,0,0,965,685,965,8,26,1,194
1626,3,175,0,0,55,32,6,0,3,1,2663,577,2663,1,25,3,300
1627,3,175,0,0,66,47,0,0,0,0,602,560,602,4,25,3,300
1628,3,175,0,0,95,78,5,2,0,2,823,981,823,6,25,3,300
1629,1,175,1,0,11,11,0,0,0,0,1781,561,1781,3,26,1,48
1630,3,175,0,0,19,14,5,0,0,1,1976,1530,1976,1,25,3,300
1631,1,175,1,0,21,12,2,0,0,0,1916,948,1916,4,1,1,234
1632,3,176,0,0,78,65,1,1,0,0,2037,637,2037,8,25,3,300
1633,3,176,0,0,88,73,1,0,0,0,757,605,757,2,1,1,86
1634,3,176,0,0,77,57,5,0,0,0,2105,644,2105,8,25,3,300
1635,3,176,0,1,58,30,5,0,1,0,771,740,771,3,10,0,213
1636,3,176,0,0,66,17,0,2,0,0,593,609,593,6,25,3,300
1637,1,176,0,0,7,5,1,0,1,0,1977,562,1977,3,0,0,294
1638,1,176,1,0,13,14,0,1,0,0,958,854,958,1,26,1,232
1639,3,176,0,0,86,46,0,1,0,0,1689,846,1689,1,25,3,300
1640,2,176,1,0,55,34,1,1,0,0,729,601,729,2,1,1,199
1641,3,176,0,0,44,32,3,0,1,2,916,1571,916,3,25,3,300
1642,3,176,0,1,42,31,4,2,1,0,576,674,576,8,25,3,300
1643,3,176,1,0,88,20,2,1,0,0,1528,563,1528,2,25,3,300
1644,1,177,1,0,27,17,1,0,0,0,2436,581,2436,1,1,1,282
1645,1,177,1,0,16,6,1,0,0,0,1492,694,1492,8,1,1,281
1646,2,177,0,1,14,31,2,1,2,3,1537,2442,2442,1,33,2,108
1647,3,177,1,0,66,23,1,1,0,1,591,597,591,4,25,3,300
1648,1,177,1,0,12,5,0,0,1,0,1432,564,1432,1,41,0,118
1649,3,177,0,0,62,27,3,0,1,1,565,566,565,8,25,3,300
1650,3,177,0,0,67,32,0,2,0,0,579,1108,579,8,25,3,300
1651,2,177,3,0,37,17,0,2,0,0,1014,600,1014,2,1,1,268
1652,3,177,0,0,38,20,3,5,3,0,1791,999,1791,4,25,3,300
1653,3,177,0,0,11,17,5,2,0,4,849,1076,849,4,25,3,300
1654,1,177,1,2,10,8,0,0,0,0,717,773,717,2,26,1,159
1655,3,178,0,0,61,31,1,0,4,2,656,573,656,9,25,3,300
1656,3,178,0,0,116,15,2,0,0,0,840,567,840,1,25,3,300
1657,3,178,0,0,43,13,2,1,2,0,650,2451,650,3,25,3,300
1658,3,178,0,0,29,14,1,0,0,0,722,1128,722,9,25,3,300
1659,1,178,1,0,2,2,0,0,0,0,1952,763,1952,1,26,1,59
1660,1,178,2,0,17,1,0,0,0,0,795,648,795,1,26,1,132
1661,1,178,1,0,8,1,0,1,1,0,1580,1167,1580,4,38,1,178
1662,1,178,1,0,6,4,0,0,1,0,632,1109,632,6,0,0,116
1663,3,178,0,0,31,26,1,5,0,2,1170,1526,1170,1,25,3,300
1664,1,178,1,0,9,3,0,0,0,0,778,700,778,3,1,1,27
1665,5,178,0,0,90,50,4,1,0,0,1704,1448,1704,9,25,3,300
1666,3,179,0,0,43,13,0,3,0,0,1184,583,1184,3,25,3,300
1667,3,179,0,0,60,38,5,0,0,0,738,791,738,8,25,3,300
1668,3,179,0,0,54,37,1,1,0,0,1203,1001,1203,4,28,3,300
1669,3,179,0,0,61,31,0,2,0,1,792,587,792,9,25,3,300
1670,3,179,0,0,35,15,5,0,0,0,1343,1889,1343,8,25,3,300
1671,2,179,1,0,37,13,0,0,0,0,1697,758,1697,6,1,1,214
1672,1,179,0,0,24,3,0,2,2,0,1053,1244,1053,4,1,1,234
1673,3,179,1,0,35,25,2,1,1,0,917,599,917,3,28,3,300
1674,1,179,0,0,19,0,0,1,0,1,925,592,925,4,7,1,268
1675,1,179,2,0,12,1,0,0,0,0,1255,995,1255,3,1,1,112
1676,2,179,0,0,48,5,1,1,0,1,1264,632,1264,6,32,1,288
1677,2,180,0,0,23,1,0,1,1,0,768,568,768,9,1,1,50
1678,3,180,0,0,6,22,3,1,6,0,680,1006,680,1,25,3,300
1679,2,180,1,0,32,28,0,0,2,0,1130,569,1130,1,0,0,158
1680,2,180,0,0,2,13,5,0,2,0,901,1890,901,8,10,0,192
1681,3,180,0,0,40,8,6,0,0,1,801,725,801,6,25,3,300
1682,1,180,0,0,2,12,1,1,3,0,1781,1117,1781,3,19,0,255
1683,3,180,0,0,66,24,0,0,0,0,1546,1681,1546,9,25,3,300
1684,2,180,0,0,53,19,0,3,0,1,744,1308,744,3,1,1,218
1685,3,180,0,0,123,95,1,0,0,0,646,837,646,4,25,3,300
1686,1,180,0,0,30,10,0,0,0,0,1689,2442,1689,1,1,1,181
1687,3,180,0,0,65,14,7,0,2,6,996,2656,996,1,25,3,300
1688,3,180,0,0,127,61,0,1,1,0,570,647,570,4,0,0,256
1689,3,181,0,0,37,33,2,3,0,1,957,571,957,9,28,3,300
1690,3,181,0,0,22,29,6,0,0,0,1297,1272,1297,8,25,3,300
1691,1,181,1,0,4,4,0,0,0,0,1225,624,1225,4,26,1,40
1692,3,181,0,0,53,28,3,0,0,1,1773,1603,1773,9,25,3,300
1693,3,181,0,0,19,23,6,0,1,0,833,755,833,4,25,3,300
1694,3,181,1,1,67,42,2,0,0,0,756,935,756,3,25,3,300
1695,2,181,0,0,10,3,3,0,0,0,1060,625,1060,1,1,1,171
1696,1,181,1,0,29,15,0,0,0,0,871,651,871,6,1,1,253
1697,1,181,1,0,15,11,0,0,0,0,951,857,951,2,1,1,189
1698,3,181,1,0,55,60,0,0,0,0,2286,1361,2286,1,28,3,300
1699,1,181,1,0,16,3,0,0,0,0,1756,633,1756,6,1,1,113
1700,2,181,2,0,43,16,0,0,0,0,1516,1336,1516,3,1,1,124
1701,3,182,0,0,41,42,2,3,2,0,924,615,924,4,25,3,300
1702,3,182,0,0,80,51,1,2,0,0,895,572,895,8,25,3,300
1703,1,182,0,0,4,0,3,0,2,1,789,679,789,4,5,0,232
1704,2,182,1,0,41,12,0,0,1,0,899,585,899,4,10,0,72
1705,1,182,0,0,7,1,2,0,1,0,640,573,640,9,10,0,160
1706,3,182,0,0,39,26,1,4,0,0,807,688,807,4,25,3,300
1707,3,182,0,0,92,35,0,0,1,0,1466,586,1466,1,25,3,300
1708,2,182,0,0,18,15,2,0,4,1,846,776,846,1,10,0,229
1709,1,182,0,0,25,2,0,0,0,0,718,614,718,3,1,1,228
1710,3,182,0,0,40,23,0,1,0,0,1395,668,1395,8,25,3,300
1711,3,182,0,1,62,50,2,1,1,0,2081,994,2081,3,25,3,300
1712,1,182,1,0,9,1,0,0,0,0,1300,799,1300,4,32,1,53
1713,1,183,1,0,5,0,0,0,0,0,1037,574,1037,6,1,1,47
1714,2,183,2,0,70,29,1,0,0,0,1128,584,1128,9,1,1,270
1715,3,183,0,0,63,10,3,0,0,2,595,607,595,8,25,3,300
1716,3,183,0,0,46,29,4,0,2,0,1356,771,1356,3,25,3,300
1717,1,183,0,0,31,11,0,0,0,0,1916,732,1916,1,3,1,300
1718,1,183,1,0,36,4,0,0,3,0,1715,1196,1715,1,6,0,267
1719,3,183,0,0,45,22,3,0,0,1,1175,580,1175,2,25,3,300
1720,3,183,0,0,47,19,2,2,1,0,1337,1623,1337,2,25,3,300
1721,1,183,0,0,26,14,0,0,0,0,893,575,893,4,1,1,299
1722,4,183,0,0,61,16,2,0,2,0,1970,905,1970,6,10,0,74
1723,1,184,2,0,9,0,0,0,0,0,643,596,643,9,1,1,77
1724,2,184,0,0,93,41,0,0,1,0,697,749,697,4,3,1,300
1725,3,184,0,0,24,10,2,1,3,2,724,648,724,1,6,0,132
1726,2,184,1,0,31,17,0,0,0,0,810,670,810,9,32,1,292
1727,1,184,0,0,2,8,0,0,3,0,686,2436,686,1,19,0,180
1728,2,184,2,0,42,22,0,0,0,0,854,788,854,1,36,1,164
1729,3,184,0,0,93,66,2,2,1,1,1526,777,1526,1,25,3,300
1730,1,184,1,0,16,1,0,0,0,0,1150,849,1150,4,36,1,169
1731,2,184,0,0,31,30,0,0,1,0,1510,773,1510,2,5,0,202
1732,5,184,0,0,60,63,10,1,1,0,1704,1293,1704,9,25,3,300
1733,3,185,0,0,78,56,1,0,0,1,609,603,609,3,25,3,300
1734,3,185,2,0,58,14,0,0,0,0,650,598,650,3,25,3,300
1735,3,185,0,0,27,2,1,0,3,3,2037,657,2037,8,25,3,300
1736,3,185,0,0,68,52,4,1,0,0,1969,757,1969,2,25,3,300
1737,3,185,0,0,21,17,6,3,0,0,1530,2663,1530,1,28,3,300
1738,3,185,0,0,24,18,4,0,0,0,1571,690,1571,3,25,3,300
1739,1,185,0,0,2,3,0,0,1,0,1432,795,1432,1,10,0,47
1740,3,185,0,1,174,100,1,0,0,0,791,716,791,8,25,3,300
1741,2,185,0,0,28,2,4,0,1,0,769,699,769,3,12,0,231
1742,5,185,0,0,51,40,0,1,0,0,2060,576,2060,8,25,3,300
1743,4,185,1,1,61,42,0,0,0,0,1743,1315,1743,1,1,1,234
1744,3,186,0,0,26,18,3,0,0,0,715,2361,715,3,25,3,300
1745,3,186,1,0,51,22,3,0,0,1,831,1160,831,3,25,3,300
1746,3,186,0,0,59,6,8,0,4,0,948,577,948,1,25,3,300
1747,3,186,0,1,33,21,1,1,0,2,747,578,747,6,25,3,300
1748,1,186,1,0,17,6,0,0,0,0,711,579,711,8,1,1,165
1749,1,186,2,0,9,12,0,0,1,0,1689,1170,1689,1,10,0,142
1750,3,186,0,0,24,35,2,2,0,0,910,965,910,8,28,3,300
1751,3,186,0,0,42,41,5,0,0,1,991,612,991,9,25,3,300
1752,3,186,0,0,32,30,2,0,0,0,1154,900,1154,2,1,1,90
1753,3,186,0,0,44,21,2,0,0,0,717,1014,717,2,25,3,300
1754,3,186,0,0,178,88,0,1,0,0,1602,1376,1602,4,25,3,300
1755,3,187,0,0,52,29,2,4,1,2,967,943,967,9,28,3,300
1756,1,187,2,0,11,1,0,0,0,0,689,602,689,4,32,1,40
1757,3,187,0,0,25,32,4,2,3,0,637,644,637,8,25,3,300
1758,3,187,0,0,14,29,3,0,0,2,709,580,709,2,25,3,300
1759,3,187,0,1,27,28,6,0,2,1,727,924,727,4,25,3,300
1760,1,187,0,0,5,0,0,0,1,0,687,581,687,1,0,0,17
1761,2,187,0,0,17,17,2,0,3,0,987,794,987,6,10,0,189
1762,1,187,1,0,25,14,0,0,1,0,1445,741,1445,4,10,0,212
1763,1,187,1,0,37,10,0,0,1,0,1442,1146,1442,9,10,0,249
1764,2,187,0,0,39,12,5,2,0,2,916,778,916,3,3,1,300
1765,3,188,0,0,59,19,0,1,0,0,605,582,605,6,34,3,300
1766,3,188,0,0,75,63,0,0,0,0,1001,583,1001,4,28,3,300
1767,3,188,0,0,102,24,0,2,1,0,1890,584,1890,9,25,3,300
1768,3,188,0,2,50,39,1,0,0,0,604,895,895,8,33,2,114
1769,3,188,0,0,15,15,2,1,1,0,774,884,774,9,25,3,300
1770,1,188,1,0,6,6,0,0,0,0,645,585,645,4,26,1,94
1771,2,188,0,0,9,17,2,1,1,1,1492,2562,1492,8,12,0,136
1772,2,188,0,0,17,14,1,0,1,1,2105,708,2105,8,48,0,92
1773,3,188,1,0,40,11,2,2,0,4,996,1976,996,1,25,3,300
1774,1,188,1,0,8,7,0,0,0,0,1528,1353,1528,2,26,1,64
1775,1,189,0,0,22,3,3,0,0,0,1006,586,1006,1,1,1,292
1776,2,189,0,0,17,19,1,1,1,0,899,1791,899,4,0,0,42
1777,3,189,0,0,64,31,0,1,0,0,608,587,608,9,25,3,300
1778,3,189,0,0,56,25,2,0,0,0,1262,1952,1262,1,28,3,300
1779,1,189,0,0,3,2,1,0,1,0,1977,1033,1977,3,48,0,127
1780,1,189,2,0,12,6,0,0,0,0,1066,611,1066,9,1,1,56
1781,1,189,1,0,6,1,0,0,0,0,1109,588,1109,6,26,1,77
1782,3,189,0,0,36,31,4,0,1,0,653,823,653,6,25,3,300
1783,3,189,0,0,38,61,3,1,1,0,743,1076,743,4,28,3,300
1784,2,189,1,0,36,13,1,0,1,0,1448,722,1448,9,0,0,87
1785,2,189,1,0,43,32,0,0,0,0,700,830,700,3,32,1,289
1786,5,189,1,0,77,96,1,5,1,1,1098,1756,1098,6,25,3,300
1787,2,190,0,0,23,18,3,0,1,1,1330,589,1330,8,10,0,218
1788,3,190,0,0,72,43,0,4,2,0,821,735,821,8,25,3,300
1789,3,190,1,0,36,34,2,0,2,0,826,635,826,9,10,0,22
1790,1,190,1,0,21,3,0,0,0,0,731,760,731,9,1,1,69
1791,3,190,0,0,88,73,1,0,0,0,940,590,940,8,25,3,300
1792,3,190,1,0,82,6,4,0,0,0,832,867,832,9,13,1,118
1793,3,190,0,0,61,45,1,0,1,0,1916,854,1916,1,25,3,300
1794,1,190,1,0,7,2,0,0,0,0,1488,1729,1488,9,1,1,114
1795,1,190,1,1,19,25,1,1,1,0,1012,1345,1012,8,6,0,291
1796,3,190,0,0,102,27,0,1,0,0,1216,616,1216,3,13,1,214
1797,2,191,0,0,55,17,1,0,0,0,721,1190,721,1,1,1,276
1798,2,191,0,0,33,17,0,1,0,0,620,591,620,4,7,1,70
1799,3,191,0,0,46,10,5,0,0,3,802,1537,802,1,25,3,300
1800,3,191,0,0,33,47,2,0,0,2,957,643,957,9,28,3,300
1801,1,191,0,0,20,0,1,0,1,0,592,1831,592,1,10,0,178
1802,1,191,3,0,21,9,1,0,1,0,917,744,917,3,1,1,191
1803,1,191,1,0,21,4,0,0,0,0,1043,593,1043,6,1,1,35
1804,1,191,1,0,6,0,0,0,0,0,1827,660,1827,8,26,1,7
1805,3,191,0,0,23,28,2,0,0,3,925,594,925,4,28,3,300
1806,1,191,1,0,54,9,0,0,0,0,1486,632,1486,6,1,1,195
1807,1,191,0,0,6,21,1,0,1,1,1038,951,1038,2,41,0,218
1808,2,191,1,0,24,13,1,0,1,0,1970,1254,1970,6,0,0,266
1809,3,192,0,0,42,19,0,2,0,0,674,1108,674,8,25,3,300
1810,3,192,0,0,17,7,3,0,2,4,680,1045,680,1,25,3,300
1811,3,192,1,0,53,32,2,0,0,0,1167,728,1167,4,25,3,300
1812,3,192,0,0,33,44,6,0,0,1,1006,840,1006,1,28,3,300
1813,3,192,0,0,52,43,1,3,0,0,1361,595,1361,8,25,3,300
1814,3,192,0,0,81,16,11,0,2,0,901,791,901,8,25,3,300
1815,1,192,1,0,10,5,0,0,0,0,1697,678,1697,6,26,1,133
1816,1,192,1,0,2,0,0,0,0,0,1203,682,1203,4,26,1,12
1817,3,192,0,0,238,96,0,0,0,0,1715,1689,1715,1,25,3,300
1818,1,192,1,0,19,6,0,0,0,0,1540,1062,1540,2,36,1,146
1819,3,193,0,0,53,37,0,0,0,0,1272,703,1272,8,25,3,300
1820,1,193,1,0,11,2,0,0,0,0,1244,623,1244,4,13,1,82
1821,3,193,0,0,60,24,0,1,2,0,1297,637,1297,8,25,3,300
1822,1,193,0,0,2,0,2,0,1,0,1044,734,1044,2,10,0,202
1823,3,193,0,0,50,45,2,0,0,0,1060,958,1060,1,25,3,300
1824,3,193,1,0,47,26,0,2,0,0,2286,687,2286,1,36,1,122
1825,1,193,0,0,0,8,0,0,0,0,649,1225,649,4,37,2,29
1826,1,193,0,0,4,0,0,0,1,0,756,609,756,3,19,0,63
1827,1,193,0,0,14,4,0,2,1,0,1255,1150,1255,3,10,0,289
1828,1,193,1,0,11,13,0,0,0,0,2060,1343,2060,8,32,1,299
1829,1,194,1,0,11,3,0,0,0,0,610,596,610,9,7,1,22
1830,1,194,0,0,19,4,1,0,1,0,1949,619,1949,8,10,0,97
1831,1,194,0,0,6,7,1,2,1,0,842,641,842,1,10,0,243
1832,3,194,0,0,24,3,2,0,0,3,849,597,849,4,25,3,300
1833,3,194,1,0,35,13,3,0,1,0,1512,613,1512,1,10,0,128
1834,2,194,0,0,6,6,0,2,0,0,599,598,599,3,1,1,91
1835,1,194,1,0,12,3,0,2,0,1,773,600,773,2,26,1,218
1836,3,194,0,0,85,68,1,0,0,0,810,666,810,9,34,3,300
1837,1,194,0,0,5,24,1,0,1,0,697,646,697,4,0,0,184
1838,1,194,0,0,4,16,1,0,1,0,2656,795,2656,1,10,0,184
1839,3,195,0,0,44,30,0,0,2,0,1160,2361,1160,3,0,0,68
1840,1,195,1,0,65,22,0,0,0,0,696,757,696,2,1,1,264
1841,3,195,0,0,64,56,1,1,0,0,2436,648,2436,1,25,3,300
1842,1,195,0,0,6,2,1,0,2,0,2442,606,2442,8,56,0,103
1843,2,195,1,0,43,35,2,0,0,0,2562,965,2562,8,26,1,142
1844,3,195,0,0,21,31,6,0,0,0,677,601,677,2,25,3,300
1845,2,195,0,0,68,39,2,2,1,0,1466,1537,1466,1,3,1,300
1846,3,195,0,0,58,51,4,0,0,0,1977,1571,1977,3,25,3,300
1847,3,195,0,0,40,30,4,1,0,0,769,1216,769,3,25,3,300
1848,5,195,0,0,62,51,3,2,0,0,1264,874,1264,6,25,3,300
1849,1,196,1,0,22,8,0,0,0,0,2099,634,2099,4,36,1,253
1850,3,196,0,1,36,30,6,0,2,0,1184,764,1184,3,25,3,300
1851,3,196,0,0,74,67,2,0,0,0,688,662,688,4,28,3,300
1852,2,196,1,0,48,20,1,0,0,0,1791,602,1791,4,1,1,79
1853,3,196,1,0,41,55,0,1,0,7,768,1890,768,9,28,3,300
1854,1,196,0,0,11,11,1,0,3,0,2105,2443,2105,8,51,0,203
1855,2,196,0,0,28,16,2,0,2,0,1781,715,1781,3,10,0,103
1856,3,196,0,0,104,73,0,0,0,0,1442,991,1442,9,25,3,300
1857,3,196,0,0,33,41,2,1,0,0,893,1001,893,4,28,3,300
1858,3,196,0,0,91,26,0,0,0,1,1485,1154,1485,2,25,3,300
1859,5,196,0,0,151,105,0,1,0,0,1580,1602,1580,4,25,3,300
1860,3,197,0,0,83,28,0,0,0,0,1936,621,1936,1,25,3,300
1861,3,197,0,0,50,38,4,0,0,0,1031,695,1031,1,25,3,300
1862,1,197,0,0,18,7,1,0,0,0,668,846,668,8,1,1,92
1863,1,197,0,0,25,31,1,0,2,3,792,731,792,9,10,0,225
1864,3,197,0,0,85,11,3,0,5,1,1729,643,1729,9,25,3,300
1865,1,197,1,0,8,7,0,0,0,0,1969,709,1969,2,26,1,43
1866,3,197,0,1,62,55,2,0,0,0,801,650,801,3,28,3,300
1867,2,197,1,0,47,51,1,0,0,0,1510,729,1510,2,1,1,232
1868,3,197,1,0,62,29,2,0,0,0,1300,1502,1300,4,25,3,300
1869,2,198,2,0,15,6,1,0,0,1,702,657,702,8,26,1,32
1870,3,198,0,0,37,28,0,2,0,0,967,1128,967,9,25,3,300
1871,3,198,0,0,124,47,3,1,0,1,698,603,698,3,25,3,300
1872,1,198,1,0,14,21,0,1,2,0,943,884,943,9,6,0,269
1873,2,198,0,1,48,32,0,1,0,1,1196,639,1196,1,1,1,141
1874,1,198,1,0,9,0,0,0,0,0,1530,1432,1530,1,36,1,81
1875,3,198,0,0,67,26,2,0,2,1,910,711,910,8,25,3,300
1876,3,198,1,0,42,29,0,1,1,0,1356,1336,1356,3,1,1,54
1877,3,198,0,0,91,33,2,2,0,0,799,995,799,4,25,3,300
1878,1,198,1,0,10,5,0,0,0,0,1337,717,1337,2,1,1,131
1879,3,198,0,0,55,16,4,1,0,0,1109,905,1109,6,25,3,300
1880,5,198,0,0,87,68,1,5,3,0,996,1743,996,1,25,3,300
1881,2,199,0,0,64,29,0,0,0,1,970,638,970,2,1,1,233
1882,1,199,1,0,14,9,0,0,2,0,1949,604,1949,8,6,0,125
1883,1,199,0,0,3,2,1,0,1,0,789,620,789,4,6,0,55
1884,3,199,0,0,36,36,1,3,0,1,936,1117,936,3,25,3,300
1885,3,199,0,0,81,72,1,1,1,0,821,1130,821,8,25,3,300
1886,1,199,0,0,25,5,2,0,0,0,987,663,987,6,1,1,299
1887,1,199,0,0,22,0,0,0,0,0,1037,605,1037,6,1,1,128
1888,3,199,0,0,60,58,0,0,0,0,917,2081,917,3,25,3,300
1889,3,199,0,0,75,61,0,4,0,0,1293,877,877,10,34,3,300
1890,2,199,1,0,18,8,1,0,1,0,1546,655,1546,10,26,1,11
1891,3,199,0,0,47,62,1,2,1,0,743,1445,743,4,0,0,252
1892,3,200,0,0,44,36,4,0,0,0,644,606,644,8,25,3,300
1893,2,200,0,0,37,28,1,0,3,0,676,705,676,4,10,0,156
1894,2,200,0,0,1,36,3,0,1,0,1159,630,1159,1,0,0,88
1895,2,200,0,0,28,11,2,0,1,1,831,1107,831,3,10,0,102
1896,3,200,0,0,48,1,2,2,0,1,794,654,794,6,34,3,300
1897,1,200,0,0,21,11,0,1,1,0,740,741,740,4,10,0,273
1898,2,200,1,0,36,23,4,1,1,1,1146,636,1146,9,10,0,245
1899,2,200,0,0,6,15,3,0,1,1,727,645,727,4,6,0,280
1900,3,200,0,0,68,49,0,0,0,0,1170,674,1170,8,25,3,300
1901,1,200,1,0,3,0,0,0,0,0,1419,833,1419,4,26,1,42
1902,1,200,1,0,18,7,0,0,0,0,699,766,699,3,26,1,146
1903,3,200,1,0,76,38,1,0,0,0,1697,759,1697,6,25,3,300
1904,3,201,0,0,24,18,0,0,0,0,940,1088,940,8,28,3,300
1905,3,201,2,0,68,28,0,3,0,1,903,749,903,4,28,3,300
1906,3,201,0,0,67,56,1,0,0,1,777,1045,777,1,25,3,300
1907,3,201,0,0,73,39,0,0,0,0,840,1831,840,1,25,3,300
1908,3,201,0,0,36,67,5,0,1,0,1791,2099,1791,4,25,3,300
1909,1,201,0,0,4,0,1,0,1,0,1175,659,1175,2,12,0,149
1910,3,201,0,0,74,33,5,0,0,0,802,631,802,1,25,3,300
1911,3,201,2,0,84,110,0,0,0,0,607,660,607,8,28,3,300
1912,1,201,1,0,16,8,0,0,0,0,1066,608,1066,9,26,1,198
1913,1,201,1,0,8,9,0,0,0,0,1623,857,1623,2,26,1,70
1914,2,201,0,0,47,6,2,0,0,0,1053,689,1053,4,1,1,140
1915,5,201,0,0,105,45,1,0,0,0,1970,1264,1970,6,25,3,300
1916,2,202,0,0,16,11,2,1,2,0,725,609,725,3,10,0,67
1917,1,202,0,0,26,24,1,1,2,0,826,610,826,9,10,0,299
1918,3,202,0,0,45,27,8,0,1,0,1345,708,1345,8,25,3,300
1919,3,202,0,0,52,29,1,1,0,0,1006,721,1006,1,25,3,300
1920,2,202,0,0,65,96,2,0,1,0,867,1370,867,10,0,0,294
1921,3,202,1,0,68,33,2,1,0,0,793,746,793,4,25,3,300
1922,3,202,0,0,80,79,2,0,0,0,1488,2642,1488,10,25,3,300
1923,3,202,1,0,67,45,0,0,0,0,2436,1916,2436,1,25,3,300
1924,1,202,1,0,39,15,0,0,0,1,696,773,696,2,1,1,278
1925,1,202,0,0,20,0,0,1,1,1,718,756,718,3,1,1,258
1926,3,202,0,0,55,33,2,1,0,0,1203,893,1203,4,28,3,300
1927,2,202,0,0,46,25,0,1,2,0,1715,2656,1715,1,0,0,249
1928,3,203,1,0,68,41,0,3,0,0,1070,611,1070,9,25,3,300
1929,3,203,0,0,51,31,0,0,0,0,1603,612,1603,9,25,3,300
1930,1,203,1,0,5,2,0,0,1,0,1952,613,1952,1,10,0,100
1931,3,203,0,0,68,27,3,0,1,1,724,649,724,1,25,3,300
1932,1,203,0,0,1,7,0,2,2,1,776,661,776,1,0,0,185
1933,3,203,0,0,39,32,2,1,0,0,2451,994,2451,3,25,3,300
1934,1,203,1,0,5,1,0,0,0,0,1033,614,1033,3,26,1,50
1935,3,203,0,0,36,98,1,0,0,0,1043,981,1043,6,25,3,300
1936,3,203,1,0,50,18,0,0,0,0,957,656,957,9,25,3,300
1937,3,203,0,0,87,46,1,0,0,0,1689,2663,1689,1,25,3,300
1938,3,203,0,0,36,32,1,4,1,0,837,615,837,4,28,3,300
1939,4,203,0,0,74,56,4,0,3,0,1827,2105,1827,8,48,0,67
1940,3,204,0,0,38,28,2,1,0,0,738,1949,738,8,25,3,300
1941,1,204,0,0,15,5,0,0,1,0,1757,823,1757,6,12,0,113
1942,1,204,0,0,1,2,0,0,2,0,686,680,686,1,51,0,114
1943,1,204,1,0,18,17,0,0,0,0,647,646,647,4,26,1,231
1944,3,204,0,0,29,14,4,0,1,2,1308,616,1308,3,25,3,300
1945,1,204,1,0,20,11,2,0,0,0,861,2286,861,1,1,1,203
1946,3,204,0,0,36,23,1,0,1,0,2037,1012,2037,8,25,3,300
1947,1,204,0,0,0,4,0,0,1,0,1510,696,1510,2,6,0,65
1948,2,204,0,0,32,32,2,0,0,0,1969,669,1969,2,7,1,194
1949,1,204,1,0,2,3,0,0,0,0,1154,729,1154,2,26,1,51
1950,1,204,0,0,28,1,1,0,0,0,1353,1092,1353,2,1,1,216
1951,2,204,1,0,59,17,0,0,0,0,1528,1038,1528,2,26,1,184
1952,1,205,0,0,18,6,0,0,1,2,1102,731,1102,9,6,0,258
1953,1,205,1,0,10,13,0,0,0,0,1155,761,1155,1,32,1,119
1954,2,205,0,0,33,39,0,0,0,0,1142,787,1142,1,32,1,173
1955,1,205,0,0,12,6,0,1,1,0,1352,617,1352,1,0,0,243
1956,3,205,0,0,17,16,4,1,0,2,1013,618,1013,1,25,3,300
1957,3,205,1,0,54,36,1,2,0,0,710,667,710,1,36,1,19
1958,3,205,1,0,118,27,0,0,0,0,2443,619,2443,8,25,3,300
1959,2,205,0,0,42,27,1,1,1,1,2442,668,2442,8,44,0,162
1960,1,205,0,0,9,8,1,0,1,0,2516,1618,2516,1,10,0,167
1961,2,205,1,1,13,19,0,0,0,0,743,1300,743,4,32,1,100
1962,3,206,0,0,41,37,1,3,1,0,728,620,728,4,25,3,300
1963,3,206,0,0,18,26,0,0,0,1,662,621,662,1,28,3,300
1964,3,206,0,0,35,22,0,2,0,0,642,1084,642,3,25,3,300
1965,1,206,2,0,26,5,0,0,0,0,1936,1031,1936,1,1,1,66
1966,1,206,0,0,6,7,1,0,1,0,760,666,760,9,10,0,201
1967,3,206,0,0,61,2,4,0,1,0,694,716,694,8,25,3,300
1968,3,206,0,0,25,35,1,3,0,0,899,807,899,4,28,3,300
1969,3,206,0,0,32,17,3,0,0,0,1001,622,1001,4,25,3,300
1970,2,206,1,0,61,48,1,0,0,0,1681,991,1681,9,26,1,250
1971,1,206,1,0,18,19,1,0,0,0,1244,697,1244,4,26,1,296
1972,1,206,0,0,10,3,0,1,2,0,1225,849,1225,4,10,0,273
1973,3,206,1,0,90,57,2,1,0,0,1293,877,1293,10,25,3,300
1974,3,207,0,0,63,41,0,0,0,0,640,760,640,9,28,3,300
1975,3,207,1,0,57,72,0,2,3,0,935,623,935,4,0,0,192
1976,2,207,0,0,52,20,0,1,0,0,1791,624,1791,4,13,1,260
1977,3,207,0,0,34,14,0,2,0,0,1160,786,1160,3,3,1,111
1978,1,207,0,0,12,5,1,0,1,0,821,652,821,8,0,0,167
1979,3,207,0,0,51,18,5,0,0,0,1076,692,1076,4,25,3,300
1980,1,207,0,0,5,5,1,0,0,0,948,671,948,1,26,1,149
1981,3,207,0,0,36,17,0,4,4,0,1492,910,1492,8,25,3,300
1982,2,207,1,0,45,38,0,3,0,0,2562,1361,2562,8,26,1,254
1983,3,207,0,1,39,18,2,1,0,4,925,789,925,4,25,3,300
1984,3,207,0,0,64,65,4,0,0,0,958,625,958,1,25,3,300
1985,5,207,0,0,49,45,1,0,1,0,1315,1976,1315,1,28,3,300
1986,3,208,0,0,38,30,2,1,0,0,1272,675,675,8,28,3,300
1987,3,208,0,0,28,17,0,2,0,0,751,626,751,8,1,1,64
1988,3,208,1,0,68,33,1,0,0,1,800,944,800,3,26,1,41
1989,3,208,0,0,65,52,0,1,0,0,949,627,949,8,28,3,300
1990,1,208,0,0,21,3,0,0,0,0,1723,628,1723,3,1,1,261
1991,1,208,0,0,11,8,0,0,1,0,866,629,866,8,10,0,132
1992,3,208,0,0,19,19,5,0,0,1,1202,1297,1202,8,25,3,300
1993,1,208,1,0,31,3,0,0,0,0,1485,677,1485,2,26,1,148
1994,3,208,0,0,36,32,0,0,0,1,1144,1232,1144,8,25,3,300
1995,3,208,2,0,42,38,0,0,0,0,1392,1443,1392,3,25,3,300
1996,5,208,0,1,122,58,1,0,0,0,658,700,658,7,25,3,300
1997,3,209,0,0,29,27,4,0,5,0,788,630,788,1,25,3,300
1998,3,209,0,0,31,35,3,0,0,0,648,631,648,1,25,3,300
1999,3,209,0,0,42,44,0,0,0,0,917,698,917,3,25,3,300
2000,3,209,0,0,25,28,0,1,0,0,1512,1262,1512,1,25,3,300
2001,3,209,0,0,37,18,1,1,0,0,795,842,795,1,25,3,300
2002,3,209,0,0,46,40,1,0,0,0,810,792,810,9,25,3,300
2003,1,209,1,0,8,1,0,0,0,0,1343,776,1343,8,26,1,31
2004,1,209,0,0,1,8,1,0,0,0,1571,1167,1571,4,3,1,47
2005,3,209,0,0,55,51,2,0,0,0,830,1148,830,3,25,3,300
2006,3,209,0,0,85,49,0,3,0,0,633,632,633,6,25,3,300
2007,2,209,1,0,15,22,0,1,0,0,1516,769,1516,3,26,1,115
2008,2,210,1,0,39,5,0,0,0,0,1773,702,1773,9,26,1,25
2009,3,210,0,0,63,49,0,1,0,0,1032,634,1032,4,28,3,300
2010,2,210,1,2,23,73,0,2,0,0,936,1184,936,3,36,1,292
2011,3,210,0,0,70,20,3,1,0,0,967,635,967,10,25,3,300
2012,2,210,0,0,9,7,0,2,3,0,1890,636,1890,9,5,0,87
2013,3,210,0,0,51,32,6,0,0,0,1952,840,1952,1,25,3,300
2014,1,210,0,0,3,8,2,0,1,0,1729,943,1729,9,10,0,153
2015,2,210,0,0,4,3,0,1,2,2,831,725,831,3,10,0,99
2016,3,210,0,0,48,29,6,0,0,0,650,1089,650,4,25,3,300
2017,3,210,1,0,122,73,3,1,0,0,1037,757,1037,6,25,3,300
2018,2,210,1,0,28,0,2,0,2,0,1977,916,1977,3,18,1,97
2019,3,211,0,0,29,6,3,3,1,1,695,1190,695,1,28,3,300
2020,1,211,1,0,10,7,0,0,0,0,703,1949,703,8,26,1,71
2021,3,211,0,0,11,27,3,1,1,0,1330,1372,1330,9,10,0,99
2022,1,211,1,0,2,0,0,0,0,0,921,987,921,6,26,1,7
2023,1,211,0,1,16,52,0,0,0,0,826,1070,1070,9,57,2,259
2024,3,211,0,0,68,108,0,0,0,0,771,2081,771,3,25,3,300
2025,3,211,0,0,38,28,0,5,0,1,903,688,688,4,33,2,122
2026,3,211,0,0,37,35,1,1,1,0,740,925,740,4,28,3,300
2027,3,211,0,0,38,15,0,0,0,0,717,970,717,2,25,3,300
2028,3,211,0,0,54,26,0,2,0,0,1356,1311,1356,3,28,3,300
2029,5,211,0,0,85,60,0,0,0,0,1442,1448,1442,9,25,3,300
2030,1,212,1,0,34,16,0,0,0,0,1299,683,1299,10,18,1,226
2031,3,212,0,1,52,41,6,0,0,0,1108,637,1108,8,25,3,300
2032,2,212,1,0,35,18,2,0,1,0,709,638,709,2,10,0,256
2033,1,212,0,0,3,6,1,0,1,0,1889,685,1889,8,47,0,195
2034,1,212,0,0,4,2,0,0,0,0,874,672,672,6,45,2,88
2035,3,212,0,0,129,143,0,0,0,0,791,1130,791,8,28,3,300
2036,2,212,0,0,19,17,1,2,0,0,933,645,933,4,26,1,80
2037,3,212,0,1,44,82,2,2,1,1,1432,861,1432,1,5,0,164
2038,2,212,1,0,21,7,0,0,0,0,1254,1109,1254,6,26,1,92
2039,4,212,1,0,68,67,4,1,0,1,1756,747,1756,6,1,1,249
2040,1,213,0,0,33,5,4,0,0,0,1537,639,1537,8,1,1,225
2041,3,213,0,0,32,22,2,1,1,1,966,760,966,9,25,3,300
2042,1,213,1,0,9,2,0,0,0,0,1102,640,1102,9,26,1,17
2043,2,213,2,0,56,61,1,0,0,0,764,744,764,3,26,1,136
2044,1,213,0,1,12,6,1,0,2,0,1345,641,1345,8,0,0,283
2045,2,213,1,0,29,32,0,1,0,0,2443,710,2443,8,26,1,289
2046,2,213,0,0,26,15,3,0,0,1,1336,642,1336,3,1,1,185
2047,3,213,0,0,33,21,3,1,0,0,799,1781,1781,3,33,2,300
2048,1,213,1,1,4,10,0,0,0,0,1689,795,1689,1,36,1,76
2049,5,213,0,1,64,66,0,2,1,2,996,1743,996,1,28,3,300
2050,1,214,1,0,7,0,0,0,0,0,1117,849,1117,4,26,1,45
2051,1,214,1,0,5,1,0,0,1,0,1372,643,1372,9,10,0,69
2052,1,214,1,0,15,17,0,0,0,0,899,676,899,4,26,1,250
2053,3,214,1,0,111,87,0,2,0,0,940,901,940,8,25,3,300
2054,3,214,0,1,74,91,0,0,0,0,728,807,728,4,25,3,300
2055,3,214,0,0,164,160,0,3,0,0,724,1466,724,1,25,3,300
2056,2,214,0,0,15,8,1,1,2,0,737,1043,737,6,6,0,74
2057,1,214,1,0,9,6,0,1,0,0,2562,2442,2562,8,26,1,160
2058,3,214,0,0,94,26,6,0,0,0,758,720,758,6,25,3,300
2059,3,214,0,0,64,57,4,0,0,0,1216,699,1216,3,25,3,300
2060,5,214,0,0,77,44,5,0,0,2,1293,1546,1293,10,28,3,300
2061,4,214,1,0,65,16,1,0,1,1,1970,1255,1970,6,2,0,54
2062,1,215,1,0,7,2,0,0,0,0,895,644,895,8,26,1,23
2063,1,215,0,0,9,1,1,0,2,0,2027,645,2027,7,10,0,214
2064,3,215,0,0,83,65,5,0,0,0,2451,955,2451,3,28,3,300
2065,3,215,0,1,45,52,0,1,0,0,873,872,873,8,28,3,300
2066,2,215,1,0,53,28,0,2,1,0,1383,823,1383,6,3,1,300
2067,1,215,0,0,8,2,2,0,0,0,689,646,689,4,3,1,148
2068,3,215,0,0,41,13,1,1,0,0,793,727,793,4,25,3,300
2069,1,215,0,0,3,6,0,1,2,0,1526,686,1526,1,6,0,228
2070,1,215,1,0,14,26,0,0,0,0,1146,957,1146,9,26,1,220
2071,3,215,0,0,65,61,3,0,0,0,647,837,647,4,25,3,300
2072,2,215,0,0,57,48,0,1,0,0,1510,1969,1510,2,1,1,230
2073,2,216,0,0,7,10,0,2,2,0,774,820,774,10,10,0,218
2074,3,216,2,0,61,37,3,0,0,2,674,711,674,8,25,3,300
2075,1,216,0,0,8,0,1,0,2,0,680,648,680,1,10,0,158
2076,3,216,0,0,53,42,3,0,0,3,661,649,661,1,28,3,300
2077,2,216,1,1,10,28,0,1,0,1,1001,650,1001,4,26,1,29
2078,2,216,1,1,17,17,0,0,0,1,2436,1006,2436,1,26,1,66
2079,1,216,0,0,6,0,0,0,1,0,924,697,924,4,0,0,45
2080,2,216,2,0,33,9,0,0,0,0,1488,1467,1488,10,26,1,275
2081,3,216,0,0,25,32,2,0,0,0,1300,681,1300,4,25,3,300
2082,1,216,1,0,15,8,0,0,0,0,1092,1175,1092,2,26,1,207
2083,3,217,0,0,72,77,0,3,0,0,787,1159,787,1,28,3,300
2084,3,217,0,0,97,55,0,1,0,1,1160,651,1160,3,25,3,300
2085,3,217,0,0,16,26,4,0,1,0,1443,798,1443,4,10,0,190
2086,3,217,1,0,33,39,3,0,0,1,1012,652,1012,8,25,3,300
2087,3,217,0,1,36,45,5,0,2,2,1262,1723,1262,1,25,3,300
2088,2,217,0,0,46,39,1,1,1,0,1144,1142,1144,8,26,1,256
2089,1,217,0,0,5,3,3,0,1,0,1571,1076,1571,4,10,0,150
2090,2,217,0,0,29,2,5,0,2,0,874,672,874,6,44,0,269
2091,3,217,0,0,82,19,6,2,2,2,682,1225,682,4,25,3,300
2092,2,217,1,0,85,10,3,0,1,0,1757,981,1757,6,3,1,300
2093,2,217,1,0,20,13,1,2,3,0,951,729,951,2,6,0,271
2094,1,217,1,0,19,12,0,0,0,0,1516,653,1516,6,32,1,280
2095,3,218,0,0,85,44,3,0,0,0,698,654,698,3,25,3,300
2096,3,218,0,0,77,62,0,0,0,0,1370,655,1370,10,25,3,300
2097,3,218,0,0,64,22,0,2,0,0,1890,684,1890,9,28,3,300
2098,3,218,0,0,63,14,4,1,0,0,1128,656,1128,9,25,3,300
2099,3,218,0,0,36,40,0,2,2,0,1294,657,1294,1,25,3,300
2100,3,218,1,0,54,64,1,2,0,1,1196,777,1196,1,28,3,300
2101,3,218,0,0,22,2,3,0,2,0,1167,833,1167,4,25,3,300
2102,3,218,0,1,62,18,1,0,1,0,759,871,871,6,33,2,105
2103,1,218,1,0,8,12,0,0,0,0,830,658,830,3,26,1,137
2104,3,219,0,0,44,15,6,0,6,1,2037,821,2037,8,25,3,300
2105,1,219,0,0,6,4,0,1,1,0,792,719,792,9,6,0,164
2106,3,219,0,0,45,37,1,0,0,2,688,727,688,4,25,3,300
2107,3,219,0,0,48,50,0,0,0,0,703,866,703,8,28,3,300
2108,3,219,0,0,84,63,0,0,0,0,1831,958,1831,1,25,3,300
2109,1,219,1,0,6,2,2,1,1,0,794,659,794,6,10,0,144
2110,1,219,0,1,14,24,0,0,0,0,1148,766,1148,3,37,2,86
2111,3,219,0,1,83,39,2,1,1,0,708,660,708,8,25,3,300
2112,3,219,0,0,54,19,4,0,0,1,1952,802,1952,1,25,3,300
2113,3,219,0,0,34,20,0,2,1,2,831,1033,831,3,28,3,300
2114,1,219,1,0,3,0,0,0,0,0,1203,743,1203,4,26,1,46
2115,5,219,0,1,71,36,7,0,0,0,1204,1580,1204,4,25,3,300
2116,1,220,0,0,12,5,0,0,1,1,991,731,991,9,10,0,299
2117,3,220,0,0,128,24,2,0,0,0,1170,791,1170,8,25,3,300
2118,2,220,1,0,57,9,1,2,2,0,1227,661,1227,1,13,1,236
2119,2,220,1,0,52,21,0,0,0,0,1013,662,1013,1,36,1,177
2120,3,220,1,0,49,21,5,0,0,4,948,1155,948,1,25,3,300
2121,3,220,0,0,57,30,0,0,0,0,1773,810,1773,9,25,3,300
2122,1,220,1,0,8,5,0,0,0,0,854,2663,854,1,26,1,115
2123,2,220,1,0,25,9,1,0,2,0,1791,933,1791,4,1,1,151
2124,3,220,0,0,116,24,1,0,0,0,1053,1376,1053,4,25,3,300
2125,3,220,0,0,72,41,6,1,0,1,1697,1756,1697,6,25,3,300
2126,5,220,1,0,124,30,8,0,0,2,996,1715,996,1,25,3,300
2127,1,221,1,1,19,7,1,0,0,0,818,663,818,6,26,1,275
2128,3,221,0,1,54,75,1,0,0,0,1030,664,1030,1,25,3,300
2129,1,221,1,0,16,4,0,3,0,0,739,665,739,4,36,1,297
2130,3,221,0,0,16,34,6,0,0,0,1001,899,1001,4,25,3,300
2131,3,221,0,0,48,65,0,0,0,0,1043,757,757,6,33,2,300
2132,1,221,1,0,10,2,0,0,0,0,1343,1028,1343,8,26,1,115
2133,1,221,2,0,24,6,0,0,0,0,1311,756,1311,3,1,1,218
2134,3,221,0,0,42,56,6,0,0,0,1027,704,1027,1,25,3,300
2135,3,221,1,0,83,55,0,1,0,0,2115,1259,2115,4,25,3,300
2136,3,221,2,0,50,34,0,1,0,0,1361,763,1361,1,26,1,41
2137,3,222,1,0,36,36,7,0,4,0,2642,666,2642,10,25,3,300
2138,3,222,0,0,30,31,4,0,1,0,784,667,784,1,6,0,251
2139,1,222,3,0,22,8,0,0,0,0,949,701,949,9,26,1,245
2140,2,222,1,0,13,10,1,1,4,0,789,786,789,4,5,0,64
2141,1,222,0,0,13,0,5,0,0,0,1439,2029,1439,1,35,1,135
2142,2,222,2,0,34,4,1,0,0,1,832,751,832,9,26,1,60
2143,1,222,1,0,9,13,0,0,0,0,1244,740,1244,4,32,1,115
2144,1,222,0,0,35,26,0,0,1,0,2105,668,2105,8,48,0,255
2145,2,222,1,0,11,14,0,1,0,2,773,669,773,2,26,1,26
2146,3,222,0,0,15,9,7,0,1,0,812,753,812,4,25,3,300
2147,1,222,1,0,23,13,0,0,0,0,1154,1014,1154,2,26,1,178
2148,3,223,0,0,26,39,2,1,1,0,1299,967,1299,10,0,0,71
2149,3,223,1,0,120,89,0,2,0,0,2443,716,2443,8,28,3,300
2150,1,223,1,0,20,7,0,1,0,0,1412,709,1412,2,1,1,124
2151,3,223,0,0,56,6,3,0,1,0,1352,2436,1352,1,25,3,300
2152,3,223,0,0,32,57,7,0,1,1,861,795,861,1,28,3,300
2153,1,223,1,0,40,8,0,0,0,0,1102,670,1102,9,1,1,230
2154,3,223,1,0,90,67,0,0,0,0,1681,1146,1681,9,28,3,300
2155,3,223,0,0,41,40,4,0,1,0,1770,778,1770,3,25,3,300
2156,3,223,0,0,20,6,1,0,0,2,1336,718,1336,3,25,3,300
2157,3,223,0,1,28,25,0,2,0,0,917,1356,917,3,1,1,131
2158,3,223,0,0,91,35,1,0,2,3,2656,1432,2656,1,25,3,300
2159,5,223,1,0,111,57,11,0,0,0,1353,1528,1353,2,25,3,300
2160,2,224,0,0,12,3,2,0,1,0,1723,671,1723,1,12,0,110
2161,2,224,0,0,24,28,2,0,3,0,937,672,937,6,27,0,159
2162,1,224,0,0,20,3,1,0,1,0,1297,673,673,9,45,2,131
2163,1,224,1,0,26,12,0,0,0,0,2286,1039,2286,1,1,1,158
2164,3,224,0,0,56,18,10,0,0,0,1537,674,1537,8,25,3,300
2165,3,224,0,0,5,20,2,0,2,0,801,936,801,3,25,3,300
2166,3,224,0,0,36,17,0,5,0,0,1232,675,1232,8,28,3,300
2167,1,224,1,0,22,2,0,0,0,0,1512,1060,1512,1,7,1,115
2168,2,224,0,0,17,12,3,0,1,0,1044,1623,1044,2,0,0,61
2169,3,224,0,1,62,38,2,0,0,0,1308,1024,1308,3,28,3,300
2170,2,224,1,0,18,14,0,0,0,0,1255,1216,1255,3,36,1,87
2171,3,225,0,0,60,49,1,1,2,0,755,676,755,4,25,3,300
2172,3,225,0,0,64,12,4,0,4,0,1184,1083,1184,3,12,0,133
2173,2,225,0,0,42,25,2,1,0,0,970,677,970,2,3,1,228
2174,1,225,1,0,3,0,0,0,1,0,1109,678,1109,6,0,0,50
2175,3,225,0,0,163,63,1,2,1,0,746,679,746,4,25,3,300
2176,3,225,0,0,26,41,3,0,0,1,1976,910,1976,8,28,3,300
2177,1,225,1,0,54,18,0,0,0,0,724,1526,724,1,7,1,291
2178,2,225,0,0,32,14,2,0,0,0,1492,1395,1492,8,7,1,152
2179,1,225,1,0,18,4,0,0,0,0,1530,1689,1530,1,36,1,155
2180,3,225,1,0,80,53,5,0,0,0,1757,905,1757,6,25,3,300
2181,5,225,0,1,127,57,5,1,0,0,1293,1488,1293,10,25,3,300
2182,2,226,1,1,51,24,2,1,0,0,1070,768,1070,9,1,1,260
2183,3,226,0,0,16,23,0,1,5,0,858,966,858,9,10,0,110
2184,3,226,0,0,76,58,0,1,0,0,855,854,855,1,28,3,300
2185,3,226,0,0,54,6,1,4,1,0,2664,680,2664,1,10,0,265
2186,1,226,1,0,15,0,0,0,0,0,1550,681,1550,4,26,1,36
2187,3,226,0,0,91,37,0,2,0,1,1466,1262,1466,1,28,3,300
2188,3,226,0,0,57,40,0,1,0,0,1546,877,1546,10,25,3,300
2189,3,226,0,0,12,6,7,0,3,1,1571,682,1571,4,25,3,300
2190,3,226,1,0,21,51,0,1,0,0,1092,1540,1092,2,1,1,25
2191,3,226,0,0,40,22,0,1,0,0,1486,1264,1486,6,25,3,300
2192,5,226,0,0,76,60,0,2,0,0,2060,1743,2060,8,25,3,300
2193,3,227,0,0,33,35,1,0,0,0,820,683,820,10,25,3,300
2194,3,227,0,0,20,4,0,1,0,1,943,684,943,9,25,3,300
2195,2,227,1,0,56,39,0,5,0,0,955,871,955,3,32,1,282
2196,3,227,0,0,19,7,2,1,0,2,872,685,872,8,25,3,300
2197,3,227,0,0,38,4,4,0,0,5,1006,686,1006,1,25,3,300
2198,3,227,1,0,47,13,2,0,0,0,798,687,798,1,25,3,300
2199,3,227,0,0,28,23,0,5,0,0,689,688,688,4,33,2,300
2200,3,227,0,1,49,34,2,0,0,0,1037,921,1037,6,25,3,300
2201,3,227,0,0,42,43,2,0,0,0,2027,690,2027,4,25,3,300
2202,1,227,0,0,18,9,3,0,0,0,1383,794,1383,6,3,1,300
2203,3,227,0,0,58,58,2,2,0,0,2562,2105,2562,8,25,3,300
2204,4,227,0,0,36,26,4,0,1,0,1442,1066,1442,9,12,0,237
2205,3,228,0,0,121,48,0,3,1,1,723,748,723,4,25,3,300
2206,3,228,0,0,65,17,4,1,0,0,2304,691,2304,4,25,3,300
2207,1,228,0,0,9,1,1,0,2,1,1089,692,1089,4,58,0,177
2208,3,228,0,0,46,47,1,3,0,0,958,693,958,1,28,3,300
2209,3,228,1,1,120,82,0,1,2,0,1345,694,1345,8,28,3,300
2210,2,228,0,0,5,18,1,0,2,0,2516,695,2516,1,10,0,149
2211,3,228,0,0,18,36,5,1,1,0,857,696,857,2,25,3,300
2212,1,228,0,0,9,2,0,2,0,0,1807,893,1807,4,1,1,237
2213,3,228,0,0,166,63,2,0,0,0,2081,697,2081,4,25,3,300
2214,1,228,0,0,17,3,0,1,1,0,1448,792,1448,9,10,0,274
2215,3,228,0,0,27,20,1,1,0,0,1254,1098,1254,6,28,3,300
2216,1,228,0,0,7,4,1,0,1,1,1132,1403,1132,11,6,0,289
2217,2,229,1,0,62,47,0,2,0,0,1193,1032,1193,4,32,1,240
2218,3,229,0,0,30,16,0,5,0,0,1890,1903,1903,9,33,2,300
2219,3,229,1,0,33,33,2,1,0,0,835,787,835,1,25,3,300
2220,3,229,0,0,67,37,0,2,0,1,1128,1330,1128,9,28,3,300
2221,3,229,0,0,116,69,0,1,0,0,2451,698,2451,3,25,3,300
2222,3,229,0,0,23,5,3,0,1,0,1167,1419,1167,4,25,3,300
2223,3,229,0,0,13,4,5,1,1,0,1889,1333,1889,8,25,3,300
2224,3,229,0,0,37,45,3,0,0,0,1336,1311,1336,3,28,3,300
2225,3,229,0,0,65,81,2,0,1,0,1502,1196,1502,1,28,3,300
2226,3,229,1,0,47,24,1,0,0,1,1337,1510,1337,2,26,1,104
2227,2,229,2,1,43,43,0,0,0,0,700,699,700,6,26,1,248
2228,3,230,0,0,33,30,2,1,1,0,965,701,965,9,25,3,300
2229,2,230,1,0,30,11,2,0,0,0,1729,702,1729,9,36,1,26
2230,1,230,1,0,20,9,1,0,0,0,1076,780,1076,4,26,1,185
2231,3,230,0,0,86,51,0,0,0,0,1831,1013,1831,1,25,3,300
2232,1,230,1,0,29,11,0,1,0,1,1289,935,1289,4,1,1,282
2233,1,230,1,0,14,9,0,0,0,0,2037,703,2037,8,26,1,186
2234,3,230,0,0,72,83,0,4,0,0,1148,808,1148,4,25,3,300
2235,3,230,0,0,47,37,2,0,0,0,753,704,753,1,25,3,300
2236,3,230,0,0,64,86,0,0,0,0,1160,771,1160,3,28,3,300
2237,1,230,1,0,13,13,0,0,0,0,1300,1207,1300,4,26,1,180
2238,3,230,0,0,30,42,12,0,0,0,1203,1580,1203,4,25,3,300
2239,5,230,0,0,105,41,9,0,0,1,1204,1602,1204,4,25,3,300
2240,3,231,0,0,53,43,4,2,0,0,741,705,741,4,28,3,300
2241,2,231,0,0,7,14,0,3,1,0,1033,764,1033,3,0,0,65
2242,3,231,0,0,37,9,6,1,1,0,1314,739,1314,4,25,3,300
2243,1,231,1,0,21,12,0,0,0,0,1581,940,1581,8,1,1,67
2244,3,231,0,0,38,5,6,0,0,0,762,706,762,4,25,3,300
2245,1,231,0,0,6,2,1,0,1,0,839,707,839,3,10,0,191
2246,3,231,0,1,34,20,4,0,2,0,1159,2436,1159,1,48,0,93
2247,3,231,0,0,48,67,2,0,0,0,873,895,873,8,25,3,300
2248,1,231,0,0,9,4,0,1,1,0,1012,708,1012,8,12,0,207
2249,3,231,0,0,68,71,4,3,0,0,1146,810,1146,9,28,3,300
2250,1,231,0,0,7,0,0,0,0,0,1014,709,1014,2,1,1,19
2251,2,231,1,0,28,29,1,1,0,0,1361,745,1361,1,1,1,225
2252,3,231,0,0,80,18,0,1,0,0,1149,1794,1149,6,25,3,300
2253,1,232,0,0,1,0,2,0,1,0,1949,710,1949,8,41,0,95
2254,3,232,0,0,52,26,2,1,1,1,1088,1142,1088,8,25,3,300
2255,1,232,0,0,5,18,1,0,1,0,1130,711,1130,8,10,0,263
2256,3,232,2,0,66,21,0,3,0,0,1046,733,1046,3,18,1,233
2257,1,232,1,0,20,7,0,1,0,0,908,712,908,3,26,1,202
2258,3,232,0,0,113,95,1,2,1,0,915,713,915,3,25,3,300
2259,2,232,1,0,36,14,0,0,0,2,1065,1078,1065,3,32,1,137
2260,3,232,0,0,35,14,0,3,3,1,796,714,796,3,5,0,169
2261,1,232,1,0,9,1,0,0,0,0,1175,1044,1175,2,7,1,71
2262,3,232,0,0,35,23,1,3,1,3,1342,2054,1342,11,13,1,175
2263,3,232,0,0,31,44,3,2,0,0,2550,1688,2550,3,28,3,300
2264,4,232,0,0,93,73,4,1,3,0,1448,991,1448,9,10,0,196
2265,1,233,1,0,12,3,0,0,0,0,1461,715,1461,3,38,1,92
2266,2,233,1,0,26,27,0,1,0,0,840,775,840,1,26,1,172
2267,1,233,1,0,21,11,1,0,0,0,1729,949,1729,9,1,1,262
2268,3,233,0,0,50,43,6,0,0,0,1779,1936,1779,1,25,3,300
2269,2,233,2,0,57,11,2,0,0,0,1546,774,1546,10,26,1,290
2270,2,233,1,0,5,6,2,1,0,0,1352,948,1352,1,26,1,62
2271,3,233,0,0,12,32,2,0,0,0,831,1074,831,3,25,3,300
2272,1,233,1,0,7,2,0,0,0,0,1343,2037,1343,8,26,1,68
2273,2,233,0,1,40,24,0,0,1,0,1791,1289,1791,4,7,1,60
2274,2,233,1,0,36,21,1,1,0,1,939,1715,939,1,36,1,224
2275,3,233,0,0,59,24,0,0,0,0,1489,1038,1489,2,25,3,300
2276,5,233,0,0,68,43,0,1,0,0,996,1389,996,1,28,3,300
2277,3,234,0,0,50,41,1,1,2,2,821,2069,821,8,25,3,300
2278,3,234,0,0,30,15,5,0,4,0,776,716,776,8,25,3,300
2279,3,234,0,0,43,50,3,0,1,0,1330,832,1330,9,0,0,284
2280,1,234,0,0,8,7,2,0,0,0,1653,736,1653,11,1,1,246
2281,3,234,0,0,47,28,0,0,0,0,1938,1616,1938,6,34,3,33
2282,1,234,0,0,3,4,1,0,0,0,1439,1575,1439,1,3,1,152
2283,3,234,0,0,27,53,1,5,0,2,2656,817,817,1,33,2,242
2284,3,234,0,0,79,29,0,1,0,0,874,737,874,6,25,3,300
2285,1,234,1,0,2,4,0,0,0,0,1154,717,1154,2,26,1,123
2286,3,234,0,0,93,29,0,0,0,0,1216,718,1216,3,25,3,271
2287,1,234,0,0,20,6,3,0,0,0,1970,769,1970,6,1,1,273
2288,3,235,1,1,39,52,0,2,0,0,1039,761,1039,1,26,1,13
2289,3,235,0,0,10,26,4,1,0,1,1467,967,1467,10,25,3,300
2290,2,235,3,0,36,7,0,0,0,0,1370,719,1370,10,26,1,67
2291,3,235,0,0,100,29,1,2,0,0,981,720,981,6,25,3,300
2292,1,235,0,0,19,3,0,0,0,0,1297,754,1297,9,26,1,151
2293,3,235,0,0,46,30,2,3,0,0,833,1577,833,4,25,3,300
2294,2,235,0,0,21,9,2,0,1,0,1262,721,1262,1,0,0,154
2295,1,235,0,0,5,5,1,1,1,0,1723,784,1723,1,12,0,188
2296,3,235,1,0,42,40,4,1,0,1,1537,1202,1537,8,25,3,300
2297,3,235,0,0,29,14,1,0,0,2,1184,750,1184,3,25,3,300
2298,3,235,0,0,66,68,0,3,0,0,1952,1466,1952,1,25,3,300
2299,1,235,0,0,8,4,1,0,1,0,1568,1160,1568,3,12,0,217
2300,1,235,1,0,9,6,0,0,0,0,1255,1710,1255,3,36,1,152
2301,3,236,0,0,49,25,6,0,1,1,2663,803,2663,8,25,3,300
2302,2,236,1,1,44,24,0,0,0,1,965,722,965,9,26,1,103
2303,3,236,0,0,65,56,2,0,0,0,2099,723,2099,4,25,3,300
2304,3,236,0,0,23,11,21,1,2,0,1512,1227,1512,1,25,3,300
2305,3,236,2,1,53,33,1,0,0,1,2115,812,2115,4,26,1,41
2306,3,236,0,0,73,75,4,0,0,0,1345,2443,1345,8,28,3,300
2307,3,236,0,1,33,57,0,3,2,0,1244,1076,1244,4,28,3,300
2308,3,236,0,0,78,42,4,0,0,0,1689,1020,1689,1,25,3,300
2309,1,236,3,0,26,13,0,0,0,0,724,1315,724,1,1,1,127
2310,1,236,0,0,12,8,1,0,1,0,1757,1037,1757,6,0,0,158
2311,3,236,2,0,74,29,1,0,0,0,1528,1337,1528,2,36,1,258
2312,1,236,1,0,18,1,0,0,0,0,1353,1092,1353,2,26,1,81
2313,1,237,0,0,6,5,1,0,1,0,1223,2049,1223,3,27,0,112
2314,2,237,0,0,21,30,1,2,5,0,1084,725,1084,3,10,0,169
2315,3,237,0,0,76,102,2,0,0,0,866,1333,866,8,28,3,300
2316,3,237,0,0,33,50,3,0,0,0,937,1079,937,4,25,3,300
2317,1,237,0,0,27,4,0,1,0,0,1272,1232,1272,8,7,1,212
2318,2,237,0,0,17,14,3,0,1,0,1773,943,1773,9,6,0,111
2319,1,237,0,0,7,4,0,1,1,0,1144,1030,1144,8,5,0,84
2320,1,237,0,0,8,4,1,0,1,0,1024,726,1024,3,12,0,140
2321,1,237,0,0,0,0,0,0,1,0,1225,809,1225,4,6,0,71
2322,1,237,1,0,37,24,0,0,0,0,759,1021,759,6,26,1,269
2323,2,237,0,0,22,35,1,2,1,0,1707,881,1707,4,12,0,283
2324,2,237,0,0,32,14,1,0,1,0,1485,951,1485,2,6,0,161
2325,3,238,0,0,20,15,1,1,0,7,957,760,957,9,28,3,300
2326,3,238,0,0,41,15,0,3,0,0,1190,727,1190,1,25,3,300
2327,3,238,0,0,22,42,6,0,2,2,826,768,826,9,25,3,300
2328,3,238,0,0,36,65,0,1,0,0,728,1089,728,4,34,3,300
2329,3,238,0,0,96,73,1,2,1,0,1508,958,1508,1,0,0,287
2330,3,238,0,0,82,60,0,0,0,0,799,1550,799,4,28,3,300
2331,1,238,1,0,10,2,0,0,0,0,970,773,970,2,1,1,59
2332,3,238,0,0,44,34,0,1,3,0,1636,765,1636,11,25,3,300
2333,3,238,1,0,65,12,1,0,0,1,921,1043,921,6,25,3,300
2334,3,238,0,0,106,23,1,0,0,0,1969,1154,1969,2,25,3,300
2335,3,238,0,0,39,40,0,0,0,0,1264,1098,1264,6,28,3,300
2336,2,239,1,0,17,17,0,0,0,0,1001,755,1001,4,32,1,175
2337,1,239,1,0,24,13,1,0,0,0,742,899,742,4,1,1,299
2338,2,239,1,0,49,19,0,0,0,0,2286,788,2286,1,21,1,104
2339,1,239,1,0,3,3,0,0,0,0,1044,729,1044,2,26,1,17
2340,3,239,0,0,68,43,2,1,0,0,1027,835,1027,1,25,3,300
2341,3,239,0,0,64,30,2,0,0,0,936,778,936,3,28,3,300
2342,3,239,1,0,43,26,1,1,0,0,2562,1170,2562,8,1,1,144
2343,3,239,0,0,69,23,5,1,2,3,916,1356,916,3,25,3,300
2344,3,239,0,0,54,12,2,2,0,0,1126,730,1126,3,25,3,300
2345,3,239,0,0,81,38,2,0,0,1,1743,2442,1743,8,25,3,300
2346,2,239,1,0,16,14,1,0,2,0,1977,1516,1977,3,26,1,78
2347,2,240,0,0,4,4,1,0,4,3,1028,731,1028,9,10,0,169
2348,3,240,0,0,54,26,3,0,0,0,1031,732,1031,1,28,3,300
2349,3,240,0,0,50,28,0,2,0,0,1882,772,1882,11,28,3,300
2350,3,240,0,0,73,87,2,1,1,1,1781,1444,1781,3,28,3,300
2351,3,240,0,0,44,48,0,0,0,0,1013,854,1013,1,28,3,300
2352,2,240,1,0,39,23,0,0,0,0,795,777,795,1,26,1,167
2353,3,240,0,0,25,38,6,0,0,0,1006,1936,1006,1,25,3,300
2354,2,240,0,1,24,24,0,2,2,0,1779,2516,1779,1,48,0,299
2355,2,240,0,0,50,10,3,1,1,1,1403,2129,1403,11,1,1,237
2356,2,240,1,0,28,10,1,0,0,0,1807,808,1807,4,36,1,24
2357,3,240,0,0,46,19,0,1,0,0,1053,1300,1053,4,25,3,300
2358,5,240,0,0,67,32,12,1,3,0,1293,1299,1293,10,6,0,223
2359,1,241,1,0,12,0,0,0,0,0,1034,733,1034,4,26,1,96
2360,3,241,0,0,31,19,2,0,0,0,1230,734,1230,6,25,3,300
2361,3,241,0,0,14,5,2,0,1,0,1889,735,1889,8,25,3,300
2362,3,241,0,0,92,43,1,1,0,0,877,754,877,10,25,3,300
2363,1,241,0,0,13,7,1,0,1,0,1443,2304,1443,4,5,0,193
2364,1,241,0,0,10,3,2,0,0,0,1800,736,1800,11,7,1,128
2365,1,241,1,0,8,1,0,0,0,0,987,737,987,6,26,1,14
2366,2,241,0,0,22,19,2,1,0,1,1370,767,1370,10,1,1,63
2367,3,241,0,0,51,33,5,0,3,0,1312,955,1312,3,25,3,300
2368,1,241,0,0,3,0,0,0,1,0,1392,1700,1392,3,0,0,47
2369,3,241,0,0,21,27,2,0,0,0,874,1254,874,6,25,3,300
2370,4,241,0,0,32,17,5,0,0,0,2060,1827,2060,8,1,1,120
2371,1,242,0,0,0,0,0,1,1,0,1427,948,1427,1,0,0,58
2372,1,242,0,0,6,10,0,0,0,0,1938,818,1938,6,1,1,127
2373,3,242,0,0,23,32,5,0,0,0,1108,1130,1108,8,25,3,300
2374,3,242,0,0,42,61,8,0,0,0,1012,1949,1012,8,25,3,300
2375,1,242,1,0,6,3,0,0,0,0,821,738,821,8,26,1,50
2376,3,242,0,0,53,23,4,0,0,0,1581,2443,1581,8,25,3,300
2377,2,242,2,0,51,17,0,1,2,0,1066,1146,1066,9,5,0,223
2378,3,242,2,0,116,25,2,0,0,0,2436,1432,2436,1,25,3,300
2379,3,242,0,0,33,41,2,2,1,0,999,1688,999,3,28,3,300
2380,1,242,1,0,10,0,0,0,0,0,1791,1244,1791,4,32,1,29
2381,3,242,0,0,54,8,4,1,0,1,1448,1297,1448,9,25,3,300
2382,1,242,1,2,14,41,0,0,0,0,1175,1540,1175,2,36,1,248
2383,1,242,0,0,5,0,2,0,2,0,769,1756,769,6,0,0,287
2384,2,243,0,0,43,50,4,1,3,0,775,1227,1227,1,45,2,297
2385,1,243,0,0,5,6,2,0,1,0,1782,739,1782,4,48,0,259
2386,1,243,0,0,1,0,1,0,2,0,809,740,809,4,0,0,101
2387,3,243,0,0,48,31,2,1,0,0,2037,910,2037,8,25,3,300
2388,1,243,2,0,17,2,1,0,0,0,1131,924,1131,4,26,1,83
2389,3,243,0,0,20,19,2,3,0,3,908,741,908,3,26,1,92
2390,3,243,0,0,30,14,0,1,0,0,2451,796,2451,3,25,3,300
2391,3,243,0,0,39,37,2,5,1,0,1128,1102,1128,9,28,3,300
2392,3,243,0,0,88,48,1,0,0,0,2081,2115,2081,4,28,3,300
2393,1,243,1,0,14,7,1,0,1,0,2550,742,2550,4,10,0,146
2394,3,243,1,0,39,40,2,1,0,0,1952,1689,1952,1,25,3,300
2395,4,243,1,0,100,35,0,6,2,0,1580,743,1580,4,26,1,54
2396,1,244,0,0,4,3,0,0,1,0,1107,744,1107,3,0,0,57
2397,3,244,0,0,80,45,4,0,0,0,1618,745,1618,1,25,3,300
2398,3,244,0,0,29,45,4,0,0,2,950,2317,950,2,1,1,94
2399,3,244,0,0,28,18,0,3,1,0,966,1903,966,9,25,3,300
2400,1,244,2,0,26,21,1,0,0,0,1193,746,1193,4,32,1,238
2401,3,244,0,0,116,28,6,0,2,0,2642,867,2642,10,25,3,300
2402,3,244,0,0,26,37,2,1,0,1,1262,861,1262,1,28,3,300
2403,3,244,2,0,54,32,2,0,2,5,2105,1395,2105,8,25,3,300
2404,3,244,1,0,56,41,0,0,0,0,1623,747,1623,2,1,1,114
2405,3,244,1,0,32,17,3,0,1,0,1343,1976,1343,8,26,1,30
2406,1,244,1,0,26,9,0,0,0,0,1082,1038,1082,2,32,1,116
2407,1,244,0,0,9,11,0,0,1,0,1530,996,1530,1,6,0,281
2408,3,245,0,0,99,69,0,1,0,0,1083,748,1083,4,28,3,300
2409,3,245,0,0,69,42,2,0,0,0,946,749,946,4,25,3,300
2410,3,245,0,0,49,11,1,1,0,0,956,750,956,4,25,3,300
2411,1,245,1,0,10,4,0,0,1,0,1039,785,1039,9,10,0,70
2412,3,245,0,0,52,35,0,3,0,1,980,1272,980,8,28,3,300
2413,3,245,2,0,38,27,3,0,1,0,1106,751,1106,10,26,1,208
2414,3,245,2,0,39,9,0,0,1,0,1184,839,1184,3,25,3,300
2415,2,245,0,1,42,22,2,1,1,0,982,1723,982,1,41,0,230
2416,1,245,1,0,20,6,0,0,0,0,1546,1467,1546,10,32,1,187
2417,1,245,1,0,28,1,0,0,0,0,1568,1336,1568,3,26,1,167
2418,1,245,1,0,14,11,1,0,0,1,1757,1109,1757,6,26,1,175
2419,3,246,1,0,49,56,2,0,1,0,1176,752,1176,2,26,1,198
2420,3,246,0,1,106,47,0,1,0,1,1890,826,1890,9,28,3,300
2421,3,246,0,0,19,38,7,1,0,0,1577,1721,1577,1,28,3,300
2422,1,246,1,0,20,7,0,0,0,0,1831,798,1831,1,26,1,121
2423,1,246,0,0,27,15,1,0,1,1,1372,858,1372,9,0,0,245
2424,2,246,2,0,23,17,2,0,0,0,2099,903,2099,4,26,1,87
2425,3,246,0,0,33,29,4,0,0,0,1365,792,1365,9,25,3,300
2426,3,246,0,0,22,25,4,0,0,0,1352,753,1352,1,28,3,300
2427,3,246,0,0,54,44,5,0,0,0,1512,817,1512,1,25,3,300
2428,3,246,0,0,29,7,5,0,0,0,831,917,831,3,25,3,300
2429,1,246,0,0,14,7,1,0,1,0,857,1014,857,2,48,0,246
2430,2,246,1,0,28,11,0,0,0,0,1442,1681,1442,9,43,1,35
2431,5,246,0,0,134,110,1,1,0,0,1970,1697,1970,6,25,3,300
2432,1,247,1,0,16,7,1,0,0,0,1666,859,1666,1,26,1,234
2433,2,247,0,0,54,35,0,2,0,0,967,754,967,10,1,1,271
2434,3,247,1,0,18,5,4,0,1,1,1050,755,1050,4,25,3,300
2435,3,247,0,0,21,18,1,3,1,3,938,937,938,4,25,3,300
2436,3,247,0,0,32,29,0,2,1,3,1773,1729,1773,9,28,3,300
2437,1,247,0,0,0,2,0,1,2,0,756,1001,756,4,19,0,31
2438,3,247,0,0,87,57,0,1,1,0,981,757,981,6,28,3,300
2439,3,247,1,0,96,70,0,3,0,0,759,758,759,6,25,3,300
2440,2,247,1,0,11,28,1,0,0,0,1167,1225,1167,4,26,1,181
2441,5,247,0,0,35,24,1,3,0,0,799,1571,799,4,28,3,300
2442,2,248,1,0,30,9,1,1,0,1,2368,760,2368,9,1,1,231
2443,2,248,0,0,55,23,1,1,0,0,2466,761,2466,8,26,1,53
2444,1,248,0,0,5,4,0,0,1,0,1916,784,1916,1,48,0,112
2445,1,248,1,0,15,4,0,0,0,0,762,789,762,4,26,1,180
2446,3,248,0,0,56,50,0,1,0,0,1020,763,1020,1,25,3,300
2447,3,248,0,0,87,65,0,0,0,0,1007,1687,1687,11,33,2,300
2448,1,248,1,0,10,4,0,0,0,0,1311,1207,1311,4,26,1,108
2449,3,248,0,0,41,57,0,3,3,0,1356,1308,1356,3,28,3,300
2450,1,248,2,0,28,10,0,0,0,0,1488,934,1488,10,26,1,253
2451,1,248,1,0,8,2,0,0,0,0,1044,970,1044,2,26,1,93
2452,3,248,0,1,96,42,1,1,0,2,1389,1502,1389,1,25,3,300
2453,3,248,0,0,74,17,3,0,0,0,1489,1154,1489,2,25,3,300
2454,5,248,1,0,123,46,2,0,1,1,1353,1528,1353,2,26,1,189
2455,1,249,0,0,14,7,0,1,2,0,1259,764,1259,3,0,0,257
2456,2,249,0,0,5,15,3,0,2,0,901,1040,901,8,5,0,137
2457,3,249,0,0,21,27,0,2,1,0,1130,872,1130,8,25,3,300
2458,3,249,0,0,206,88,1,1,0,0,2129,765,2129,11,25,3,300
2459,2,249,2,0,39,26,1,0,1,0,915,936,915,3,10,0,132
2460,3,249,0,0,85,66,2,3,0,0,1618,982,1618,1,25,3,300
2461,1,249,3,0,31,14,0,0,0,0,1370,820,1370,10,26,1,171
2462,1,249,0,0,12,20,1,1,1,0,1158,766,1158,3,6,0,187
2463,3,249,0,0,81,67,1,0,0,0,1027,1294,1027,1,25,3,300
2464,2,249,0,0,48,36,0,0,0,0,1383,921,1383,6,3,1,281
2465,1,249,0,0,3,9,0,0,0,0,1361,795,795,1,45,2,117
2466,1,249,1,0,5,0,0,0,0,0,1254,916,1254,3,36,1,190
2467,1,250,1,0,1,0,0,0,1,0,1770,783,1770,3,10,0,48
2468,3,250,0,0,28,31,3,2,0,0,899,2304,899,4,25,3,300
2469,1,250,0,1,19,25,0,0,0,0,854,1575,1575,1,33,2,167
2470,3,250,0,0,46,64,0,0,0,0,1074,1160,1074,3,25,3,300
2471,1,250,0,0,14,1,1,0,0,0,1800,1882,1800,11,7,1,236
2472,3,250,0,0,44,23,6,0,4,3,1345,821,1345,8,25,3,300
2473,2,250,1,0,27,23,0,1,0,0,1070,965,1070,9,26,1,140
2474,1,250,1,0,20,22,0,0,0,0,2664,1508,2664,1,36,1,230
2475,2,250,0,0,7,4,1,2,2,1,2516,812,2516,1,10,0,101
2476,3,250,1,0,32,38,2,1,1,0,1439,1779,1439,1,25,3,300
2477,3,250,1,0,50,18,0,2,0,0,1461,801,1461,3,26,1,99
2478,3,250,0,0,50,43,1,1,0,0,1636,1403,1636,11,25,3,300
2479,1,250,1,0,13,13,0,0,0,0,1126,1184,1126,3,26,1,280
2480,3,251,0,0,55,43,4,2,0,2,1346,767,1346,10,1,1,199
2481,2,251,0,0,16,8,1,0,1,0,1189,1013,1189,1,53,0,169
2482,1,251,0,0,7,4,1,0,1,0,1060,1031,1060,1,10,0,158
2483,1,251,1,1,14,18,1,1,1,0,1579,800,1579,3,26,1,211
2484,1,251,0,0,11,3,1,0,0,0,1142,1232,1142,8,1,1,102
2485,1,251,1,0,3,1,0,0,0,0,2663,1144,2663,8,36,1,40
2486,3,251,1,1,75,25,5,0,0,0,1314,2056,1314,4,25,3,300
2487,1,251,1,0,12,5,0,1,0,0,1131,833,1131,4,32,1,130
2488,1,251,1,0,16,9,0,0,0,0,1021,1043,1021,6,32,1,78
2489,3,251,0,0,15,21,3,0,0,0,1392,1024,1392,3,28,3,300
2490,1,251,2,0,12,1,0,0,0,0,1255,1098,1255,6,36,1,77
2491,2,252,1,0,43,51,1,0,0,0,1616,818,1616,6,26,1,82
2492,3,252,0,0,81,41,2,4,3,0,1414,797,1414,9,25,3,300
2493,3,252,0,0,5,8,4,0,4,0,809,804,809,4,25,3,300
2494,3,252,1,0,50,18,7,0,0,0,1102,768,1102,9,25,3,300
2495,3,252,1,0,71,42,2,0,0,0,1076,925,1076,4,25,3,300
2496,3,252,0,0,20,14,3,0,0,0,1312,1781,1312,3,25,3,300
2497,2,252,1,0,32,24,1,0,1,0,1689,1466,1689,1,5,0,229
2498,3,252,0,0,43,48,1,2,0,1,1106,2642,1106,10,25,3,300
2499,1,252,2,0,22,5,0,0,0,0,1550,893,1550,4,26,1,278
2500,3,252,1,0,44,37,0,4,0,1,1807,1053,1807,4,28,3,300
2501,1,252,0,0,20,3,1,0,0,0,1264,769,1264,6,1,1,245
2502,5,252,0,0,101,85,3,2,1,0,1204,1203,1204,4,28,3,300
2503,2,253,0,0,28,18,2,0,5,1,918,1584,918,10,10,0,271
2504,3,253,0,0,105,61,0,0,0,0,1083,2437,1083,4,25,3,300
2505,3,253,0,2,33,18,1,0,0,0,1022,1570,1022,2,25,3,300
2506,3,253,0,0,17,15,4,2,0,4,862,1889,862,8,28,3,300
2507,1,253,0,0,1,5,0,1,0,0,873,1088,873,8,37,2,25
2508,3,253,0,0,80,42,1,0,1,0,1939,1638,1939,11,25,3,300
2509,3,253,0,0,123,34,1,0,3,0,947,770,947,11,25,3,300
2510,2,253,0,0,15,18,1,0,1,0,806,2614,806,9,10,0,130
2511,1,253,0,0,33,4,2,0,0,0,2077,902,2077,11,1,1,299
2512,1,253,0,0,33,5,0,1,0,0,1715,1315,1715,1,1,1,158
2513,1,254,1,0,9,1,0,0,0,0,1317,805,1317,4,26,1,43
2514,3,254,0,0,17,12,1,1,0,1,1720,841,1720,3,25,3,300
2515,1,254,0,0,27,2,2,0,0,0,1283,986,1283,10,1,1,283
2516,3,254,0,0,32,30,0,3,0,1,1084,771,1084,3,25,3,300
2517,3,254,0,0,152,100,3,0,0,0,1128,791,1128,9,25,3,300
2518,3,254,0,0,65,54,1,0,0,0,1605,772,1605,11,28,3,300
2519,2,254,0,0,27,13,1,2,0,0,1046,908,1046,3,3,1,300
2520,1,254,0,0,12,1,1,0,0,0,950,773,950,2,1,1,129
2521,3,254,0,0,70,9,3,0,0,0,1109,987,1109,6,25,3,300
2522,1,254,1,0,9,1,0,0,0,0,1756,1037,1756,6,26,1,63
2523,5,254,1,1,103,97,2,0,0,0,1337,1092,1092,2,34,3,300
2524,3,255,0,0,27,33,3,2,0,0,906,774,906,10,28,3,300
2525,2,255,0,0,43,9,5,0,0,0,1227,775,1227,1,1,1,95
2526,3,255,0,0,54,31,1,1,1,0,958,776,958,1,25,3,300
2527,3,255,0,0,26,31,6,1,1,1,1124,991,1124,10,25,3,300
2528,3,255,0,0,80,59,3,2,0,0,2664,817,2664,1,25,3,300
2529,3,255,1,0,43,55,0,1,1,1,2286,1006,2286,1,34,3,300
2530,3,255,0,0,68,54,4,4,1,2,1314,2081,1314,4,25,3,300
2531,3,255,0,0,43,52,3,0,2,0,1432,777,1432,1,25,3,300
2532,3,255,0,0,35,40,7,0,1,0,1343,1537,1343,8,25,3,300
2533,2,255,1,0,29,9,1,0,1,0,1448,1066,1448,9,0,0,202
2534,1,255,1,0,7,4,0,0,0,0,1293,1546,1293,10,26,1,128
2535,3,256,1,0,34,32,2,1,0,0,895,803,895,8,1,1,12
2536,3,256,0,0,133,61,3,0,0,0,881,808,881,4,25,3,300
2537,3,256,0,0,47,44,3,1,0,0,999,1419,999,4,25,3,300
2538,3,256,0,0,54,14,2,3,0,0,1170,1108,1108,8,33,2,300
2539,2,256,1,0,22,12,0,0,0,0,2436,1262,2436,1,26,1,92
2540,1,256,1,0,20,11,0,0,0,0,1688,778,1688,3,3,1,300
2541,1,256,1,0,44,16,0,1,0,0,2105,1012,2105,8,1,1,294
2542,1,256,0,0,6,11,1,0,1,0,2656,842,2656,1,6,0,222
2543,1,256,0,0,12,5,0,0,0,0,1175,1082,1175,2,7,1,60
2544,3,256,0,0,40,24,6,1,3,0,1132,2054,1132,11,6,0,58
2545,2,256,1,0,20,8,1,0,1,0,1977,1516,1977,3,3,1,76
2546,2,257,0,0,43,17,0,2,1,1,1243,1080,1243,9,5,0,299
2547,1,257,0,1,1,9,0,1,1,0,858,976,858,9,6,0,133
2548,3,257,0,0,33,26,5,0,0,0,1410,1081,1410,1,25,3,300
2549,3,257,0,0,8,25,6,0,0,2,913,779,913,9,25,3,300
2550,3,257,0,0,23,16,3,0,0,0,964,780,964,1,25,3,300
2551,2,257,2,0,74,33,0,0,0,0,2443,781,2443,8,26,1,147
2552,3,257,0,0,65,2,2,0,4,0,1903,782,1903,9,12,0,233
2553,1,257,0,0,12,10,0,0,0,0,1163,919,1163,4,37,2,177
2554,2,257,0,0,32,19,3,0,1,0,1071,1624,1071,8,10,0,50
2555,5,257,3,0,120,122,1,0,1,1,1166,1193,1166,4,25,3,300
2556,1,258,1,0,9,5,0,0,1,0,2644,849,2644,1,10,0,105
2557,3,258,0,0,44,44,8,0,1,2,2029,859,2029,1,25,3,300
2558,3,258,0,0,92,60,0,9,1,0,1668,906,1668,10,25,3,300
2559,3,258,0,0,57,30,1,1,1,0,1444,783,1444,3,28,3,300
2560,3,258,1,0,81,21,4,0,0,0,956,855,956,1,25,3,300
2561,3,258,0,0,46,25,5,0,1,1,948,924,948,1,25,3,300
2562,2,258,1,0,38,14,0,0,1,0,1130,1142,1130,8,10,0,114
2563,3,258,0,0,43,35,0,2,1,0,1299,1346,1299,10,28,3,300
2564,3,258,0,0,60,38,0,3,0,0,1461,1770,1461,3,7,1,203
2565,3,258,0,0,117,46,2,0,0,0,1729,810,1729,9,25,3,300
2566,3,258,0,0,45,39,2,0,0,0,2451,1074,2451,3,25,3,300
2567,1,258,1,0,12,4,0,0,0,0,1710,917,1710,3,36,1,151
2568,1,259,1,0,11,1,0,0,0,0,2317,1570,2317,2,36,1,25
2569,3,259,0,0,61,51,2,2,0,1,1296,863,1296,4,25,3,300
2570,2,259,2,0,46,10,1,0,1,1,1013,784,1013,1,36,1,296
2571,3,259,1,0,79,40,0,0,0,0,949,785,949,9,25,3,300
2572,3,259,0,0,12,12,2,1,1,0,966,1028,1028,9,33,2,300
2573,2,259,1,0,54,33,0,0,0,0,1681,957,1681,9,1,1,256
2574,3,259,1,0,53,49,1,1,1,0,1890,1414,1890,9,10,0,279
2575,3,259,0,0,40,21,1,0,0,4,2663,2037,2663,8,25,3,300
2576,1,259,1,0,16,13,1,0,0,0,1689,1189,1689,1,36,1,280
2577,3,259,0,0,63,29,1,1,0,0,1969,1044,1969,2,25,3,300
2578,5,259,0,0,46,19,4,4,1,0,996,939,996,1,28,3,300
2579,3,260,0,0,71,34,1,2,0,0,2304,979,2304,4,25,3,300
2580,3,260,0,0,46,18,0,1,1,1,1153,1469,1153,1,25,3,300
2581,3,260,1,0,72,69,2,0,0,0,1046,875,1046,3,25,3,300
2582,3,260,1,0,49,39,0,1,1,2,1618,1804,1618,1,25,3,300
2583,3,260,0,0,31,50,5,0,0,0,786,955,786,3,28,3,300
2584,3,260,0,0,73,33,0,5,0,0,967,985,967,10,25,3,300
2585,3,260,0,0,40,61,2,0,0,0,1666,1831,1666,1,25,3,300
2586,2,260,1,0,18,36,0,0,0,1,1227,861,1227,1,26,1,152
2587,3,260,0,0,49,27,6,0,1,2,1106,1370,1106,10,25,3,300
2588,3,260,1,0,62,3,0,1,0,1,1540,1038,1540,2,25,3,300
2589,5,260,0,0,62,41,2,1,2,0,2060,1492,2060,8,25,3,300
2590,1,260,1,0,17,8,0,0,0,0,1442,1448,1442,9,26,1,222
2591,3,261,0,0,35,27,3,0,0,0,1759,2403,1759,8,25,3,300
2592,3,261,0,0,50,32,4,1,0,0,937,1097,937,4,28,3,300
2593,3,261,1,0,39,44,1,3,1,0,1272,1088,1272,8,25,3,300
2594,3,261,1,0,42,23,2,3,0,0,1297,1365,1297,9,28,3,300
2595,3,261,0,0,55,53,1,0,0,0,1723,1721,1723,1,28,3,300
2596,3,261,0,0,68,63,1,0,1,1,866,946,866,1,25,3,300
2597,3,261,0,0,67,26,0,1,1,1,1155,787,1155,1,25,3,300
2598,3,261,0,0,23,21,3,1,2,0,2442,872,2442,8,5,0,160
2599,3,261,0,1,45,24,2,1,0,0,1158,1034,1158,4,25,3,300
2600,1,261,0,0,18,0,0,0,0,0,1225,836,1225,4,1,1,52
2601,3,261,0,0,16,19,2,0,3,0,1568,831,1568,3,25,3,300
2602,5,261,0,0,28,36,1,0,0,0,1254,1149,1254,3,25,3,300
2603,3,262,0,0,28,26,2,0,0,0,838,932,838,1,28,3,300
2604,1,262,1,0,19,1,0,0,0,0,1395,788,1395,1,1,1,84
2605,3,262,0,0,34,19,5,0,0,0,1124,918,1124,10,25,3,300
2606,3,262,0,0,46,18,3,4,3,1,2620,2202,2620,9,25,3,300
2607,3,262,0,0,100,33,3,0,0,1,1773,1958,1773,9,25,3,300
2608,3,262,0,0,53,47,2,0,0,0,1636,1687,1636,11,28,3,300
2609,1,262,1,0,38,19,0,0,0,0,2099,2115,2099,4,1,1,223
2610,3,262,0,0,56,38,4,0,1,1,1244,789,1244,4,7,1,243
2611,3,262,0,0,75,51,0,2,0,0,1053,1571,1053,4,25,3,300
2612,1,262,1,0,18,8,0,0,0,0,1489,1377,1489,6,26,1,79
2613,1,262,1,0,14,13,0,0,0,0,1132,1653,1132,11,32,1,66
2614,3,263,0,0,49,12,4,1,0,2,1036,843,1036,8,25,3,300
2615,1,263,0,0,13,5,0,0,0,0,825,790,825,4,3,1,300
2616,3,263,0,0,142,24,0,0,0,0,943,791,943,9,25,3,300
2617,3,263,3,0,77,31,1,3,0,0,993,835,993,1,28,3,300
2618,3,263,0,1,29,27,4,0,2,1,910,792,910,8,25,3,300
2619,1,263,1,0,24,15,0,0,0,0,1014,970,1014,2,26,1,299
2620,3,263,0,0,10,31,4,0,2,0,914,828,914,4,28,3,300
2621,3,263,2,0,27,27,1,1,0,0,1167,793,1167,4,59,1,62
2622,1,264,0,0,3,2,0,0,0,1,820,867,867,10,33,2,73
2623,3,264,0,0,12,18,0,0,1,5,938,827,938,4,25,3,300
2624,3,264,0,0,36,41,3,0,0,0,1695,1259,1695,3,25,3,300
2625,1,264,0,0,45,25,0,0,0,0,915,865,915,3,36,1,264
2626,1,264,0,0,0,0,1,0,2,0,1794,794,1794,6,0,0,182
2627,1,264,0,0,16,6,1,0,1,0,2027,1579,2027,4,0,0,276
2628,3,264,0,0,49,47,4,0,1,0,1146,1179,1146,10,25,3,300
2629,3,264,0,0,48,22,1,0,0,0,2436,795,2436,1,25,3,300
2630,2,264,1,0,21,13,1,0,0,0,1697,1383,1697,6,32,1,78
2631,3,265,0,0,26,24,5,1,0,3,1040,1949,1040,8,25,3,300
2632,1,265,0,0,20,4,1,1,1,0,2671,796,2671,3,10,0,273
2633,3,265,0,0,61,4,6,0,0,1,1283,797,1283,10,25,3,300
2634,3,265,0,0,47,14,2,5,0,0,968,798,968,1,25,3,300
2635,3,265,1,0,61,58,8,0,0,0,1317,1083,1317,4,28,3,300
2636,3,265,3,0,55,34,6,0,1,0,1345,901,1345,8,32,1,177
2637,3,265,0,0,66,82,3,2,0,2,2129,1939,2129,11,28,3,300
2638,3,265,0,1,59,45,1,0,0,0,2550,1076,2550,4,28,3,300
2639,1,265,0,0,1,1,1,0,1,0,1938,2317,1938,6,46,0,89
2640,3,265,0,0,27,4,5,0,0,1,1311,799,1311,4,25,3,300
2641,3,265,0,0,46,25,3,0,0,2,1352,1502,1352,1,25,3,300
2642,2,265,1,0,14,13,3,0,0,1,1550,1580,1550,4,3,1,120
2643,5,265,0,0,158,150,2,0,0,0,1203,1807,1203,4,25,3,300
2644,1,266,1,0,5,11,0,0,0,0,1232,1019,1232,8,38,1,159
2645,3,266,0,0,44,36,1,3,0,0,942,1230,942,6,28,3,300
2646,1,266,0,0,9,0,1,1,1,0,1089,800,1089,4,10,0,105
2647,1,266,0,0,9,6,1,0,1,0,1467,991,1467,10,10,0,187
2648,1,266,1,0,7,0,0,0,0,0,1700,801,1700,3,36,1,53
2649,1,266,1,0,3,11,0,0,0,0,1144,821,1144,8,26,1,77
2650,3,266,1,0,35,26,3,0,0,0,1577,1410,1577,1,25,3,300
2651,3,266,0,0,132,33,0,3,0,0,981,1616,981,6,25,3,300
2652,3,266,0,0,26,37,0,0,0,0,1707,1027,1027,1,34,3,300
2653,1,266,1,0,12,3,0,0,0,0,1308,1392,1308,3,26,1,39
2654,3,266,1,2,23,48,0,1,0,0,1098,1756,1098,6,26,1,91
2655,1,267,0,0,3,4,0,0,0,0,1889,832,832,9,45,2,39
2656,3,267,1,0,36,58,2,1,0,0,1067,928,1067,8,28,3,300
2657,1,267,1,0,5,3,0,0,0,0,1312,1444,1312,3,26,1,45
2658,3,267,0,0,34,10,3,0,0,0,1022,1176,1022,2,25,3,300
2659,1,267,2,0,34,9,1,0,1,0,948,2644,948,1,1,1,260
2660,3,267,0,1,64,35,4,1,0,0,1314,999,1314,4,25,3,300
2661,3,267,1,0,47,19,3,1,0,1,1976,1071,1976,8,25,3,300
2662,1,267,2,0,19,12,0,0,0,0,1154,951,1154,2,26,1,217
2663,3,268,0,0,47,15,2,0,5,0,1372,848,1372,9,25,3,300
2664,3,268,0,0,71,12,5,0,0,2,1114,811,1114,4,25,3,300
2665,3,268,0,0,48,4,4,0,0,0,1408,907,1408,3,25,3,300
2666,3,268,0,0,70,57,3,1,0,0,802,1147,802,1,28,3,300
2667,3,268,0,0,53,7,2,3,0,0,965,858,965,9,25,3,300
2668,1,268,1,0,20,15,1,0,0,0,921,1123,921,6,26,1,267
2669,3,268,0,0,202,79,1,0,0,0,1007,1177,1007,11,25,3,300
2670,1,268,1,0,7,5,0,0,0,0,1020,958,1020,4,26,1,30
2671,2,268,1,0,45,24,0,0,1,0,2105,873,2105,8,26,1,42
2672,3,268,0,0,71,45,0,2,0,0,1338,1398,1338,4,28,3,300
2673,2,268,0,0,73,13,3,2,0,0,1374,1009,1374,3,7,1,281
2674,3,268,0,0,33,50,3,0,0,0,1148,1117,1148,4,25,3,300
2675,5,268,0,0,51,40,5,0,0,0,1126,1216,1126,3,25,3,300
2676,1,269,0,0,22,5,1,1,0,0,2325,824,2325,2,1,1,263
2677,3,269,0,0,27,19,2,0,0,0,1499,1641,1499,8,34,3,300
2678,3,269,0,0,46,12,2,5,0,2,1346,1464,1346,10,28,3,300
2679,3,269,0,0,46,21,4,0,0,1,1289,822,1289,4,28,3,300
2680,1,269,1,0,16,3,0,0,0,0,1084,844,1084,3,26,1,44
2681,1,269,1,0,20,10,0,0,0,0,1434,803,1434,8,26,1,88
2682,3,269,0,0,69,32,1,2,0,0,1779,817,1779,1,25,3,300
2683,3,269,0,0,116,90,0,0,0,0,1445,899,1445,4,25,3,300
2684,3,269,0,0,36,20,6,0,0,0,1512,1952,1512,1,25,3,300
2685,3,269,0,0,31,21,7,0,0,0,1461,2451,1461,3,25,3,300
2686,1,269,1,0,11,28,0,0,2,0,1689,2286,1689,1,10,0,195
2687,3,269,0,0,27,18,1,5,2,0,2054,1403,2054,11,25,3,300
2688,5,269,0,0,121,60,2,0,0,0,1485,1175,1485,2,25,3,300
2689,2,270,1,0,19,14,0,2,0,0,1051,1250,1051,9,38,1,111
2690,2,270,1,0,16,13,0,2,0,0,1006,849,1006,1,26,1,21
2691,3,270,0,0,91,54,0,1,0,0,1605,947,1605,11,25,3,300
2692,3,270,0,0,130,107,0,1,0,0,1196,855,1196,1,25,3,300
2693,1,270,0,0,9,16,0,3,1,0,1546,2642,1546,10,0,0,248
2694,3,270,0,0,47,44,0,3,2,0,2443,2466,2443,8,0,0,219
2695,1,270,0,0,5,9,0,0,1,0,2656,1575,2656,1,0,0,198
2696,1,270,0,0,4,1,0,0,2,0,1710,1356,1710,3,41,0,128
2697,3,270,0,0,45,21,0,0,0,0,1150,874,1150,6,25,3,300
2698,5,270,0,0,138,53,3,0,2,0,1970,1757,1970,6,25,3,300
2699,1,271,2,0,6,2,0,0,0,0,1097,804,1097,4,26,1,236
2700,1,271,1,0,20,4,0,0,0,0,1031,805,1031,1,26,1,161
2701,3,271,0,0,52,28,4,1,0,1,1537,1108,1537,8,25,3,300
2702,1,271,1,0,11,6,0,0,0,0,1603,1681,1603,9,26,1,277
2703,3,271,0,0,28,23,3,1,1,2,1782,1050,1782,4,25,3,300
2704,3,271,1,0,65,26,2,1,0,2,2368,934,2368,10,25,3,300
2705,3,271,0,0,51,35,1,1,0,0,1781,1184,1781,3,25,3,300
2706,3,271,0,0,64,42,2,1,4,0,967,1668,967,10,28,3,300
2707,1,271,0,0,5,0,1,0,0,2,950,883,950,2,26,1,140
2708,3,271,0,0,29,30,4,3,0,1,2304,1936,2304,4,25,3,300
2709,1,271,1,0,24,6,0,0,0,0,1013,1395,1013,1,36,1,201
2710,1,271,1,0,15,16,0,0,0,0,917,1074,917,3,26,1,227
2711,3,271,0,1,118,25,5,0,4,1,1791,1225,1791,4,1,1,131
2712,3,272,0,0,61,41,2,3,0,2,1925,904,1925,4,28,3,300
2713,3,272,0,0,37,18,5,0,1,1,1142,1780,1142,8,25,3,300
2714,3,272,0,0,57,24,8,0,0,0,2029,840,2029,1,25,3,300
2715,2,272,0,0,8,13,0,1,1,2,1190,1618,1190,1,48,0,57
2716,3,272,0,0,26,25,4,0,2,0,806,966,806,9,25,3,300
2717,1,272,1,0,38,22,1,0,1,0,1916,964,1916,1,26,1,246
2718,3,272,0,0,19,13,2,0,0,1,2516,1723,2516,1,25,3,300
2719,1,272,0,0,22,7,0,1,0,0,1508,861,1508,1,3,1,300
2720,3,272,1,0,35,41,0,3,0,1,1128,1070,1128,9,25,3,300
2721,3,272,1,0,68,29,0,2,0,0,1807,1300,1807,4,32,1,186
2722,3,272,0,0,50,6,3,0,2,0,1489,1098,1489,6,10,0,233
2723,5,272,2,0,140,64,0,0,2,0,1729,1442,1729,9,1,1,146
2724,3,273,0,0,47,26,0,1,0,0,969,1134,969,2,25,3,300
2725,3,273,1,0,60,44,1,1,0,0,1088,872,1088,8,25,3,300
2726,3,273,0,0,47,21,3,0,0,0,1484,945,1484,4,25,3,300
2727,1,273,1,0,5,4,0,0,0,0,1297,943,1297,9,26,1,25
2728,2,273,0,0,17,15,3,0,1,0,1107,1720,1107,3,0,0,299
2729,3,273,0,0,50,49,2,0,0,0,1380,2437,1380,1,25,3,300
2730,1,273,0,0,5,7,0,2,2,0,927,862,927,8,10,0,255
2731,3,273,0,0,48,44,1,0,0,0,2671,915,2671,3,28,3,300
2732,3,273,1,0,44,29,3,1,0,1,1308,831,1308,3,25,3,300
2733,1,273,0,0,18,3,0,0,2,0,1149,916,1149,3,10,0,237
2734,1,274,0,0,24,7,2,0,1,0,1958,856,1958,9,1,1,167
2735,1,274,1,0,7,3,0,0,0,0,1863,876,1863,2,26,1,20
2736,2,274,2,0,33,17,0,0,1,0,923,847,923,3,10,0,66
2737,2,274,0,0,79,54,0,0,0,0,980,1036,980,8,1,1,292
2738,3,274,0,0,24,42,1,1,0,0,979,833,979,4,25,3,300
2739,3,274,0,0,65,54,1,0,1,0,956,838,956,1,10,0,261
2740,3,274,1,0,63,37,0,0,0,0,1153,866,1153,1,25,3,300
2741,3,274,0,0,51,30,1,2,0,1,895,1144,895,8,28,3,300
2742,3,274,1,0,29,22,2,1,0,0,1571,1509,1571,4,25,3,300
2743,3,274,1,0,19,8,2,0,1,0,1893,1004,1893,3,0,0,25
2744,3,274,0,0,19,21,5,0,1,0,1538,1287,1538,2,25,3,300
2745,1,274,1,0,8,2,0,0,0,0,1969,981,1969,2,26,1,35
2746,2,275,0,0,32,3,3,0,1,0,1377,888,1377,6,1,1,148
2747,3,275,0,0,46,49,3,0,0,0,1294,886,1294,1,36,1,167
2748,3,275,0,1,40,47,10,0,0,0,991,985,991,10,25,3,300
2749,3,275,0,0,56,37,2,0,0,0,807,808,807,4,25,3,300
2750,3,275,0,0,54,43,0,1,0,0,1414,1028,1414,9,25,3,300
2751,2,275,0,0,7,10,2,1,2,0,1330,1102,1330,9,10,0,112
2752,3,275,0,0,56,27,4,1,1,0,982,854,982,1,10,0,151
2753,2,275,1,0,36,24,2,3,3,0,1952,809,1952,1,26,1,216
2754,2,275,1,0,27,8,1,0,0,0,1488,1299,1488,10,3,1,300
2755,3,275,0,1,33,51,0,1,0,0,1502,1361,1502,1,28,3,300
2756,4,275,1,0,26,18,1,6,2,0,996,1439,996,1,10,0,76
2757,1,276,0,0,10,6,2,0,0,1,1191,880,1191,1,1,1,297
2758,3,276,0,0,21,2,3,1,1,0,1137,826,1137,9,25,3,300
2759,3,276,2,0,34,29,0,4,0,0,1081,1307,1081,1,26,1,121
2760,3,276,0,0,60,42,5,0,0,0,957,810,957,9,25,3,300
2761,3,276,0,0,104,67,0,0,0,0,1125,1075,1125,11,28,3,300
2762,1,276,0,0,5,3,1,0,1,1,1163,1024,1163,4,10,0,172
2763,2,276,0,0,14,15,2,0,1,0,1938,921,1938,6,3,1,130
2764,3,276,0,0,12,30,0,1,0,0,1904,857,1904,2,28,3,300
2765,3,276,0,0,53,10,7,0,0,0,1109,1021,1109,6,25,3,300
2766,3,276,0,0,49,26,1,0,0,0,1053,1550,1053,4,25,3,300
2767,5,276,0,0,133,36,0,2,0,0,1293,1106,1293,10,25,3,300
2768,3,277,0,1,93,109,0,0,0,2,1616,1123,1616,6,28,3,300
2769,1,277,0,0,12,1,0,0,0,3,2345,1042,2345,8,7,1,214
2770,2,277,1,0,30,5,2,1,0,2,2304,878,2304,4,26,1,152
2771,1,277,0,0,15,14,1,1,0,0,907,811,907,4,26,1,295
2772,3,277,0,0,27,36,4,1,2,0,986,912,986,10,25,3,300
2773,3,277,0,0,60,11,4,0,1,1,2169,834,2169,1,5,0,196
2774,3,277,0,0,66,47,1,0,0,0,2115,863,2115,4,25,3,300
2775,2,277,0,0,24,11,3,3,2,0,2442,910,2442,8,44,0,272
2776,3,277,0,0,43,11,1,0,0,0,1022,950,1022,2,25,3,300
2777,1,277,1,0,17,6,2,0,1,0,1207,1037,1207,3,6,0,274
2778,1,278,0,0,10,6,1,0,1,0,1722,1208,1722,2,15,0,138
2779,1,278,0,0,2,0,1,0,2,0,1464,870,1464,10,10,0,137
2780,3,278,0,0,78,42,3,0,0,0,1032,875,1032,3,28,3,300
2781,1,278,1,0,3,7,0,0,0,0,2202,832,2202,9,26,1,38
2782,1,278,0,0,7,2,1,0,1,0,2159,812,2159,1,10,0,38
2783,3,278,0,1,22,35,3,0,2,0,860,1129,860,1,28,3,300
2784,3,278,0,0,40,16,1,3,0,0,1046,1223,1046,3,28,3,300
2785,3,278,0,0,33,31,2,2,1,0,1492,1202,1492,8,25,3,300
2786,3,278,0,1,20,16,2,0,0,0,1392,936,1392,3,25,3,300
2787,3,278,0,0,67,36,0,2,0,0,2550,1158,2550,4,25,3,300
2788,5,278,0,0,87,65,0,2,0,0,2562,2663,2562,8,25,3,300
2789,1,279,1,0,15,2,0,0,0,0,1078,971,971,3,60,2,61
2790,3,279,0,0,66,49,1,0,0,0,844,813,844,3,25,3,300
2791,1,279,1,0,12,10,0,0,0,0,2439,965,2439,9,26,1,139
2792,3,279,0,0,25,42,4,0,0,1,841,1160,841,3,28,3,300
2793,3,279,0,0,70,22,3,1,2,0,1089,937,1089,4,25,3,300
2794,3,279,0,0,20,20,5,0,1,0,1448,1890,1448,9,10,0,69
2795,3,279,0,0,24,27,3,2,0,0,1243,940,1243,9,28,3,300
2796,3,279,0,0,42,44,1,0,1,0,1688,1700,1688,3,25,3,300
2797,1,279,0,0,14,2,1,0,0,0,1132,1636,1132,11,1,1,16
2798,5,279,0,0,65,58,5,0,0,0,1977,1254,1977,3,25,3,300
2799,1,280,0,0,0,0,1,0,3,0,814,1120,1120,6,33,2,123
2800,3,280,0,0,15,12,1,3,0,0,1533,864,1533,7,25,3,300
2801,3,280,0,0,11,24,5,0,3,2,879,815,879,6,25,3,300
2802,1,280,1,0,9,13,0,0,0,0,1189,853,1189,1,26,1,141
2803,3,280,0,0,44,33,2,0,3,0,1080,843,1080,9,6,0,229
2804,3,280,0,0,49,48,4,1,0,1,1804,1721,1804,1,28,3,300
2805,3,280,0,0,39,24,2,5,0,3,1346,1283,1346,10,28,3,300
2806,1,280,0,0,6,6,1,0,0,0,2325,845,2325,2,1,1,210
2807,1,280,1,0,22,5,0,0,0,0,931,1574,931,3,1,1,71
2808,1,280,0,0,24,2,2,0,0,0,1454,869,1454,6,1,1,61
2809,3,280,0,0,90,13,3,0,0,0,1743,1376,1743,8,1,1,256
2810,3,281,0,0,70,29,5,0,2,0,1519,816,1519,12,25,3,300
2811,1,281,1,0,13,2,0,0,0,0,932,1054,932,1,3,1,300
2812,3,281,0,0,62,15,4,0,0,0,2620,949,2620,9,1,1,230
2813,1,281,1,0,36,16,0,0,0,0,1177,947,1177,11,26,1,144
2814,3,281,0,0,44,54,4,0,0,0,1262,817,1262,1,25,3,300
2815,3,281,1,0,53,42,0,0,0,0,1039,1434,1039,8,26,1,128
2816,3,281,1,0,133,88,2,1,0,0,1370,906,1370,10,26,1,291
2817,2,281,1,0,25,35,0,0,0,0,1155,1031,1155,1,26,1,207
2818,2,281,0,0,24,11,3,0,1,0,1076,944,1076,4,12,0,132
2819,1,281,1,0,10,10,0,0,0,0,2286,1466,2286,1,36,1,186
2820,2,281,1,0,37,30,0,1,0,0,1689,2656,1689,1,36,1,211
2821,1,282,1,0,10,3,0,0,1,1,977,918,977,10,10,0,186
2822,1,282,0,1,42,21,0,1,0,2,2317,818,2317,6,1,1,297
2823,3,282,0,0,42,26,2,1,2,0,1444,839,1444,3,25,3,300
2824,2,282,0,1,11,38,3,1,1,2,972,819,972,3,10,0,213
2825,3,282,1,0,60,40,2,2,0,0,1179,820,1179,10,25,3,300
2826,1,282,0,0,16,1,1,0,0,0,1794,1029,1794,6,26,1,127
2827,2,282,0,0,34,8,2,0,0,0,1027,963,1027,1,1,1,221
2828,3,282,0,0,56,22,3,0,0,0,877,1146,877,10,25,3,300
2829,2,282,0,0,13,18,1,0,1,0,2027,1782,2027,4,10,0,288
2830,1,282,1,0,18,9,1,0,0,1,1581,1012,1581,8,26,1,245
2831,3,283,0,0,26,35,4,0,2,0,1019,821,1019,8,25,3,300
2832,3,283,0,0,46,18,0,1,0,0,1679,1231,1679,12,25,3,300
2833,3,283,0,0,44,41,2,0,0,0,2594,998,2594,4,25,3,300
2834,3,283,0,0,62,30,0,2,0,0,1121,988,1121,1,25,3,300
2835,1,283,0,0,6,3,0,1,0,2,1147,2144,2144,8,33,2,99
2836,3,283,0,0,85,61,1,0,0,0,1936,822,1936,4,25,3,300
2837,3,283,0,0,73,22,10,0,0,0,1377,823,1377,6,25,3,300
2838,3,283,0,1,51,19,2,2,2,1,1779,1013,1779,1,25,3,300
2839,3,283,0,0,59,45,0,0,0,0,2664,939,2664,1,28,3,300
2840,2,283,0,0,47,28,2,0,1,0,1345,1976,1345,8,10,0,177
2841,1,283,1,0,8,0,0,0,0,0,1150,1486,1150,6,26,1,44
2842,5,283,0,0,80,82,2,2,0,0,1807,1791,1807,4,25,3,300
2843,3,284,0,0,67,25,5,0,0,0,1487,911,1487,9,25,3,300
2844,3,284,0,0,85,82,0,0,0,0,955,1699,955,3,25,3,300
2845,3,284,0,0,38,48,5,0,0,0,1653,2096,1653,11,28,3,300
2846,3,284,0,0,11,25,2,1,0,0,1467,1124,1467,10,25,3,300
2847,1,284,0,0,18,0,2,0,1,0,1060,895,1060,8,10,0,267
2848,3,284,0,0,32,20,3,0,0,0,970,824,970,2,1,1,123
2849,1,284,1,0,25,25,0,1,0,0,1522,899,1522,4,26,1,263
2850,2,284,2,0,14,24,1,0,0,0,1356,2451,1356,3,26,1,198
2851,2,284,1,0,26,15,0,2,0,0,1361,1315,1361,1,26,1,95
2852,5,284,0,0,24,24,9,2,1,0,1109,1938,1109,6,25,3,300
2853,3,285,0,0,11,25,2,0,0,0,1104,1075,1104,11,28,3,300
2854,3,285,0,0,18,27,3,0,0,0,913,1110,913,9,28,3,300
2855,1,285,0,0,11,0,2,0,0,0,1986,825,1986,4,1,1,290
2856,1,285,0,0,5,1,0,0,1,0,1325,826,1325,9,10,0,66
2857,1,285,1,0,34,31,0,1,0,0,1253,1270,1253,4,26,1,257
2858,3,285,0,0,64,58,0,0,0,1,828,827,828,4,25,3,300
2859,3,285,0,0,31,21,2,1,1,0,1111,829,1111,8,25,3,300
2860,3,285,0,0,19,15,2,0,1,0,914,1119,914,1,25,3,300
2861,1,285,1,0,13,2,0,0,0,0,1550,1167,1550,4,26,1,61
2862,4,285,1,0,92,38,0,0,0,0,1216,830,1216,3,32,1,57
2863,3,286,0,1,22,20,9,0,1,0,1365,1321,1365,10,25,3,300
2864,1,286,0,0,4,4,0,1,2,0,1447,852,1447,4,61,0,138
2865,3,286,0,0,63,38,6,0,0,0,856,1780,856,9,25,3,300
2866,2,286,0,0,26,34,2,1,1,0,2644,1469,2644,1,12,0,218
2867,3,286,0,0,39,5,3,3,0,0,2304,1317,2304,4,25,3,300
2868,1,286,0,0,2,1,1,0,1,1,1641,862,1641,8,10,0,155
2869,3,286,1,0,77,91,0,4,0,0,1427,989,1427,1,25,3,300
2870,3,286,0,0,124,70,0,1,0,0,2443,961,2443,7,1,1,227
2871,2,286,1,0,18,18,0,0,0,0,1312,831,1312,3,26,1,20
2872,1,286,1,0,10,2,0,0,0,0,1289,1244,1289,4,26,1,72
2873,1,286,1,0,18,10,0,0,0,0,1952,996,1952,1,26,1,151
2874,1,287,0,0,0,0,1,0,1,0,1181,891,1181,1,0,0,72
2875,2,287,0,0,60,10,5,0,0,0,1208,883,1208,2,1,1,257
2876,3,287,0,0,12,20,4,0,1,0,1770,1074,1770,3,25,3,300
2877,2,287,0,0,29,20,0,0,2,0,1575,1966,1575,1,8,0,114
2878,2,287,1,0,25,18,0,2,2,0,2159,948,2159,1,26,1,113
2879,2,287,0,0,68,8,0,1,0,1,1605,892,1605,11,1,1,116
2880,3,287,0,0,23,23,0,2,1,1,1916,1006,1916,1,28,3,300
2881,5,287,1,0,151,62,2,0,0,0,1729,1233,1729,9,36,1,140
2882,3,288,0,0,13,24,4,0,7,0,1641,1624,1641,8,25,3,300
2883,3,288,0,0,45,41,3,0,1,0,1051,868,1051,9,25,3,300
2884,3,288,0,0,36,67,2,0,0,0,1184,1160,1184,3,28,3,300
2885,3,288,1,0,93,57,0,0,0,0,1618,866,1618,1,7,1,146
2886,2,288,0,0,4,13,0,3,3,0,1299,1283,1299,10,0,0,47
2887,2,288,0,0,21,30,2,1,0,0,1432,2516,1432,1,3,1,134
2888,1,288,0,0,7,1,0,0,0,0,1014,2325,1014,2,1,1,41
2889,1,288,1,0,17,20,0,0,0,0,1623,1540,1623,2,26,1,139
2890,3,288,0,0,32,26,4,0,1,0,1568,1149,1568,3,0,0,270
2891,2,289,0,0,13,9,3,0,2,0,1889,832,1889,9,41,0,124
2892,3,289,1,0,63,36,1,0,0,0,1083,833,1083,4,25,3,300
2893,3,289,0,0,36,26,0,4,0,1,1723,1079,1723,1,25,3,300
2894,2,289,0,0,43,8,1,2,0,0,1296,938,1296,4,26,1,151
2895,1,289,0,0,8,7,0,1,2,0,1232,834,1232,8,6,0,269
2896,1,289,0,0,19,6,1,0,2,0,2129,885,2129,11,0,0,273
2897,3,289,0,0,27,14,2,6,0,0,1297,1243,1297,9,25,3,300
2898,1,289,1,0,10,8,0,0,0,0,2056,920,2056,4,1,1,80
2899,3,289,0,1,36,43,2,0,0,0,1707,1045,1707,1,25,3,300
2900,3,289,0,0,30,52,5,0,0,0,1262,982,1262,1,28,3,300
2901,1,289,1,0,13,6,0,0,0,0,1904,1092,1904,2,26,1,179
2902,3,290,0,0,132,99,3,0,0,0,1088,2345,1088,8,25,3,300
2903,2,290,1,0,13,12,0,1,1,0,1169,835,1169,1,0,0,154
2904,3,290,0,0,21,22,0,3,2,0,1903,1137,1903,9,28,3,300
2905,1,290,1,0,10,1,0,0,0,0,1193,836,1193,4,7,1,78
2906,2,290,0,0,32,36,1,0,1,0,964,1142,964,8,10,0,98
2907,3,290,0,0,32,24,2,0,2,0,1010,1890,1010,9,25,3,300
2908,1,290,0,0,31,13,0,0,0,0,2368,976,2368,10,1,1,228
2909,3,290,0,2,36,59,1,0,0,0,1163,1114,1163,4,28,3,300
2910,3,290,0,0,55,16,1,3,0,0,2054,1035,2054,11,25,3,300
2911,3,290,0,0,57,42,2,0,0,0,995,837,995,4,25,3,300
2912,1,290,1,0,10,1,0,0,0,0,1352,1196,1352,1,26,1,92
2913,2,290,1,0,32,20,0,1,0,0,1337,1154,1337,2,26,1,180
2914,2,291,0,1,11,49,2,1,1,0,1108,2202,1108,9,0,0,296
2915,3,291,0,0,74,30,4,0,0,2,1804,1294,1804,1,25,3,300
2916,3,291,0,0,49,42,1,2,0,0,925,999,925,4,28,3,300
2917,3,291,1,0,64,53,0,0,0,0,2099,1148,2099,4,25,3,300
2918,3,291,1,0,69,58,2,0,0,0,1779,1508,1779,1,25,3,300
2919,1,291,0,0,26,2,2,0,0,0,1704,1128,1704,9,1,1,61
2920,3,291,0,0,40,22,3,1,3,0,1342,1800,1342,11,1,1,81
2921,3,291,2,0,39,30,3,0,0,1,1461,1126,1461,3,26,1,58
2922,1,291,1,0,9,10,0,0,0,0,1581,2105,1581,8,26,1,106
2923,3,291,1,0,88,48,0,0,0,0,1689,1290,1689,1,25,3,300
2924,2,291,0,0,27,6,1,0,2,0,1293,967,1293,10,41,0,149
2925,1,292,0,0,40,12,0,0,0,0,1759,838,1759,8,1,1,261
2926,1,292,1,0,9,3,0,0,0,0,1410,897,1410,1,26,1,61
2927,3,292,0,0,74,15,1,0,0,0,1720,839,1720,3,25,3,300
2928,3,292,0,0,55,38,1,0,0,0,972,979,972,4,28,3,300
2929,3,292,0,0,33,22,3,2,1,1,1170,1696,1170,8,25,3,300
2930,3,292,0,0,70,44,0,0,0,0,1158,1509,1158,4,25,3,300
2931,3,292,0,1,23,42,3,0,0,0,1107,1145,1107,3,25,3,300
2932,1,292,1,0,6,7,0,0,0,0,1030,927,1030,8,26,1,79
2933,1,292,0,0,13,2,0,0,0,0,2292,1794,2292,6,36,1,118
2934,1,292,1,0,31,11,0,0,0,0,2443,873,2443,8,26,1,191
2935,5,292,1,0,168,53,1,1,0,0,1076,2027,1076,4,28,3,300
2936,1,293,0,0,2,1,0,0,1,0,1958,1054,1054,9,62,2,39
2937,1,293,2,0,4,0,0,0,0,0,1097,1017,1097,4,36,1,63
2938,3,293,0,0,50,26,2,3,1,0,1047,977,1047,10,25,3,300
2939,3,293,0,1,51,29,1,6,0,0,1521,1191,1521,1,28,3,300
2940,2,293,0,0,31,24,2,1,1,0,1398,886,1398,1,50,0,202
2941,3,293,0,0,42,40,6,0,0,0,1013,840,1013,1,25,3,300
2942,1,293,0,0,5,3,1,0,1,0,1372,953,1372,9,10,0,126
2943,3,293,0,0,66,43,2,2,0,0,1408,1925,1408,4,28,3,300
2944,3,293,0,0,43,16,3,4,0,0,1374,841,1374,3,25,3,300
2945,3,293,0,0,35,17,4,0,0,0,1338,932,1338,1,25,3,300
2946,3,293,0,0,75,39,2,2,0,0,1773,1330,1773,9,25,3,300
2947,3,293,1,0,47,42,1,0,0,0,1053,1166,1053,4,26,1,88
2948,1,294,0,0,1,1,1,0,3,0,1469,842,1469,1,41,0,256
2949,1,294,0,0,7,4,1,0,2,0,2594,1883,2594,1,6,0,297
2950,3,294,0,0,42,29,5,3,1,1,2466,1272,2466,8,25,3,300
2951,1,294,0,1,13,6,1,0,1,0,1365,991,1365,10,12,0,208
2952,2,294,0,0,11,5,2,1,1,0,1050,963,1050,1,10,0,186
2953,3,294,0,0,65,24,2,0,0,0,2304,881,2304,4,1,1,160
2954,3,294,0,0,32,21,3,0,0,0,2644,2159,2644,1,25,3,300
2955,3,294,0,0,47,26,1,0,0,1,2037,1039,2037,8,28,3,300
2956,2,294,0,0,28,33,0,3,0,0,981,942,981,6,1,1,246
2957,3,294,0,0,49,9,9,0,0,0,874,1757,874,6,25,3,300
2958,5,294,1,0,102,77,0,1,0,0,2060,1343,2060,8,25,3,300
2959,1,295,1,0,5,6,0,0,0,0,940,843,940,9,36,1,178
2960,1,295,0,0,25,23,1,0,1,0,1260,844,1260,3,41,0,267
2961,1,295,0,0,25,7,0,1,0,0,903,907,903,4,32,1,186
2962,3,295,1,0,67,74,1,2,0,1,1668,986,1668,10,36,1,18
2963,1,295,0,0,6,4,0,2,0,0,1699,908,1699,3,1,1,136
2964,1,295,0,0,11,1,1,0,1,0,987,845,987,6,10,0,226
2965,2,295,0,0,26,14,1,0,1,0,2169,846,2169,1,10,0,112
2966,2,295,0,0,24,22,1,0,0,0,950,1570,950,2,1,1,289
2967,2,295,2,0,49,28,1,0,0,0,2115,1046,2115,3,32,1,163
2968,2,295,2,0,31,20,0,0,0,0,1618,1361,1618,1,26,1,99
2969,2,295,1,0,20,16,0,0,1,0,1710,1216,1710,3,0,0,57
2970,3,296,0,0,23,16,5,0,1,0,1986,847,1986,4,10,0,206
2971,3,296,0,0,120,67,0,2,0,0,1549,848,1549,9,25,3,300
2972,1,296,0,0,4,4,1,3,1,0,1079,849,1079,1,10,0,255
2973,1,296,1,0,9,2,0,0,0,0,1084,1444,1084,3,26,1,31
2974,3,296,0,0,15,17,2,2,0,0,1258,850,1258,8,25,3,300
2975,3,296,0,0,21,23,1,0,0,2,1231,1703,1231,12,25,3,300
2976,3,296,0,0,70,23,6,0,4,0,1574,890,1574,4,25,3,300
2977,3,296,0,0,34,33,3,0,1,0,1695,2259,1695,4,28,3,300
2978,3,296,0,0,47,79,1,0,1,0,1893,1522,1893,4,25,3,300
2979,1,296,1,0,9,2,0,0,0,0,1938,1756,1938,6,26,1,34
2980,3,297,0,0,31,25,1,1,0,2,1197,2418,1197,9,25,3,300
2981,2,297,1,0,32,35,0,1,1,0,1257,1774,1257,9,10,0,104
2982,3,297,0,0,23,18,0,1,5,0,1885,851,1885,8,0,0,30
2983,2,297,0,0,80,28,0,0,0,0,1687,1177,1687,11,3,1,90
2984,3,297,0,0,38,38,1,3,1,2,1643,1525,1643,9,25,3,300
2985,3,297,0,0,34,33,2,0,5,0,2040,922,2040,8,25,3,300
2986,1,297,0,0,4,12,0,2,2,0,1091,1008,1091,4,0,0,218
2987,1,297,0,0,30,8,0,1,0,0,1087,852,1087,4,13,1,290
2988,1,297,1,0,14,8,0,0,1,0,1492,1345,1492,8,0,0,198
2989,1,297,0,0,16,10,1,1,1,0,2550,1300,2550,4,10,0,286
2990,2,297,1,1,21,10,0,1,0,0,1485,1337,1485,2,38,1,147
2991,1,298,1,0,10,0,0,0,0,0,1979,853,1979,8,26,1,18
2992,3,298,0,0,61,28,3,5,3,0,1477,1213,1477,12,1,1,174
2993,1,298,1,0,12,5,1,0,1,0,988,854,988,1,6,0,112
2994,3,298,0,2,40,25,0,0,0,0,1427,1380,1427,1,25,3,300
2995,3,298,1,0,48,34,0,0,2,0,888,915,888,3,28,3,300
2996,3,298,1,0,63,20,1,0,0,0,969,887,969,2,25,3,300
2997,3,298,0,0,68,80,0,0,0,0,1526,855,1526,1,25,3,300
2998,3,298,0,0,94,37,2,2,0,0,1546,1346,1546,10,25,3,300
2999,1,298,1,0,13,19,0,0,0,0,1722,1022,1722,2,26,1,201
3000,3,298,0,0,71,53,1,2,0,0,966,1146,966,10,28,3,300
3001,3,298,0,0,54,50,0,0,0,0,2286,2664,2286,1,25,3,300
3002,5,298,0,0,93,31,7,0,2,0,1743,2562,1743,8,23,0,296
3003,3,299,1,0,60,58,3,1,2,1,961,1434,961,8,25,3,300
3004,3,299,0,1,78,36,0,2,2,0,1414,856,1414,9,25,3,300
3005,1,299,0,0,5,11,1,1,1,0,1939,1808,1939,11,8,0,299
3006,3,299,0,0,45,28,7,0,0,1,1454,894,1454,6,25,3,300
3007,2,299,1,0,11,8,1,2,0,0,1065,931,1065,3,36,1,188
3008,2,299,1,0,19,15,0,0,1,0,1448,1070,1448,9,8,0,94
3009,2,299,0,1,20,15,1,2,1,0,1916,1227,1916,1,10,0,259
3010,1,299,1,0,8,2,0,0,0,0,1412,1208,1412,2,26,1,33
3011,1,299,0,0,25,5,1,1,0,0,1175,857,1175,2,1,1,290
3012,2,299,0,0,30,27,0,1,1,0,1530,1389,1530,1,0,0,113
3013,5,299,0,0,116,111,0,5,0,1,1807,1203,1807,4,28,3,300
3014,3,300,1,0,107,41,0,2,0,0,2252,997,2252,12,25,3,300
3015,1,300,0,0,16,12,1,1,1,0,974,1310,974,12,6,0,293
3016,3,300,1,0,96,37,1,0,0,0,2239,1222,2239,12,25,3,300
3017,3,300,0,0,109,58,2,0,0,0,1871,1115,1871,12,25,3,300
3018,3,300,0,0,56,69,1,0,1,0,1103,1249,1103,12,25,3,300
3019,2,300,0,0,8,4,1,2,3,1,1674,909,1674,12,6,0,185
3020,3,300,0,0,39,55,4,1,0,0,1946,1609,1946,12,28,3,300
3021,1,300,1,0,25,15,0,0,1,0,1575,1155,1575,1,0,0,277
3022,2,300,0,0,18,23,0,2,0,0,1020,1013,1013,1,45,2,25
3023,3,300,0,0,43,48,2,0,3,0,2442,2663,2442,8,25,3,300
3024,3,300,0,0,42,28,5,1,1,0,1937,2323,1937,12,10,0,86
3025,1,301,0,0,0,4,0,1,3,0,1042,1556,1042,9,19,0,64
3026,3,301,1,0,72,25,0,0,0,0,2294,858,2294,9,25,3,300
3027,3,301,0,0,77,75,4,0,0,0,904,859,904,1,25,3,300
3028,3,301,1,0,63,24,0,3,0,0,1876,860,1876,1,1,1,204
3029,1,301,0,0,5,4,0,0,1,0,2437,861,2437,1,10,0,112
3030,1,301,0,0,4,2,0,1,0,0,1447,1025,1447,4,30,0,57
3031,3,301,0,1,56,22,1,0,1,1,1299,1048,1299,10,10,0,246
3032,3,301,1,0,38,27,0,7,0,1,1679,1519,1679,12,28,3,300
3033,1,301,1,0,12,6,0,0,0,0,1014,1044,1014,2,26,1,119
3034,1,301,0,0,17,2,1,0,0,0,1540,1510,1540,2,26,1,253
3035,3,301,0,0,77,13,2,0,0,0,1952,1715,1952,1,25,3,300
3036,5,301,1,0,123,89,1,1,0,0,1528,1969,1528,2,25,3,300
3037,1,302,0,0,14,15,0,2,0,1,1287,1834,1287,3,36,1,299
3038,3,302,0,0,43,36,1,1,0,0,1936,1004,1936,4,28,3,300
3039,2,302,0,0,25,8,2,1,1,1,1080,1325,1080,9,23,0,253
3040,3,302,0,0,30,37,5,1,0,1,1202,2037,1202,8,25,3,300
3041,2,302,0,0,48,33,1,0,1,0,2546,862,2546,8,10,0,210
3042,1,302,1,0,18,3,0,0,0,0,1863,1043,1863,6,1,1,119
3043,2,302,0,1,24,37,0,0,0,0,1024,926,1024,3,3,1,61
3044,1,302,0,0,2,2,1,0,1,0,1225,863,1225,4,12,0,75
3045,3,302,2,0,91,56,1,0,0,0,1153,956,1153,1,1,1,297
3046,3,302,0,0,62,12,4,1,0,1,1377,1538,1377,6,25,3,300
3047,3,302,1,0,59,58,2,0,1,0,1442,1372,1442,9,12,0,233
3048,1,302,1,0,12,0,0,0,0,0,1254,1308,1254,3,36,1,62
3049,3,303,0,0,85,28,0,0,0,0,1582,864,1582,11,25,3,300
3050,3,303,0,0,64,33,5,5,0,3,1579,865,1579,4,25,3,300
3051,3,303,0,0,152,47,1,0,0,0,1466,866,1466,1,25,3,300
3052,1,303,1,0,12,10,0,0,0,0,970,2132,970,2,26,1,177
3053,3,303,2,0,49,43,1,0,0,0,2433,940,2433,9,1,1,290
3054,2,303,1,0,33,21,0,0,0,0,1521,1006,1521,1,39,1,129
3055,3,303,0,0,53,42,2,0,0,0,1311,1240,1240,4,33,2,300
3056,3,303,0,0,44,23,1,0,0,2,2368,867,2368,10,25,3,300
3057,3,303,0,0,50,30,1,0,0,0,2451,1207,2451,3,25,3,300
3058,3,303,0,0,37,15,1,1,2,0,1689,1352,1689,1,25,3,300
3059,5,303,0,0,92,58,3,1,0,0,1970,1489,1970,6,25,3,300
3060,3,304,1,0,58,55,2,0,1,0,1321,868,1321,10,28,3,300
3061,3,304,1,0,66,100,0,0,0,0,1123,869,1123,6,1,1,131
3062,3,304,0,0,37,69,5,3,4,0,1696,1624,1696,8,48,0,283
3063,3,304,0,0,59,16,4,1,0,1,1169,1182,1169,1,1,1,114
3064,3,304,0,0,42,22,3,0,2,0,977,870,977,10,25,3,300
3065,3,304,0,0,47,28,4,0,0,0,1181,914,1181,1,25,3,300
3066,1,304,1,0,29,10,0,0,0,0,1074,999,1074,4,26,1,137
3067,3,304,0,1,49,52,4,0,0,0,972,1083,972,4,25,3,300
3068,3,304,0,0,38,43,2,0,0,0,1262,1027,1262,1,28,3,300
3069,1,304,1,0,27,10,0,0,0,0,1688,960,1688,3,3,1,217
3070,3,304,0,0,57,86,1,0,0,0,1689,996,1689,1,25,3,300
3071,2,304,1,0,64,32,0,0,0,0,1581,1170,1581,8,26,1,114
3072,3,305,0,0,56,39,1,2,4,0,1179,1051,1179,10,25,3,300
3073,3,305,0,0,35,17,4,0,0,0,1134,1002,1134,2,25,3,300
3074,3,305,0,0,34,2,2,0,0,0,1499,941,1499,8,25,3,300
3075,2,305,0,0,37,9,2,0,0,0,1410,952,1410,1,1,1,38
3076,1,305,1,0,13,4,0,0,1,0,2317,871,2317,6,0,0,84
3077,1,305,1,0,6,0,0,0,0,0,1776,872,1776,8,1,1,8
3078,1,305,1,0,14,8,0,0,0,0,1089,1367,1089,4,26,1,162
3079,3,305,0,0,87,65,0,0,0,0,1097,1158,1097,4,25,3,300
3080,1,305,1,0,10,10,0,0,0,0,1142,873,1142,8,26,1,206
3081,3,305,0,0,26,35,1,0,0,0,1109,874,1109,6,28,3,300
3082,1,305,1,0,4,4,0,0,0,0,1149,1098,1149,3,26,1,70
3083,1,305,1,0,30,10,0,0,0,0,1150,1697,1150,6,1,1,135
3084,1,306,1,0,20,1,0,0,0,0,1700,875,1700,3,1,1,116
3085,3,306,0,0,21,15,0,0,0,0,937,876,937,3,28,3,300
3086,3,306,0,0,67,29,8,0,0,0,1184,955,1184,3,25,3,300
3087,3,306,0,0,38,40,0,1,3,0,1370,877,1370,10,25,3,300
3088,1,306,1,0,11,0,0,0,0,0,1770,1781,1770,3,26,1,36
3089,3,306,0,1,23,34,0,1,2,0,2054,1653,2054,11,34,3,300
3090,2,306,1,0,23,37,0,0,0,0,1445,1289,1445,4,36,1,39
3091,2,306,0,1,20,26,1,0,2,0,1312,1356,1312,3,12,0,225
3092,2,306,1,0,59,32,1,0,0,0,1618,1432,1618,1,1,1,214
3093,3,306,0,0,27,32,0,0,0,0,1550,2550,1550,4,28,3,300
3094,5,306,0,0,108,77,0,0,0,0,1516,1602,1602,3,33,2,300
3095,2,307,0,0,32,12,0,0,1,0,1129,1063,1129,1,10,0,109
3096,3,307,0,0,21,43,6,1,0,0,1124,2642,1124,10,25,3,300
3097,2,307,1,0,42,33,0,1,0,1,1641,1067,1641,8,1,1,299
3098,3,307,1,0,94,24,2,3,0,0,1045,878,1045,1,25,3,300
3099,3,307,0,0,19,4,5,0,4,0,1464,1047,1464,10,41,0,176
3100,3,307,0,0,62,33,4,3,3,0,1804,1577,1804,1,25,3,300
3101,3,307,0,0,61,50,0,1,0,0,1260,879,1260,3,25,3,300
3102,3,307,0,0,76,10,3,1,1,0,2304,1163,2304,4,10,0,82
3103,3,307,0,0,57,31,1,0,0,0,2443,1130,2443,8,25,3,300
3104,4,307,0,0,57,44,3,2,1,0,996,1131,996,4,10,0,238
3105,3,308,0,0,25,22,3,0,1,0,946,880,946,1,25,3,300
3106,3,308,1,0,39,30,0,0,0,0,2403,2202,2403,9,25,3,300
3107,1,308,1,0,16,7,0,0,0,0,1147,1121,1147,8,26,1,179
3108,1,308,1,0,13,8,0,0,0,0,1017,881,1017,4,26,1,194
3109,1,308,0,1,6,6,0,0,1,0,1582,2129,1582,11,5,0,114
3110,3,308,0,0,50,44,1,2,0,0,2056,2671,2056,4,25,3,300
3111,3,308,0,0,44,31,3,2,0,0,1487,1297,1487,9,25,3,300
3112,3,308,0,0,12,18,3,0,0,0,1189,1439,1189,1,28,3,300
3113,1,308,1,0,4,13,0,0,0,0,1699,1392,1699,3,1,1,214
3114,3,308,0,0,38,31,1,0,0,0,2436,2286,2436,1,25,3,300
3115,1,308,1,0,10,1,0,0,0,0,1038,1092,1038,2,26,1,100
3116,3,309,0,0,41,37,1,2,0,0,1018,882,1018,8,28,3,300
3117,3,309,0,0,87,87,0,0,0,0,989,1508,989,1,28,3,300
3118,2,309,0,0,53,7,0,1,0,1,2325,883,2325,2,1,1,198
3119,1,309,2,0,23,7,0,0,0,0,1936,1574,1936,4,26,1,137
3120,2,309,0,0,16,19,1,0,0,0,953,884,884,9,45,2,157
3121,1,309,0,0,1,0,0,0,1,0,1138,916,1138,3,10,0,100
3122,1,309,0,0,11,2,1,0,2,0,1916,1262,1916,1,10,0,157
3123,1,309,0,0,12,10,0,0,0,0,1522,1114,1522,4,18,1,139
3124,2,309,0,0,15,7,0,1,1,0,1300,893,1300,4,47,0,260
3125,3,309,0,0,44,40,0,0,0,0,1884,1939,1884,11,28,3,300
3126,1,309,0,0,0,0,0,0,1,0,1132,1342,1132,11,6,0,14
3127,2,310,0,0,29,8,0,0,0,0,1882,885,1882,11,26,1,122
3128,1,310,1,0,15,6,0,0,0,0,1481,886,1481,1,26,1,107
3129,2,310,1,0,28,39,1,1,0,0,1584,1414,1584,10,26,1,94
3130,3,310,0,0,22,9,2,0,0,0,1022,887,1022,2,1,1,192
3131,2,310,0,0,27,17,1,0,2,0,2644,1013,2644,1,10,0,158
3132,2,310,0,0,39,16,2,0,0,0,1374,888,1374,3,1,1,247
3133,2,310,1,0,25,23,0,0,0,0,1361,958,1361,1,26,1,93
3134,3,310,0,0,50,22,6,0,1,0,2294,967,2294,10,25,3,300
3135,3,310,0,1,62,23,0,0,0,0,1540,1154,1540,2,25,3,300
3136,3,310,0,0,36,23,9,0,0,0,1203,1791,1203,4,25,3,300
3137,2,310,0,0,53,4,0,1,0,0,1679,1937,1679,12,1,1,257
3138,5,310,0,0,90,54,9,0,0,0,1952,1530,1952,1,25,3,300
3139,3,311,1,0,20,15,2,0,0,0,1127,889,1127,10,26,1,94
3140,1,311,0,0,18,0,1,0,1,0,1883,890,1883,1,10,0,192
3141,3,311,0,1,94,44,5,0,0,0,944,891,944,1,25,3,300
3142,2,311,0,0,25,22,2,0,1,0,1079,2437,2437,1,62,2,165
3143,1,311,1,0,5,1,0,0,0,0,980,964,980,8,26,1,91
3144,3,311,0,0,39,34,3,0,0,0,1723,988,1723,1,25,3,300
3145,1,311,0,0,1,1,0,0,1,0,1232,2466,1232,8,5,0,194
3146,3,311,0,0,17,29,2,0,2,0,2594,1646,2594,1,6,0,254
3147,1,311,1,0,15,1,0,0,0,0,1800,892,1800,11,36,1,116
3148,2,311,0,0,12,14,1,0,1,0,1707,1469,1707,1,10,0,149
3149,1,311,0,0,14,4,0,0,1,0,1225,893,1225,4,0,0,261
3150,5,311,0,0,36,25,5,0,2,0,1571,1314,1571,4,25,3,300
3151,3,312,0,0,50,23,0,2,0,0,960,894,960,3,25,3,300
3152,1,312,0,0,22,9,1,0,0,0,1235,1754,1235,2,1,1,297
3153,3,312,1,0,31,21,2,2,0,0,1509,1315,1509,1,25,3,300
3154,3,312,0,0,38,46,2,2,0,0,1403,2096,1403,11,25,3,300
3155,1,312,2,0,24,20,0,0,0,0,2105,2159,2105,1,26,1,225
3156,3,312,0,0,27,24,6,0,1,0,1976,895,1976,8,25,3,300
3157,1,312,0,0,37,0,1,1,0,0,2077,1104,2077,11,7,1,239
3158,3,312,0,0,59,65,4,0,0,0,2516,1190,2516,1,25,3,300
3159,3,312,0,0,55,83,0,0,0,0,1618,1779,1618,1,28,3,300
3160,1,312,2,0,27,8,0,0,0,0,1343,1492,1343,8,1,1,165
3161,3,313,0,0,80,37,2,1,1,0,1933,896,1933,8,25,3,300
3162,2,313,0,0,31,3,0,0,2,0,1435,897,1435,1,1,1,95
3163,2,313,0,0,42,32,0,1,1,0,1433,898,1433,12,0,0,214
3164,3,313,0,0,83,36,3,1,0,0,1208,1176,1208,2,25,3,300
3165,3,313,0,0,17,14,2,1,3,1,1028,1285,1028,8,25,3,300
3166,3,313,0,0,51,47,2,0,0,0,1443,975,1443,4,25,3,300
3167,3,313,0,0,41,13,10,0,0,2,1557,1143,1557,3,25,3,300
3168,1,313,1,0,3,0,0,0,0,0,2259,899,2259,4,26,1,8
3169,1,313,0,0,12,11,0,0,1,0,1870,1871,1870,12,6,0,90
3170,3,313,0,0,30,17,3,3,0,0,945,1009,945,4,25,3,300
3171,3,313,0,0,43,44,0,0,0,0,1383,2292,1383,6,25,3,300
3172,3,313,0,0,21,19,0,2,0,1,900,1044,900,2,7,1,210
3173,3,314,0,0,44,37,3,3,0,0,1029,931,1029,3,28,3,300
3174,1,314,0,0,12,11,2,1,0,0,1012,901,1012,8,3,1,300
3175,3,314,1,0,48,39,2,0,1,0,1936,1296,1936,4,12,0,221
3176,3,314,0,0,32,13,3,0,1,0,2620,1128,2620,9,12,0,131
3177,3,314,0,0,70,111,0,0,0,0,1616,1454,1616,6,26,1,258
3178,1,314,1,0,18,14,0,1,0,0,1938,1377,1938,6,26,1,294
3179,3,314,0,0,27,11,2,0,1,3,2644,2656,2644,1,25,3,300
3180,3,314,0,0,67,28,2,0,0,1,1477,1674,1477,12,25,3,300
3181,3,314,0,0,82,56,0,0,3,0,2443,2562,2443,8,0,0,238
3182,1,314,0,0,6,7,1,0,1,0,1568,1160,1568,3,6,0,153
3183,2,314,0,0,23,13,1,0,2,0,1710,1254,1710,3,10,0,151
3184,3,315,0,0,18,27,2,2,1,1,1609,974,1609,12,25,3,300
3185,3,315,0,0,38,46,2,1,2,1,1125,902,1125,12,25,3,300
3186,3,315,0,0,36,17,6,0,0,1,1408,903,1408,4,25,3,300
3187,3,315,1,0,49,17,3,0,1,0,1398,904,1398,1,10,0,95
3188,3,315,0,0,84,94,0,1,0,0,1338,1876,1338,1,25,3,300
3189,2,315,0,0,34,65,1,0,1,0,1636,1007,1636,11,6,0,187
3190,3,315,0,0,21,21,3,2,1,0,1148,1025,1148,4,25,3,300
3191,1,315,0,0,31,20,0,1,0,0,1549,957,1549,9,1,1,258
3192,1,315,2,0,47,25,0,0,0,0,1831,1077,1831,7,26,1,293
3193,3,315,0,1,75,47,0,2,0,0,1216,1308,1216,3,25,3,300
3194,3,315,0,0,99,67,0,1,0,0,905,981,905,7,25,3,300
3195,5,315,0,0,66,31,14,1,1,0,1293,2368,1293,10,6,0,299
3196,1,316,2,0,27,15,0,1,0,0,1335,906,1335,10,26,1,299
3197,3,316,0,0,42,59,6,1,1,1,1119,907,1119,4,25,3,300
3198,3,316,0,0,44,81,2,2,2,0,1310,1213,1310,12,6,0,195
3199,2,316,0,2,42,25,1,1,1,1,1259,908,1259,3,0,0,294
3200,1,316,0,0,21,7,0,1,1,0,1249,909,1249,12,10,0,249
3201,1,316,1,0,8,2,0,0,0,0,1699,1260,1699,3,26,1,49
3202,3,316,0,1,31,23,0,2,0,2,1117,1023,1117,4,28,3,300
3203,2,316,1,0,21,32,0,2,0,0,2345,910,2345,8,36,1,253
3204,1,316,0,0,10,4,0,1,1,0,1427,2169,1427,1,0,0,293
3205,1,316,0,0,20,3,0,0,0,0,1123,987,1123,6,1,1,56
3206,1,316,1,0,10,2,0,0,0,0,2115,2451,2115,3,26,1,44
3207,5,316,0,0,113,33,6,0,0,0,1969,1337,1969,2,1,1,167
3208,3,317,0,0,9,52,1,0,0,0,1110,911,1110,10,28,3,300
3209,2,317,1,0,23,27,1,2,3,0,976,912,976,10,10,0,193
3210,2,317,0,0,46,18,2,0,0,0,1111,913,1111,9,26,1,299
3211,1,317,1,0,13,6,0,0,0,0,1925,1574,1925,4,1,1,85
3212,3,317,0,0,20,20,3,1,1,0,1307,914,1307,1,25,3,300
3213,1,317,1,0,13,12,0,1,1,0,1294,1081,1294,1,10,0,236
3214,3,317,0,0,27,32,7,0,0,0,1016,1036,1016,8,28,3,300
3215,3,317,0,0,12,29,6,2,0,1,1139,993,1139,8,28,3,300
3216,2,317,0,0,43,15,2,0,0,0,2304,1193,2304,4,1,1,84
3217,3,317,0,0,35,42,9,1,0,0,916,915,916,3,25,3,300
3218,3,317,0,0,56,9,4,0,0,0,1149,917,1149,3,25,3,300
3219,5,317,0,0,83,48,5,0,0,0,1743,1448,1743,8,25,3,300
3220,3,318,0,0,64,35,1,1,0,0,1283,918,1283,10,25,3,300
3221,2,318,0,0,32,7,3,0,1,0,2263,992,2263,1,10,0,158
3222,3,318,0,0,26,16,2,0,0,2,1986,1244,1986,4,25,3,300
3223,3,318,0,0,45,43,1,1,0,0,1184,1688,1184,3,28,3,300
3224,3,318,0,0,30,20,1,0,1,0,1167,1240,1167,4,12,0,133
3225,3,318,0,0,31,37,2,0,0,0,1488,1124,1488,10,25,3,300
3226,3,318,0,0,63,42,4,0,0,0,1546,1299,1546,10,25,3,300
3227,1,318,1,1,51,15,0,0,0,0,1904,1175,1904,2,1,1,281
3228,2,318,0,0,71,72,0,0,0,0,1689,1831,1689,1,36,1,284
3229,1,318,0,0,46,18,1,0,0,0,1977,1255,1977,3,1,1,173
3230,3,318,0,1,23,23,3,1,3,0,1489,1150,1489,6,10,0,159
3231,1,319,1,0,26,21,0,0,0,0,1535,919,1535,4,1,1,298
3232,3,319,0,0,41,13,3,0,0,0,1231,973,1231,12,25,3,300
3233,2,319,1,0,39,7,3,0,0,0,1499,1039,1499,8,1,1,30
3234,3,319,0,0,41,57,6,0,0,0,2273,2120,2273,4,28,3,300
3235,3,319,1,0,21,28,4,0,0,0,1467,1365,1467,10,25,3,300
3236,1,319,0,0,5,5,0,3,1,0,1144,1966,1966,8,63,2,211
3237,2,319,0,0,25,22,0,0,0,0,1750,920,1750,4,7,1,97
3238,3,319,0,0,66,25,0,4,0,0,1723,1027,1723,1,25,3,300
3239,3,319,0,0,46,35,0,0,0,0,1230,921,1230,6,25,3,300
3240,1,319,0,0,3,7,3,0,1,0,1646,1020,1646,4,10,0,171
3241,3,319,1,0,64,37,1,2,2,1,2442,1537,2442,8,0,0,70
3242,2,319,1,0,75,34,2,0,0,1,1580,1445,1580,4,3,1,300
3243,1,320,0,0,2,3,1,0,2,0,1525,922,1525,9,10,0,154
3244,3,320,0,0,67,47,0,3,0,0,1834,923,1834,3,28,3,300
3245,3,320,0,0,67,63,0,2,3,0,1155,924,1155,1,0,0,298
3246,3,320,0,0,32,28,4,0,0,0,1181,1883,1181,1,25,3,300
3247,1,320,0,0,15,2,0,0,0,0,1579,925,1579,4,3,1,300
3248,2,320,1,0,23,6,3,0,0,0,970,2325,970,2,36,1,48
3249,1,320,1,0,5,0,0,0,0,0,1070,1890,1070,9,26,1,21
3250,1,320,2,0,16,1,0,0,0,0,1556,1233,1556,9,26,1,97
3251,3,320,1,0,41,39,0,6,1,0,2144,1060,2144,8,26,1,250
3252,1,320,2,0,27,6,1,0,1,0,2105,1575,2105,1,1,1,158
3253,1,320,0,0,5,8,0,0,1,0,1623,1014,1623,2,0,0,114
3254,1,320,1,0,12,3,0,0,0,0,1098,1356,1098,3,26,1,28
3255,3,321,0,0,60,34,0,6,1,0,1885,961,1885,8,25,3,300
3256,3,321,0,0,17,21,4,0,0,0,972,1087,972,4,25,3,300
3257,3,321,0,0,40,34,4,0,0,0,1169,968,1169,1,25,3,300
3258,1,321,1,0,2,0,0,0,1,0,1250,1643,1250,9,0,0,23
3259,1,321,0,0,1,0,0,0,1,0,1045,2437,1045,1,0,0,54
3260,3,321,0,0,62,48,1,0,0,0,2294,966,2294,10,25,3,300
3261,3,321,0,0,32,27,2,0,0,0,2239,2252,2239,12,25,3,300
3262,3,321,0,0,56,39,1,5,2,0,2040,1696,2040,8,28,3,300
3263,2,321,0,0,59,18,1,0,0,0,2550,1207,2550,3,3,1,300
3264,3,321,0,0,31,37,3,0,0,0,1290,1389,1290,1,28,3,300
3265,3,321,0,0,96,88,1,4,1,0,1485,1353,1485,2,0,0,133
3266,2,322,1,0,31,16,0,1,0,0,1933,1325,1933,9,1,1,86
3267,2,322,0,0,18,29,0,2,0,0,1457,982,1457,1,3,1,204
3268,1,322,2,0,11,11,0,0,0,0,1145,926,1145,3,26,1,172
3269,3,322,0,0,62,11,1,4,1,1,1019,927,1019,8,34,3,300
3270,3,322,0,0,23,35,1,2,1,0,2322,928,2322,8,0,0,101
3271,2,322,1,0,23,17,0,0,0,0,1410,1666,1410,1,36,1,90
3272,1,322,0,0,0,1,1,0,2,0,1776,1018,1776,8,10,0,101
3273,3,322,0,0,54,26,1,0,0,0,1380,1096,1380,1,25,3,300
3274,1,322,0,0,6,3,2,0,1,0,1484,983,1484,4,10,0,177
3275,3,322,0,0,22,22,4,0,0,1,1071,1170,1071,8,25,3,300
3276,3,322,0,0,126,25,0,0,0,0,1679,1946,1679,12,1,1,262
3277,3,323,1,0,52,59,5,0,0,0,954,985,954,9,25,3,300
3278,1,323,1,0,10,9,0,0,0,0,1011,984,1011,4,26,1,163
3279,3,323,0,0,28,21,3,2,0,0,1079,929,1079,4,25,3,300
3280,3,323,0,0,11,23,5,0,2,0,1646,930,1646,4,25,3,300
3281,3,323,0,0,17,37,3,2,1,0,1202,1016,1202,8,28,3,300
3282,1,323,1,0,3,0,0,0,0,0,1700,1052,1700,3,36,1,29
3283,3,323,0,0,40,12,4,0,1,0,1538,931,1538,3,10,0,277
3284,2,323,1,0,64,33,0,0,0,0,1074,2056,1074,4,1,1,187
3285,3,323,0,0,42,31,1,0,0,0,1461,1254,1461,3,7,1,98
3286,3,324,0,0,15,26,5,0,0,1,1063,932,1063,1,25,3,300
3287,3,324,0,1,23,21,6,0,5,3,1668,1179,1668,10,25,3,300
3288,3,324,1,0,64,35,3,0,0,0,2433,1257,2433,9,25,3,300
3289,3,324,0,0,48,45,0,0,0,1,999,972,999,4,28,3,300
3290,3,324,0,0,24,19,5,0,0,0,1317,933,1317,4,25,3,300
3291,1,324,0,0,25,16,1,0,1,0,1791,1936,1791,4,0,0,284
3292,2,324,1,1,24,20,0,0,0,0,1549,1146,1549,9,38,1,29
3293,1,324,1,0,6,8,0,0,1,0,2027,1131,2027,4,10,0,174
3294,3,324,2,0,38,35,0,1,0,0,2663,1345,2663,8,38,1,32
3295,5,324,1,0,70,86,0,0,0,0,1807,1053,1807,4,26,1,60
3296,2,324,1,0,46,31,0,4,0,0,1581,1343,1581,8,26,1,297
3297,1,325,1,0,19,4,0,0,0,0,1048,934,1048,10,1,1,96
3298,3,325,0,0,54,13,2,5,3,0,1296,1049,1296,4,25,3,300
3299,3,325,0,0,51,25,1,0,0,1,1444,935,1444,3,25,3,300
3300,3,325,0,1,15,13,3,1,3,3,1054,1243,1054,9,25,3,300
3301,1,325,0,0,12,3,0,0,1,0,1065,1084,1065,3,10,0,172
3302,1,325,1,0,4,1,0,0,0,0,1088,1147,1088,8,26,1,16
3303,3,325,0,0,47,8,3,1,4,1,1905,1222,1905,12,10,0,158
3304,1,325,1,0,12,7,0,1,0,0,1779,1392,1779,4,18,1,262
3305,3,325,0,0,27,28,7,0,0,1,1069,2549,1069,4,25,3,300
3306,2,325,0,0,15,3,6,0,1,0,2083,1005,2083,4,12,0,79
3307,1,325,2,1,20,5,1,0,0,0,2099,1300,2099,4,36,1,269
3308,2,326,1,0,55,20,0,0,0,0,1474,936,1474,4,26,1,217
3309,3,326,0,0,41,20,1,0,0,0,1078,937,1078,3,25,3,300
3310,3,326,1,0,71,39,3,0,2,0,2671,938,2671,4,25,3,300
3311,3,326,0,0,24,24,4,0,2,0,1889,1010,1889,9,28,3,300
3312,3,326,0,0,50,18,3,0,0,1,2129,1533,2129,11,25,3,300
3313,3,326,0,0,12,18,2,1,4,1,1142,1028,1142,8,25,3,300
3314,3,326,1,1,51,29,1,0,0,0,1522,1017,1522,4,25,3,300
3315,1,326,0,0,9,6,1,0,1,0,1804,1129,1804,1,10,0,176
3316,3,326,1,0,42,36,5,1,2,0,1108,991,1108,9,25,3,300
3317,3,326,0,0,65,26,1,0,0,0,1884,1582,1884,11,25,3,300
3318,3,326,1,0,83,33,0,1,2,0,1916,939,1916,1,25,3,300
3319,1,326,1,0,16,9,0,0,0,0,1038,1412,1038,2,26,1,73
3320,1,327,1,0,15,1,0,0,0,0,1176,1340,1176,2,26,1,48
3321,1,327,1,0,15,9,0,0,0,0,1543,940,1543,9,1,1,89
3322,1,327,1,0,20,11,0,0,0,0,1040,941,1040,8,26,1,184
3323,3,327,0,0,43,35,0,3,0,1,975,1409,975,1,25,3,300
3324,1,327,1,0,7,2,0,0,0,0,1794,942,1794,6,26,1,56
3325,3,327,0,0,28,27,1,0,2,1,977,943,977,10,25,3,300
3326,1,327,1,0,19,23,0,0,0,0,1435,944,1435,1,1,1,150
3327,3,327,1,0,36,24,0,0,0,0,2259,945,2259,4,25,3,300
3328,3,327,1,0,90,57,3,0,0,0,1871,1691,1871,12,25,3,300
3329,1,327,0,0,8,7,0,0,1,0,1481,946,1481,1,5,0,185
3330,3,327,0,0,26,16,5,0,1,0,1466,1361,1466,1,25,3,300
3331,5,327,0,0,115,79,0,1,0,0,1216,1312,1216,3,28,3,300
3332,1,328,1,0,14,2,0,0,0,0,1782,1164,1782,3,1,1,43
3333,3,328,0,0,49,36,2,2,1,3,1075,947,1075,11,25,3,300
3334,3,328,0,0,20,29,0,6,2,0,1186,948,1186,1,28,3,300
3335,1,328,0,0,10,6,1,0,1,0,1508,1013,1508,1,10,0,87
3336,3,328,0,0,61,52,0,0,0,0,1330,1681,1330,9,25,3,300
3337,3,328,0,1,98,91,0,2,0,0,1447,1089,1447,4,28,3,300
3338,3,328,0,0,45,35,2,0,0,0,2656,1006,2656,1,28,3,300
3339,2,328,1,0,22,31,0,1,0,0,1033,1616,1033,6,26,1,27
3340,1,328,0,0,15,7,1,0,0,0,1432,1196,1432,1,1,1,157
3341,3,328,0,0,64,47,0,0,0,0,2286,1521,2286,1,25,3,300
3342,3,328,1,0,58,56,1,0,2,0,2054,1687,2054,11,25,3,300
3343,4,328,0,0,117,62,0,0,0,0,1729,1442,1729,9,1,1,35
3344,3,329,0,0,32,13,4,1,0,0,1774,949,1774,9,25,3,300
3345,2,329,0,0,57,15,1,1,0,0,1287,1046,1287,3,7,1,158
3346,3,329,0,0,53,26,0,1,0,0,1297,1080,1297,9,25,3,300
3347,2,329,0,0,17,17,2,0,1,0,1893,1408,1893,4,0,0,251
3348,3,329,0,0,49,23,8,0,0,0,1377,1021,1377,6,7,1,45
3349,2,329,0,0,13,0,2,0,1,0,1571,2304,1571,4,10,0,172
3350,3,329,0,0,111,70,4,0,0,0,1519,1362,1519,12,25,3,300
3351,2,329,1,0,16,19,0,1,0,0,1092,950,1092,2,1,1,41
3352,3,329,0,0,93,59,0,1,0,0,1510,951,1510,2,25,3,300
3353,3,329,0,0,59,46,0,3,2,3,1140,1055,1140,9,25,3,300
3354,3,329,0,0,23,20,4,2,1,0,1090,1059,1090,1,10,0,286
3355,3,329,0,0,53,63,2,0,0,1,1756,1486,1756,6,25,3,300
3356,1,329,1,0,19,9,0,0,0,0,1132,1605,1132,11,26,1,34
3357,3,330,0,0,71,31,1,0,1,0,1746,952,1746,1,10,0,160
3358,2,330,0,0,25,14,0,1,2,0,2418,953,2418,9,51,0,135
3359,1,330,1,0,4,0,0,0,0,0,1200,1029,1200,6,26,1,50
3360,3,330,0,0,80,55,1,3,1,0,1487,954,1487,9,28,3,300
3361,3,330,0,0,92,13,4,0,1,0,1346,1048,1346,10,1,1,178
3362,3,330,0,0,87,82,3,1,2,0,1160,955,1160,3,25,3,300
3363,1,330,0,0,11,7,1,0,0,0,1688,1226,1688,3,1,1,152
3364,3,330,0,0,26,7,3,0,2,0,1464,1112,1464,10,25,3,300
3365,1,330,1,0,27,2,0,0,1,0,1800,1653,1800,11,10,0,173
3366,3,330,0,0,19,26,2,3,1,0,1022,1235,1022,2,25,3,300
3367,1,330,0,0,27,4,0,0,0,0,1770,1699,1770,3,1,1,139
3368,3,330,0,0,75,84,0,0,0,0,2644,2436,2644,1,28,3,300
3369,3,330,0,0,53,30,5,0,1,0,1757,1938,1757,6,10,0,190
3370,1,331,0,0,24,6,3,0,0,0,1727,1136,1727,6,1,1,285
3371,3,331,0,0,44,22,2,2,0,0,1077,956,1077,1,25,3,300
3372,3,331,0,0,50,47,1,2,0,0,1047,1051,1047,10,28,3,300
3373,1,331,0,0,21,5,0,0,1,2,2317,1863,2317,6,10,0,149
3374,1,331,0,0,4,5,0,2,1,0,1272,957,1272,9,6,0,261
3375,1,331,1,0,12,2,0,0,0,0,1182,958,1182,1,1,1,54
3376,3,331,1,0,69,55,1,0,0,0,1125,1870,1125,12,25,3,300
3377,3,331,0,0,3,23,6,0,0,1,1398,1011,1398,1,25,3,300
3378,1,331,1,0,17,8,0,0,0,0,1723,1338,1723,1,1,1,163
3379,3,331,1,0,60,45,0,1,0,0,1148,1240,1148,4,1,1,86
3380,3,331,0,0,68,29,4,3,0,0,2304,1225,2304,4,28,3,300
3381,1,331,0,0,14,5,0,0,0,0,2443,2442,2443,8,3,1,99
3382,3,332,0,0,49,58,0,1,0,0,2155,959,2155,1,28,3,300
3383,2,332,1,0,35,24,2,0,0,0,1025,960,1025,3,37,2,148
3384,3,332,0,1,52,84,1,1,1,0,1121,961,1121,8,28,3,300
3385,2,332,0,0,41,41,2,4,1,1,1939,2129,1939,11,10,0,298
3386,1,332,1,0,28,16,0,0,1,0,1370,1070,1370,9,0,0,128
3387,3,332,0,0,62,60,1,0,0,0,1361,1521,1361,1,28,3,300
3388,3,332,0,0,73,30,3,0,1,1,1477,1310,1477,12,6,0,61
3389,3,332,0,0,84,20,4,1,0,1,1454,2292,1454,6,25,3,300
3390,2,332,1,0,25,8,2,0,0,0,1150,1383,1150,6,26,1,28
3391,3,332,0,0,39,24,0,1,0,0,1904,1038,1904,2,25,3,300
3392,5,332,0,0,88,58,4,1,0,0,1293,1488,1293,10,25,3,300
3393,3,333,0,0,23,28,2,0,0,1,1270,962,1270,4,3,1,47
3394,3,333,1,0,57,21,0,1,0,0,1307,963,1307,1,25,3,300
3395,3,333,0,0,46,44,0,1,0,0,1380,1116,1380,1,25,3,300
3396,3,333,1,1,40,79,0,1,1,0,1366,1925,1366,4,10,0,137
3397,3,333,0,2,62,88,2,0,0,0,1333,1350,1350,8,28,3,300
3398,1,333,1,0,14,1,0,0,0,0,1012,964,1012,8,26,1,28
3399,3,333,0,0,70,47,0,0,0,0,1128,965,1128,9,25,3,300
3400,3,333,0,0,78,63,0,0,0,0,2368,966,2368,10,25,3,300
3401,2,333,1,0,18,17,0,1,1,1,1688,1149,1688,3,43,1,25
3402,5,333,0,0,146,60,0,4,0,0,1082,1154,1082,2,25,3,300
3403,3,334,0,0,41,8,0,5,0,0,2325,1134,2325,2,1,1,75
3404,3,334,1,0,37,37,3,0,0,1,1414,967,1414,10,25,3,300
3405,1,334,0,0,21,1,1,0,0,0,1284,968,1284,1,1,1,57
3406,1,334,0,0,13,12,1,0,1,0,2323,2252,2323,12,10,0,167
3407,1,334,1,0,3,4,0,0,0,0,1189,2263,1189,1,26,1,106
3408,1,334,1,0,19,17,0,0,0,0,1097,1522,1097,4,1,1,175
3409,3,334,0,0,52,19,2,1,0,0,2040,2345,2040,8,25,3,300
3410,3,334,0,0,34,30,3,1,3,1,2077,1687,2077,11,25,3,300
3411,3,334,0,0,48,31,0,0,0,0,1546,1106,1546,10,25,3,300
3412,3,334,0,0,71,20,0,1,0,0,969,970,969,2,25,3,300
3413,3,334,0,0,52,25,1,0,0,0,1109,1264,1109,6,25,3,300
3414,5,334,0,1,140,120,1,1,0,0,1489,1697,1489,6,28,3,300
3415,3,335,0,0,97,8,2,3,1,0,1143,971,1143,3,1,1,298
3416,3,335,0,0,40,23,7,1,2,0,2037,1040,2037,8,25,3,300
3417,1,335,1,0,23,5,0,0,0,0,1535,972,1535,4,1,1,277
3418,3,335,0,0,38,22,2,0,0,1,1720,1145,1720,3,28,3,300
3419,3,335,0,0,59,19,2,1,0,0,974,973,974,12,25,3,300
3420,3,335,0,0,48,27,1,0,0,0,1435,975,1435,1,25,3,300
3421,2,335,0,0,38,25,2,3,2,0,1179,976,1179,10,0,0,252
3422,3,335,0,1,84,49,2,0,0,0,2273,1750,1750,4,34,3,300
3423,3,335,0,0,47,33,1,1,0,0,1027,1159,1027,1,25,3,300
3424,2,335,0,0,59,16,0,4,2,0,1668,977,1668,10,10,0,249
3425,3,336,2,1,46,27,3,0,3,0,1948,978,1948,9,0,0,207
3426,3,336,0,0,96,66,0,0,0,0,1543,1958,1543,9,28,3,300
3427,3,336,0,0,78,38,0,0,0,0,1034,979,1034,4,25,3,300
3428,2,336,0,1,7,19,2,0,2,0,1641,980,1641,8,10,0,116
3429,1,336,0,0,2,3,0,1,1,0,1060,1976,1060,8,0,0,39
3430,3,336,1,0,74,31,0,3,0,0,1169,1050,1169,1,25,3,300
3431,1,336,0,0,0,3,0,2,0,1,1227,1262,1227,1,64,2,105
3432,3,336,0,0,60,26,6,0,0,0,1454,981,1454,6,25,3,300
3433,3,336,2,0,80,28,2,2,0,0,1153,2594,1153,1,25,3,300
3434,3,336,1,0,42,36,0,1,0,0,1646,982,1646,1,26,1,51
3435,1,336,1,0,24,27,0,0,0,0,1549,1556,1549,9,1,1,264
3436,2,336,0,0,54,33,0,4,0,0,1757,1377,1757,6,1,1,72
3437,1,336,1,0,6,3,0,0,0,0,1255,1098,1255,3,36,1,127
3438,1,337,0,0,11,1,0,0,2,0,1335,1584,1335,10,10,0,155
3439,1,337,1,0,11,17,0,1,0,0,1129,1057,1129,4,43,1,276
3440,3,337,0,0,93,38,0,3,0,0,1114,983,1114,4,25,3,300
3441,3,337,0,0,63,77,5,0,0,0,1260,984,1260,3,25,3,300
3442,3,337,0,0,54,63,9,3,0,0,985,986,985,10,25,3,300
3443,1,337,1,0,19,6,0,0,0,0,1616,987,1616,6,26,1,176
3444,1,337,1,0,23,2,0,0,0,0,1117,1484,1117,4,36,1,121
3445,2,337,0,1,62,21,1,0,0,0,2169,988,2169,1,3,1,300
3446,3,337,0,0,16,33,4,1,0,0,1022,1510,1022,2,25,3,300
3447,3,337,0,0,67,45,1,0,0,0,2115,1688,2115,3,25,3,300
3448,1,337,1,0,12,9,0,0,0,0,1337,1092,1337,2,26,1,221
3449,5,337,0,0,220,103,0,1,0,0,1679,1125,1679,12,25,3,300
3450,2,337,1,0,38,17,1,0,0,0,1884,1132,1884,11,36,1,59
3451,3,338,0,0,20,41,1,0,0,0,1577,989,1577,1,28,3,300
3452,1,338,1,0,10,16,0,3,0,0,1415,1068,1415,1,26,1,222
3453,1,338,1,0,4,2,0,0,0,0,1288,990,1288,4,1,1,30
3454,1,338,1,0,16,11,1,0,0,0,2466,1885,2466,8,1,1,193
3455,2,338,0,0,39,11,0,2,0,0,1643,991,1643,9,3,1,266
3456,3,338,0,0,25,10,6,0,0,3,1557,1091,1557,4,25,3,300
3457,3,338,0,1,31,20,1,0,0,1,1102,1933,1102,9,25,3,300
3458,3,338,0,0,35,24,0,2,0,0,1079,1045,1079,1,25,3,300
3459,3,338,0,0,38,10,5,0,0,0,1462,1072,1462,1,25,3,300
3460,3,338,0,0,49,27,2,1,0,0,1101,1061,1101,4,28,3,300
3461,3,338,0,0,43,25,2,0,0,0,2294,1467,2294,10,28,3,300
3462,3,338,0,0,57,30,3,1,0,0,1492,1502,1492,8,25,3,300
3463,5,338,0,2,54,54,6,2,0,0,2304,2550,2304,4,28,3,300
3464,3,339,1,0,36,19,4,0,0,0,1164,1449,1164,4,35,1,27
3465,3,339,0,0,30,23,1,0,0,0,1197,1111,1197,9,28,3,300
3466,1,339,0,0,3,1,1,0,0,0,1127,1110,1127,10,3,1,44
3467,3,339,0,0,71,78,0,0,0,0,1115,1691,1115,12,25,3,300
3468,3,339,1,0,54,31,1,3,2,1,1081,992,1081,1,28,3,300
3469,3,339,0,0,47,53,0,1,0,0,1147,993,1147,8,28,3,300
3470,2,339,0,1,29,22,1,0,0,0,994,1834,994,3,1,1,110
3471,1,339,1,0,18,8,0,0,0,0,1979,1142,1979,8,26,1,93
3472,3,339,1,0,69,78,2,0,0,0,1253,995,1253,4,28,3,300
3473,1,339,0,0,6,0,1,0,0,0,1167,1049,1167,4,1,1,191
3474,5,339,0,0,86,77,3,1,0,1,996,1779,996,4,28,3,300
3475,2,340,0,0,21,22,1,1,2,0,1213,997,1213,12,10,0,253
3476,3,340,0,0,21,20,1,0,0,0,1759,1139,1759,8,28,3,300
3477,1,340,0,0,6,11,0,1,1,0,1817,1151,1817,4,5,0,166
3478,1,340,1,0,48,14,0,2,0,0,2056,998,2056,4,26,1,265
3479,2,340,0,0,23,4,2,0,1,0,2620,1603,2620,9,0,0,258
3480,1,340,0,0,1,0,0,0,0,0,1538,1078,1078,3,45,2,11
3481,3,340,1,1,21,35,0,1,0,0,1443,1579,1443,4,1,1,138
3482,2,340,1,0,37,20,0,3,0,0,1936,999,1936,4,26,1,21
3483,3,340,0,0,52,28,1,1,0,0,1700,1374,1700,3,25,3,300
3484,2,340,0,0,8,5,2,2,1,0,1284,1063,1284,1,0,0,41
3485,2,340,0,0,13,7,2,0,1,1,2516,2656,2516,1,10,0,177
3486,5,340,0,0,57,10,8,0,4,0,2323,1477,2323,12,10,0,145
3487,3,341,0,0,103,94,0,2,0,0,1625,1000,1625,1,25,3,300
3488,2,341,1,0,40,55,1,0,0,0,1112,1321,1112,10,26,1,268
3489,3,341,0,0,65,42,0,0,0,0,1314,1001,1314,4,25,3,300
3490,3,341,0,0,20,15,2,0,0,0,1044,1002,1044,2,25,3,300
3491,3,341,0,0,61,52,2,3,2,0,2514,1003,2514,1,28,3,300
3492,3,341,0,0,28,28,6,0,0,1,1071,1320,1071,8,25,3,300
3493,3,341,0,0,127,42,1,0,0,0,1466,1432,1466,1,25,3,300
3494,2,341,0,0,61,41,0,2,1,0,1916,2286,1916,1,48,0,174
3495,3,341,0,0,23,2,1,0,1,0,1628,1318,1628,1,25,3,300
3496,1,341,1,0,13,5,0,0,0,0,1743,1343,1743,8,26,1,148
3497,3,342,0,0,58,23,2,0,0,1,2081,1004,2081,4,25,3,300
3498,3,342,1,0,80,114,0,0,0,0,1575,1831,1575,1,28,3,300
3499,1,342,1,0,18,9,0,0,0,0,1457,1155,1457,1,32,1,114
3500,1,342,1,0,32,10,1,0,0,0,1707,1804,1707,1,1,1,206
3501,1,342,0,0,2,2,0,1,1,0,1893,1986,1893,4,0,0,86
3502,3,342,0,0,77,29,0,0,0,0,2239,1133,2239,12,25,3,300
3503,3,342,0,0,75,66,2,0,0,0,1448,1487,1448,9,25,3,300
3504,3,342,0,0,57,47,1,0,0,0,2443,2663,2443,8,25,3,300
3505,3,342,0,0,47,2,2,1,1,0,1571,2027,1571,4,25,3,300
3506,3,342,1,0,46,30,0,1,0,0,1461,1568,1461,3,28,3,300
3507,4,342,0,0,126,48,2,3,1,0,1710,1977,1710,3,1,1,192
3508,1,342,1,0,5,1,0,0,0,0,1581,2060,1581,8,26,1,13
3509,2,343,1,0,25,5,0,1,0,0,1634,1313,1634,2,26,1,173
3510,1,343,0,0,12,15,0,0,1,0,2549,1005,2549,4,44,0,133
3511,3,343,0,0,48,26,6,0,0,0,2083,2259,2083,4,25,3,300
3512,2,343,0,0,28,25,0,0,0,0,1130,1067,1067,8,45,2,94
3513,3,343,0,0,59,57,3,2,2,0,1537,1006,1537,1,28,3,300
3514,3,343,0,0,39,10,2,2,1,0,1095,1065,1095,3,5,0,250
3515,3,343,0,0,32,27,4,1,0,0,2262,1007,2262,11,28,3,300
3516,2,343,1,0,16,15,0,0,0,0,1207,1308,1207,3,26,1,28
3517,1,343,0,0,5,5,1,0,1,0,2442,1352,2442,8,0,0,185
3518,3,343,0,0,66,34,0,1,0,0,2191,1609,2191,12,25,3,300
3519,3,343,0,0,153,103,0,1,0,0,1715,2436,1715,1,25,3,300
3520,2,343,1,0,32,22,0,0,0,0,1540,1528,1540,2,1,1,283
3521,1,343,0,0,26,4,0,0,0,0,1952,1689,1952,1,1,1,66
3522,1,344,0,0,33,1,1,0,0,0,1009,1008,1009,4,1,1,192
3523,3,344,0,0,57,71,3,1,0,4,1137,1233,1137,9,28,3,300
3524,3,344,0,0,72,37,4,0,0,1,2105,1481,2105,1,25,3,300
3525,3,344,0,0,36,38,5,2,0,0,2437,1746,2437,1,25,3,300
3526,3,344,0,0,72,92,3,1,0,0,1560,1703,1560,12,25,3,300
3527,3,344,0,0,43,59,0,1,1,0,2359,1117,2359,4,28,3,300
3528,2,344,0,0,5,15,0,2,2,1,1066,1010,1066,9,10,0,129
3529,1,344,0,0,4,5,0,1,1,0,1227,1011,1227,1,0,0,198
3530,3,344,0,0,29,56,0,2,2,0,2144,1012,2144,8,5,0,97
3531,3,344,0,0,76,69,0,0,0,0,1097,1074,1097,4,28,3,300
3532,1,344,1,0,11,7,0,0,0,0,1969,1904,1969,2,26,1,54
3533,5,344,1,0,92,176,0,0,0,0,1807,1580,1807,4,28,3,300
3534,3,345,0,0,57,38,1,0,0,0,1230,1118,1230,6,25,3,300
3535,2,345,1,0,52,15,1,1,0,0,2439,1085,2439,9,1,1,253
3536,3,345,0,1,92,52,1,1,0,0,1696,1430,1696,8,25,3,300
3537,1,345,1,0,2,1,0,0,0,0,1794,1123,1794,6,26,1,30
3538,3,345,0,0,46,32,2,3,3,0,1521,1013,1521,1,10,0,236
3539,1,345,1,0,26,16,0,1,1,1,1562,1088,1562,8,10,0,218
3540,1,345,0,0,5,1,2,0,1,0,1181,1056,1181,1,10,0,270
3541,2,345,1,0,47,27,0,0,0,0,1781,1356,1781,6,32,1,99
3542,2,345,1,0,42,11,0,1,1,0,1148,1447,1148,4,1,1,74
3543,3,345,0,0,51,28,1,2,0,0,1723,1361,1723,1,25,3,300
3544,3,345,0,1,51,27,2,0,0,0,1175,1014,1175,2,1,1,249
3545,3,345,0,0,42,56,6,0,0,0,1290,1530,1290,1,28,3,300
3546,5,345,0,0,112,109,4,1,0,0,1704,1729,1704,9,28,3,300
3547,3,346,0,0,60,87,2,0,1,0,1469,1015,1469,1,10,0,182
3548,3,346,0,0,44,65,0,2,0,0,1966,1016,1016,8,34,3,300
3549,3,346,0,0,48,46,1,1,1,0,2557,1017,2557,4,25,3,300
3550,3,346,0,0,74,36,1,0,0,0,1890,1018,1890,8,25,3,300
3551,1,346,1,0,15,14,2,0,0,0,1509,1296,1509,4,1,1,239
3552,3,346,0,0,48,45,9,1,0,0,1365,1346,1365,10,25,3,300
3553,3,346,1,0,54,16,4,0,0,0,1184,1078,1184,3,1,1,217
3554,3,346,0,0,65,49,0,1,0,0,2159,1398,2159,1,25,3,300
3555,3,346,0,0,54,30,0,0,0,0,1166,1300,1166,4,25,3,300
3556,2,346,0,0,26,18,1,1,1,0,1876,1284,1876,4,12,0,186
3557,3,346,0,0,45,41,3,0,0,0,1543,1297,1543,9,25,3,300
3558,2,346,0,0,35,35,0,0,1,0,1623,1082,1623,2,0,0,228
3559,1,346,0,0,11,0,0,0,0,0,1150,1109,1150,6,1,1,86
3560,3,347,0,0,78,23,3,0,0,0,1434,1318,1434,8,25,3,300
3561,1,347,1,0,2,3,0,0,1,0,1965,1724,1965,4,10,0,45
3562,2,347,1,0,5,7,1,1,0,3,1258,1019,1258,8,38,1,23
3563,3,347,0,0,57,20,4,1,0,0,1283,1464,1283,10,25,3,300
3564,1,347,0,0,14,1,1,0,0,0,2325,1183,2325,2,26,1,137
3565,3,347,0,0,57,33,3,0,0,0,1240,1020,1240,1,25,3,300
3566,3,347,0,1,75,50,1,0,0,0,1244,1083,1244,4,18,1,265
3567,2,347,0,0,32,16,3,0,1,0,1727,1161,1727,6,23,0,88
3568,3,347,0,0,66,40,0,4,0,0,1546,1124,1546,10,25,3,300
3569,3,347,0,0,51,10,1,0,0,0,1938,1021,1938,6,25,3,300
3570,3,347,0,0,42,36,0,0,0,0,1154,1022,1154,2,25,3,300
3571,1,347,1,0,24,7,0,0,0,0,2099,1203,2099,4,26,1,211
3572,3,348,0,0,62,40,0,0,0,0,1754,1208,1754,2,25,3,300
3573,3,348,0,0,95,76,1,0,0,0,2096,1093,2096,11,1,1,295
3574,3,348,0,0,55,53,1,1,0,1,1808,1582,1808,11,28,3,300
3575,3,348,0,0,37,21,3,3,0,0,1151,1023,1151,4,25,3,300
3576,3,348,0,0,57,64,2,0,0,0,2049,1086,2049,3,25,3,300
3577,1,348,1,0,8,0,0,0,0,0,1226,1024,1226,3,36,1,60
3578,3,348,1,0,84,23,1,3,0,0,2671,1317,2671,4,1,1,265
3579,3,348,0,0,47,82,2,2,2,0,1508,1077,1508,1,25,3,300
3580,1,348,1,0,11,0,0,0,0,0,1160,1025,1160,3,13,1,26
3581,3,348,0,0,61,12,4,1,1,0,1345,1071,1345,8,25,3,300
3582,1,348,1,0,11,11,0,0,0,0,2433,1152,2433,7,1,1,258
3583,1,348,0,0,23,0,0,0,0,0,1770,1138,1770,3,1,1,158
3584,1,348,0,0,4,14,1,0,1,0,1689,1646,1689,4,5,0,153
3585,2,349,1,0,38,13,1,0,0,0,1348,1026,1348,1,26,1,86
3586,1,349,1,0,6,0,0,0,1,0,1409,1316,1409,1,10,0,24
3587,3,349,0,0,77,38,0,0,0,0,1176,1553,1176,2,34,3,91
3588,3,349,0,0,33,17,6,1,0,0,1439,1027,1439,1,25,3,300
3589,3,349,0,0,59,45,2,0,0,0,1720,1259,1720,3,25,3,300
3590,3,349,1,0,31,25,4,0,0,0,2322,1028,2322,8,25,3,300
3591,1,349,1,0,7,6,1,1,0,0,1145,1029,1145,3,26,1,285
3592,3,349,0,0,72,23,1,1,0,0,2614,2418,2614,9,25,3,300
3593,3,349,0,0,32,13,4,0,0,2,1776,1030,1776,8,25,3,300
3594,3,349,0,0,39,69,3,2,0,0,1146,1070,1146,9,28,3,300
3595,3,349,0,0,32,6,0,3,1,1,1535,1366,1535,4,25,3,300
3596,3,349,0,0,81,17,0,0,0,0,1149,1312,1149,3,25,3,300
3597,5,349,1,1,108,75,0,0,0,0,1216,1516,1216,3,25,3,300
3598,2,350,1,0,27,16,0,1,0,0,1350,2514,1350,8,26,1,34
3599,1,350,0,0,20,1,0,1,0,0,1191,1031,1191,1,1,1,271
3600,3,350,0,0,48,56,2,0,0,0,1502,2656,1502,1,25,3,300
3601,3,350,0,0,104,27,7,0,0,2,2037,1641,2037,8,25,3,300
3602,2,350,0,0,46,23,0,1,0,0,1287,1032,1287,3,36,1,69
3603,2,350,1,0,26,11,1,0,0,0,1408,1225,1408,4,26,1,94
3604,3,350,0,0,84,30,3,1,1,0,1419,1131,1419,4,12,0,251
3605,3,350,0,0,39,28,2,1,2,0,1800,2262,1800,11,25,3,300
3606,3,350,0,0,55,31,1,1,0,0,1454,1033,1454,6,25,3,300
3607,3,350,0,0,30,23,3,0,0,0,1794,1616,1794,6,25,3,300
3608,5,350,0,0,40,59,2,0,2,0,2054,1884,2054,11,10,0,210
3609,2,350,0,0,77,61,1,0,2,0,1715,1581,1715,4,10,0,252
3610,3,351,0,0,25,15,5,1,1,1,1666,1238,1666,1,25,3,300
3611,3,351,0,0,52,78,0,0,0,0,1361,1338,1361,1,28,3,300
3612,3,351,0,1,38,46,5,1,1,0,1034,1114,1034,4,25,3,300
3613,3,351,0,0,62,31,0,3,0,1,1177,1035,1177,11,25,3,300
3614,1,351,0,0,5,4,0,0,1,0,2345,1036,2345,8,0,0,84
3615,1,351,1,0,32,8,0,1,0,0,1522,1119,1522,4,18,1,135
3616,3,351,0,0,77,92,1,0,0,1,1249,1115,1249,12,25,3,300
3617,1,351,1,0,5,1,0,0,0,0,1052,1037,1052,6,26,1,52
3618,3,351,0,0,37,33,0,2,0,0,1260,1538,1260,3,1,1,96
3619,3,351,0,0,36,35,0,1,2,0,2169,1169,2169,1,10,0,285
3620,3,351,0,2,148,60,1,1,2,0,2304,1311,2304,4,1,1,46
3621,1,351,1,0,8,1,0,0,0,0,1337,1038,1337,2,26,1,181
3622,3,352,0,0,45,65,1,2,1,0,1211,1712,1211,3,25,3,300
3623,1,352,1,0,27,13,0,0,0,0,2132,1239,2132,2,26,1,164
3624,3,352,0,0,30,45,0,1,0,0,1039,1040,1039,8,28,3,300
3625,1,352,0,0,2,0,2,0,1,0,1285,1041,1285,9,10,0,136
3626,1,352,1,0,25,11,0,0,0,0,1410,1999,1410,1,26,1,224
3627,1,352,0,0,48,0,0,0,0,1,1643,1042,1643,9,1,1,244
3628,3,352,1,0,56,57,1,0,1,0,1782,2273,1782,4,25,3,300
3629,3,352,0,0,35,39,1,1,1,2,1870,1064,1870,12,25,3,300
3630,3,352,0,0,98,35,4,0,0,0,2292,1043,2292,6,25,3,300
3631,3,352,0,0,45,48,0,1,0,0,1235,2504,1235,2,25,3,300
3632,2,352,0,0,36,24,0,2,0,0,1634,2566,1634,2,3,1,300
3633,1,352,1,0,17,5,0,1,0,0,2325,1044,2325,2,1,1,288
3634,5,352,0,0,157,77,0,0,0,0,1528,1623,1528,2,25,3,300
3635,3,353,0,0,72,36,0,3,1,1,2120,1579,2120,4,32,1,183
3636,3,353,0,1,26,20,3,0,0,0,1392,1226,1392,3,25,3,300
3637,1,353,1,0,16,2,0,0,0,0,1488,1108,1488,9,1,1,37
3638,2,353,0,0,11,10,2,0,1,1,1069,2557,1069,4,10,0,151
3639,1,353,1,0,38,35,0,0,0,0,2056,2081,2056,4,26,1,255
3640,3,353,0,0,75,66,0,0,0,0,1939,1605,1939,11,28,3,300
3641,2,353,0,0,11,27,1,1,2,0,2516,2644,2516,1,10,0,80
3642,3,353,2,0,83,55,0,0,0,0,2562,1202,2562,8,25,3,300
3643,2,353,0,0,75,6,2,0,0,0,1512,1328,1512,7,1,1,218
3644,3,353,0,0,46,61,2,0,0,0,2323,2239,2323,12,25,3,300
3645,1,353,1,0,6,7,0,0,0,0,1757,1264,1757,6,26,1,108
3646,3,354,0,0,64,70,1,1,1,0,1804,1045,1804,1,25,3,300
3647,1,354,1,0,29,0,0,0,1,0,1863,1046,1863,6,12,0,275
3648,1,354,1,0,31,26,0,0,0,0,1570,1094,1570,2,1,1,258
3649,3,354,0,0,94,39,0,4,0,0,1427,1090,1427,1,25,3,300
3650,3,354,0,0,28,26,5,0,0,0,1937,1231,1937,12,25,3,300
3651,3,354,0,1,60,34,0,6,0,0,1817,1164,1817,4,25,3,300
3652,3,354,0,0,61,35,2,1,0,0,1414,1047,1414,10,25,3,300
3653,2,354,1,0,25,11,2,1,0,0,2040,2466,2040,8,36,1,135
3654,3,354,0,0,89,62,0,0,0,0,2115,1184,2115,3,25,3,300
3655,3,354,0,0,73,48,0,0,0,0,2286,1530,2286,1,25,3,300
3656,1,354,1,0,21,6,0,1,0,0,1293,2294,1293,10,13,1,169
3657,5,354,0,0,105,57,3,0,0,0,1970,1938,1970,6,25,3,300
3658,2,355,0,0,7,13,4,0,1,0,1325,1048,1325,10,10,0,210
3659,3,355,0,0,24,3,2,4,1,0,2259,1049,2259,4,25,3,300
3660,3,355,2,0,72,40,6,0,0,1,2368,1179,2368,10,25,3,300
3661,3,355,0,0,27,32,1,1,0,0,1159,1050,1159,1,26,1,116
3662,3,355,0,0,54,53,0,0,0,0,2470,1294,2470,1,28,3,300
3663,2,355,1,0,21,12,0,0,0,0,1107,1143,1107,3,36,1,47
3664,3,355,0,1,50,25,6,0,0,0,1439,1181,1439,1,25,3,300
3665,3,355,0,0,119,70,0,0,0,0,2191,1103,2191,12,25,3,300
3666,2,355,0,0,58,22,0,2,1,0,2317,1230,2317,6,10,0,191
3667,1,355,1,0,18,6,0,0,0,0,1882,1105,1882,11,32,1,226
3668,2,355,0,0,29,23,2,0,1,0,2027,1097,2027,4,10,0,195
3669,1,355,1,0,13,0,0,0,0,0,1510,1092,1510,2,26,1,16
3670,2,355,1,0,23,16,1,0,0,0,1540,1904,1540,2,26,1,72
3671,3,356,0,0,44,29,0,3,0,0,2546,1759,2546,8,28,3,300
3672,3,356,0,1,28,46,0,0,1,0,1443,1251,1251,4,28,3,300
3673,1,356,1,0,30,12,0,0,0,0,1486,1377,1486,6,1,1,292
3674,3,356,0,0,80,40,1,0,0,0,1370,2439,1370,9,25,3,300
3675,3,356,0,1,117,51,2,0,0,0,1723,1575,1723,1,25,3,300
3676,1,356,2,0,16,7,0,0,0,0,1700,1207,1700,3,26,1,219
3677,3,356,0,0,17,10,3,0,2,0,1571,1791,1571,4,10,0,271
3678,3,356,0,0,120,79,0,0,0,1,1876,1893,1876,4,25,3,300
3679,3,356,2,0,48,55,0,4,0,0,1756,1454,1756,6,28,3,300
3680,1,356,1,0,26,2,0,0,0,0,1399,1177,1399,7,26,1,81
3681,1,356,0,0,39,4,1,0,0,0,1568,1255,1568,3,1,1,278
3682,1,356,1,0,20,15,0,0,0,0,1969,1485,1969,2,26,1,167
3683,2,357,0,0,58,39,0,0,0,0,1341,1340,1341,2,1,1,241
3684,3,357,0,0,9,32,3,1,0,2,1330,2620,1330,9,28,3,300
3685,2,357,0,0,14,16,2,0,1,0,1395,1077,1395,1,10,0,182
3686,2,357,1,0,27,15,1,1,0,0,1834,1073,1834,3,43,1,66
3687,3,357,0,0,35,18,3,2,0,1,1227,1357,1227,1,25,3,300
3688,3,357,0,0,22,10,2,0,1,0,1653,1687,1653,11,25,3,300
3689,3,357,0,0,41,40,0,3,0,0,1521,1240,1521,1,25,3,300
3690,3,357,0,0,44,48,1,1,0,2,1074,1779,1074,4,28,3,300
3691,3,357,0,0,43,27,1,1,0,0,1160,1287,1160,3,25,3,300
3692,3,357,0,0,58,32,0,0,0,0,1076,1166,1076,4,25,3,300
3693,3,357,0,0,55,43,0,2,0,0,2663,1442,2663,8,25,3,300
3694,1,357,1,0,21,10,0,0,0,0,2433,1549,2433,9,1,1,173
3695,3,358,2,0,135,83,0,2,0,0,1415,1449,1415,1,26,1,112
3696,3,358,0,0,59,64,2,0,0,0,1078,1118,1118,3,28,3,300
3697,2,358,0,1,81,66,0,1,0,0,1195,1200,1195,6,1,1,251
3698,3,358,0,0,73,62,0,0,0,0,2671,1535,2671,4,28,3,300
3699,3,358,1,0,97,33,5,3,0,1,1890,1130,1890,8,25,3,300
3700,2,358,0,0,117,27,0,0,0,0,2129,1946,2129,12,1,1,176
3701,1,358,2,0,46,9,0,0,0,0,2644,1427,2644,1,26,1,256
3702,3,358,1,1,62,62,0,0,0,0,2144,1976,2144,8,32,1,280
3703,1,358,2,0,36,16,0,0,0,0,2105,2664,2105,1,26,1,173
3704,2,358,1,1,13,23,0,2,0,2,1098,1311,1098,3,18,1,87
3705,3,358,0,0,103,64,0,0,2,0,2443,1492,2443,8,25,3,300
3706,5,358,1,0,87,34,3,1,0,0,1704,1448,1704,9,25,3,300
3707,1,358,2,0,21,17,0,0,0,0,1216,1710,1216,3,26,1,216
3708,3,359,0,0,90,13,5,1,0,2,1106,1112,1106,10,25,3,300
3709,3,359,1,0,19,16,5,0,1,0,1986,1113,1986,4,10,0,54
3710,3,359,0,0,86,79,1,1,1,0,1609,1133,1609,12,25,3,300
3711,3,359,0,0,37,24,0,0,0,0,1374,1699,1374,3,25,3,300
3712,3,359,0,0,47,76,1,0,2,0,1233,1051,1233,9,10,0,219
3713,1,359,1,0,4,2,0,0,0,0,1720,1095,1720,3,26,1,59
3714,3,359,0,0,44,24,1,0,1,0,1727,2463,1727,6,12,0,82
3715,3,359,0,0,48,47,1,2,0,0,1191,1079,1191,1,28,3,300
3716,3,359,2,0,115,80,3,0,0,0,1871,1125,1871,13,36,1,164
3717,3,359,0,0,44,29,3,0,1,0,1398,1316,1398,1,10,0,148
3718,3,359,0,1,93,84,1,0,0,0,1052,1123,1052,6,25,3,300
3719,3,359,3,0,73,46,2,0,1,0,1689,1148,1689,4,1,1,155
3720,5,359,0,0,110,61,0,0,0,0,2099,1053,2099,4,25,3,300
3721,2,360,0,0,25,12,4,0,1,0,2549,1288,2549,4,48,0,232
3722,2,360,1,0,20,20,0,3,1,0,1197,1140,1197,9,10,0,184
3723,1,360,0,0,13,14,1,0,1,0,2594,1096,2594,1,6,0,297
3724,2,360,0,0,3,6,0,1,1,0,1272,1054,1272,9,6,0,99
3725,1,360,0,0,14,18,1,0,1,0,1958,1243,1958,9,0,0,128
3726,3,360,0,0,41,25,0,2,0,0,1556,1055,1556,9,28,3,300
3727,3,360,0,1,84,60,0,0,0,0,1831,1056,1831,1,28,3,300
3728,2,360,1,0,16,2,2,0,0,1,1253,1244,1253,4,38,1,77
3729,1,360,1,0,3,1,0,0,1,0,1481,1190,1481,1,10,0,25
3730,3,360,3,0,86,77,0,2,0,0,1522,2280,1522,4,25,3,300
3731,3,360,0,0,37,4,0,7,0,0,2325,1154,2325,2,28,3,300
3732,1,360,0,0,45,12,1,0,0,0,1290,1952,1290,1,1,1,229
3733,1,361,0,0,6,5,1,2,0,0,1925,1057,1925,4,1,1,166
3734,1,361,0,0,24,5,1,0,0,0,1804,2169,1804,1,1,1,246
3735,3,361,0,0,30,33,6,0,0,1,1392,2049,1392,3,25,3,300
3736,3,361,0,0,61,47,0,0,0,0,1168,1058,1168,6,34,3,300
3737,3,361,0,0,41,31,0,0,0,0,1948,1299,1948,10,28,3,300
3738,3,361,0,0,30,32,3,2,1,1,1315,1059,1315,8,25,3,300
3739,1,361,1,0,6,2,0,0,0,0,2155,1186,2155,1,26,1,34
3740,1,361,1,0,4,2,0,2,0,0,1979,1060,1979,8,26,1,162
3741,3,361,0,0,80,54,1,0,0,0,1209,1361,1209,1,25,3,300
3742,1,361,0,0,16,1,3,0,1,2,2554,1323,2554,12,48,0,223
3743,3,361,0,0,31,14,6,0,0,0,1606,2186,1606,6,25,3,300
3744,5,361,0,1,176,63,1,4,0,0,1679,1519,1679,12,25,3,300
3745,1,362,0,0,8,1,1,0,0,0,2656,1196,2656,1,1,1,138
3746,1,362,1,0,21,5,2,0,0,0,1149,1700,1149,3,26,1,272
3747,1,362,1,0,22,6,0,0,0,0,1432,1502,1432,1,1,1,86
3748,3,362,0,0,41,16,0,4,1,2,1284,1061,1284,1,25,3,300
3749,3,362,0,0,64,49,1,0,0,0,1729,1773,1729,9,25,3,300
3750,3,362,0,0,124,70,0,1,0,0,2550,1203,2550,4,25,3,300
3751,3,362,0,0,12,11,2,3,1,0,2077,1342,2077,11,25,3,300
3752,1,362,1,0,50,6,1,0,0,0,1353,1175,1353,2,1,1,297
3753,5,362,0,0,80,79,0,0,0,0,2060,1743,2060,8,25,3,300
3754,3,362,0,0,33,17,3,0,0,0,1489,1516,1489,6,25,3,300
3755,3,362,0,0,51,13,4,0,0,0,1062,1337,1337,2,33,2,300
3756,1,362,0,0,40,3,0,0,1,0,1800,2054,1800,11,10,0,196
3757,1,363,1,1,18,14,0,1,0,1,1161,1861,1161,3,26,1,297
3758,3,363,0,0,40,14,3,1,1,2,1889,1339,1889,9,12,0,259
3759,3,363,1,0,53,28,3,1,1,0,1746,1063,1746,1,25,3,300
3760,1,363,0,0,19,5,2,0,0,0,1691,1064,1691,12,7,1,156
3761,1,363,0,0,8,7,0,0,1,0,1699,1384,1699,3,0,0,163
3762,3,363,0,0,45,38,0,1,0,0,1874,2096,1874,11,25,3,300
3763,2,363,0,0,82,4,3,0,7,1,1668,1335,1668,10,7,1,281
3764,2,363,1,0,41,44,0,2,1,0,1366,1117,1366,4,10,0,299
3765,3,363,0,0,26,8,1,4,0,2,1176,1722,1176,2,34,3,300
3766,2,363,0,0,38,17,2,0,0,0,1356,1065,1356,3,1,1,229
3767,2,363,0,1,66,40,0,0,3,0,1916,2530,1916,1,48,0,142
3768,1,363,2,0,26,14,0,0,0,0,1370,1066,1370,9,26,1,163
3769,2,364,0,0,20,14,1,0,1,0,1313,1371,1313,2,10,0,238
3770,3,364,0,0,76,41,1,4,0,0,1320,1067,1320,8,28,3,300
3771,3,364,0,0,58,12,2,0,0,0,1646,1129,1646,4,25,3,300
3772,3,364,0,0,48,14,7,0,1,0,1577,1135,1577,1,25,3,300
3773,3,364,0,0,41,8,5,0,0,0,2083,1509,2083,4,25,3,300
3774,3,364,0,0,33,20,5,0,0,2,2037,1232,2037,8,25,3,300
3775,3,364,1,0,42,45,0,1,0,0,1681,1487,1681,9,1,1,114
3776,1,364,0,0,13,5,1,0,1,0,1674,1213,1674,12,10,0,119
3777,1,364,0,0,8,3,0,0,0,0,1634,1188,1634,2,1,1,94
3778,3,364,0,0,56,39,1,0,0,0,2286,1389,2286,1,25,3,300
3779,5,364,0,0,87,54,3,0,0,0,2262,1884,2262,11,25,3,300
3780,1,365,2,0,22,17,0,0,0,1,1238,1068,1238,1,1,1,147
3781,3,365,0,0,9,17,3,1,0,0,1069,1211,1211,4,34,3,300
3782,1,365,0,0,4,5,3,0,1,0,1365,1185,1365,10,10,0,109
3783,1,365,1,0,9,1,0,0,0,0,1208,1183,1208,2,1,1,14
3784,3,365,1,0,113,52,1,2,0,0,1779,1361,1779,4,25,3,300
3785,2,365,1,0,60,26,0,1,0,0,2317,1781,2317,6,36,1,40
3786,3,365,1,0,31,22,0,5,0,0,1584,1127,1584,10,28,3,300
3787,3,365,0,0,54,55,2,0,0,0,1102,1070,1102,9,25,3,300
3788,1,365,2,0,21,7,0,0,0,0,1300,1791,1300,4,36,1,106
3789,3,365,0,0,84,70,0,2,0,0,2191,2323,2191,12,28,3,300
3790,1,365,1,0,8,3,0,0,0,0,1550,1807,1550,4,26,1,132
3791,3,366,0,0,113,59,0,0,0,0,1513,1790,1513,2,25,3,300
3792,3,366,0,0,67,23,1,3,1,0,2562,1071,2562,8,25,3,300
3793,1,366,1,0,13,5,0,0,0,0,1350,1072,1350,8,1,1,152
3794,2,366,1,0,26,8,0,0,0,0,1348,1100,1348,1,1,1,85
3795,2,366,1,0,15,3,0,0,0,0,2504,1134,2504,2,36,1,53
3796,3,366,0,0,15,23,4,0,1,0,2081,1164,2081,4,25,3,300
3797,3,366,0,0,17,17,0,1,0,0,1870,1291,1870,12,28,3,300
3798,3,366,1,0,42,15,4,1,2,1,1444,1122,1444,3,25,3,300
3799,3,366,0,0,58,35,0,1,0,0,2056,1782,2056,4,25,3,300
3800,3,366,0,0,36,8,5,0,1,0,1312,1160,1312,3,10,0,178
3801,3,366,0,0,48,9,5,0,0,0,1345,1144,1345,8,25,3,300
3802,5,366,0,0,120,62,1,1,0,0,2040,1890,2040,8,28,3,300
3803,1,367,0,0,10,4,1,1,1,0,2287,1073,2287,3,0,0,270
3804,3,367,0,0,26,13,6,0,0,1,1986,2598,1986,4,1,1,138
3805,1,367,1,0,32,8,0,0,0,0,1074,2304,1074,4,7,1,248
3806,1,367,0,0,21,4,0,1,1,0,1691,1609,1691,12,6,0,274
3807,3,367,0,0,53,42,0,0,0,0,1318,1099,1318,8,25,3,300
3808,3,367,0,0,33,15,3,1,1,0,1939,1075,1939,11,25,3,300
3809,1,367,1,0,12,4,0,0,0,0,2433,1128,2433,9,26,1,48
3810,2,367,0,0,71,33,0,2,0,0,1936,1229,1936,4,1,1,176
3811,1,367,3,0,31,8,0,0,0,0,1555,1193,1555,4,26,1,218
3812,2,367,1,0,45,17,1,1,1,0,1689,1076,1689,4,36,1,122
3813,1,367,1,0,4,1,0,0,0,0,1150,1757,1150,6,26,1,13
3814,5,367,3,0,164,166,0,1,0,0,1581,1715,1581,4,34,3,300
3815,3,368,0,0,27,28,5,0,0,0,1236,1141,1236,1,25,3,300
3816,1,368,2,0,17,4,0,0,0,0,1338,1316,1338,1,26,1,96
3817,1,368,1,0,11,9,0,0,0,0,1256,1077,1256,1,26,1,73
3818,3,368,1,0,61,57,2,2,0,0,1712,1143,1712,3,28,3,300
3819,3,368,0,0,41,55,1,1,0,0,1430,1462,1430,8,28,3,300
3820,2,368,2,0,59,25,0,0,0,0,1699,1078,1699,3,1,1,296
3821,3,368,0,0,80,54,0,3,0,1,2656,1432,2656,1,28,3,300
3822,2,368,1,0,25,21,0,0,0,0,1477,1249,1477,12,36,1,17
3823,3,368,0,0,53,41,0,4,1,0,1530,2442,1530,8,0,0,109
3824,1,368,0,0,1,1,1,0,1,0,1571,1580,1571,4,10,0,112
3825,3,369,0,0,24,29,2,0,0,0,1439,1079,1439,1,25,3,300
3826,3,369,0,0,88,37,1,0,0,2,2276,1145,2276,3,25,3,300
3827,3,369,0,0,52,76,1,0,0,0,1553,1201,1201,2,34,3,300
3828,3,369,0,0,63,19,0,3,0,0,1933,1080,1933,9,25,3,300
3829,3,369,0,0,73,23,2,0,0,0,1808,2175,1808,11,7,1,166
3830,3,369,1,0,38,14,3,0,1,0,1484,2273,1484,4,25,3,300
3831,3,369,0,1,70,47,0,0,0,0,1503,1162,1503,4,28,3,300
3832,3,369,0,0,20,40,2,0,0,0,1380,1081,1380,1,25,3,300
3833,2,369,1,1,13,9,0,0,0,0,1109,1794,1109,6,32,1,126
3834,3,369,0,0,50,28,4,0,0,0,1697,2292,1697,6,25,3,300
3835,3,369,0,0,53,38,1,1,1,0,1082,1904,1082,2,10,0,173
3836,2,370,2,0,17,17,0,0,1,0,1575,1083,1575,4,10,0,49
3837,1,370,1,0,20,10,0,0,0,0,2437,1369,2437,1,26,1,105
3838,2,370,0,0,38,16,5,0,1,0,1537,1157,1537,1,1,1,257
3839,3,370,0,0,46,26,0,1,0,1,2451,1084,2451,3,28,3,300
3840,3,370,0,0,49,52,0,0,0,0,1605,1687,1605,11,28,3,300
3841,1,370,0,0,20,13,2,0,1,0,2129,1871,2129,12,0,0,278
3842,3,370,0,0,54,22,0,0,0,0,1543,1448,1543,9,25,3,300
3843,1,370,0,0,20,0,1,0,2,0,1965,1265,1965,4,10,0,134
3844,3,370,1,0,84,37,0,0,1,0,1485,1175,1485,2,25,3,300
3845,1,370,0,1,34,9,1,0,0,1,1969,1540,1969,2,26,1,267
3846,3,371,0,0,61,79,1,0,0,0,1643,1242,1242,9,34,3,300
3847,3,371,0,0,12,21,1,2,1,0,2557,1101,2557,4,0,0,18
3848,3,371,2,1,56,44,5,0,0,0,1525,1085,1525,9,25,3,300
3849,3,371,0,0,32,6,7,0,1,2,1538,1086,1538,3,10,0,286
3850,3,371,0,0,66,67,3,0,0,0,2280,1087,2280,4,1,1,259
3851,2,371,1,0,39,19,0,0,1,0,1885,1142,1885,8,0,0,80
3852,1,371,0,0,1,0,0,0,1,0,1641,1088,1641,8,48,0,19
3853,3,371,0,0,12,5,4,0,2,2,2263,1181,2263,1,25,3,300
3854,3,371,0,0,33,28,2,0,0,0,1138,1089,1138,4,28,3,300
3855,3,371,0,0,144,58,3,0,2,0,1466,1921,1466,1,25,3,300
3856,1,371,1,0,4,1,0,0,0,0,1770,1688,1770,3,1,1,101
3857,1,371,1,0,14,6,0,0,0,0,2436,2105,2436,1,1,1,95
3858,3,372,0,0,41,43,5,0,0,0,1565,1090,1565,1,25,3,300
3859,1,372,1,0,11,5,0,0,0,0,2549,1091,2549,4,26,1,60
3860,3,372,0,0,7,2,5,0,1,1,1666,1435,1666,1,25,3,300
3861,3,372,1,2,55,41,0,1,2,0,1225,1251,1225,4,10,0,237
3862,3,372,0,0,8,13,1,0,2,0,1467,1346,1467,10,25,3,300
3863,3,372,0,0,10,20,7,1,1,0,1889,1137,1889,9,25,3,300
3864,3,372,0,0,67,46,5,1,0,0,1577,2594,1577,1,25,3,300
3865,1,372,0,0,24,6,1,0,2,0,1232,1147,1232,8,10,0,183
3866,1,372,0,0,5,2,1,0,1,0,1384,1700,1384,3,10,0,178
3867,3,372,0,0,32,33,1,0,0,0,1723,1521,1723,1,3,1,145
3868,2,372,1,0,36,27,0,0,0,0,1154,1092,1154,2,26,1,250
3869,3,372,0,0,64,39,3,0,0,0,1442,1139,1442,8,25,3,300
3870,2,372,0,0,84,14,2,0,0,0,1399,1763,1399,7,1,1,149
3871,3,373,0,0,13,44,4,0,0,0,2227,1093,2227,11,28,3,300
3872,2,373,0,0,52,21,5,3,0,0,2566,1094,2566,2,7,1,122
3873,3,373,0,0,89,30,0,0,0,0,2463,1200,2463,6,25,3,300
3874,2,373,1,0,24,16,2,0,0,0,1207,1095,1207,3,36,1,284
3875,3,373,0,0,34,24,1,5,2,0,2120,1366,2120,4,25,3,300
3876,3,373,0,0,47,33,1,0,0,1,1754,1570,1754,2,28,3,300
3877,3,373,1,0,45,25,1,4,0,1,2466,1202,2466,8,25,3,300
3878,2,373,0,1,44,50,0,0,1,0,1195,1171,1195,6,6,0,283
3879,1,373,0,0,8,7,1,1,2,0,2420,1668,2420,10,0,0,143
3880,3,373,0,0,65,47,0,1,1,0,1355,1240,1355,4,28,3,300
3881,3,373,0,0,48,16,4,4,1,0,1646,1209,1646,1,1,1,210
3882,5,373,0,0,93,101,0,0,0,0,1370,1488,1370,9,28,3,300
3883,3,374,0,0,23,34,0,0,0,0,1707,1189,1707,1,28,3,300
3884,3,374,1,0,90,81,0,0,0,0,1555,1817,1555,4,32,1,280
3885,2,374,0,0,48,21,1,2,0,0,1845,1096,1845,1,1,1,280
3886,3,374,0,0,16,32,3,0,1,0,2259,1097,2259,4,10,0,181
3887,3,374,0,0,10,36,4,2,1,0,1285,2614,1285,9,6,0,176
3888,1,374,1,0,26,1,0,0,2,0,1297,1146,1297,9,5,0,119
3889,1,374,0,0,4,6,4,0,2,0,1499,1243,1499,8,10,0,262
3890,2,374,0,0,9,14,2,0,1,0,1510,1176,1510,2,48,0,101
3891,2,374,1,0,32,13,0,2,1,0,1383,1938,1383,6,26,1,158
3892,2,374,0,0,57,8,1,0,0,0,1149,1255,1149,3,1,1,163
3893,5,374,0,2,119,81,0,1,0,0,1216,1098,1216,3,25,3,300
3894,3,375,0,0,72,29,7,0,0,0,1462,1099,1462,8,25,3,300
3895,3,375,0,0,50,29,0,1,0,0,1415,1100,1415,1,28,3,300
3896,3,375,0,0,63,82,0,0,0,0,1699,1161,1699,3,25,3,300
3897,3,375,1,0,72,67,1,0,0,0,2403,1257,2403,9,39,1,153
3898,1,375,0,0,15,3,0,0,0,0,2598,1101,2598,4,26,1,54
3899,1,375,0,0,2,3,1,0,1,0,1233,1197,1233,7,19,0,97
3900,3,375,0,0,36,34,3,0,0,2,1102,1272,1102,9,28,3,300
3901,3,375,0,0,65,40,1,0,0,0,2518,1103,2518,12,25,3,300
3902,3,375,0,0,60,41,0,1,0,0,2644,1153,2644,1,25,3,300
3903,2,375,1,0,56,29,0,1,0,0,1417,2156,1417,1,26,1,115
3904,2,375,0,0,11,13,1,2,1,2,1492,2442,1492,8,0,0,133
3905,3,375,0,0,46,30,0,0,0,1,1502,1199,1502,1,25,3,300
3906,5,375,0,0,199,121,0,0,0,0,1916,1952,1916,1,25,3,300
3907,3,376,0,1,27,22,4,0,0,0,1403,1874,1403,11,28,3,300
3908,3,376,0,0,28,36,4,0,1,0,2656,1445,2656,7,25,3,300
3909,1,376,1,0,9,3,0,0,0,0,2549,2280,2549,4,1,1,79
3910,1,376,1,0,14,5,0,0,0,0,1356,1184,1356,3,1,1,202
3911,3,376,0,0,94,19,2,0,1,1,1512,2436,1512,1,41,0,151
3912,3,376,0,1,40,33,5,0,2,1,1743,2663,1743,8,25,3,300
3913,3,376,0,0,43,21,1,1,3,0,1939,2054,1939,11,25,3,300
3914,3,376,1,0,18,12,2,1,0,0,1461,1977,1461,3,38,1,24
3915,5,376,0,0,171,50,1,0,0,0,1679,2191,1679,12,25,3,300
3916,5,376,1,0,61,43,1,0,2,0,1550,2099,2099,4,34,3,300
3917,2,376,3,0,32,9,0,0,0,0,1581,1290,1581,1,1,1,184
3918,1,377,3,0,12,2,0,0,0,0,1994,1178,1994,4,26,1,53
3919,3,377,0,0,49,53,11,0,0,0,1480,1165,1480,9,25,3,300
3920,3,377,0,0,48,17,1,2,1,0,1582,1104,1582,11,7,1,183
3921,2,377,0,0,24,18,0,1,1,0,1782,1509,1782,4,6,0,242
3922,1,377,0,0,3,5,1,0,1,0,1513,1246,1513,2,10,0,136
3923,3,377,0,1,69,63,2,0,1,0,1323,1105,1323,12,25,3,300
3924,2,377,0,0,20,20,7,0,2,1,1804,1457,1804,1,10,0,271
3925,3,377,0,0,55,36,4,2,0,0,2368,1106,2368,10,25,3,300
3926,2,377,2,0,42,36,0,3,0,0,1515,1107,1515,3,26,1,220
3927,3,377,0,1,82,48,1,0,0,0,1318,1350,1318,8,25,3,300
3928,3,377,0,1,45,43,1,1,0,0,2668,1235,2668,2,28,3,300
3929,3,377,0,0,49,38,1,0,0,0,1435,1361,1435,1,28,3,300
3930,1,377,0,0,20,12,1,0,0,0,1149,1688,1149,3,1,1,277
3931,1,378,0,0,0,7,0,1,0,0,1230,1592,1592,6,33,2,94
3932,2,378,0,0,28,44,0,1,1,0,1958,1283,1958,9,0,0,115
3933,3,378,0,0,31,3,6,0,2,0,1313,1201,1313,2,0,0,132
3934,2,378,1,0,26,11,0,0,0,0,1603,1108,1603,9,26,1,46
3935,1,378,0,0,0,2,1,0,1,0,1506,1863,1506,6,0,0,67
3936,2,378,0,0,10,14,1,0,1,0,1392,2276,1392,3,12,0,131
3937,3,378,0,0,35,44,1,0,0,0,1443,1355,1443,4,28,3,300
3938,3,378,0,0,71,25,1,0,1,1,2083,1893,2083,4,25,3,300
3939,3,378,0,0,42,4,1,1,0,1,1720,1312,1720,3,25,3,300
3940,3,378,0,0,34,22,6,0,1,0,1519,1691,1519,12,25,3,300
3941,2,378,1,0,41,18,0,1,0,0,1549,1242,1549,9,1,1,97
3942,3,378,0,0,86,3,5,0,1,0,1109,1486,1109,6,1,1,231
3943,3,379,2,0,56,29,1,1,1,0,1267,1110,1267,10,25,3,300
3944,3,379,1,0,36,46,1,0,2,0,2418,1111,2418,8,25,3,300
3945,3,379,0,0,59,47,4,0,4,0,1320,2345,1320,8,25,3,300
3946,3,379,1,0,105,22,0,1,0,0,1335,1112,1335,10,25,3,300
3947,3,379,0,0,74,18,1,2,0,1,1113,1114,1113,4,25,3,300
3948,3,379,0,1,34,39,0,0,1,0,1238,1294,1238,1,28,3,300
3949,3,379,0,0,39,56,4,0,0,0,1260,1160,1260,3,25,3,300
3950,3,379,0,0,45,31,0,0,0,0,1291,1115,1291,12,28,3,300
3951,1,379,0,1,4,3,2,0,1,0,1869,2186,1869,6,10,0,247
3952,2,379,0,0,50,4,3,1,0,0,2347,1116,2347,1,1,1,126
3953,3,379,0,0,23,16,3,0,0,0,1579,1117,1579,4,25,3,300
3954,3,379,0,0,30,22,2,3,3,0,1186,2169,1186,1,28,3,300
3955,1,379,1,0,33,19,0,0,0,0,2115,1770,2115,3,36,1,247
3956,3,380,0,0,47,36,1,0,0,2,1861,1168,1861,6,25,3,300
3957,2,380,1,0,48,29,0,0,1,0,2049,1118,2049,3,18,1,207
3958,3,380,0,0,73,47,3,0,0,1,1281,1213,1281,12,25,3,300
3959,3,380,0,0,21,25,4,0,0,1,1449,1119,1449,1,25,3,300
3960,1,380,1,0,26,14,1,0,1,0,2439,2247,2439,9,26,1,227
3961,3,380,0,0,46,12,0,0,0,0,1628,1315,1628,8,25,3,300
3962,3,380,0,1,54,23,5,0,0,0,2420,1584,2420,10,28,3,300
3963,2,380,0,0,14,21,2,0,1,1,1653,1636,1653,11,12,0,172
3964,3,380,0,0,59,45,0,6,0,0,2132,2463,2132,6,25,3,300
3965,1,380,0,0,44,11,0,0,0,0,1779,1300,1779,4,1,1,245
3966,3,380,0,1,69,68,0,1,0,0,1546,2294,1546,10,28,3,300
3967,5,380,0,0,28,24,5,4,3,2,1293,2642,1293,10,25,3,300
3968,3,381,0,0,56,31,4,0,0,0,1231,2576,1231,12,25,3,300
3969,3,381,0,0,82,61,0,2,0,0,1219,1120,1219,3,25,3,300
3970,3,381,0,0,9,20,6,1,0,0,1845,1182,1845,1,25,3,300
3971,3,381,1,0,73,56,1,1,0,0,1694,1121,1694,8,25,3,300
3972,3,381,0,0,74,61,0,0,0,0,1606,1444,1606,3,25,3,300
3973,1,381,0,0,14,5,0,1,1,0,2629,1122,2629,3,44,0,252
3974,2,381,1,0,42,11,1,0,0,1,2557,1241,2557,4,32,1,85
3975,3,381,0,0,51,44,1,1,1,0,1560,1839,1560,12,25,3,300
3976,2,381,1,0,60,37,0,0,0,0,1616,1460,1616,6,1,1,174
3977,2,381,0,0,66,9,5,0,0,0,1454,1123,1454,6,1,1,156
3978,1,381,0,0,1,0,0,1,1,0,1634,1208,1634,2,41,0,117
3979,4,381,0,0,39,15,1,4,0,1,2325,1754,2325,2,1,1,222
3980,3,382,0,0,34,21,4,4,0,1,1346,1124,1346,10,28,3,300
3981,3,382,0,0,42,19,4,0,0,0,1439,1191,1439,1,25,3,300
3982,1,382,1,0,10,11,0,0,0,0,2530,1831,2530,1,36,1,100
3983,3,382,0,1,30,31,5,1,1,0,1339,1372,1339,9,25,3,300
3984,3,382,0,0,25,47,1,1,0,0,1269,1125,1269,12,28,3,300
3985,2,382,0,1,27,24,0,0,1,0,1398,2437,1398,1,10,0,177
3986,1,382,0,0,8,16,2,1,1,0,1727,2317,1727,6,0,0,278
3987,3,382,0,0,50,34,1,3,1,0,1456,1289,1456,4,25,3,300
3988,3,382,1,0,62,45,0,3,0,0,2550,1126,2550,3,1,1,165
3989,3,382,0,0,111,77,2,1,0,0,2562,1979,2562,8,25,3,300
3990,3,382,2,1,63,70,0,0,0,1,1689,1791,1689,4,36,1,34
3991,3,382,1,0,94,53,2,0,0,0,2443,1530,2443,8,1,1,290
3992,3,383,0,0,15,22,2,0,0,1,1367,1211,1367,4,28,3,300
3993,3,383,0,0,33,22,2,0,2,0,1185,1127,1185,10,25,3,300
3994,1,383,2,0,9,13,0,0,0,0,1681,1128,1681,9,1,1,184
3995,3,383,1,0,169,108,0,1,0,0,1177,1931,1177,11,25,3,300
3996,3,383,0,0,87,65,8,3,1,0,2470,1746,2470,1,25,3,300
3997,3,383,0,0,111,46,0,0,0,0,2359,1129,2359,4,25,3,300
3998,3,383,0,0,76,41,12,0,0,0,1986,1876,1986,4,25,3,300
3999,3,383,0,0,57,21,6,0,0,0,1333,1130,1333,8,25,3,300
4000,2,383,0,0,31,16,1,1,3,0,2152,1195,2152,6,6,0,119
4001,3,383,1,0,69,37,2,0,0,0,1522,1555,1522,4,25,3,300
4002,3,383,1,0,70,18,5,1,1,0,1448,1146,1448,9,25,3,300
4003,2,383,1,1,9,13,2,0,3,0,1965,1284,1965,4,10,0,100
4004,1,383,0,0,12,5,1,0,2,0,1905,1477,1905,12,10,0,201
4005,1,384,1,0,6,17,1,1,0,0,1646,1936,1936,4,45,2,213
4006,1,384,0,0,6,8,1,0,2,2,2515,1131,2515,4,12,0,270
4007,1,384,1,0,14,5,1,0,0,0,1317,1244,1317,4,26,1,214
4008,3,384,0,0,28,29,4,1,0,1,1538,2287,1538,3,25,3,300
4009,3,384,0,0,50,18,1,6,2,0,2304,1203,2304,4,25,3,300
4010,3,384,0,0,21,10,4,0,1,1,1464,1668,1464,10,25,3,300
4011,3,384,0,0,36,52,3,2,0,0,1167,1166,1167,4,28,3,300
4012,3,384,0,0,71,38,5,1,1,0,1729,1370,1729,9,25,3,300
4013,5,384,2,0,68,88,1,0,0,0,2433,1704,2433,9,25,3,300
4014,1,384,0,0,27,7,0,0,0,0,1800,1132,1800,11,1,1,48
4015,1,385,0,0,19,5,1,0,0,0,1239,1371,1239,2,1,1,161
4016,3,385,1,0,41,22,0,0,0,0,1171,1188,1171,6,1,1,125
4017,2,385,1,0,32,20,0,0,0,0,1570,1790,1570,2,32,1,161
4018,3,385,0,0,48,21,1,0,2,0,1703,1133,1703,12,10,0,219
4019,3,385,0,0,20,11,2,0,0,0,1469,1434,1469,1,25,3,300
4020,1,385,0,0,7,7,0,1,1,0,1722,1134,1722,2,4,0,177
4021,3,385,0,1,42,40,4,0,0,0,1152,1487,1152,9,28,3,300
4022,3,385,0,0,68,22,2,0,0,0,2128,1324,2128,1,25,3,300
4023,3,385,0,0,48,33,2,1,0,0,1414,1299,1414,10,25,3,300
4024,3,385,0,0,49,54,0,1,0,0,1447,2081,1447,4,25,3,300
4025,3,385,0,0,20,23,1,5,1,0,1432,1199,1432,1,28,3,300
4026,2,385,1,0,55,4,0,0,0,0,2040,1376,2040,8,1,1,24
4027,1,386,0,0,4,1,0,1,1,0,1369,1135,1369,1,48,0,234
4028,3,386,0,0,37,32,1,4,2,0,2295,1358,2295,10,28,3,300
4029,1,386,0,0,12,5,0,0,0,0,1863,1286,1863,6,1,1,147
4030,1,386,0,0,1,1,1,0,1,0,1384,1712,1384,3,5,0,134
4031,3,386,0,0,39,22,4,0,2,0,1305,1195,1305,6,25,3,300
4032,2,386,1,1,37,39,0,1,0,2,1925,1214,1925,4,26,1,285
4033,3,386,0,0,39,52,0,0,0,0,1773,2620,1773,9,28,3,300
4034,3,386,0,0,36,28,0,1,0,0,1699,1207,1699,3,25,3,300
4035,2,386,0,0,31,27,2,0,4,0,1320,1890,1320,8,10,0,261
4036,1,386,1,0,8,3,0,0,0,0,1634,1904,1634,2,26,1,92
4037,2,386,2,0,58,30,0,0,0,0,1779,1689,1779,4,1,1,60
4038,2,386,0,0,13,27,2,1,1,0,2262,2077,2262,11,6,0,269
4039,1,387,1,0,3,0,0,0,0,0,2186,1136,2186,6,13,1,52
4040,2,387,1,1,45,23,0,0,0,0,2359,2515,2515,4,57,2,300
4041,3,387,0,0,81,37,1,1,0,0,2239,1249,2239,12,25,3,300
4042,3,387,1,0,45,28,0,2,1,0,2195,1137,2195,9,25,3,300
4043,2,387,0,0,21,28,2,0,1,0,1641,1625,1641,8,10,0,121
4044,2,387,0,0,1,25,0,8,0,0,1341,2566,2566,2,33,2,59
4045,3,387,0,1,131,89,2,0,0,0,2129,2252,2129,12,25,3,300
4046,1,387,1,0,15,14,0,0,0,0,1205,1208,1205,2,26,1,190
4047,3,387,0,0,82,76,0,0,0,0,2278,1938,2278,6,28,3,300
4048,3,387,0,0,25,11,1,1,3,0,1427,1227,1427,1,48,0,49
4049,3,387,0,0,60,80,2,0,0,1,1674,2518,1674,12,25,3,300
4050,1,387,1,0,17,20,0,0,0,0,1827,1345,1827,8,26,1,149
4051,3,388,1,0,29,19,1,0,0,0,1314,1138,1314,4,25,3,300
4052,3,388,0,0,52,50,0,0,0,0,1921,1139,1921,8,28,3,300
4053,3,388,0,0,43,13,5,0,0,1,2263,1537,2263,1,25,3,300
4054,3,388,0,0,34,34,6,0,2,0,1365,1325,1365,10,25,3,300
4055,3,388,0,0,71,52,2,0,0,0,2280,2557,2280,4,25,3,300
4056,3,388,0,0,97,71,3,1,0,3,2105,2656,2105,1,34,3,300
4057,3,388,0,0,24,21,3,0,1,0,1757,2132,1757,6,25,3,300
4058,1,388,0,0,7,6,1,0,1,0,1568,1356,1568,3,41,0,221
4059,3,388,0,0,43,54,0,2,0,0,1516,1770,1516,3,25,3,300
4060,5,388,0,0,80,77,0,0,0,0,1882,1884,1882,14,25,3,300
4061,1,389,0,0,3,3,0,1,1,0,2629,1219,2629,3,6,0,94
4062,2,389,1,1,27,6,1,0,0,0,1700,1515,1700,3,36,1,141
4063,3,389,1,0,44,64,0,2,0,0,2206,1140,2206,9,25,3,300
4064,3,389,0,0,48,32,0,4,0,1,1609,1937,1609,12,28,3,300
4065,3,389,1,0,53,48,0,0,0,0,2056,1408,2056,4,25,3,300
4066,1,389,1,0,23,21,0,0,0,0,1521,1141,1521,1,18,1,284
4067,1,389,0,0,7,0,2,0,1,0,1653,1664,1653,11,12,0,74
4068,3,389,0,0,38,11,1,3,0,2,1374,1392,1374,3,25,3,300
4069,3,389,0,0,55,10,1,0,0,0,1819,1142,1819,8,25,3,300
4070,3,389,0,0,51,37,0,2,0,0,1203,1311,1203,3,25,3,300
4071,2,389,1,0,39,21,0,0,0,0,2325,1175,2325,2,26,1,192
4072,3,390,0,0,56,46,1,0,0,0,1242,1405,1242,9,28,3,300
4073,1,390,1,0,23,12,0,0,0,0,1869,2152,1869,6,7,1,250
4074,3,390,0,0,92,51,0,1,0,0,1246,1428,1246,2,25,3,300
4075,2,390,0,0,23,94,1,1,1,0,1297,1562,1297,9,27,0,193
4076,3,390,1,0,28,60,0,4,1,0,2037,1499,2037,8,36,1,199
4077,3,390,0,0,50,14,1,3,0,1,2504,1313,2504,2,1,1,226
4078,3,390,1,0,55,21,0,0,0,0,1540,1337,1540,2,13,1,104
4079,1,390,0,0,13,7,1,0,3,0,1778,1323,1778,12,10,0,199
4080,3,390,0,0,74,53,0,1,0,0,1260,1264,1260,3,28,3,300
4081,3,390,0,0,90,76,2,1,0,0,1348,2530,1348,1,25,3,300
4082,5,390,1,0,54,53,1,0,0,0,1550,2099,1550,4,34,3,300
4083,1,391,1,0,22,6,0,0,0,0,2567,1143,2567,3,26,1,77
4084,3,391,0,1,46,18,8,0,0,0,1236,1144,1236,8,25,3,300
4085,1,391,0,0,24,1,2,0,1,0,1577,1240,1577,1,47,0,102
4086,3,391,0,0,54,59,1,1,2,0,1233,1889,1233,9,25,3,300
4087,3,391,0,0,39,35,0,0,0,0,1443,1479,1443,4,25,3,300
4088,2,391,0,0,15,25,1,0,1,1,1804,1723,1804,1,10,0,192
4089,2,391,0,0,12,9,6,0,1,0,1646,1936,1646,4,10,0,158
4090,3,391,0,0,43,75,2,0,0,0,1605,1582,1582,11,34,3,300
4091,3,391,0,0,36,30,0,0,0,0,1464,1467,1464,10,25,3,300
4092,2,391,1,0,30,51,0,0,0,0,2286,2644,2286,1,38,1,215
4093,3,391,2,0,94,55,2,0,0,0,1756,1616,1756,6,26,1,59
4094,1,391,0,2,10,26,0,0,0,0,1255,2550,2550,3,57,2,232
4095,3,392,0,0,80,99,1,0,0,0,1763,1909,1763,11,25,3,300
4096,3,392,1,0,72,86,0,1,0,0,1259,1145,1259,3,28,3,300
4097,1,392,1,0,6,1,0,0,0,0,1845,1409,1845,1,26,1,30
4098,3,392,0,0,53,24,3,2,0,0,2259,2549,2259,4,25,3,300
4099,3,392,0,0,52,54,1,0,0,0,1235,1176,1235,2,28,3,300
4100,3,392,0,0,28,31,7,1,0,0,1230,1592,1230,6,25,3,300
4101,3,392,0,0,51,28,0,2,0,0,1481,1159,1481,1,25,3,300
4102,3,392,0,0,32,17,3,4,1,3,2322,1776,2322,8,28,3,300
4103,3,392,1,0,67,51,0,2,0,0,2418,1146,2418,7,36,1,230
4104,2,392,0,0,8,17,1,0,1,0,2027,1522,2027,4,0,0,46
4105,1,392,1,0,6,6,0,0,0,0,1383,1454,1383,6,26,1,185
4106,3,393,0,0,51,10,2,0,0,0,1347,1267,1347,10,25,3,300
4107,3,393,0,0,105,84,0,0,0,0,1874,1931,1874,11,28,3,300
4108,3,393,0,0,57,41,1,0,0,0,1378,2470,1378,1,28,3,300
4109,1,393,1,0,8,4,0,0,0,0,1565,1186,1565,1,26,1,21
4110,3,393,0,1,73,53,3,1,0,0,1377,2292,1377,6,25,3,300
4111,3,393,1,0,77,86,0,1,0,0,1694,1696,1694,8,26,1,119
4112,3,393,1,0,90,27,2,0,0,0,2083,2671,2083,4,25,3,300
4113,1,393,0,0,36,0,1,0,0,0,1352,1147,1352,8,1,1,210
4114,1,393,0,0,3,4,2,0,1,0,2442,1209,2442,1,10,0,150
4115,3,393,2,0,79,44,1,0,0,0,1445,1148,1445,4,25,3,300
4116,3,393,0,0,50,37,1,2,3,1,1778,1198,1778,12,10,0,225
4117,2,393,0,0,49,13,0,4,0,1,1149,1977,1149,3,32,1,193
4118,2,393,0,0,36,22,1,1,1,0,1489,1150,1489,6,10,0,217
4119,3,394,0,0,71,68,1,0,0,0,2227,1808,2227,11,25,3,300
4120,1,394,0,0,25,23,0,1,2,0,1782,1151,1782,4,0,0,261
4121,3,394,1,0,49,63,0,4,0,0,2049,1606,2049,3,36,1,232
4122,3,394,0,0,68,36,4,0,0,1,1861,1834,1861,6,25,3,300
4123,3,394,0,1,83,30,2,0,0,0,2620,1152,2620,9,25,3,300
4124,3,394,0,0,57,41,12,1,1,2,2642,1668,2642,10,25,3,300
4125,3,394,0,0,75,75,0,0,0,0,1153,2664,1153,1,28,3,300
4126,2,394,2,0,36,37,0,2,0,0,1248,1250,1248,9,7,1,28
4127,3,394,0,0,122,32,0,1,0,0,2668,1154,2668,2,25,3,300
4128,3,394,0,0,70,56,2,0,0,0,2546,2663,2546,8,28,3,300
4129,2,394,1,0,55,9,0,1,0,0,2115,1568,2115,3,36,1,208
4130,2,394,1,0,47,22,1,1,1,0,2323,1905,2323,12,10,0,167
4131,3,394,0,0,108,16,1,0,1,0,1293,1365,1293,10,6,0,289
4132,1,395,0,0,32,16,3,1,0,1,1185,2247,1185,10,26,1,264
4133,1,395,1,0,28,8,0,0,0,0,1876,1155,1876,4,26,1,210
4134,3,395,0,0,51,47,0,5,2,0,1636,1156,1636,11,25,3,300
4135,3,395,0,0,72,69,0,1,0,0,1291,1946,1291,12,25,3,300
4136,3,395,1,0,104,83,2,3,0,2,1746,1157,1746,1,25,3,300
4137,2,395,1,0,24,16,0,4,2,0,2420,1346,2420,10,10,0,246
4138,3,395,0,0,38,27,1,0,0,0,1312,1699,1312,3,25,3,300
4139,2,395,2,0,26,17,0,1,0,0,1555,1300,1555,4,18,1,65
4140,3,395,0,0,109,46,0,5,1,1,1435,1432,1435,1,34,3,300
4141,3,395,0,0,48,21,0,0,0,0,1488,1681,1488,9,25,3,300
4142,2,395,0,0,21,17,1,0,1,0,1938,1863,1938,6,46,0,131
4143,1,395,2,0,12,4,0,0,0,0,1618,1502,1618,1,26,1,98
4144,5,395,0,0,209,123,2,2,0,0,2562,1318,2562,8,25,3,300
4145,1,396,0,0,2,1,1,0,1,0,1506,1171,1506,6,10,0,141
4146,3,396,0,0,46,51,9,0,1,0,1462,1885,1462,8,25,3,300
4147,3,396,0,0,103,57,0,4,0,0,1691,1362,1691,12,25,3,300
4148,1,396,1,0,20,16,0,0,0,0,1427,1415,1427,1,26,1,159
4149,2,396,1,0,103,36,0,0,0,0,1790,1326,1790,2,18,1,216
4150,3,396,1,0,59,29,2,1,3,0,1320,1641,1320,8,26,1,39
4151,2,396,0,0,44,73,1,0,0,2,1290,2105,2105,1,45,2,242
4152,3,396,0,0,39,28,2,1,0,0,1363,1720,1363,3,28,3,300
4153,2,396,0,0,72,16,1,0,0,1,1743,2040,1743,8,3,1,300
4154,3,396,0,0,23,39,4,0,0,0,1571,1779,1571,4,28,3,300
4155,5,396,0,0,225,83,0,2,0,0,1679,2129,1679,12,25,3,300
4156,1,396,1,0,26,12,0,0,0,0,1969,1528,1969,2,26,1,142
4157,3,397,1,0,14,31,0,4,0,1,1999,1199,1999,1,32,1,7
4158,3,397,1,0,31,28,2,0,0,1,1750,1503,1750,4,25,3,300
4159,3,397,1,0,53,49,1,1,0,0,1211,1158,1211,4,26,1,277
4160,3,397,0,0,40,26,0,5,1,0,2155,1159,2155,1,28,3,300
4161,3,397,1,0,39,10,4,0,0,1,1444,1160,1444,3,25,3,300
4162,3,397,0,0,65,44,3,2,1,0,1958,1285,1958,9,25,3,300
4163,1,397,0,0,23,1,1,0,0,1,2276,1161,2276,3,1,1,120
4164,3,397,0,0,57,34,2,1,0,0,1408,1247,1408,4,25,3,300
4165,3,397,0,0,52,43,6,0,0,0,1579,1994,1579,4,28,3,300
4166,2,397,3,0,46,19,0,0,0,0,1484,1447,1484,4,32,1,149
4167,1,397,1,0,5,9,0,0,0,0,2278,1727,2278,6,26,1,28
4168,5,397,2,0,97,42,1,1,0,0,1697,1757,1697,6,1,1,67
4169,2,398,1,0,17,16,2,0,4,0,2319,1197,2319,10,3,1,300
4170,2,398,1,0,95,32,0,0,1,0,1251,1162,1251,4,10,0,288
4171,3,398,0,0,80,80,0,0,0,0,1269,1281,1269,12,25,3,300
4172,1,398,0,0,4,12,0,1,1,0,1911,1297,1911,9,0,0,108
4173,1,398,0,0,43,16,1,0,0,1,1339,1603,1339,9,1,1,177
4174,2,398,0,0,12,17,1,1,2,0,1538,1384,1538,3,10,0,229
4175,3,398,0,0,43,44,0,0,0,0,1773,1648,1773,9,28,3,300
4176,2,398,1,0,33,29,0,0,0,0,1575,1225,1575,4,26,1,121
4177,2,398,0,0,43,33,0,2,0,0,2567,1226,2567,3,1,1,66
4178,3,398,0,0,37,57,0,1,0,0,1255,1207,1255,3,25,3,300
4179,1,398,0,0,8,9,1,0,1,0,1519,2191,1519,12,10,0,183
4180,3,398,1,0,104,55,0,0,0,0,2443,2060,2443,8,1,1,253
4181,3,399,0,0,98,92,0,0,0,0,2576,1194,2576,12,25,3,300
4182,3,399,0,0,37,25,2,2,0,0,1355,1163,1355,4,28,3,300
4183,3,399,0,0,56,12,2,1,4,0,1299,1210,1299,10,25,3,300
4184,3,399,0,0,40,44,0,1,0,0,1423,1164,1423,4,25,3,300
4185,1,399,1,0,19,21,0,0,0,0,2029,1238,2029,1,26,1,217
4186,3,399,1,0,87,46,4,0,0,0,2347,1333,2347,8,25,3,300
4187,1,399,0,0,3,1,1,0,1,0,1335,2642,1335,10,10,0,49
4188,1,399,1,0,15,1,0,0,0,0,2463,1195,2463,6,26,1,22
4189,2,399,1,0,69,38,0,0,0,0,2345,1361,2345,1,32,1,182
4190,1,399,1,0,8,1,0,0,0,0,1770,1260,1770,3,26,1,76
4191,4,399,0,0,59,51,0,0,0,0,1337,2325,1337,2,1,1,231
4192,3,400,0,0,53,60,0,0,2,0,1909,1789,1909,11,25,3,300
4193,3,400,0,0,62,30,0,2,5,0,1268,1224,1268,10,25,3,300
4194,1,400,1,0,17,10,0,1,0,0,1243,1165,1243,9,1,1,249
4195,3,400,0,0,94,35,2,1,0,0,1925,1667,1925,4,25,3,300
4196,2,400,0,1,21,37,2,1,1,0,1325,1283,1325,10,10,0,199
4197,2,400,1,0,51,20,0,1,1,0,1890,1271,1890,8,3,1,300
4198,1,400,1,0,21,2,0,0,0,0,1570,1239,1570,2,7,1,104
4199,1,400,0,0,7,0,0,0,1,0,1294,1196,1294,1,10,0,72
4200,3,400,0,0,81,60,1,1,1,0,1952,1166,1952,4,25,3,300
4201,3,400,0,0,47,19,8,2,0,0,1986,1167,1986,4,25,3,300
4202,3,400,0,0,51,28,2,0,0,0,2504,1904,2504,2,25,3,300
4203,3,400,1,0,25,15,0,0,0,0,1884,1605,1884,11,36,1,69
4204,1,401,1,0,17,4,0,0,0,0,1286,1168,1286,6,1,1,81
4205,3,401,0,0,82,92,1,0,1,0,1469,1169,1469,1,25,3,300
4206,2,401,0,0,67,16,4,0,0,0,2655,1206,2655,8,1,1,264
4207,3,401,0,0,37,43,0,0,2,2,1328,1324,1328,1,28,3,300
4208,3,401,0,0,40,38,6,0,0,1,1937,1870,1937,12,25,3,300
4209,3,401,0,0,69,51,3,0,0,0,2287,1287,2287,3,25,3,300
4210,3,401,0,0,38,13,2,0,0,0,1976,1395,1976,1,25,3,300
4211,3,401,0,1,103,57,0,0,0,0,1170,1376,1170,8,34,3,300
4212,3,401,0,0,64,32,0,0,0,0,1936,1317,1936,4,25,3,300
4213,1,401,1,0,13,1,0,0,0,0,2564,1171,2564,6,1,1,29
4214,3,401,0,0,47,40,2,0,1,0,1674,1560,1674,12,25,3,300
4215,2,401,0,0,41,10,0,0,0,0,1356,1203,1356,3,1,1,46
4216,1,401,0,0,22,4,1,0,1,0,1804,2516,1804,1,10,0,277
4217,3,402,0,0,16,8,11,0,2,0,1315,1350,1315,8,25,3,300
4218,2,402,0,0,15,6,0,1,1,0,2239,1231,2239,12,10,0,53
4219,3,402,0,0,54,24,6,1,1,3,1308,1781,1308,6,25,3,300
4220,3,402,0,0,106,53,0,1,0,0,1508,1172,1508,4,25,3,300
4221,3,402,0,0,47,26,1,3,0,0,2252,1839,2252,12,25,3,300
4222,3,402,0,0,42,53,2,0,0,0,1305,1205,1305,6,25,3,300
4223,3,402,0,0,31,34,1,3,0,0,2451,1374,2451,3,25,3,300
4224,3,402,0,0,84,28,1,0,0,0,2132,1173,2132,6,7,1,128
4225,3,402,0,0,39,34,3,2,0,0,2128,1845,2128,1,28,3,300
4226,2,402,0,1,21,4,2,0,2,0,1174,1574,1174,4,10,0,43
4227,2,402,0,0,104,91,0,1,0,0,2329,2436,2329,1,13,1,288
4228,2,403,0,0,41,5,5,0,0,0,1959,1252,1959,6,26,1,174
4229,3,403,0,0,94,60,8,0,0,0,1961,1304,1961,8,25,3,300
4230,3,403,0,0,45,36,4,1,0,1,2280,1289,2280,4,25,3,300
4231,2,403,0,0,60,15,0,3,0,0,1700,2629,1700,3,1,1,124
4232,3,403,1,0,76,47,1,0,0,0,1338,1241,1338,4,26,1,87
4233,2,403,1,1,53,35,3,1,2,0,1722,1175,1722,2,10,0,224
4234,2,403,0,0,70,28,2,2,3,0,2439,2403,2439,9,0,0,276
4235,3,403,0,0,80,48,1,1,0,0,1530,2656,1530,1,25,3,300
4236,3,403,0,0,72,51,0,0,0,0,2566,1176,2566,2,25,3,300
4237,3,403,0,1,21,49,0,1,0,0,1540,1485,1540,2,34,3,300
4238,5,403,0,0,74,48,0,4,0,0,2115,1461,2115,3,25,3,300
4239,2,404,0,0,101,68,0,1,0,0,1177,2468,1177,11,7,1,173
4240,3,404,0,0,56,28,3,0,1,0,1480,1242,1480,9,25,3,300
4241,3,404,1,0,93,69,1,0,2,0,1476,1446,1476,1,25,3,300
4242,1,404,0,0,10,3,1,0,0,0,1228,1178,1228,4,35,1,130
4243,3,404,1,0,119,82,1,0,1,0,2295,1179,2295,10,10,0,151
4244,2,404,1,0,24,25,0,2,0,0,1817,1214,1817,4,26,1,239
4245,3,404,0,0,52,36,3,0,0,0,1360,1180,1360,2,25,3,300
4246,1,404,1,0,15,17,0,0,0,0,2186,2152,2186,6,26,1,296
4247,3,404,0,0,75,83,0,0,0,0,1515,1219,1515,3,25,3,300
4248,1,404,1,0,23,5,0,0,0,0,1521,1435,1521,1,18,1,237
4249,3,404,0,0,54,63,2,0,2,0,1778,1871,1778,12,25,3,300
4250,1,404,1,0,7,5,0,0,0,0,2056,2027,2056,4,1,1,82
4251,3,405,0,0,23,22,3,3,2,0,1181,1182,1181,1,25,3,300
4252,3,405,3,0,102,51,1,0,0,0,1694,1232,1694,8,25,3,300
4253,1,405,1,0,21,19,0,0,0,0,1387,1235,1387,2,26,1,171
4254,1,405,0,0,5,8,0,1,2,0,2418,1911,2418,9,6,0,138
4255,3,405,0,0,41,23,8,0,0,0,1236,1430,1236,8,25,3,300
4256,3,405,0,0,111,68,0,0,0,0,1790,1183,1790,2,25,3,300
4257,2,405,1,0,8,5,0,0,1,0,1646,1314,1646,4,26,1,110
4258,1,405,1,0,23,14,1,0,0,0,2450,1184,2450,3,26,1,174
4259,3,405,0,0,83,75,1,1,0,0,2120,1474,2120,4,28,3,300
4260,3,405,2,0,70,72,2,0,0,0,1543,1549,1543,9,25,3,300
4261,3,405,0,0,86,72,1,0,0,0,1377,1616,1377,6,28,3,300
4262,3,405,0,0,70,69,3,1,2,0,2037,1345,2037,8,28,3,300
4263,3,405,0,1,36,26,7,0,2,0,1977,2550,1977,3,12,0,225
4264,1,406,1,0,15,11,0,0,0,0,2437,1240,2437,1,26,1,184
4265,3,406,0,0,27,31,5,1,1,1,1301,1358,1301,10,28,3,300
4266,3,406,0,0,82,86,5,1,0,0,1433,1213,1433,12,25,3,300
4267,3,406,0,0,75,73,2,0,0,0,2098,2466,2098,8,25,3,300
4268,3,406,0,0,65,109,0,2,1,0,2144,2546,2144,8,0,0,179
4269,3,406,0,0,71,19,1,2,0,0,2620,1442,2620,7,25,3,300
4270,1,406,0,0,42,8,1,0,0,0,1492,1320,1492,8,1,1,274
4271,1,406,0,0,12,2,0,0,0,0,2278,1383,2278,6,1,1,42
4272,3,406,0,0,77,82,0,1,0,0,1807,1689,1807,4,25,3,300
4273,3,406,1,0,74,32,0,1,0,0,1399,1381,1399,14,13,1,116
4274,5,406,1,0,57,28,0,0,0,0,1550,1571,1550,4,25,3,300
4275,3,406,0,1,58,95,0,0,0,0,1489,1970,1970,6,65,2,181
4276,1,407,0,0,6,2,0,0,1,1,1357,1288,1357,1,46,0,121
4277,1,407,1,0,12,2,0,1,1,0,2246,1302,2246,10,10,0,236
4278,3,407,0,0,59,27,1,1,0,2,1525,1258,1525,9,25,3,300
4279,1,407,0,0,3,0,1,0,2,0,1889,1257,1889,9,41,0,121
4280,1,407,1,0,8,1,0,0,0,0,1346,1185,1346,10,26,1,15
4281,1,407,0,0,38,0,1,0,0,1,2276,1259,2276,3,26,1,230
4282,3,407,0,3,44,43,1,0,0,0,1643,1405,1643,9,28,3,300
4283,3,407,0,0,40,17,0,2,0,0,1699,1264,1699,3,28,3,300
4284,1,407,1,0,5,1,0,0,0,0,1402,1417,1402,8,36,1,26
4285,1,407,1,0,10,5,0,0,0,0,2515,1522,2515,4,26,1,104
4286,3,407,0,0,64,45,0,4,0,0,2518,1609,2518,12,28,3,300
4287,5,407,0,0,76,45,0,4,0,0,1414,2420,1414,10,25,3,300
4288,1,408,1,0,41,22,0,0,0,0,1316,1186,1316,1,1,1,268
4289,2,408,0,0,77,1,2,0,1,0,1187,1188,1187,6,1,1,152
4290,2,408,0,0,45,24,1,2,2,0,1440,1263,1440,8,10,0,262
4291,3,408,0,0,46,24,0,2,0,0,2219,1230,2219,6,25,3,300
4292,3,408,0,0,34,47,3,1,0,0,1439,1378,1439,1,25,3,300
4293,3,408,0,0,26,10,4,0,1,0,1577,1261,1577,1,47,0,86
4294,1,408,1,0,2,0,0,0,0,0,1410,1256,1410,1,26,1,84
4295,3,408,0,0,49,34,1,0,0,0,1750,1211,1750,4,25,3,300
4296,3,408,0,1,23,44,3,0,3,1,2259,1876,2259,4,25,3,300
4297,3,408,0,0,57,22,0,3,5,1,1582,1375,1582,11,1,1,294
4298,2,408,3,0,43,24,0,2,1,0,1419,1237,1419,3,26,1,190
4299,3,408,1,0,135,41,2,0,0,0,2668,1510,2668,2,26,1,210
4300,3,409,1,0,26,16,0,0,0,1,1307,1189,1307,1,26,1,49
4301,3,409,1,0,24,32,1,0,0,0,1373,1313,1373,2,25,3,300
4302,2,409,3,0,57,28,0,0,0,0,1434,1190,1434,1,26,1,276
4303,3,409,1,0,142,23,4,0,1,1,1921,1819,1921,8,25,3,300
4304,1,409,0,0,3,3,0,0,1,0,1533,1808,1533,11,6,0,171
4305,2,409,0,0,17,29,1,1,2,0,2227,1653,2227,11,12,0,256
4306,3,409,5,0,96,29,0,0,0,0,2663,1389,2663,8,25,3,300
4307,3,409,0,0,44,31,4,0,0,0,1794,1869,1794,6,25,3,300
4308,2,409,1,0,34,5,2,0,0,0,2294,1365,2294,10,26,1,25
4309,1,409,0,0,13,1,0,0,1,0,1952,2304,1952,4,12,0,223
4310,5,409,0,0,86,72,2,0,0,0,1800,2262,1800,11,28,3,300
4311,2,410,1,0,42,35,2,1,0,0,2594,1191,2594,1,26,1,295
4312,2,410,1,1,26,44,0,1,0,1,1688,1720,1688,3,1,1,145
4313,1,410,0,0,5,0,1,0,0,0,1428,1208,1428,2,1,1,24
4314,3,410,0,0,20,15,4,0,0,1,1398,1469,1398,1,28,3,300
4315,3,410,0,0,36,37,0,0,0,0,1513,1192,1513,2,28,3,300
4316,1,410,1,0,16,13,0,0,0,0,2083,1443,2083,4,26,1,168
4317,2,410,1,0,20,22,4,0,1,0,1565,1369,1565,1,12,0,131
4318,3,410,1,0,35,65,0,1,0,0,2049,1311,2049,3,1,1,153
4319,1,410,1,0,11,6,0,0,0,0,1555,1922,1555,4,32,1,79
4320,2,410,0,0,58,25,2,1,0,0,1710,1363,1710,3,1,1,245
4321,3,411,1,0,63,43,1,0,0,0,1273,1193,1273,4,25,3,300
4322,3,411,0,0,51,49,1,0,0,0,1270,1423,1270,4,25,3,300
4323,3,411,0,0,135,95,0,0,0,0,1386,1194,1386,12,28,3,300
4324,3,411,0,0,27,38,2,0,0,0,1366,2359,1366,4,28,3,300
4325,1,411,0,0,9,16,1,0,2,0,1467,1325,1467,10,10,0,270
4326,3,411,1,0,50,48,2,0,0,0,1350,1271,1350,8,25,3,300
4327,1,411,2,0,40,20,0,0,0,0,1282,1195,1282,6,26,1,285
4328,1,411,1,0,13,2,0,0,0,0,1449,1196,1449,1,26,1,90
4329,3,411,0,0,141,42,4,0,0,2,2129,1519,2129,12,25,3,300
4330,1,411,0,0,0,0,0,0,1,1,1938,1336,1938,6,46,0,110
4331,3,412,1,0,70,46,0,0,0,0,2451,1312,2451,3,25,3,300
4332,1,412,1,0,8,5,0,0,0,0,1299,1347,1299,10,26,1,98
4333,3,412,0,0,38,34,0,1,1,0,2247,1197,2247,10,25,3,300
4334,3,412,0,0,67,27,1,0,0,0,1677,1198,1677,12,25,3,300
4335,3,412,1,0,104,93,4,1,1,0,2530,2664,2664,1,28,3,300
4336,3,412,0,0,66,33,4,1,0,0,1961,1248,1961,9,28,3,300
4337,3,412,1,0,81,36,0,1,0,0,2644,1466,1466,1,34,3,300
4338,1,412,0,0,3,0,1,0,1,0,1498,1295,1498,13,10,0,174
4339,1,412,0,0,0,0,1,0,1,0,1485,1570,1485,2,6,0,65
4340,5,412,0,0,64,13,8,3,2,0,1293,1464,1293,10,6,0,195
4341,3,412,0,0,54,55,0,3,2,0,1916,1804,1916,1,5,0,242
4342,3,413,4,0,67,43,1,0,0,0,2470,1272,2470,8,25,3,300
4343,2,413,0,0,26,41,1,0,0,0,1656,1763,1656,11,1,1,153
4344,3,413,0,0,38,35,2,0,0,0,1893,1400,1893,4,25,3,300
4345,3,413,1,0,55,55,5,0,0,0,2466,1318,2466,8,25,3,300
4346,3,413,0,0,38,29,1,0,0,0,1678,1699,1678,3,25,3,300
4347,3,413,1,0,79,43,1,1,1,0,1911,1285,1911,9,26,1,219
4348,3,413,0,1,19,27,3,1,1,0,1199,2218,1199,1,25,3,300
4349,3,413,1,0,56,17,1,0,3,0,1472,1200,1472,3,25,3,300
4350,2,413,0,0,33,15,1,0,1,0,2292,1861,2292,6,10,0,182
4351,3,413,0,0,127,65,1,0,0,0,2191,1404,2191,12,25,3,300
4352,1,413,1,0,24,14,0,1,0,0,1750,1689,1750,4,26,1,260
4353,1,414,0,0,35,2,1,0,1,0,1368,1201,1368,2,10,0,128
4354,3,414,0,0,19,30,1,7,5,0,2319,1301,2319,10,28,3,300
4355,3,414,0,2,84,51,0,0,0,0,2120,2598,2120,4,25,3,300
4356,3,414,0,0,101,32,2,0,0,1,2655,1202,2655,1,25,3,300
4357,1,414,0,0,11,1,1,0,1,0,1538,1515,1538,3,10,0,270
4358,2,414,1,0,61,25,0,0,1,0,2549,2515,2549,4,48,0,248
4359,3,414,0,0,77,49,0,0,0,0,1370,2418,1370,9,25,3,300
4360,1,414,1,0,28,5,0,0,0,0,1700,2276,1700,3,26,1,299
4361,3,414,0,0,63,34,1,1,0,0,1723,2656,1723,1,25,3,300
4362,1,414,0,0,20,30,0,0,1,0,1958,2439,1958,9,0,0,243
4363,3,414,0,0,88,53,0,0,0,0,1986,1571,1986,4,25,3,300
4364,1,414,1,0,10,3,0,0,0,0,1770,1254,1770,3,26,1,150
4365,3,415,1,0,42,46,3,0,0,0,2195,2206,2195,9,59,1,118
4366,2,415,1,0,39,34,4,0,0,0,2566,1722,2566,2,3,1,99
4367,3,415,0,0,41,7,1,0,0,2,2557,1965,2557,4,25,3,300
4368,3,415,1,0,23,30,0,4,0,0,1938,1454,1938,6,36,1,85
4369,1,415,0,0,3,21,0,1,0,0,1246,1570,1246,2,37,2,269
4370,2,415,1,0,42,25,0,2,0,0,1427,1481,1427,1,26,1,299
4371,2,415,1,0,49,27,0,0,0,0,2567,1203,2567,3,1,1,83
4372,3,415,1,0,70,42,0,0,0,0,2099,1779,2099,4,25,3,300
4373,1,415,1,0,15,5,0,0,0,0,2323,1679,2323,12,26,1,183
4374,2,415,2,1,20,18,0,0,0,0,1729,2433,1729,9,26,1,161
4375,3,415,1,0,59,27,3,0,1,0,1204,1216,1204,3,10,0,263
4376,1,416,0,0,17,6,1,0,2,0,1690,1592,1690,3,10,0,221
4377,3,416,0,0,94,59,0,1,0,1,1834,1205,1834,6,25,3,300
4378,3,416,0,0,78,62,3,0,1,0,2671,2081,2671,4,25,3,300
4379,3,416,0,0,143,107,0,0,0,0,1703,2252,1703,12,25,3,300
4380,3,416,0,0,79,55,3,0,0,0,1284,1206,1284,1,25,3,300
4381,3,416,0,0,71,13,4,0,0,1,2554,1269,2554,12,25,3,300
4382,3,416,0,1,45,43,1,2,1,0,1648,1488,1648,9,28,3,300
4383,1,416,1,0,24,1,0,0,0,0,1976,1432,1976,1,26,1,67
4384,3,416,1,0,46,34,0,1,0,0,1773,1339,1773,9,26,1,110
4385,3,416,0,1,47,36,2,0,0,0,1392,1207,1392,3,28,3,300
4386,3,416,0,0,92,48,0,0,0,0,1904,1387,1904,2,25,3,300
4387,1,416,1,0,18,12,0,0,0,0,1791,1502,1791,4,18,1,224
4388,3,416,0,0,53,34,5,1,0,4,2105,1530,2105,1,3,1,128
4389,3,417,0,0,42,32,0,2,0,0,1319,1208,1319,2,25,3,300
4390,3,417,0,0,86,5,5,1,0,2,1358,1267,1358,10,25,3,300
4391,3,417,0,0,52,45,0,4,6,0,1421,1310,1421,12,25,3,300
4392,3,417,0,0,154,104,1,2,0,1,1667,1238,1667,1,28,3,300
4393,1,417,1,0,22,10,0,0,0,0,2636,1326,2636,2,38,1,275
4394,2,417,0,0,34,49,0,2,1,1,1537,1209,1537,1,0,0,125
4395,3,417,1,0,45,42,0,0,0,0,1584,1210,1584,10,36,1,158
4396,3,417,0,0,68,18,5,1,0,0,2347,1829,2347,7,25,3,300
4397,3,417,0,0,118,42,0,2,0,1,1374,1260,1374,3,25,3,300
4398,3,417,0,0,20,24,4,1,0,1,2169,1211,2169,4,28,3,300
4399,3,417,0,0,88,91,1,0,0,0,2280,1936,2280,4,28,3,300
4400,3,417,0,0,101,65,2,2,1,1,1787,1249,1787,13,28,3,300
4401,5,417,0,0,155,127,1,1,0,0,1485,2504,1485,2,25,3,300
4402,2,418,0,0,20,8,4,0,1,1,1239,1613,1239,2,10,0,153
4403,3,418,1,0,26,17,0,4,0,0,1271,1349,1271,8,25,3,300
4404,3,418,0,0,38,22,5,1,0,0,1664,1709,1664,11,25,3,300
4405,1,418,1,0,6,5,0,0,0,0,1754,1790,1754,2,1,1,84
4406,1,418,1,0,8,3,0,0,1,0,2326,1212,2326,8,0,0,256
4407,3,418,0,0,96,52,0,2,0,0,2038,1213,2038,12,25,3,300
4408,1,418,1,0,14,1,0,0,0,0,1975,1214,1975,4,1,1,15
4409,3,418,0,0,34,18,11,0,1,0,1440,1391,1440,8,44,0,270
4410,2,418,0,0,6,10,3,0,1,0,1317,2245,1317,4,10,0,202
4411,3,418,1,0,71,49,0,0,0,0,1215,1890,1215,8,28,3,300
4412,1,418,1,0,26,5,0,0,0,0,1925,1355,1925,4,1,1,177
4413,1,418,1,0,14,7,0,0,0,0,2550,1216,2550,3,26,1,150
4414,1,419,0,0,2,9,1,0,1,0,2467,1595,2467,13,6,0,132
4415,2,419,1,0,34,35,0,0,0,0,1541,1217,1541,13,26,1,173
4416,1,419,0,0,3,2,1,0,1,0,1523,1218,1523,13,6,0,100
4417,3,419,0,2,159,96,0,3,0,0,1219,1606,1219,3,26,1,58
4418,1,419,0,0,6,10,0,1,1,0,1896,1220,1896,13,6,0,120
4419,1,419,0,0,1,0,0,0,1,0,1480,1233,1480,9,56,0,30
4420,3,419,0,1,47,49,0,0,1,0,1221,1266,1266,13,34,3,300
4421,2,419,1,0,36,17,0,1,0,1,2629,1384,2629,3,36,1,138
4422,3,419,0,0,59,71,2,0,0,2,2096,1278,2096,13,28,3,300
4423,3,419,0,0,141,88,3,0,0,0,2327,1304,2327,9,25,3,300
4424,5,419,0,0,186,132,3,2,1,1,1390,1638,1390,13,25,3,300
4425,1,420,1,0,22,15,0,0,0,0,1360,1385,1360,2,26,1,153
4426,1,420,0,0,16,4,1,1,1,0,2564,1286,2564,6,10,0,219
4427,1,420,1,0,27,39,1,0,0,0,1994,1229,1994,4,1,1,261
4428,2,420,0,0,40,12,1,0,1,0,1323,1222,1323,12,1,1,274
4429,3,420,0,0,76,91,1,0,0,0,1674,1691,1674,12,28,3,300
4430,3,420,0,0,52,39,1,2,0,0,1348,2128,1348,1,25,3,300
4431,3,420,2,2,75,93,1,2,0,0,1575,1646,1575,4,1,1,122
4432,2,420,0,0,31,6,0,2,0,2,1521,2442,1521,1,7,1,246
4433,3,420,0,0,95,56,1,2,0,0,2239,1905,2239,12,25,3,300
4434,3,420,1,0,155,122,1,0,0,0,1290,2329,1290,1,32,1,239
4435,3,420,0,0,36,25,3,0,0,0,2294,1414,2294,10,25,3,300
4436,1,420,1,0,6,1,0,0,0,0,1634,1540,1634,2,26,1,102
4437,3,420,0,0,174,87,0,0,0,0,2443,2060,2443,8,1,1,291
4438,3,421,1,0,70,18,0,2,0,0,1959,1223,1959,3,1,1,147
4439,3,421,0,0,55,46,5,0,1,0,1479,1625,1479,1,10,0,50
4440,3,421,0,0,35,38,0,0,0,0,1643,1297,1643,9,25,3,300
4441,3,421,0,0,58,47,0,11,0,0,1487,2297,1487,9,28,3,300
4442,2,421,0,0,24,8,2,0,3,0,2315,1224,2315,9,44,0,114
4443,2,421,1,0,20,23,0,0,0,0,1405,1562,1405,9,1,1,66
4444,3,421,0,0,23,49,1,4,2,0,1636,1403,1636,13,28,3,300
4445,3,421,1,0,78,78,0,0,1,0,1736,1242,1736,9,25,3,300
4446,3,421,0,0,79,30,2,2,0,1,2450,1534,2450,3,25,3,300
4447,3,421,0,0,49,36,7,1,0,0,1746,1328,1746,1,25,3,300
4448,1,421,2,0,7,3,0,0,0,0,1648,2620,1648,9,32,1,67
4449,3,421,0,0,85,36,0,1,0,0,1885,1320,1885,8,25,3,300
4450,2,421,0,0,24,60,0,0,2,0,2144,2562,2144,8,0,0,202
4451,3,422,0,0,51,13,3,0,1,0,1289,1225,1289,4,25,3,300
4452,2,422,1,0,6,10,1,0,0,0,1712,1226,1712,3,32,1,134
4453,3,422,1,0,47,29,0,1,0,0,1831,1227,1831,1,25,3,300
4454,1,422,1,0,5,1,0,0,0,0,1408,1817,1408,4,36,1,59
4455,1,422,0,1,20,13,1,0,0,0,1338,1228,1338,4,1,1,250
4456,2,422,0,0,32,33,0,4,3,0,2010,1592,2010,3,0,0,162
4457,3,422,1,0,50,26,4,0,0,0,2292,2132,2292,6,25,3,300
4458,1,422,0,0,13,21,1,0,1,0,1757,1727,1757,6,1,1,165
4459,3,422,1,0,78,51,3,1,0,0,2056,1555,2056,4,25,3,300
4460,1,422,1,0,10,17,0,0,0,0,2470,1492,2470,8,26,1,273
4461,5,422,0,0,172,86,2,0,0,0,1952,1807,1952,4,25,3,300
4462,2,423,0,0,12,2,1,0,2,0,2642,1470,2642,9,44,0,101
4463,3,423,3,0,87,49,3,0,2,0,1948,1668,1948,10,25,3,300
4464,3,423,0,0,66,51,0,0,2,0,2287,1579,1579,3,34,3,300
4465,3,423,0,0,41,14,2,0,0,0,1352,1921,1352,8,25,3,300
4466,3,423,0,0,52,76,0,2,1,0,2186,2365,2365,6,33,2,300
4467,3,423,0,0,32,37,6,0,0,0,2304,1580,2304,4,25,3,300
4468,3,423,0,0,48,38,2,1,1,0,1937,1778,1937,12,25,3,300
4469,3,423,0,0,17,24,2,0,1,0,2345,1845,2345,1,0,0,42
4470,3,423,0,0,89,25,4,0,0,0,1512,2286,1512,1,25,3,300
4471,5,423,0,0,118,44,0,0,0,0,1399,1884,1399,14,25,3,300
4472,3,424,0,0,20,51,3,3,1,2,1261,1263,1261,8,25,3,300
4473,3,424,0,0,54,38,1,0,0,0,2576,1291,2576,12,25,3,300
4474,3,424,0,0,25,38,3,1,6,1,1687,1295,1687,13,28,3,300
4475,1,424,0,0,3,19,1,1,1,0,1903,1774,1903,9,5,0,293
4476,3,424,0,0,70,46,1,1,0,0,1931,1375,1931,11,25,3,300
4477,1,424,2,0,18,9,0,0,0,0,1415,2204,1415,1,26,1,60
4478,3,424,0,0,35,56,3,1,2,0,1508,1434,1508,1,25,3,300
4479,2,424,0,0,18,45,1,0,1,0,2037,2436,2037,8,10,0,142
4480,3,424,0,0,50,30,8,0,0,2,2083,1456,2083,4,25,3,300
4481,3,424,0,0,55,54,2,0,1,0,1787,1477,1787,13,25,3,300
4482,2,424,1,0,49,44,0,0,0,0,2663,1979,2663,8,26,1,156
4483,1,425,1,0,3,2,0,0,0,0,2263,1262,2263,1,26,1,57
4484,3,425,0,0,55,43,5,0,0,0,1462,1274,1462,8,25,3,300
4485,3,425,0,0,72,35,0,1,0,0,1881,2394,1881,8,25,3,300
4486,3,425,0,0,36,19,7,1,0,2,1346,2295,1346,10,25,3,300
4487,1,425,1,0,13,8,0,1,0,0,1994,1229,1994,4,26,1,227
4488,3,425,0,0,33,38,3,1,0,0,1430,1726,1430,8,25,3,300
4489,2,425,2,0,41,24,1,0,0,0,2439,1549,2439,9,36,1,144
4490,3,425,0,0,74,74,0,0,0,0,1616,1230,1616,6,28,3,300
4491,3,425,1,0,85,89,0,0,0,0,2098,1694,2098,8,26,1,32
4492,2,425,0,0,32,38,2,0,1,0,1489,2278,1489,6,1,1,120
4493,5,425,0,0,70,21,6,0,0,1,1969,1634,1969,2,25,3,300
4494,2,426,1,0,80,32,1,1,0,0,2187,1351,2187,8,1,1,228
4495,2,426,0,0,24,21,2,1,3,0,2515,1296,2515,4,10,0,261
4496,3,426,0,0,60,45,1,0,0,0,2029,2155,2029,1,25,3,300
4497,3,426,0,0,68,96,0,0,0,0,1789,1560,1789,13,28,3,300
4498,3,426,0,0,46,18,2,1,0,0,1609,1231,1609,12,25,3,300
4499,3,426,0,0,68,79,0,1,1,0,1874,1498,1874,13,25,3,300
4500,1,426,1,0,12,5,0,0,0,0,1499,1232,1499,8,26,1,167
4501,3,426,0,0,110,56,1,1,0,0,2664,1395,2664,1,25,3,300
4502,3,426,0,0,145,106,0,3,0,0,2437,1667,2437,4,25,3,300
4503,1,426,0,0,34,7,1,0,0,0,1565,1357,1565,1,1,1,286
4504,3,426,0,0,80,103,4,1,0,0,2466,1345,2466,8,28,3,300
4505,1,426,1,0,9,8,0,0,0,0,1568,1770,1568,3,36,1,230
4506,2,427,1,0,31,9,2,0,1,0,2319,2246,2319,10,1,1,274
4507,1,427,1,0,17,1,0,0,0,0,1297,1233,1297,9,1,1,66
4508,1,427,0,0,12,6,1,1,3,0,2044,1234,2044,12,10,0,230
4509,3,427,0,0,28,20,9,0,0,1,1666,1999,1666,1,25,3,300
4510,3,427,0,1,87,129,0,0,0,0,1443,1936,1443,4,28,3,300
4511,2,427,2,0,58,10,0,1,0,0,1700,2049,1700,3,36,1,63
4512,3,427,0,0,97,72,1,0,0,0,2403,2418,2403,9,25,3,300
4513,3,427,0,0,77,59,0,0,0,0,1235,1368,1235,2,25,3,300
4514,3,427,0,0,36,33,3,3,3,0,1577,1378,1577,1,25,3,300
4515,2,427,0,0,95,2,2,0,2,0,2262,2348,2262,13,10,0,265
4516,5,427,0,0,62,32,0,3,0,0,1254,2450,1254,3,28,3,300
4517,3,428,0,0,63,63,1,0,0,0,1423,1273,1423,4,25,3,300
4518,3,428,0,1,49,33,2,1,0,0,1525,1350,1525,9,25,3,300
4519,3,428,0,0,58,77,0,0,0,0,1361,1333,1361,1,25,3,300
4520,3,428,1,0,27,21,2,0,1,0,1467,1335,1467,10,10,0,103
4521,2,428,0,0,73,8,2,0,0,0,2347,1236,2347,8,1,1,297
4522,2,428,1,0,52,22,0,3,0,0,2520,1237,2520,3,1,1,217
4523,3,428,0,0,67,46,0,0,0,0,1449,1238,1449,1,28,3,300
4524,1,428,0,0,12,8,0,2,1,0,1869,1460,1869,6,41,0,234
4525,3,428,2,0,63,49,2,0,1,0,2169,1925,2169,4,25,3,300
4526,1,428,0,0,38,3,0,0,0,0,2636,1239,2636,2,18,1,138
4527,3,428,0,1,56,14,10,0,0,0,2566,1337,2566,2,25,3,300
4528,3,428,1,0,45,45,0,0,0,0,1461,1710,1461,3,26,1,108
4529,1,429,1,0,17,8,0,0,0,0,1472,1298,1472,3,26,1,114
4530,1,429,1,0,7,4,0,0,1,0,2359,1240,2359,4,0,0,132
4531,3,429,2,0,75,43,0,2,0,2,1909,1533,1909,11,25,3,300
4532,1,429,0,0,2,1,3,0,1,0,1302,1321,1302,10,10,0,110
4533,1,429,0,0,14,7,0,0,1,0,2396,1241,2396,4,10,0,168
4534,1,429,1,0,29,8,0,0,0,0,2159,2655,2159,1,26,1,118
4535,3,429,0,0,63,28,1,4,0,1,1284,1316,1284,1,25,3,300
4536,3,429,0,0,114,73,0,1,0,0,1726,1777,1726,8,25,3,300
4537,2,429,2,0,47,33,0,1,0,0,1364,1445,1364,4,32,1,257
4538,3,429,1,0,68,26,1,3,0,1,1427,1723,1427,1,25,3,300
4539,3,429,2,0,30,37,1,1,0,1,2325,2504,2325,2,26,1,168
4540,1,429,3,0,28,25,0,0,0,0,1689,1575,1689,4,26,1,298
4541,2,430,0,0,12,19,1,1,3,0,1431,1242,1431,9,0,0,153
4542,3,430,0,0,29,41,5,0,0,0,2315,1358,2315,10,25,3,300
4543,3,430,0,0,17,2,2,1,2,0,1889,1243,1889,9,12,0,152
4544,1,430,2,0,10,15,1,0,0,0,1699,2102,1699,6,26,1,263
4545,2,430,2,0,78,33,0,0,0,0,1522,1447,1522,4,26,1,158
4546,3,430,0,0,114,84,1,0,0,0,2252,1870,2252,12,25,3,300
4547,2,430,0,0,23,9,0,2,1,0,1582,1653,1582,11,5,0,220
4548,3,430,0,0,94,116,1,0,0,0,1911,1442,1911,9,25,3,300
4549,3,430,1,0,78,45,0,1,0,0,2598,1555,2598,4,25,3,300
4550,1,430,1,0,25,7,0,0,1,0,1794,1938,1794,6,0,0,228
4551,3,430,0,0,92,69,10,2,0,0,2129,2239,2129,12,25,3,300
4552,2,430,1,1,24,18,0,0,0,0,2663,2470,2663,8,26,1,95
4553,3,431,0,0,59,58,2,0,0,0,1305,1341,1305,6,28,3,300
4554,3,431,0,0,95,59,0,1,0,0,1961,1330,1961,9,28,3,300
4555,1,431,1,0,22,4,0,0,0,0,1355,1244,1355,4,1,1,154
4556,1,431,0,1,13,19,0,0,0,0,1308,1311,1308,3,37,2,300
4557,3,431,0,0,76,69,0,1,0,0,1488,1958,1488,9,28,3,300
4558,1,431,1,0,8,4,0,0,0,0,2615,2644,2615,1,26,1,42
4559,3,431,0,1,70,52,1,0,1,0,2220,1839,2220,12,28,3,300
4560,3,431,0,0,41,59,2,0,1,0,2227,1342,2227,11,28,3,300
4561,3,431,0,0,46,34,4,0,0,0,1904,1510,1904,2,25,3,300
4562,3,431,0,0,63,25,0,4,3,0,2327,1405,2327,9,25,3,300
4563,1,431,1,0,25,27,0,0,0,0,2144,1743,2144,8,26,1,284
4564,1,431,0,0,33,5,1,1,0,0,1399,2178,1399,14,1,1,205
4565,2,432,0,0,28,24,2,0,2,0,1245,1246,1245,2,10,0,269
4566,3,432,0,0,33,24,2,3,0,1,1307,1435,1307,1,28,3,300
4567,3,432,0,0,18,59,2,0,1,0,2152,2189,2152,6,5,0,299
4568,1,432,1,0,2,3,0,0,1,0,1476,1823,1476,8,0,0,39
4569,1,432,1,0,4,7,0,0,0,0,1817,1247,1817,4,26,1,132
4570,1,432,0,0,11,0,1,0,1,0,1468,1507,1468,3,10,0,238
4571,3,432,1,0,42,16,1,1,0,0,2259,1484,2259,4,26,1,299
4572,3,432,0,0,67,85,0,2,0,0,1248,1304,1248,9,25,3,300
4573,3,432,1,0,97,37,1,0,0,0,2292,1383,2292,6,25,3,300
4574,4,432,1,0,48,48,2,3,0,0,2668,1485,2668,2,26,1,98
4575,3,433,0,0,50,40,7,0,0,0,1861,1599,1861,6,25,3,300
4576,3,433,0,0,116,88,1,0,0,0,1808,1249,1808,13,25,3,300
4577,1,433,1,0,13,4,0,0,0,0,1398,1466,1398,1,13,1,53
4578,3,433,0,0,126,86,0,0,0,0,2191,1674,2191,12,28,3,300
4579,2,433,0,0,128,48,0,0,0,0,1625,1432,1625,1,3,1,300
4580,3,433,0,0,97,43,5,0,0,0,1440,1430,1440,8,25,3,300
4581,3,433,0,0,116,41,0,0,0,0,2546,2098,2546,8,25,3,300
4582,5,433,0,0,105,145,1,0,0,0,2323,1679,2323,12,25,3,300
4583,5,433,0,0,134,41,6,0,1,0,1512,1618,1512,1,25,3,300
4584,3,434,1,0,59,61,0,1,0,0,1562,1250,1562,9,25,3,300
4585,2,434,0,0,44,22,0,3,0,2,1643,1339,1643,9,1,1,222
4586,2,434,0,0,13,9,0,2,1,0,1319,1373,1319,2,61,0,119
4587,3,434,0,0,15,11,6,0,0,0,1336,1574,1336,4,25,3,300
4588,3,434,0,0,58,68,2,1,0,0,1424,1541,1424,13,25,3,300
4589,2,434,1,0,31,20,2,0,0,0,2594,1388,2594,1,26,1,59
4590,3,434,1,0,46,24,0,0,0,0,2451,1720,2451,3,26,1,136
4591,3,434,0,0,46,12,0,8,1,0,1299,1365,1299,10,25,3,300
4592,2,434,1,0,25,19,0,0,0,0,2245,1327,2245,4,26,1,252
4593,1,434,0,0,31,7,1,0,1,0,1538,1356,1538,3,10,0,268
4594,3,434,0,0,61,36,3,0,0,3,1905,1691,1905,12,28,3,300
4595,3,434,0,0,57,46,0,2,0,0,2520,2287,2520,3,28,3,300
4596,2,434,0,0,9,12,3,1,1,1,1646,1580,1646,4,0,0,197
4597,4,434,0,0,174,115,0,0,0,0,2105,2329,2105,1,26,1,33
4598,3,435,0,0,56,24,0,2,2,0,1469,1366,1469,4,25,3,300
4599,3,435,0,0,64,31,12,0,0,0,1454,1377,1454,6,25,3,300
4600,2,435,1,0,33,11,1,0,0,0,1419,1251,1419,4,36,1,160
4601,3,435,0,1,34,61,2,6,1,0,2498,2297,2498,9,0,0,300
4602,3,435,0,0,24,11,1,5,0,0,1314,1317,1314,4,25,3,300
4603,1,435,1,0,24,10,0,1,0,0,2345,2656,2345,1,32,1,180
4604,3,435,0,0,89,27,3,1,0,0,2620,1480,2620,9,25,3,300
4605,1,435,1,0,5,14,0,0,0,0,1363,1700,1363,3,26,1,150
4606,3,435,1,0,76,69,1,0,0,0,1360,1790,1360,2,25,3,300
4607,3,435,0,0,58,48,0,0,0,0,1743,2562,1743,8,25,3,300
4608,5,435,0,0,142,51,4,0,0,0,1804,2286,1804,1,3,1,138
4609,1,436,0,0,4,3,1,0,2,0,1534,1252,1534,3,10,0,268
4610,3,436,0,0,39,12,3,1,0,0,1678,1253,1678,4,25,3,300
4611,3,436,0,0,35,11,3,3,1,3,2276,1312,2276,3,1,1,130
4612,2,436,0,0,29,12,0,1,0,0,1893,1367,1893,4,3,1,300
4613,1,436,1,0,15,14,0,0,0,0,2120,2671,2120,4,36,1,220
4614,1,436,0,0,6,1,1,0,1,0,1479,1380,1479,1,10,0,255
4615,1,436,0,0,10,10,0,1,1,0,1722,1387,1722,2,4,0,105
4616,1,436,0,0,5,4,2,0,1,0,1392,1690,1392,3,12,0,285
4617,2,436,1,0,11,2,0,0,0,0,1254,1255,1254,3,36,1,60
4618,3,436,2,0,102,50,0,1,1,0,1370,1911,1370,9,26,1,223
4619,1,436,1,0,15,6,0,0,1,0,2220,1323,2220,12,10,0,147
4620,3,436,1,0,53,64,0,1,0,1,2550,1568,2550,3,28,3,300
4621,5,436,0,0,124,64,3,1,0,0,1800,1939,1800,11,1,1,156
4622,3,437,0,1,16,70,2,1,1,0,2156,1256,2156,1,27,0,143
4623,3,437,1,0,66,44,4,0,0,1,1487,1257,1487,9,25,3,300
4624,3,437,0,0,51,29,10,0,1,0,1462,1726,1462,8,25,3,300
4625,1,437,1,0,9,2,1,0,0,1,1885,1402,1885,8,35,1,39
4626,1,437,1,0,9,2,0,0,0,0,1677,1386,1677,12,36,1,33
4627,3,437,0,0,79,45,0,2,0,0,2295,2420,2295,10,25,3,300
4628,3,437,0,0,30,28,3,0,0,0,1577,1782,1577,4,28,3,300
4629,1,437,1,0,14,13,0,0,0,0,2549,1338,2549,4,26,1,256
4630,3,437,0,0,56,24,3,1,2,1,2009,2175,2009,13,25,3,300
4631,3,437,0,0,25,22,1,2,1,1,1774,1258,1774,9,25,3,300
4632,1,437,1,0,20,6,0,0,0,0,2564,2132,2564,6,26,1,175
4633,1,437,0,0,2,6,2,0,1,0,2554,2518,2554,12,10,0,164
4634,5,437,1,0,66,27,0,0,0,0,2083,1571,2083,4,25,3,300
4635,3,438,0,0,77,41,0,3,0,0,1374,1444,1374,3,25,3,300
4636,2,438,0,0,17,10,2,0,1,0,2467,2026,2467,13,10,0,125
4637,3,438,0,1,67,58,3,0,0,0,1354,1259,1354,4,28,3,300
4638,3,438,0,0,40,38,1,2,0,0,1763,1664,1763,11,25,3,300
4639,1,438,1,0,23,6,0,0,0,0,1535,1260,1535,3,26,1,213
4640,2,438,1,0,34,15,0,0,0,0,1592,1384,1592,3,26,1,107
4641,1,438,0,0,18,6,1,1,1,0,1695,1408,1695,4,10,0,271
4642,3,438,0,2,27,29,3,0,0,1,1776,1320,1776,8,28,3,300
4643,3,438,0,0,29,20,0,6,1,0,2322,1261,2322,8,0,0,161
4644,1,438,1,0,18,6,0,0,0,0,2304,1303,2304,4,32,1,272
4645,5,438,1,0,38,30,0,0,0,0,1750,2099,1750,4,25,3,300
4646,2,439,0,0,22,31,1,2,0,0,1292,1301,1292,10,1,1,175
4647,2,439,0,0,33,37,0,0,1,0,2480,1603,2480,9,48,0,138
4648,3,439,0,0,77,28,0,0,0,0,1378,1262,1378,1,25,3,300
4649,3,439,0,0,70,16,3,0,1,0,2280,1437,2280,4,25,3,300
4650,3,439,0,0,67,61,0,0,0,0,1348,1537,1348,1,25,3,300
4651,3,439,0,0,75,49,2,0,0,0,1631,2096,1631,13,25,3,300
4652,3,439,1,0,53,50,0,0,0,0,1699,1616,1699,6,28,3,300
4653,3,439,0,0,63,37,0,0,1,0,1881,1446,1881,8,10,0,175
4654,1,439,1,0,10,5,0,0,0,0,1447,1300,1447,4,32,1,116
4655,2,439,1,0,29,17,0,0,0,0,1570,1428,1570,2,1,1,299
4656,2,439,0,0,13,7,7,0,2,0,1565,2029,1565,1,12,0,246
4657,1,439,1,0,7,0,0,0,0,0,1648,1543,1648,9,36,1,33
4658,1,440,0,0,25,0,1,0,0,0,2394,1263,2394,8,1,1,50
4659,1,440,0,0,14,9,0,0,1,0,2442,1976,2442,1,0,0,138
4660,3,440,0,0,74,59,0,2,0,0,1414,1546,1414,10,28,3,300
4661,1,440,1,0,6,1,0,0,0,0,2049,1264,2049,6,32,1,53
4662,2,440,0,0,40,30,3,0,2,0,1340,1326,1340,2,1,1,233
4663,3,440,0,0,31,34,2,0,0,2,1499,1492,1499,8,28,3,300
4664,3,440,0,0,26,43,4,2,1,0,1519,1937,1519,12,28,3,300
4665,3,440,0,0,37,7,4,0,0,2,2566,1540,2566,2,7,1,176
4666,3,440,0,0,19,64,1,1,0,0,1265,1724,1724,4,33,2,300
4667,3,440,1,0,54,51,0,0,0,0,2636,1904,2636,2,25,3,300
4668,3,440,0,0,47,26,4,0,1,0,1884,1547,1884,14,25,3,300
4669,5,440,0,0,99,105,7,3,0,0,1986,1952,1986,4,25,3,300
4670,5,440,0,2,128,111,0,3,0,0,2115,1461,2115,3,28,3,300
4671,3,441,0,0,73,72,0,0,0,0,1789,1266,1789,13,28,3,300
4672,2,441,0,0,25,7,5,0,1,0,1325,1267,1325,10,10,0,244
4673,3,441,0,0,71,48,0,0,0,0,2247,1268,2247,10,28,3,300
4674,3,441,0,0,71,44,0,0,0,0,2038,1269,2038,12,25,3,300
4675,1,441,0,0,12,1,1,0,1,0,2169,1270,2169,4,10,0,164
4676,2,441,1,0,32,39,0,2,0,0,1975,1425,1975,4,26,1,285
4677,2,441,0,0,104,57,1,0,0,0,1829,1271,1829,8,18,1,280
4678,2,441,1,0,39,8,1,0,1,0,2326,1272,2326,9,18,1,299
4679,1,441,2,0,25,11,0,0,0,0,2296,1350,2296,9,26,1,208
4680,3,441,0,0,96,45,0,0,0,0,1925,1273,1925,4,25,3,300
4681,3,441,0,0,67,51,1,0,0,0,1687,1787,1687,13,25,3,300
4682,1,441,0,1,7,9,0,0,1,1,1938,1869,1938,6,6,0,174
4683,5,441,0,0,84,60,0,1,0,0,2259,1689,2259,4,25,3,300
4684,2,442,0,1,51,23,3,1,2,2,2629,1472,2629,3,10,0,295
4685,3,442,0,0,74,57,2,0,1,0,1777,1274,1777,8,28,3,300
4686,3,442,0,0,38,51,3,3,1,0,2112,1275,2112,8,34,3,300
4687,3,442,0,0,27,59,8,0,0,1,1322,1276,1322,1,34,3,300
4688,1,442,1,0,8,7,1,2,1,0,1559,1277,1559,1,0,0,212
4689,3,442,0,0,56,40,0,0,1,1,1896,1523,1896,13,10,0,261
4690,3,442,0,0,50,47,4,0,0,2,1712,2010,1712,3,28,3,300
4691,2,442,0,0,51,24,1,0,0,0,1638,1278,1638,13,7,1,212
4692,3,442,0,0,82,78,0,3,0,0,1890,1417,1890,8,28,3,300
4693,3,442,0,0,71,14,2,0,0,0,2057,1279,2057,8,25,3,300
4694,3,442,0,0,42,29,0,1,1,0,1740,1280,1740,1,28,3,300
4695,5,442,0,0,119,40,0,1,1,0,2520,2451,2520,3,25,3,300
4696,3,443,0,0,53,50,1,0,0,0,1595,1281,1595,12,25,3,300
4697,1,443,2,0,22,13,0,0,1,0,2345,2594,2345,1,1,1,148
4698,3,443,0,0,38,44,1,1,0,0,1364,2598,1364,4,25,3,300
4699,3,443,0,0,55,50,1,1,0,0,2128,2530,2128,1,25,3,300
4700,3,443,0,0,54,20,2,0,0,0,1773,2439,1773,9,25,3,300
4701,2,443,1,0,75,58,0,0,0,0,2567,1688,2567,3,1,1,158
4702,1,443,1,0,9,5,0,0,0,0,2186,1282,2186,6,1,1,96
4703,2,443,0,0,9,12,0,2,2,0,1530,2516,1530,1,5,0,52
4704,3,443,0,0,62,56,2,0,0,0,1555,1521,1555,4,28,3,300
4705,3,443,0,0,20,11,0,0,0,0,2325,1634,2325,2,25,3,300
4706,1,443,1,0,25,24,0,1,0,0,1489,1969,1489,2,1,1,273
4707,3,444,0,0,128,81,0,0,0,0,1362,1404,1362,12,25,3,300
4708,2,444,0,0,25,19,2,0,1,0,1470,1334,1470,10,10,0,120
4709,3,444,0,0,53,42,3,0,0,0,1403,1841,1403,13,25,3,300
4710,3,444,1,0,82,102,3,1,0,0,2611,2069,2611,8,26,1,89
4711,3,444,0,0,65,32,1,0,0,0,2111,1283,2111,10,28,3,300
4712,3,444,2,0,100,82,2,1,3,0,2347,2037,2347,8,25,3,300
4713,3,444,0,0,53,48,0,0,0,0,1643,1681,1643,9,25,3,300
4714,3,444,0,0,33,14,6,0,0,0,1342,1582,1342,11,25,3,300
4715,1,444,1,0,17,3,0,0,0,0,1343,1352,1343,8,26,1,172
4716,2,444,0,0,12,13,1,1,0,0,2515,2557,2515,4,26,1,69
4717,3,444,0,0,48,42,0,6,1,0,1921,1345,1921,8,28,3,300
4718,2,444,1,1,24,6,1,1,1,1,1284,1355,1284,4,26,1,193
4719,5,444,0,0,110,51,0,0,0,0,1528,1803,1528,2,25,3,300
4720,3,445,0,0,32,24,1,3,2,0,1451,1285,1451,9,25,3,300
4721,1,445,0,0,9,4,0,0,0,0,1452,1286,1452,6,7,1,193
4722,1,445,1,0,3,4,0,0,2,0,1431,2614,1431,9,5,0,59
4723,3,445,1,0,104,12,3,0,0,0,2219,1513,2219,6,25,3,300
4724,3,445,0,0,45,32,6,0,0,0,1482,1711,1482,8,25,3,300
4725,3,445,0,0,35,21,6,0,0,1,1557,1456,1557,4,25,3,300
4726,3,445,1,0,71,43,0,0,0,0,1999,1380,1999,1,28,3,300
4727,3,445,1,0,93,50,0,0,0,0,2218,1845,2218,1,25,3,300
4728,3,445,0,0,45,33,0,2,1,5,1817,1594,1817,4,28,3,300
4729,3,445,0,0,41,31,5,0,0,0,2504,1510,2504,2,25,3,300
4730,3,445,0,0,48,19,1,3,0,1,1844,1287,1844,3,25,3,300
4731,3,445,0,0,48,20,7,0,0,1,1454,1757,1454,6,25,3,300
4732,1,445,1,0,23,4,0,0,0,0,2049,1756,2049,6,1,1,89
4733,1,446,1,0,12,7,0,0,0,0,1324,1288,1324,1,21,1,112
4734,3,446,0,0,49,23,0,1,0,0,1703,1609,1703,12,25,3,300
4735,1,446,1,0,8,7,0,0,0,0,1346,1948,1346,10,36,1,229
4736,3,446,0,0,62,70,0,1,0,0,1874,1636,1874,13,25,3,300
4737,3,446,0,0,131,79,0,0,0,0,1831,1361,1831,1,25,3,300
4738,1,446,0,0,40,12,0,3,0,0,2463,1506,2463,6,7,1,265
4739,1,446,0,0,7,7,1,0,1,0,2263,1307,2263,1,6,0,283
4740,3,446,0,0,75,23,0,0,0,0,1823,1351,1823,8,25,3,300
4741,3,446,0,0,14,20,3,0,0,1,1289,2359,1289,4,25,3,300
4742,3,446,0,0,39,19,4,2,0,1,2615,1398,2615,1,25,3,300
4743,3,446,0,0,62,33,0,0,0,0,1679,2239,1679,12,25,3,300
4744,1,446,1,0,29,20,0,0,0,0,2060,2663,2060,8,1,1,259
4745,2,446,1,0,54,26,0,0,2,1,2105,1290,2105,1,1,1,245
4746,2,447,1,0,45,31,1,2,0,0,2418,1349,2418,9,26,1,293
4747,3,447,0,0,77,34,1,0,0,1,2261,1291,2261,12,25,3,300
4748,1,447,1,0,84,29,0,0,0,0,2315,1292,2315,10,1,1,226
4749,3,447,0,0,73,77,0,0,0,0,1391,1629,1391,8,25,3,300
4750,3,447,0,0,54,65,1,1,1,0,2195,1903,2195,9,28,3,300
4751,3,447,0,0,25,42,7,2,0,0,2498,2612,2498,9,25,3,300
4752,3,447,3,0,117,73,0,0,1,0,1958,1480,1958,9,25,3,300
4753,3,447,0,0,69,31,3,0,1,1,1700,2558,1700,3,25,3,300
4754,3,447,0,0,40,46,0,1,0,0,2576,2044,2576,12,25,3,300
4755,1,447,1,0,17,20,1,0,1,0,2546,2562,2546,8,10,0,255
4756,5,447,0,0,51,81,3,1,0,0,2294,1293,2294,10,28,3,300
4757,1,447,2,0,45,17,0,0,0,0,1729,2433,1729,9,1,1,250
4758,1,448,0,0,4,2,0,0,2,0,1889,1562,1889,9,19,0,91
4759,3,448,0,0,60,33,2,0,0,1,2437,1294,2437,1,25,3,300
4760,1,448,0,0,5,13,0,1,2,0,1871,1295,1871,13,6,0,297
4761,1,448,0,0,0,0,1,0,1,0,1965,1296,1965,4,10,0,69
4762,3,448,0,0,73,54,0,0,0,0,1606,1534,1606,3,25,3,300
4763,2,448,0,0,66,9,0,1,0,2,2187,1297,2187,9,1,1,61
4764,2,448,0,0,59,28,0,1,0,0,1508,1893,1508,4,38,1,148
4765,3,448,2,0,42,43,0,2,0,0,2450,1298,2450,3,36,1,282
4766,2,448,2,0,29,14,2,0,1,1,2319,1299,2319,10,26,1,188
4767,1,448,2,0,19,12,0,0,0,0,1876,1300,1876,4,26,1,146
4768,3,448,0,0,111,121,1,1,0,0,1691,2252,1691,12,28,3,300
4769,3,448,0,0,65,37,0,2,0,1,2436,2466,2436,8,28,3,300
4770,1,448,1,0,7,10,0,0,0,0,2329,1427,2329,1,26,1,87
4771,3,449,0,0,24,16,2,1,1,0,1301,1302,1301,10,28,3,300
4772,3,449,0,0,119,105,0,0,0,0,1931,1909,1931,11,28,3,300
4773,1,449,0,0,15,5,1,0,1,0,2656,1434,2656,1,10,0,89
4774,3,449,0,1,46,18,3,0,0,1,1502,1303,1502,4,25,3,300
4775,2,449,1,0,24,38,0,0,0,0,1592,1468,1592,3,18,1,137
4776,2,449,2,0,59,25,0,0,0,0,2396,1667,2396,4,36,1,83
4777,2,449,0,0,33,12,2,3,2,0,2620,1961,2620,9,58,0,222
4778,3,449,0,0,82,6,9,0,0,0,2554,1937,2554,12,1,1,273
4779,1,449,1,0,15,4,0,0,0,0,1994,2515,1994,4,1,1,43
4780,3,449,0,0,62,41,0,0,0,0,1543,1488,1543,9,25,3,300
4781,2,449,0,0,38,27,6,0,1,0,1440,1726,1440,8,58,0,226
4782,1,449,1,0,38,24,0,0,0,0,2129,2191,2129,12,26,1,118
4783,2,449,1,0,57,0,0,0,1,0,1550,1750,1550,4,48,0,259
4784,3,450,0,0,62,8,5,0,0,0,2297,1304,2297,9,25,3,300
4785,3,450,1,0,36,22,2,1,1,0,1678,1561,1678,4,25,3,300
4786,2,450,0,0,35,1,3,0,2,0,1305,1306,1305,3,12,0,42
4787,1,450,1,0,12,3,0,0,0,0,2189,2102,2189,6,36,1,189
4788,3,450,0,0,27,27,0,0,0,0,1410,1378,1410,1,25,3,300
4789,3,450,0,0,17,44,3,0,0,0,1439,1307,1439,1,28,3,300
4790,3,450,0,0,100,58,0,1,0,0,2296,1393,2296,9,25,3,300
4791,2,450,0,0,48,4,5,2,0,3,1309,1308,1309,3,1,1,300
4792,3,450,0,0,44,56,1,0,0,0,1463,1445,1463,4,25,3,300
4793,3,450,0,0,32,18,2,2,0,0,1754,1904,1754,2,25,3,300
4794,2,450,0,0,10,4,1,1,1,1,2292,2317,2292,6,12,0,161
4795,1,450,0,0,3,6,1,0,1,0,1722,1337,1722,2,10,0,266
4796,1,451,0,0,10,4,1,0,1,0,1610,1310,1610,12,0,0,81
4797,2,451,1,0,15,4,0,0,0,1,2120,1593,2120,4,38,1,80
4798,3,451,0,0,54,46,2,0,0,0,1312,1311,1312,3,25,3,300
4799,1,451,0,0,11,11,0,1,1,0,2604,2467,2604,13,6,0,295
4800,2,451,0,0,2,1,2,0,2,0,1443,1447,1443,4,12,0,282
4801,3,451,0,0,111,79,1,0,0,0,1768,1790,1768,2,1,1,243
4802,3,451,0,0,46,30,0,4,1,1,2609,1313,2609,6,25,3,300
4803,2,451,1,0,28,25,0,1,0,0,1723,1466,1723,1,32,1,250
4804,2,451,0,0,28,18,2,0,1,0,2442,1883,2442,1,10,0,202
4805,3,451,0,0,48,60,2,0,0,0,1609,2053,2053,12,34,3,300
4806,3,451,1,0,53,44,1,3,0,2,1630,1442,1630,9,28,3,300
4807,2,451,1,0,26,34,0,0,0,0,1486,1699,1486,6,26,1,60
4808,1,451,0,0,7,2,0,0,0,0,1646,1354,1646,4,26,1,39
4809,3,451,0,0,100,32,1,6,0,1,1700,2450,1700,6,3,1,300
4810,3,452,2,0,36,35,0,0,1,0,1469,1314,1469,4,36,1,60
4811,2,452,1,0,75,13,2,0,1,0,1537,1315,1537,1,36,1,79
4812,3,452,0,0,72,43,5,0,1,1,2178,1763,2178,11,25,3,300
4813,3,452,1,0,73,25,1,0,0,0,1746,1666,1746,1,7,1,222
4814,1,452,0,0,50,9,0,0,0,0,1656,1381,1656,11,1,1,206
4815,1,452,1,0,41,31,0,0,0,0,2549,2285,2549,4,1,1,232
4816,3,452,0,0,18,30,2,0,0,0,1467,1414,1467,10,25,3,300
4817,3,452,0,0,76,51,0,1,0,0,1905,1674,1905,12,25,3,300
4818,3,452,1,0,39,121,0,1,0,0,2325,2668,2325,2,1,1,289
4819,3,452,1,0,94,38,0,1,0,0,2564,1938,2564,6,25,3,300
4820,2,452,0,1,114,45,0,0,0,0,1916,1530,1916,1,3,1,300
4821,4,452,0,0,70,51,3,0,1,0,1512,1581,1512,1,10,0,183
4822,3,453,0,0,75,63,0,0,0,0,1435,1503,1435,1,25,3,300
4823,3,453,0,0,47,43,1,0,0,0,1373,1368,1373,2,25,3,300
4824,2,453,2,0,21,5,0,1,1,0,1407,1344,1407,1,36,1,14
4825,3,453,0,0,60,37,2,1,1,0,1375,1533,1375,11,25,3,300
4826,1,453,1,0,24,20,0,1,0,0,2098,1478,2098,8,26,1,251
4827,3,453,1,0,124,78,0,0,0,0,2218,1316,2218,1,25,3,300
4828,2,453,1,0,65,48,0,0,0,0,2671,1408,2671,4,26,1,190
4829,3,453,1,0,51,27,2,1,0,0,2081,1317,2081,4,25,3,300
4830,3,453,0,0,81,84,0,0,0,0,1616,1781,1616,6,28,3,300
4831,3,453,2,0,79,71,3,1,1,0,1405,1967,1405,9,25,3,300
4832,1,453,0,0,11,3,1,0,2,0,1727,1377,1727,6,12,0,160
4833,3,453,0,0,99,67,1,0,0,0,2436,1318,2436,8,25,3,300
4834,3,453,0,0,63,77,1,1,2,0,2049,2278,2049,6,10,0,266
4835,3,454,0,0,28,7,3,1,0,0,1863,1319,1863,2,25,3,300
4836,1,454,0,1,17,21,0,0,1,0,1694,2069,1694,8,6,0,131
4837,3,454,0,2,66,67,2,1,1,1,2204,2530,2530,1,34,3,300
4838,1,454,1,0,14,12,0,0,0,0,1474,1447,1474,4,1,1,92
4839,3,454,2,0,32,25,0,1,0,2,1391,1881,1391,8,28,3,300
4840,3,454,1,0,57,28,3,1,0,0,1631,1638,1631,13,25,3,300
4841,3,454,0,0,20,12,3,0,2,0,1357,1320,1357,8,25,3,300
4842,1,454,3,0,13,3,0,0,0,0,2520,1770,2520,3,1,1,291
4843,3,454,0,0,34,21,2,0,0,0,1690,1515,1690,3,25,3,300
4844,2,454,1,0,26,10,0,3,0,0,2132,1363,2132,3,1,1,39
4845,3,454,1,0,74,68,0,1,0,0,1568,1977,1568,3,1,1,166
4846,2,454,0,0,19,4,4,0,1,0,1489,2325,1489,2,10,0,134
4847,3,455,0,0,66,55,0,0,0,0,1470,1321,1470,9,28,3,300
4848,3,455,0,0,16,24,7,1,0,4,1358,2246,1358,10,28,3,300
4849,1,455,1,0,13,4,0,0,0,0,1644,2514,1644,1,1,1,46
4850,1,455,0,0,4,1,1,0,1,0,1479,1322,1479,1,10,0,117
4851,2,455,0,0,30,20,1,1,0,1,1641,1401,1401,8,66,2,163
4852,3,455,0,0,38,51,1,2,3,2,1839,1323,1839,12,28,3,300
4853,3,455,0,0,51,23,1,1,1,0,1740,1559,1740,1,28,3,300
4854,2,455,0,0,68,41,1,0,0,0,2517,1490,2517,12,1,1,121
4855,3,455,0,0,44,8,4,0,2,4,2644,2586,2644,1,25,3,300
4856,3,455,0,0,42,24,0,0,0,0,1882,1939,1882,11,25,3,300
4857,1,455,0,0,9,11,0,1,1,0,1689,1555,1689,4,6,0,286
4858,5,455,1,0,119,126,0,0,0,0,2040,1827,2040,8,18,1,299
4859,3,456,0,0,84,46,1,0,0,1,1482,1586,1482,8,25,3,300
4860,3,456,0,0,60,58,5,0,0,0,1359,1324,1359,1,25,3,300
4861,3,456,0,0,97,69,0,0,0,0,1612,1425,1612,4,25,3,300
4862,3,456,0,0,74,30,1,2,0,0,1351,1402,1351,8,25,3,300
4863,1,456,0,0,4,7,0,0,2,0,2295,1325,2295,10,10,0,138
4864,1,456,1,0,18,1,1,0,1,0,1577,1557,1577,4,0,0,62
4865,1,456,0,0,22,6,2,0,1,0,1778,1677,1778,12,10,0,288
4866,2,456,1,0,24,24,2,2,2,0,2418,1774,2418,9,10,0,91
4867,3,456,1,0,55,26,1,5,2,0,1583,1392,1583,3,25,3,300
4868,1,456,1,0,10,4,0,0,0,0,2563,2186,2563,6,18,1,117
4869,3,456,0,0,70,62,3,3,0,0,1492,2037,1492,8,7,1,249
4870,4,456,2,0,79,72,0,0,0,0,2056,2304,2056,4,26,1,156
4871,2,457,0,0,32,18,2,0,1,2,1668,2426,1668,9,6,0,127
4872,3,457,0,0,123,51,5,0,2,0,2558,1507,2558,3,10,0,245
4873,3,457,0,0,150,86,0,0,0,0,2038,1386,2038,12,25,3,300
4874,3,457,1,1,55,100,0,1,2,2,1451,1539,1451,9,28,3,300
4875,1,457,0,0,45,9,1,0,2,0,2261,1362,2261,12,6,0,221
4876,3,457,1,0,98,92,0,0,0,0,1326,1613,1326,6,25,3,300
4877,1,457,0,0,18,17,0,0,1,0,1709,1424,1709,13,6,0,240
4878,3,457,0,0,98,61,0,0,0,0,2359,1975,2359,4,25,3,300
4879,3,457,1,1,89,73,1,0,0,0,1925,1594,1925,4,36,1,247
4880,3,457,0,0,79,74,2,0,0,0,2326,2627,2326,9,25,3,300
4881,1,457,0,0,22,13,1,0,0,0,1540,2143,1540,2,1,1,261
4882,1,457,1,0,13,1,0,0,0,0,1634,2566,1634,2,26,1,45
4883,2,458,0,0,35,26,2,0,1,0,2611,2177,2611,9,10,0,252
4884,1,458,0,0,19,6,2,0,0,0,1936,1327,1936,4,1,1,78
4885,1,458,0,0,16,10,0,0,1,0,1934,1328,1934,1,0,0,290
4886,3,458,0,0,73,57,0,0,0,1,1621,2123,1621,14,28,3,300
4887,1,458,0,0,9,0,0,1,1,0,1566,1329,1566,2,5,0,134
4888,1,458,0,0,35,14,1,1,0,0,1546,2315,1546,10,1,1,259
4889,3,458,1,0,86,74,0,0,0,0,1567,1921,1567,8,25,3,300
4890,3,458,0,0,66,33,2,0,0,0,1692,1789,1692,13,25,3,300
4891,3,458,0,0,22,34,8,1,0,0,2180,1592,2180,3,28,3,300
4892,1,458,1,0,35,20,0,0,0,0,1958,1330,1958,9,36,1,159
4893,2,458,1,0,24,19,0,0,2,1,2406,1919,2406,14,10,0,131
4894,1,458,0,0,22,4,2,0,2,0,1558,1331,1558,2,6,0,216
4895,5,458,0,0,130,62,12,0,0,2,2083,1952,2083,4,25,3,300
4896,3,459,0,0,34,10,5,0,0,0,1805,1332,1805,1,25,3,300
4897,3,459,0,0,31,19,5,0,0,1,1883,1333,1883,1,25,3,300
4898,3,459,1,1,86,16,0,1,0,2,2091,1334,2091,10,25,3,300
4899,3,459,1,0,41,34,0,0,0,0,1366,1400,1366,4,28,3,300
4900,3,459,0,0,32,39,7,0,1,0,1365,1335,1365,10,25,3,300
4901,3,459,0,0,72,10,0,0,0,0,1463,1336,1463,4,25,3,300
4902,3,459,0,0,17,12,1,3,4,0,2173,2152,2173,6,41,0,291
4903,1,459,0,0,23,5,0,0,0,0,2067,1450,2067,8,1,1,134
4904,3,459,0,0,25,24,0,0,1,1,1469,2169,1469,4,44,0,79
4905,3,459,0,0,59,19,0,0,0,0,1360,1337,1360,2,25,3,300
4906,3,459,1,0,30,31,3,0,0,1,1756,1869,1756,6,1,1,43
4907,2,459,1,0,26,16,0,0,0,0,1528,2636,1528,2,1,1,150
4908,1,460,1,1,31,19,0,0,0,0,2219,1861,2219,6,39,1,245
4909,2,460,0,0,54,20,2,0,1,0,2159,2509,2159,1,1,1,83
4910,1,460,1,0,5,8,0,0,0,0,1574,1338,1574,4,26,1,97
4911,3,460,0,0,76,69,0,4,0,1,2057,1339,2057,9,25,3,300
4912,3,460,0,1,92,65,0,0,0,0,1374,2450,1374,3,28,3,300
4913,3,460,0,0,81,65,0,0,0,0,1687,1874,1687,13,28,3,300
4914,3,460,1,0,76,40,3,0,0,0,2594,1398,2594,1,25,3,300
4915,3,460,0,0,96,49,0,2,0,0,1703,1519,1703,12,25,3,300
4916,2,460,2,0,42,27,1,0,0,0,1700,1383,1700,6,26,1,41
4917,3,460,0,0,103,42,0,2,0,0,1823,1430,1823,8,28,3,300
4918,2,460,0,0,11,36,2,0,1,0,2027,1646,2027,4,10,0,257
4919,5,460,0,0,89,78,5,0,0,0,2262,1679,2262,13,25,3,300
4920,4,460,0,0,290,110,1,2,0,0,2443,2144,2443,8,3,1,300
4921,3,461,0,0,86,41,2,1,0,0,1453,1340,1453,2,32,1,58
4922,1,461,2,0,35,10,0,0,0,0,1599,1341,1599,6,32,1,179
4923,3,461,0,0,56,56,3,0,0,1,2394,1551,2394,8,25,3,300
4924,3,461,1,0,56,54,0,0,0,0,1782,1444,1782,3,25,3,300
4925,1,461,0,0,41,1,1,0,1,0,2276,2629,2276,3,0,0,265
4926,3,461,0,0,95,116,1,3,2,0,2155,2655,2155,1,1,1,159
4927,3,461,0,0,58,92,0,1,0,1,2128,2664,2128,1,25,3,300
4928,3,461,0,0,14,25,1,1,0,0,1355,1693,1355,4,28,3,300
4929,1,461,0,0,0,1,1,0,1,0,2442,2656,2442,1,10,0,75
4930,3,461,0,0,111,71,2,1,1,0,2439,1414,2439,9,25,3,300
4931,3,461,1,0,126,81,0,0,0,0,2286,2345,2286,1,1,1,139
4932,5,461,0,0,111,102,0,3,0,0,1618,1804,1618,1,25,3,300
4933,1,462,0,0,10,6,0,0,1,0,2612,1911,2612,9,48,0,100
4934,3,462,0,0,89,40,0,3,0,0,1364,1419,1364,4,25,3,300
4935,3,462,1,0,39,68,0,0,0,0,1688,1518,1688,3,26,1,92
4936,3,462,1,0,61,15,2,0,1,0,2480,1630,2480,9,10,0,252
4937,1,462,0,0,6,3,0,0,1,0,1628,1376,1628,1,19,0,166
4938,2,462,0,0,76,28,3,0,1,0,2296,2403,2296,9,3,1,300
4939,1,462,0,0,3,3,0,0,0,0,1547,1342,1547,14,36,1,61
4940,3,462,0,0,44,24,0,1,0,0,1904,1570,1570,2,33,2,300
4941,2,462,1,1,54,28,0,3,0,0,2347,1343,2347,8,1,1,254
4942,3,462,0,0,40,33,0,0,0,0,1454,1794,1454,6,25,3,300
4943,2,462,0,0,10,5,4,0,1,1,2516,1580,2516,4,41,0,56
4944,1,462,2,0,13,3,0,0,0,0,1800,1399,1800,14,1,1,51
4945,3,462,0,0,59,22,1,0,0,0,1970,1697,1970,6,1,1,122
4946,1,463,0,0,6,2,2,0,1,0,1437,1394,1437,4,10,0,145
4947,3,463,2,0,71,63,0,0,0,0,2396,2280,2396,4,25,3,300
4948,3,463,0,1,63,23,5,0,2,0,1345,1344,1345,1,25,3,300
4949,1,463,1,0,17,9,1,1,2,0,2187,2371,2187,9,6,0,211
4950,1,463,1,0,33,11,0,0,0,0,2277,1536,2277,6,26,1,236
4951,3,463,0,0,85,53,1,1,2,0,1871,2074,1871,13,25,3,300
4952,2,463,1,0,80,49,1,0,0,0,1689,2615,1689,1,36,1,223
4953,1,463,0,1,6,24,1,0,1,0,1757,1690,1757,6,12,0,201
4954,2,463,0,0,17,10,0,4,2,0,1477,1523,1477,13,6,0,110
4955,3,463,1,0,21,49,7,3,0,0,1546,1346,1546,10,25,3,300
4956,2,463,0,0,51,1,6,0,0,0,1565,1575,1565,1,1,1,299
4957,2,463,0,0,12,29,1,0,1,0,1385,1645,1385,2,37,2,148
4958,1,463,1,0,18,1,0,0,0,0,2294,1729,2294,10,1,1,32
4959,3,464,0,0,40,58,1,4,2,0,1633,1347,1633,10,28,3,300
4960,1,464,1,0,17,2,0,0,0,0,2111,2195,2111,9,43,1,148
4961,3,464,0,0,49,21,6,3,0,0,1520,1669,1520,8,25,3,300
4962,2,464,1,0,19,18,0,2,0,0,2000,1387,2000,2,36,1,54
4963,3,464,0,1,83,112,0,2,0,0,1445,2598,1445,4,28,3,300
4964,3,464,0,0,29,36,2,1,0,2,1498,1826,1498,13,28,3,300
4965,2,464,0,0,16,17,1,0,1,0,1534,2397,1534,3,44,0,67
4966,3,464,0,0,23,32,4,0,3,0,1610,1396,1610,12,28,3,300
4967,1,464,1,0,7,0,0,0,0,0,2563,1513,2563,6,39,1,15
4968,2,464,0,1,28,26,1,0,1,0,2442,1348,2442,1,44,0,55
4969,1,464,0,0,0,0,2,0,2,0,1571,1474,1571,4,10,0,158
4970,2,464,0,0,26,24,0,0,0,0,2060,2546,2060,8,1,1,44
4971,1,464,1,0,10,2,0,0,1,0,1648,1773,1648,9,0,0,197
4972,3,465,0,0,47,17,1,3,0,1,1967,1349,1967,9,25,3,300
4973,1,465,1,0,9,3,0,0,0,0,2285,1455,2285,1,36,1,53
4974,1,465,1,1,26,17,1,0,1,0,1903,1350,1903,9,10,0,239
4975,3,465,0,0,58,67,2,0,0,1,2091,1685,2091,10,28,3,300
4976,3,465,1,0,120,77,0,0,0,0,1829,1351,1829,8,25,3,300
4977,1,465,1,0,19,1,0,0,0,0,1644,1449,1644,1,26,1,233
4978,1,465,1,0,14,3,0,0,0,0,2173,1699,2173,6,1,1,169
4979,2,465,0,0,21,5,2,0,3,0,1896,1421,1896,13,6,0,157
4980,3,465,2,0,54,47,4,0,0,0,2498,1889,2498,9,25,3,300
4981,1,465,0,0,20,3,1,0,1,0,2530,1413,2530,1,41,0,295
4982,3,465,0,0,65,31,0,0,0,0,2520,1516,2520,3,25,3,300
4983,1,466,0,0,3,2,1,0,1,0,1595,1433,1595,12,10,0,61
4984,2,466,1,0,39,40,0,0,0,0,1562,1442,1562,9,26,1,61
4985,3,466,0,0,71,54,5,0,1,0,1537,1746,1537,1,25,3,300
4986,3,466,0,0,111,66,0,2,0,0,2009,1808,2009,13,25,3,300
4987,1,466,0,0,7,7,1,0,1,0,1431,1736,1431,9,0,0,189
4988,3,466,0,0,101,24,0,0,0,0,2620,1543,2620,9,25,3,300
4989,3,466,0,1,98,76,0,0,0,0,2466,1352,2466,8,25,3,300
4990,3,466,1,1,163,169,0,0,2,0,2549,1876,2549,4,32,1,294
4991,1,466,0,0,2,4,1,0,1,0,1980,1890,1980,8,10,0,126
4992,3,466,0,0,82,73,0,0,0,0,1778,1691,1778,12,25,3,300
4993,3,466,0,0,55,61,0,0,0,0,1521,1427,1521,1,25,3,300
4994,1,466,0,0,6,1,0,0,0,0,1634,1353,1634,2,1,1,26
4995,3,467,0,0,64,38,0,0,0,0,1805,2660,1805,1,25,3,300
4996,3,467,0,0,83,43,0,3,1,0,2159,1439,2159,1,25,3,300
4997,3,467,0,0,63,15,0,3,1,0,2267,1577,2267,4,25,3,300
4998,2,467,0,0,58,24,2,0,0,0,1999,1415,1999,1,1,1,123
4999,2,467,0,0,5,23,2,1,1,0,2467,2175,2467,13,10,0,207
5000,2,467,0,0,14,17,5,1,2,0,1478,1446,1478,8,10,0,70
5001,1,467,1,0,20,17,0,1,0,0,1693,1354,1693,4,26,1,299
5002,3,467,1,0,30,23,1,0,0,0,2189,1465,2189,6,25,3,300
5003,3,467,0,1,80,30,2,2,0,0,2296,1488,2296,9,25,3,300
5004,3,467,0,0,14,33,3,0,2,2,1403,1909,1403,13,25,3,300
5005,1,467,1,0,14,9,0,0,0,0,2365,1616,2365,6,26,1,94
5006,2,467,0,1,0,25,1,0,1,0,1510,1863,1510,2,12,0,141
5007,3,467,1,0,52,20,1,0,0,0,1700,2292,1700,6,26,1,39
5008,3,468,1,0,67,77,0,0,0,0,1490,2044,1490,12,28,3,300
5009,1,468,1,0,25,14,0,0,0,0,2406,1664,2406,11,26,1,109
5010,1,468,1,0,13,1,0,0,0,0,2180,1468,2180,3,7,1,38
5011,2,468,0,0,56,23,4,0,0,0,1502,1965,1502,4,1,1,253
5012,3,468,0,0,48,41,0,1,0,0,1961,1643,1961,9,25,3,300
5013,1,468,1,0,4,1,0,0,0,0,2563,1727,2563,6,38,1,36
5014,3,468,0,0,70,41,3,0,0,0,1440,2663,1440,8,25,3,300
5015,1,468,1,0,25,21,0,0,0,0,1958,2433,1958,9,26,1,292
5016,3,468,0,0,63,30,2,0,0,0,2261,2239,2261,12,25,3,300
5017,1,468,0,0,0,26,1,1,1,0,1436,1807,1436,4,8,0,200
5018,5,468,0,0,141,34,2,0,0,0,2083,1550,2083,4,25,3,300
5019,5,468,0,0,125,36,3,0,0,0,1970,2049,1970,6,25,3,300
5020,3,469,0,0,49,42,2,1,3,0,1434,1388,1434,1,25,3,300
5021,1,469,0,0,25,10,0,1,1,0,2359,1355,2359,4,7,1,214
5022,1,469,0,0,14,13,1,0,2,0,2247,1668,2247,9,5,0,198
5023,3,469,0,0,70,66,0,0,0,0,1566,1501,1566,2,28,3,300
5024,3,469,0,0,57,49,6,0,1,1,2658,2514,2658,8,25,3,300
5025,3,469,0,0,98,58,1,1,0,0,2178,1582,2178,11,25,3,300
5026,3,469,0,0,50,19,0,3,0,0,1469,1443,1469,4,25,3,300
5027,3,469,0,0,52,41,0,0,0,0,1579,1356,1579,3,25,3,300
5028,2,469,0,0,37,31,2,0,1,0,2644,2437,2644,1,6,0,281
5029,3,469,0,0,72,70,0,0,0,0,1803,1623,1803,2,25,3,300
5030,1,469,1,0,32,31,0,1,0,0,2515,1936,2515,4,26,1,290
5031,1,469,0,0,6,0,1,0,1,0,2120,1364,2120,4,10,0,155
5032,2,469,1,0,29,7,0,0,0,0,1528,2325,1528,2,1,1,118
5033,2,470,1,0,33,22,1,0,0,0,1650,1482,1650,8,1,1,282
5034,3,470,0,0,107,75,2,0,2,0,2026,2348,2026,13,25,3,300
5035,1,470,1,0,10,4,1,0,1,0,2394,1476,2394,8,10,0,77
5036,3,470,0,0,70,11,3,0,0,0,1460,1739,1460,6,25,3,300
5037,3,470,1,0,63,15,3,1,0,0,1845,1481,1845,1,25,3,300
5038,3,470,1,0,37,30,0,0,0,0,2322,1357,2322,8,25,3,300
5039,3,470,0,1,31,32,0,0,0,0,1515,1507,1515,3,28,3,300
5040,3,470,0,0,19,26,3,0,4,0,1695,1817,1695,4,6,0,157
5041,2,470,0,0,30,34,2,1,2,0,2480,1525,2480,9,10,0,166
5042,3,470,0,0,44,35,0,1,0,0,2564,2278,2564,6,28,3,300
5043,3,470,1,0,31,9,2,3,0,0,2259,2027,2259,4,28,3,300
5044,2,470,1,1,35,21,1,1,0,0,1779,1750,1779,4,26,1,185
5045,3,471,0,0,47,25,1,0,0,0,1545,1358,1545,10,25,3,300
5046,3,471,0,0,69,15,0,0,0,0,2177,1411,2177,9,25,3,300
5047,1,471,0,0,13,2,1,0,1,0,1609,2252,1609,12,6,0,264
5048,3,471,0,0,60,72,0,1,0,0,1841,1636,1841,13,25,3,300
5049,1,471,1,0,12,4,0,0,0,0,2418,1487,2418,9,26,1,85
5050,3,471,0,0,17,9,0,5,2,2,2112,1401,2112,8,25,3,300
5051,2,471,0,0,55,25,0,0,0,0,2517,2576,2517,13,1,1,181
5052,3,471,0,0,52,34,1,4,0,1,1559,1777,1559,8,25,3,300
5053,3,471,0,0,26,14,3,0,0,0,1467,2319,1467,10,25,3,300
5054,3,471,0,0,73,37,0,0,0,0,1831,1359,1831,1,25,3,300
5055,3,471,0,0,22,2,7,0,0,0,2566,1360,2566,2,25,3,300
5056,2,471,1,0,32,47,0,0,0,0,1530,2099,1530,4,26,1,295
5057,3,472,0,0,60,26,2,0,0,0,2315,1470,2315,9,25,3,300
5058,3,472,0,0,56,64,1,0,0,0,1870,1647,1870,13,25,3,300
5059,3,472,0,0,32,17,2,7,0,0,1588,1464,1588,9,25,3,300
5060,3,472,0,0,27,10,1,6,2,4,2558,2629,2558,3,28,3,300
5061,3,472,0,0,58,52,0,0,0,0,1567,1462,1567,8,25,3,300
5062,1,472,1,0,25,12,1,0,0,0,1378,1361,1378,1,1,1,172
5063,3,472,1,0,118,50,0,0,0,1,2053,1362,2053,12,25,3,300
5064,3,472,1,0,73,54,0,0,0,0,2067,1391,2067,8,25,3,300
5065,3,472,0,0,25,40,1,0,2,0,2152,2305,2152,6,5,0,260
5066,3,472,0,0,64,57,2,0,1,0,1905,2191,1905,12,25,3,300
5067,3,472,1,0,22,24,0,0,0,0,2470,2436,2470,8,26,1,254
5068,1,472,0,0,3,1,1,0,1,0,2276,1363,2276,3,0,0,49
5069,1,472,1,0,20,13,0,0,0,0,2329,2286,2329,1,26,1,150
5070,2,473,0,0,35,46,0,0,1,0,1726,1719,1726,9,10,0,72
5071,3,473,0,0,47,47,2,0,0,0,1677,1424,1677,13,25,3,300
5072,3,473,0,0,64,30,3,1,0,0,2612,1405,2612,9,25,3,300
5073,3,473,0,0,47,48,2,0,0,0,2280,1364,2280,4,25,3,300
5074,1,473,1,0,5,0,0,0,0,0,1711,1429,1711,9,26,1,25
5075,3,473,0,0,47,64,6,0,3,0,2598,1494,2598,4,34,3,300
5076,1,473,1,0,23,1,0,1,0,0,2295,1365,2295,10,26,1,178
5077,3,473,0,0,31,35,4,0,2,1,2204,2285,2204,1,25,3,300
5078,2,473,0,0,27,4,1,3,2,0,2317,1938,2317,6,10,0,150
5079,3,473,0,0,38,24,0,1,0,0,1693,1522,1693,4,28,3,300
5080,3,473,4,0,79,16,0,0,0,0,2186,2450,2186,6,25,3,300
5081,5,473,4,0,109,91,0,1,2,0,2520,2550,2520,3,25,3,300
5082,5,473,0,0,178,181,1,0,0,1,2105,2443,2105,1,25,3,300
5083,1,474,1,0,10,1,0,0,0,0,1457,2343,1457,1,43,1,86
5084,1,474,3,0,8,6,0,0,0,0,2365,1506,2365,6,26,1,44
5085,2,474,1,0,36,28,0,0,0,0,1754,2504,1754,2,1,1,195
5086,2,474,0,0,14,8,1,1,1,0,1509,1673,1509,1,52,0,190
5087,3,474,0,0,25,29,2,0,0,0,1367,1366,1367,4,25,3,300
5088,3,474,0,0,50,26,5,0,0,0,2494,2019,2494,8,25,3,300
5089,3,474,0,0,43,6,4,0,0,0,1720,1718,1720,3,25,3,300
5090,3,474,0,0,33,64,5,0,0,0,1638,1692,1638,13,28,3,300
5091,1,474,1,0,17,5,0,0,0,0,2143,1368,2143,2,1,1,66
5092,3,474,0,0,14,13,4,1,0,0,2263,2281,2263,1,25,3,300
5093,1,474,1,0,29,38,0,0,0,0,1540,1722,1540,2,32,1,285
5094,3,475,0,1,65,65,0,0,0,0,1574,2081,1574,4,28,3,300
5095,3,475,0,0,117,57,0,0,0,0,2252,1404,2252,12,25,3,300
5096,1,475,0,0,6,10,2,0,1,0,2656,1369,2656,1,10,0,132
5097,2,475,0,0,49,13,3,0,1,0,2594,2094,2594,1,10,0,255
5098,3,475,0,0,25,17,4,3,0,0,1937,2544,1937,12,25,3,300
5099,3,475,0,0,42,75,0,0,0,0,1768,1904,1768,2,28,3,300
5100,2,475,1,0,28,46,0,0,0,0,1792,1447,1792,4,7,1,78
5101,3,475,0,0,53,30,2,1,0,0,1934,1426,1934,1,25,3,300
5102,3,475,0,0,120,106,2,1,0,1,2187,1370,2187,9,28,3,300
5103,2,475,0,0,30,74,0,0,1,0,1757,2463,1757,6,10,0,217
5104,3,475,0,0,65,48,0,0,0,0,1555,1646,1555,4,25,3,300
5105,1,475,0,0,14,1,0,0,0,0,1645,1371,1645,2,1,1,135
5106,5,475,0,0,148,90,3,0,1,0,2276,1568,2276,3,25,3,300
5107,3,476,0,1,38,15,2,0,2,2,1493,1372,1493,9,25,3,300
5108,3,476,0,0,41,81,2,0,0,0,1373,1453,1373,2,25,3,300
5109,3,476,0,0,75,26,0,2,1,4,1629,2509,1629,8,12,0,196
5110,3,476,0,0,90,52,0,0,0,0,1408,2203,1408,4,25,3,300
5111,3,476,0,0,59,28,0,1,0,0,2627,2206,2627,9,25,3,300
5112,2,476,0,0,43,9,0,1,0,1,2406,1533,2406,11,1,1,142
5113,3,476,0,0,72,69,2,0,0,0,1606,2364,1606,3,25,3,300
5114,1,476,1,0,17,1,0,0,0,0,1570,2392,1570,2,13,1,50
5115,3,476,0,0,55,32,5,0,0,0,2297,2057,2297,9,25,3,300
5116,3,476,0,0,134,129,0,0,0,0,1694,2562,1694,8,28,3,300
5117,3,476,0,0,56,65,4,0,0,0,1770,1374,1770,3,25,3,300
5118,5,476,2,0,138,90,0,0,0,0,1689,1618,1689,1,25,3,300
5119,3,477,1,0,61,46,3,0,0,0,2089,1375,2089,11,26,1,48
5120,2,477,1,0,59,20,0,0,1,0,2611,1416,2611,9,7,1,289
5121,3,477,1,0,111,69,0,0,3,0,2163,2348,2163,13,25,3,300
5122,3,477,0,0,80,64,1,0,0,0,1976,1376,1976,1,25,3,300
5123,3,477,1,0,72,20,0,0,0,0,1893,1443,1893,4,26,1,253
5124,3,477,0,0,66,39,4,2,1,0,2586,2069,2586,1,25,3,300
5125,1,477,1,0,13,6,1,0,1,0,2609,1486,2609,6,26,1,127
5126,3,477,0,0,83,81,0,0,1,0,1931,1605,1931,11,6,0,204
5127,3,477,0,0,54,58,1,1,0,0,1612,1445,1612,4,25,3,300
5128,3,477,0,0,95,29,0,0,0,0,2347,2060,2347,8,25,3,300
5129,1,477,1,0,17,8,0,0,0,0,2132,1516,2132,3,36,1,287
5130,2,477,0,1,47,55,2,0,0,1,2129,2323,2129,12,35,1,178
5131,3,478,1,0,74,43,1,0,0,0,1881,2514,1881,8,36,1,109
5132,3,478,1,0,34,31,0,0,1,0,1782,1959,1782,3,0,0,241
5133,1,478,1,0,11,22,0,1,0,0,1781,1377,1781,6,32,1,219
5134,2,478,0,0,27,20,3,0,1,0,2658,1740,2658,8,10,0,147
5135,1,478,1,0,6,2,0,0,0,0,2387,1817,2387,4,38,1,107
5136,3,478,0,0,78,55,4,0,0,0,1378,2591,1378,1,25,3,300
5137,3,478,0,0,69,77,3,2,3,0,1656,1631,1656,11,25,3,300
5138,3,478,0,0,63,44,3,0,0,0,1479,2138,1479,1,25,3,300
5139,2,478,1,0,38,18,0,2,1,0,2442,1537,2442,1,26,1,131
5140,1,478,1,0,18,6,0,1,0,0,2549,1406,2549,4,26,1,232
5141,1,478,0,0,22,3,1,0,1,0,1622,1547,1622,14,10,0,204
5142,3,478,0,0,39,15,1,4,0,0,1583,1538,1583,3,25,3,300
5143,4,478,0,0,60,35,4,6,1,0,1952,1804,1952,4,12,0,227
5144,2,479,0,0,19,13,0,2,0,0,2660,1420,2660,1,1,1,142
5145,3,479,0,0,40,26,2,1,0,0,1861,1452,1861,6,25,3,300
5146,2,479,0,0,19,42,0,3,2,0,1590,1379,1590,11,10,0,119
5147,2,479,0,0,100,37,0,1,0,0,1667,1380,1667,1,1,1,296
5148,1,479,1,0,12,2,0,0,0,0,1707,1435,1707,1,26,1,137
5149,3,479,0,0,50,6,1,1,0,0,1763,1381,1763,11,25,3,300
5150,3,479,1,0,60,39,1,2,0,0,1663,1422,1663,4,25,3,300
5151,3,479,0,0,40,21,1,1,0,1,1446,1382,1446,8,25,3,300
5152,3,479,0,0,47,24,6,1,0,0,1883,1999,1883,1,25,3,300
5153,2,479,0,0,9,16,1,0,1,0,1776,1478,1776,8,44,0,265
5154,1,479,1,0,2,2,0,0,0,0,2219,1383,2219,6,36,1,47
5155,4,479,0,0,49,72,0,1,1,0,2049,1697,2049,6,10,0,158
5156,3,480,0,0,82,112,0,3,0,0,1874,1871,1874,13,25,3,300
5157,2,480,2,0,74,55,0,0,0,0,1681,1438,1681,9,26,1,287
5158,3,480,0,0,30,31,0,0,0,0,1592,1518,1592,3,25,3,300
5159,3,480,0,0,94,71,1,1,0,1,2038,2252,2038,12,25,3,300
5160,1,480,1,0,22,12,0,0,0,0,2098,1492,2098,8,26,1,246
5161,3,480,0,0,148,90,0,0,1,0,2518,2191,2518,12,25,3,300
5162,3,480,0,0,174,105,0,0,0,0,2620,1958,2620,9,25,3,300
5163,3,480,0,0,75,48,4,0,0,0,2554,1703,2554,12,25,3,300
5164,3,480,1,0,73,64,2,0,0,0,1803,2636,1803,2,25,3,300
5165,3,480,2,0,56,73,1,0,0,0,2296,1543,2296,9,25,3,300
5166,2,480,0,0,104,68,0,1,0,0,1916,1689,1916,1,3,1,300
5167,2,480,1,0,8,2,2,0,1,0,2262,1687,2262,13,36,1,26
5168,3,480,0,0,90,57,1,0,1,0,2294,1648,2294,9,1,1,291
5169,3,481,0,0,169,108,0,0,0,0,1680,1384,1680,3,25,3,300
5170,3,481,0,0,108,68,2,0,0,0,2026,2074,2026,13,25,3,300
5171,1,481,1,0,4,0,0,0,0,0,2000,1385,2000,2,1,1,9
5172,3,481,0,0,87,24,1,1,1,0,1559,1526,1559,1,1,1,74
5173,3,481,0,0,75,23,1,0,0,1,1839,1386,1839,12,25,3,300
5174,3,481,1,0,71,33,1,1,0,0,2394,1567,2394,8,25,3,300
5175,3,481,0,0,58,51,0,2,0,0,2558,1712,2558,3,25,3,300
5176,3,481,0,0,73,14,1,5,0,1,2009,1896,2009,13,25,3,300
5177,3,481,0,0,73,35,0,2,0,0,1630,1586,1630,9,25,3,300
5178,3,481,1,0,89,47,0,0,0,0,2557,1876,2557,4,36,1,174
5179,1,481,1,0,16,0,0,0,0,0,1827,2546,1827,8,26,1,58
5180,1,482,2,0,37,19,0,0,0,0,1566,1387,1566,2,26,1,218
5181,2,482,0,0,21,7,2,0,2,0,2109,1595,2109,12,10,0,130
5182,3,482,1,0,32,13,4,0,0,0,1748,1504,1748,6,26,1,42
5183,3,482,0,0,48,34,2,2,0,1,2655,1388,2655,1,25,3,300
5184,1,482,1,0,11,2,0,0,0,0,2450,1536,2450,6,26,1,78
5185,3,482,0,0,40,38,3,0,0,1,2195,1784,2195,9,25,3,300
5186,1,482,0,0,8,7,0,0,0,0,2277,2152,2277,6,26,1,199
5187,1,482,1,0,16,5,0,0,0,0,2437,1415,2437,1,1,1,67
5188,3,482,0,0,60,31,3,2,1,0,2029,1934,2029,1,25,3,300
5189,3,482,0,0,3,22,3,0,0,0,1571,1469,1571,4,34,3,300
5190,2,482,1,0,50,15,0,1,0,0,1546,1467,1546,10,1,1,287
5191,1,482,1,0,9,4,0,0,0,0,1634,1528,1634,2,26,1,71
5192,3,483,1,0,49,33,0,1,0,0,2005,1919,2005,11,25,3,300
5193,3,483,0,0,4,21,2,2,0,0,1437,2267,1437,4,25,3,300
5194,1,483,0,0,13,0,1,0,1,0,2180,1515,2180,3,10,0,72
5195,1,483,1,0,8,1,0,0,0,0,2326,1643,2326,9,26,1,124
5196,3,483,0,0,40,25,0,0,0,0,1519,1609,1519,12,25,3,300
5197,2,483,0,0,10,22,1,1,1,0,2418,1418,2418,9,10,0,205
5198,3,483,0,0,102,23,1,0,0,0,2322,1389,2322,8,25,3,300
5199,3,483,0,0,47,7,5,1,0,0,2516,1502,2516,4,25,3,300
5200,2,483,1,0,30,14,0,0,0,0,2292,1710,2292,6,26,1,99
5201,1,483,1,0,3,0,0,0,0,0,1779,1436,1779,4,38,1,5
5202,1,483,1,0,17,11,0,0,0,0,1800,1884,1800,11,36,1,250
5203,5,483,0,0,59,43,0,0,0,0,1970,1700,1970,6,28,3,300
5204,3,484,0,1,54,64,0,0,0,0,1736,2627,1736,9,25,3,300
5205,3,484,0,0,72,23,3,2,0,0,1473,1610,1473,12,25,3,300
5206,3,484,1,0,32,27,0,0,0,0,1967,1451,1967,9,32,1,234
5207,3,484,2,0,36,29,0,0,1,0,1628,2037,1628,8,25,3,300
5208,3,484,0,0,45,38,2,3,0,0,2077,1390,2077,11,25,3,300
5209,1,484,1,0,19,11,0,0,0,0,2466,1391,2466,8,26,1,187
5210,3,484,0,0,70,55,0,4,0,3,1599,1615,1615,6,33,2,300
5211,3,484,0,0,78,39,2,0,0,0,2287,1392,2287,3,25,3,300
5212,3,484,0,0,50,25,0,4,0,2,1690,1848,1690,3,28,3,300
5213,1,484,1,0,27,10,0,0,0,0,2470,1499,2470,8,1,1,265
5214,1,484,1,0,11,4,0,0,0,0,1448,2498,1448,9,26,1,46
5215,1,484,1,0,4,0,0,0,0,0,1882,1656,1882,11,26,1,16
5216,3,485,0,0,23,11,2,2,0,1,1669,1591,1669,9,28,3,300
5217,3,485,0,0,129,95,0,2,0,0,2371,1393,2371,9,25,3,300
5218,3,485,0,0,15,8,6,1,1,0,1464,1459,1464,9,25,3,300
5219,3,485,0,0,83,29,0,0,0,0,1841,1638,1841,13,25,3,300
5220,3,485,0,0,36,28,1,0,0,0,1465,1699,1465,6,25,3,300
5221,3,485,0,0,47,52,1,0,0,0,1939,1931,1939,11,28,3,300
5222,3,485,0,0,94,67,0,2,0,0,1890,1777,1890,8,25,3,300
5223,3,485,0,0,152,70,0,0,0,0,1904,1623,1904,2,25,3,300
5224,3,485,0,0,25,25,0,0,0,0,2615,1723,2615,1,25,3,300
5225,1,485,1,0,22,7,0,0,0,0,2345,1427,2345,1,26,1,153
5226,1,485,0,0,36,3,0,0,0,0,1645,1453,1645,2,1,1,45
5227,1,485,1,0,4,1,0,0,0,0,1570,1722,1570,2,26,1,12
5228,5,485,0,0,92,81,3,0,0,0,2259,1952,2259,4,25,3,300
5229,3,486,0,0,37,23,4,0,0,0,1395,1394,1395,4,25,3,300
5230,2,486,0,0,29,9,2,0,0,0,2467,1396,2467,13,7,1,253
5231,3,486,1,0,67,61,2,2,0,0,2319,2295,2319,10,25,3,300
5232,3,486,0,0,37,23,5,2,2,0,1819,2019,1819,8,10,0,197
5233,3,486,1,0,80,39,0,0,0,0,1823,1397,1823,8,36,1,249
5234,3,486,0,0,67,68,2,0,0,0,2089,1636,2089,13,25,3,300
5235,3,486,0,0,40,39,1,1,0,0,1720,2364,1720,3,28,3,300
5236,3,486,0,0,47,23,2,0,0,0,2281,1398,2281,1,25,3,300
5237,2,486,0,1,41,24,2,0,0,0,2396,2515,2396,4,1,1,159
5238,3,486,0,0,122,38,0,0,0,0,1399,1622,1399,14,25,3,300
5239,5,486,0,0,129,96,0,1,0,0,2443,1743,2443,8,25,3,300
5240,3,487,0,0,61,55,0,0,0,0,1698,1833,1698,13,25,3,300
5241,1,487,0,0,32,2,1,0,1,0,1695,1514,1695,4,23,0,155
5242,3,487,1,0,24,22,0,1,0,0,2096,1498,2096,13,32,1,106
5243,1,487,0,0,3,5,0,0,1,0,2247,1545,2247,10,5,0,83
5244,2,487,0,0,16,6,0,1,3,0,1692,1909,1692,13,10,0,80
5245,3,487,0,0,50,48,1,0,0,0,1965,1400,1965,4,25,3,300
5246,3,487,0,0,50,60,0,4,0,0,2305,1452,2305,6,25,3,300
5247,2,487,1,0,44,16,1,1,0,0,1746,1449,1746,1,3,1,300
5248,3,487,0,0,6,8,1,1,1,0,2629,1959,2629,3,0,0,109
5249,2,487,1,0,21,15,0,0,0,0,2218,2155,2218,1,26,1,36
5250,1,487,0,0,2,2,0,0,1,0,2656,1976,2656,1,0,0,58
5251,5,487,0,0,179,78,10,0,0,0,1986,1807,1986,4,25,3,300
5252,1,488,0,0,1,1,0,1,1,0,2175,2044,2175,13,6,0,69
5253,3,488,0,0,17,20,3,0,0,0,1673,1651,1673,1,25,3,300
5254,3,488,0,0,48,40,1,2,0,0,2177,1520,2177,9,28,3,300
5255,1,488,0,0,8,3,2,0,0,0,1633,1685,1633,10,3,1,176
5256,3,488,0,0,84,41,1,0,1,0,2053,2239,2053,12,25,3,300
5257,1,488,0,0,15,7,0,0,1,0,2221,1483,2221,2,12,0,252
5258,3,488,0,0,42,47,3,0,0,0,2594,1463,2594,4,25,3,300
5259,3,488,0,0,83,90,3,0,0,0,1462,1401,1462,8,28,3,300
5260,2,488,0,0,18,22,3,0,1,0,2608,1472,2608,3,12,0,266
5261,2,488,2,0,64,18,0,1,0,0,2278,1794,2278,6,26,1,271
5262,3,488,0,0,65,32,1,4,0,0,1517,1402,1517,8,25,3,300
5263,3,488,0,0,84,87,0,0,1,0,2549,1555,2549,4,28,3,300
5264,5,488,0,0,42,18,1,0,0,0,2262,1403,2262,13,25,3,300
5265,3,489,0,0,108,33,4,0,0,0,1647,1541,1647,13,25,3,300
5266,3,489,1,0,50,77,3,1,0,0,1903,1726,1903,9,28,3,300
5267,3,489,0,0,70,43,1,3,1,0,1490,1404,1490,12,25,3,300
5268,3,489,0,0,43,37,2,3,1,0,1588,1431,1588,7,25,3,300
5269,3,489,0,0,99,87,2,2,0,1,2128,1883,2128,1,25,3,300
5270,3,489,0,0,62,45,0,4,0,0,2187,1773,2187,9,25,3,300
5271,1,489,1,0,21,15,0,0,0,0,1611,1644,1611,1,26,1,255
5272,3,489,0,0,81,58,2,0,0,0,1770,1583,1770,3,25,3,300
5273,1,489,1,0,34,24,0,0,0,0,2067,1885,2067,8,26,1,254
5274,3,489,1,1,118,125,0,1,0,0,2567,1461,2567,3,25,3,300
5275,3,489,1,0,114,69,1,0,0,1,1715,1530,1715,4,25,3,300
5276,4,489,1,0,123,181,1,1,0,0,1969,1489,1969,2,1,1,249
5277,3,490,1,0,171,165,0,0,0,0,2121,1572,2121,11,28,3,300
5278,3,490,0,0,36,85,3,0,0,0,2046,1783,2046,9,25,3,300
5279,3,490,1,0,71,36,0,0,0,0,1805,2586,1805,1,25,3,300
5280,3,490,0,0,81,88,0,1,1,0,1935,1500,1935,6,0,0,119
5281,3,490,0,0,93,23,1,0,0,0,2426,1405,2426,9,25,3,300
5282,2,490,0,0,59,81,6,0,1,0,2397,2216,2397,3,44,0,279
5283,3,490,0,0,93,123,0,0,0,0,2208,1709,2208,13,28,3,300
5284,3,490,0,0,58,33,0,3,0,1,1975,1406,1975,4,25,3,300
5285,3,490,1,0,91,60,1,1,0,0,2091,1470,2091,10,25,3,300
5286,3,490,3,0,59,54,2,0,0,0,1925,2120,1925,4,1,1,291
5287,1,490,1,0,29,4,0,0,0,0,2261,2129,2261,12,26,1,42
5288,3,491,0,0,21,10,3,0,0,0,1407,2288,1407,1,25,3,300
5289,3,491,0,0,26,17,2,0,0,0,1579,1782,1579,3,25,3,300
5290,1,491,1,0,10,6,0,0,0,0,2245,1408,2245,4,26,1,266
5291,3,491,0,0,49,29,2,1,1,0,2280,1792,2280,4,10,0,115
5292,1,491,1,0,27,8,0,0,0,0,1984,1409,1984,1,26,1,213
5293,3,491,0,0,44,19,0,2,1,0,1533,1619,1533,11,7,1,146
5294,3,491,1,0,22,28,6,0,0,2,1759,2493,2493,8,28,3,300
5295,3,491,0,0,101,61,2,3,0,0,1871,2009,1871,13,28,3,300
5296,3,491,0,0,109,51,0,0,0,0,2159,1410,2159,1,25,3,300
5297,2,491,0,0,25,3,5,0,0,0,2566,1754,2566,2,18,1,142
5298,3,491,1,0,43,7,0,0,0,0,2263,1479,2263,1,25,3,300
5299,3,491,0,0,56,60,0,1,0,0,1521,2286,1521,1,28,3,300
5300,3,491,0,0,22,12,7,0,2,1,1512,2105,1512,1,10,0,126
5301,3,492,0,0,51,44,3,0,0,0,2138,2203,2138,1,25,3,300
5302,1,492,1,0,59,30,0,0,0,0,1668,1411,1668,9,26,1,283
5303,3,492,0,0,21,37,1,1,3,2,1641,1551,1641,8,25,3,300
5304,3,492,0,0,41,21,0,3,0,0,1552,2057,1552,9,25,3,300
5305,3,492,0,0,31,11,1,1,0,0,2237,1493,2237,9,28,3,300
5306,1,492,1,0,15,6,0,0,0,0,1768,2504,1768,2,1,1,59
5307,1,492,0,0,6,21,1,0,1,0,1727,2173,1727,6,49,0,218
5308,3,492,1,0,34,22,0,3,0,0,1688,1538,1688,3,28,3,300
5309,3,492,0,0,64,32,0,2,1,0,1665,2387,1665,4,25,3,300
5310,1,492,1,0,30,16,1,0,0,0,1412,1501,1501,2,45,2,243
5311,3,492,0,0,43,47,1,2,2,1,1757,2317,1757,6,28,3,300
5312,1,492,1,0,40,17,0,0,0,0,2329,1689,2329,1,26,1,258
5313,3,493,0,0,22,2,4,0,2,0,2156,1413,2156,1,25,3,300
5314,3,493,0,0,59,77,0,1,0,0,1605,1631,1605,11,25,3,300
5315,1,493,1,0,18,1,1,0,1,0,2152,1536,2152,6,10,0,199
5316,3,493,0,0,96,40,0,0,0,0,1414,1811,1414,10,25,3,300
5317,3,493,0,0,92,72,0,0,0,0,2252,2223,2252,12,18,1,116
5318,1,493,0,0,12,6,0,0,0,0,2509,1415,2509,8,26,1,96
5319,3,493,1,0,60,32,2,0,0,0,1525,1416,1525,9,25,3,300
5320,2,493,1,0,49,86,0,2,0,0,1777,1417,1777,8,39,1,91
5321,3,493,0,0,125,68,0,0,0,0,1931,1532,1931,11,25,3,300
5322,3,493,1,0,34,30,1,4,0,0,2420,1654,1654,10,28,3,300
5323,3,493,0,0,44,45,4,0,0,1,1937,2518,1937,12,34,3,300
5324,1,493,0,0,2,0,0,0,0,0,2040,2663,2663,8,45,2,15
5325,3,494,0,0,46,6,4,0,1,0,1957,1418,1957,9,10,0,171
5326,3,494,0,0,40,25,4,0,0,0,1845,2530,1845,1,25,3,300
5327,3,494,0,0,21,26,2,0,0,0,1763,2406,1763,11,25,3,300
5328,3,494,0,0,59,34,1,3,0,0,2309,1726,2309,8,28,3,300
5329,3,494,0,0,69,12,3,0,0,0,2267,1419,2267,4,25,3,300
5330,3,494,0,0,54,36,0,0,0,0,1857,1712,1857,3,25,3,300
5331,1,494,1,0,5,2,0,0,0,0,1507,1718,1507,3,26,1,17
5332,3,494,0,0,31,18,1,3,0,0,2273,1646,2273,4,25,3,300
5333,2,494,0,0,14,37,1,0,1,0,1938,2365,1938,6,46,0,166
5334,1,494,0,0,15,5,4,0,0,0,2463,2186,2463,6,7,1,155
5335,3,494,0,0,30,20,1,0,1,0,2594,2027,2594,4,25,3,300
5336,1,494,0,0,22,0,1,0,0,0,1846,1420,1846,1,1,1,72
5337,2,494,1,0,28,20,0,1,0,0,2132,2276,2132,3,26,1,27
5338,3,495,1,0,38,20,0,2,1,0,1711,2059,2059,9,67,2,180
5339,2,495,1,0,80,45,0,1,0,0,1789,1421,1789,13,26,1,299
5340,1,495,0,0,10,2,1,0,1,0,1547,1828,1547,14,5,0,237
5341,3,495,0,0,91,36,1,3,0,1,1742,2340,1742,1,25,3,300
5342,3,495,0,0,48,60,3,0,0,1,1455,1627,1455,4,25,3,300
5343,3,495,0,0,59,15,0,0,0,0,2169,1422,2169,4,25,3,300
5344,1,495,1,0,4,6,0,0,0,0,1554,2004,1554,2,26,1,130
5345,3,495,0,0,32,24,2,0,0,0,1574,1423,1574,4,28,3,300
5346,2,495,0,0,23,21,6,0,1,0,2392,2636,2392,2,12,0,194
5347,3,495,1,0,98,37,0,0,0,0,2345,1618,2345,1,25,3,300
5348,2,495,2,0,40,32,0,0,0,0,2520,2115,2520,3,26,1,213
5349,3,496,0,0,74,54,1,1,0,0,2576,1424,2576,13,25,3,300
5350,3,496,0,0,85,39,0,0,0,0,2287,1606,2287,3,25,3,300
5351,2,496,1,0,35,8,1,0,0,0,1898,1425,1898,4,36,1,152
5352,3,496,0,0,80,50,0,0,2,0,2418,1630,2418,9,7,1,197
5353,1,496,0,0,8,26,0,1,1,0,2319,2642,2319,10,0,0,188
5354,3,496,1,0,81,75,0,4,0,0,2359,2598,2359,4,25,3,300
5355,3,496,2,0,139,88,2,0,0,0,2094,1426,2094,1,26,1,285
5356,2,496,0,0,17,17,0,2,1,0,2609,1861,2609,6,0,0,121
5357,3,496,0,0,64,72,0,0,0,0,2450,2629,2450,3,28,3,300
5358,3,496,0,0,48,51,4,1,0,2,2204,1559,2204,1,28,3,300
5359,3,496,0,0,74,20,2,0,0,0,2109,2220,2109,12,25,3,300
5360,1,496,1,0,11,9,0,0,0,0,2515,1427,2515,4,36,1,104
5361,3,496,0,0,135,86,0,0,0,0,2562,1980,2562,8,25,3,300
5362,5,496,0,0,180,58,3,1,1,1,1679,1905,1679,12,25,3,300
5363,3,497,0,0,93,32,0,0,0,0,2580,1428,2580,2,25,3,300
5364,2,497,0,0,10,22,2,1,4,1,2207,2558,2207,3,10,0,218
5365,3,497,1,0,119,107,2,0,0,0,2666,2081,2666,4,25,3,300
5366,1,497,2,0,22,12,0,0,0,0,1719,1429,1719,9,26,1,135
5367,3,497,0,0,111,42,0,1,0,0,2039,1430,2039,8,25,3,300
5368,3,497,0,0,113,98,5,1,1,0,2026,2035,2026,13,25,3,300
5369,1,497,0,0,6,27,0,1,1,0,1696,1431,1696,8,6,0,166
5370,3,497,0,0,57,29,1,6,0,0,1592,1680,1592,3,28,3,300
5371,1,497,0,0,34,12,0,0,0,0,2517,2467,2517,13,1,1,184
5372,1,497,0,0,25,8,1,0,0,0,1432,1943,1432,1,1,1,93
5373,3,497,0,0,54,26,0,0,0,0,1645,1458,1458,2,33,2,300
5374,3,497,0,0,96,50,0,3,0,0,2040,2663,2040,8,25,3,300
5375,1,497,1,0,8,3,0,1,0,0,2564,1977,2564,6,1,1,103
5376,3,498,1,0,39,34,0,0,0,0,1483,1501,1483,2,25,3,300
5377,3,498,0,0,99,65,1,1,0,0,2161,1433,2161,12,28,3,300
5378,1,498,1,0,20,8,0,0,0,0,2143,1566,2143,2,1,1,131
5379,3,498,0,0,71,78,4,1,0,0,2494,1462,2494,8,25,3,300
5380,3,498,0,0,66,55,1,0,0,0,2343,1434,2343,1,25,3,300
5381,3,498,0,0,78,44,0,2,0,0,1609,1839,1609,12,28,3,300
5382,3,498,0,0,63,42,3,0,0,0,2245,1612,2245,4,25,3,300
5383,3,498,1,0,94,32,3,0,1,0,2221,2051,2221,2,19,0,286
5384,1,498,0,0,13,3,2,0,1,0,2644,1667,2644,1,10,0,122
5385,3,498,0,0,85,78,1,0,0,0,1435,2436,1435,1,34,3,300
5386,3,498,0,0,69,63,0,4,1,0,1571,1436,1571,4,10,0,234
5387,3,499,0,0,55,32,0,1,0,0,1823,1881,1823,8,28,3,300
5388,3,499,1,0,68,23,0,0,0,0,1474,1437,1474,4,26,1,123
5389,3,499,0,0,73,58,0,1,0,0,1874,1841,1874,13,25,3,300
5390,1,499,1,0,5,4,0,0,0,0,2000,1904,2000,2,26,1,29
5391,1,499,2,0,14,3,0,0,0,0,2180,2451,2180,3,36,1,147
5392,3,499,1,0,105,22,0,3,0,1,1694,1776,1694,8,26,1,272
5393,1,499,1,0,22,1,1,0,0,0,1454,2563,1454,6,1,1,127
5394,1,499,1,0,21,9,0,0,0,0,1804,1565,1804,1,36,1,167
5395,3,499,0,0,31,20,1,3,0,1,2325,1803,2325,2,28,3,300
5396,3,499,1,0,138,77,0,0,0,0,2099,2549,2099,4,25,3,300
5397,3,499,0,0,36,40,1,1,0,0,1750,2550,1750,3,28,3,300
5398,3,499,2,0,112,43,1,0,0,0,1779,1715,1779,4,3,1,300
5399,3,500,0,0,30,35,6,0,0,0,2614,1438,2614,9,28,3,300
5400,3,500,0,0,98,65,0,0,0,0,1919,1787,1919,11,25,3,300
5401,3,500,0,0,28,20,0,3,0,0,1934,1509,1934,1,25,3,300
5402,1,500,0,0,2,4,0,1,2,0,1594,1797,1594,4,5,0,170
5403,3,500,0,0,43,37,1,0,1,0,1690,2654,1690,3,10,0,241
5404,3,500,0,0,12,25,4,0,0,0,1439,1663,1439,4,25,3,300
5405,3,500,1,0,44,6,1,0,0,0,2189,1748,2189,6,36,1,29
5406,3,500,0,0,64,32,0,1,0,0,1614,1465,1614,6,28,3,300
5407,3,500,0,0,41,30,0,0,2,0,1469,1678,1469,4,25,3,300
5408,3,500,0,0,81,53,0,2,0,0,1781,1500,1781,6,25,3,300
5409,2,500,1,0,37,28,1,1,0,0,1817,1494,1817,4,26,1,294
5410,3,500,0,0,86,46,0,0,0,0,2668,1645,2668,2,25,3,300
5411,3,500,0,0,96,80,1,0,0,0,1440,2098,1440,8,25,3,300
5412,3,501,0,0,79,40,2,0,0,0,2256,1532,2256,11,25,3,300
5413,3,501,1,0,31,15,0,2,1,1,2074,1441,2074,13,25,3,300
5414,3,501,0,0,74,58,0,2,0,0,2403,1442,2403,8,25,3,300
5415,2,501,0,0,16,3,1,3,1,2,2557,1893,2557,4,5,0,82
5416,3,501,0,0,31,50,1,2,1,0,1723,2664,1723,1,25,3,300
5417,1,501,0,0,10,6,2,0,1,0,2195,1517,2195,8,10,0,237
5418,3,501,3,0,102,41,0,1,0,0,1508,1443,1508,4,26,1,259
5419,3,501,0,0,48,49,2,0,0,0,1848,1534,1848,3,25,3,300
5420,3,501,0,0,22,29,3,1,2,0,2179,1600,2179,3,25,3,300
5421,1,501,1,0,10,7,0,0,0,0,2442,2655,2442,1,26,1,86
5422,3,501,0,0,25,51,1,1,0,1,1756,2152,2152,6,28,3,300
5423,5,501,0,0,71,20,0,0,0,0,2292,1568,2292,6,28,3,300
5424,3,502,1,0,91,39,1,0,1,0,1857,1444,1857,3,26,1,249
5425,2,502,0,0,7,9,3,0,3,0,2544,1626,2544,12,10,0,76
5426,3,502,0,0,56,10,4,0,0,0,1987,1526,1987,1,25,3,300
5427,1,502,0,0,6,2,1,0,1,0,2112,1629,2112,8,55,0,260
5428,2,502,0,0,74,3,1,0,5,0,1985,1531,1985,8,5,0,198
5429,1,502,1,0,23,13,0,0,1,0,1936,1445,1936,4,0,0,158
5430,3,502,0,0,90,59,1,6,0,0,2439,2498,2439,9,25,3,300
5431,3,502,0,0,41,30,5,0,0,0,1961,2326,2326,9,34,3,300
5432,3,502,1,0,47,47,2,0,0,0,1656,2178,1656,11,1,1,33
5433,2,502,1,0,58,53,0,0,0,0,1623,1510,1623,2,1,1,297
5434,3,502,0,0,56,78,0,3,0,0,2053,1778,1778,12,34,3,300
5435,5,502,1,0,89,74,0,2,0,0,2000,1540,2000,2,26,1,296
5436,1,503,2,0,26,8,1,0,0,0,2378,1472,2378,3,26,1,197
5437,3,503,0,0,98,56,0,2,0,0,1687,2089,1687,13,25,3,300
5438,3,503,0,0,91,82,0,0,0,0,2420,2091,2420,10,25,3,300
5439,1,503,0,0,20,2,1,0,2,1,2506,1446,2506,8,7,1,274
5440,2,503,0,0,30,12,2,0,0,4,1791,1447,1791,4,1,1,295
5441,3,503,0,0,55,53,2,3,0,0,1579,1583,1579,3,25,3,300
5442,1,503,1,0,26,20,0,0,0,0,1931,2227,1931,11,26,1,291
5443,1,503,1,0,15,5,0,0,0,0,2396,1555,2396,4,1,1,90
5444,3,503,3,0,54,18,2,0,0,0,2296,1448,2296,9,36,1,43
5445,3,503,0,0,59,58,1,0,0,0,1648,2060,1648,9,28,3,300
5446,5,503,0,0,79,40,8,0,2,1,1800,1882,1800,11,25,3,300
5447,5,503,0,0,157,134,0,0,0,0,2347,2443,2347,8,25,3,300
5448,5,503,2,0,175,143,0,0,0,0,2083,1986,2083,4,26,1,250
5449,3,504,0,0,47,68,4,0,0,0,2046,1584,2046,9,28,3,300
5450,1,504,0,0,8,4,1,0,1,0,2468,1698,2468,12,10,0,223
5451,3,504,0,0,42,55,2,0,0,0,2611,2111,2611,9,25,3,300
5452,1,504,1,0,34,20,1,0,0,0,2295,2247,2295,10,26,1,257
5453,3,504,1,0,32,15,1,0,0,0,1775,1449,1775,1,25,3,300
5454,3,504,1,0,95,33,0,0,0,0,2019,1450,2019,8,25,3,300
5455,3,504,0,0,65,32,0,0,0,0,2221,2580,2221,2,25,3,300
5456,3,504,0,0,20,25,3,0,0,0,1903,1451,1903,9,28,3,300
5457,3,504,0,0,77,51,5,0,0,0,2216,2364,2216,3,25,3,300
5458,1,504,1,0,5,4,0,0,0,0,1935,1599,1935,6,26,1,64
5459,2,504,2,1,64,42,0,0,0,0,2591,1979,2591,8,1,1,272
5460,3,504,0,0,63,75,0,1,0,1,2278,2219,2278,6,28,3,300
5461,1,504,1,0,46,9,0,0,0,0,1827,1743,1827,8,1,1,198
5462,3,505,0,0,118,58,0,0,0,0,1647,2576,1647,13,28,3,300
5463,3,505,0,0,80,44,1,0,0,0,1818,1513,1818,6,25,3,300
5464,1,505,1,0,13,7,0,0,0,0,2437,2218,2437,1,26,1,70
5465,3,505,0,0,73,47,0,3,0,0,1654,2642,1654,10,25,3,300
5466,3,505,0,0,73,49,0,3,1,0,2067,2466,2067,8,25,3,300
5467,3,505,1,0,19,16,1,0,0,1,1638,2517,1638,13,25,3,300
5468,2,505,0,0,25,22,3,0,1,0,2159,1530,2159,1,10,0,106
5469,1,505,0,0,7,9,1,0,1,0,1911,2384,1911,9,0,0,169
5470,2,505,0,0,7,13,3,0,3,0,1722,1566,1722,2,6,0,278
5471,3,505,0,0,30,38,0,1,0,0,1884,1939,1884,11,25,3,300
5472,1,505,1,0,19,0,0,0,0,0,1581,1689,1581,4,1,1,40
5473,1,506,1,0,7,4,1,0,1,0,1923,2561,1923,8,32,1,163
5474,3,506,0,0,36,26,6,5,3,0,1480,1772,1480,9,10,0,173
5475,3,506,0,0,38,1,3,0,1,0,1653,1763,1653,11,25,3,300
5476,3,506,1,0,75,7,11,1,0,3,2612,1669,2612,9,25,3,300
5477,3,506,0,0,62,29,1,0,0,0,1560,1909,1560,13,25,3,300
5478,3,506,0,0,63,49,0,0,0,0,2322,1537,2322,8,25,3,300
5479,3,506,0,0,36,28,0,0,0,0,1518,1504,1518,3,25,3,300
5480,3,506,0,0,101,31,0,6,0,0,2087,1452,2087,6,25,3,300
5481,2,506,0,0,70,46,1,0,0,0,2252,1490,2252,12,7,1,266
5482,1,506,0,0,2,2,1,0,1,0,2315,1545,2315,10,12,0,153
5483,3,506,0,0,9,14,6,0,0,0,2516,1952,2516,4,25,3,300
5484,2,506,0,0,28,7,0,0,0,0,2566,1528,2566,2,1,1,66
5485,3,507,0,0,31,12,6,1,2,0,2619,1813,2619,8,25,3,300
5486,3,507,0,0,80,66,0,0,0,0,1630,1967,1630,9,28,3,300
5487,1,507,0,1,1,6,0,0,0,0,1591,1784,1784,9,57,2,38
5488,2,507,1,0,18,13,0,0,0,0,2371,2237,2371,9,38,1,101
5489,1,507,1,0,10,1,0,0,0,0,2075,2359,2075,4,26,1,27
5490,3,507,0,0,80,104,2,0,0,1,2096,2009,2096,13,28,3,300
5491,3,507,0,0,71,44,0,1,1,4,1959,1508,1959,3,28,3,300
5492,3,507,0,0,20,5,0,3,0,0,2325,1794,2325,2,25,3,300
5493,3,507,0,0,43,17,1,3,0,1,2394,1499,2394,8,28,3,300
5494,1,507,1,0,10,7,0,0,0,0,2004,1453,2004,2,26,1,119
5495,3,507,0,0,40,17,3,0,0,0,2262,1874,2262,13,1,1,63
5496,5,507,0,0,104,116,2,0,0,0,1970,2564,1970,6,25,3,300
5497,2,508,1,0,54,45,0,0,0,0,1685,1470,1685,10,26,1,282
5498,3,508,0,0,86,40,3,0,0,0,2406,1737,2406,11,25,3,300
5499,3,508,0,0,63,45,12,0,0,0,2297,1588,2297,9,25,3,300
5500,3,508,0,0,39,6,3,0,0,0,1861,1504,1861,6,25,3,300
5501,3,508,0,0,88,58,1,0,0,0,1746,2656,1746,1,25,3,300
5502,3,508,1,0,39,46,0,1,0,0,1488,2480,1488,9,26,1,16
5503,2,508,1,0,49,41,0,1,1,0,2104,1936,2104,4,0,0,217
5504,3,508,0,0,99,68,0,0,0,0,2530,1575,2530,1,25,3,300
5505,3,508,0,0,35,9,10,0,0,0,1464,1633,1464,10,25,3,300
5506,1,508,0,0,5,15,0,1,1,0,1496,1651,1496,1,37,2,242
5507,3,508,1,0,27,23,1,1,1,0,1896,1498,1896,13,25,3,300
5508,3,508,0,1,25,53,0,2,0,0,1502,2387,1502,4,37,2,189
5509,1,508,1,0,13,11,0,0,0,0,2292,1454,2292,6,26,1,188
5510,1,509,1,0,8,5,0,0,0,0,2348,1541,2348,13,26,1,40
5511,3,509,0,0,48,53,1,1,1,0,2252,2161,2252,12,25,3,300
5512,3,509,0,0,78,50,0,0,0,0,2091,1811,2091,10,25,3,300
5513,1,509,1,0,17,7,0,1,0,0,1975,1455,1975,4,26,1,140
5514,3,509,1,0,33,50,4,0,0,0,2169,1456,2169,4,25,3,300
5515,2,509,0,0,55,12,0,0,3,0,2285,1924,2285,1,1,1,181
5516,1,509,2,0,28,9,0,0,0,0,1759,1567,1759,8,1,1,201
5517,3,509,1,0,38,28,1,8,0,0,1742,1457,1742,1,28,3,300
5518,1,509,1,0,19,5,0,0,0,0,1863,1458,1863,2,26,1,88
5519,3,509,0,0,93,38,5,0,0,1,2038,2191,2038,12,25,3,300
5520,1,509,0,0,2,3,8,0,1,0,2173,2365,2173,6,41,0,209
5521,5,509,0,0,122,110,1,0,0,0,2345,1521,2345,1,28,3,300
5522,3,510,0,0,47,37,4,0,1,0,2666,2267,2666,4,25,3,300
5523,1,510,0,0,20,2,0,0,0,0,1524,1544,1524,8,1,1,85
5524,2,510,0,0,15,32,0,7,3,0,1551,1840,1551,8,0,0,218
5525,3,510,0,0,27,21,0,1,1,1,1559,2235,1559,1,25,3,300
5526,3,510,0,0,43,26,2,0,0,0,2504,2392,2504,2,25,3,300
5527,1,510,0,0,20,4,0,0,0,0,2207,1535,2207,3,1,1,287
5528,3,510,0,0,89,31,2,2,1,1,2592,1459,2592,9,25,3,300
5529,2,510,0,0,15,4,2,1,2,2,2658,1738,2658,8,10,0,98
5530,1,510,1,0,7,5,0,1,0,0,1547,2618,1547,14,26,1,211
5531,1,510,0,0,8,5,0,0,0,0,2189,2463,2189,6,1,1,38
5532,1,510,0,0,40,13,1,0,0,0,1622,1828,1622,14,1,1,217
5533,2,510,1,0,25,46,1,0,1,0,2319,1546,2319,10,26,1,114
5534,1,511,1,0,17,11,0,0,0,0,1783,1774,1783,9,26,1,181
5535,3,511,0,0,38,54,0,2,0,0,2309,2242,2309,8,28,3,300
5536,3,511,1,0,86,53,1,1,1,0,2629,1680,2629,3,10,0,133
5537,1,511,0,0,5,5,2,0,1,0,2608,1460,2608,3,12,0,178
5538,3,511,0,0,15,41,8,0,0,0,1846,2138,1846,1,25,3,300
5539,1,511,0,0,18,0,0,0,0,0,2327,1525,2327,9,1,1,122
5540,3,511,0,0,40,23,1,2,0,0,1646,2598,1646,4,28,3,300
5541,3,511,0,0,74,16,4,2,0,0,2304,1925,2304,4,25,3,300
5542,2,511,1,0,12,15,1,0,2,0,2644,2128,2644,1,26,1,60
5543,5,511,0,0,165,186,1,0,0,0,2261,1679,2261,12,28,3,300
5544,5,511,0,0,48,40,0,0,0,0,2520,1461,2520,3,25,3,300
5545,3,512,0,0,130,93,0,0,0,0,1590,2175,1590,11,25,3,300
5546,3,512,0,0,67,45,0,3,0,0,1799,2059,1799,10,25,3,300
5547,3,512,0,0,139,88,2,0,0,0,1870,2604,1870,13,25,3,300
5548,3,512,0,0,24,57,2,1,0,1,1889,1462,1462,9,34,3,300
5549,3,512,0,0,62,57,2,0,0,0,2120,1463,2120,4,25,3,300
5550,3,512,0,0,85,36,1,1,2,0,2109,1609,2109,12,25,3,300
5551,3,512,0,0,33,15,0,1,0,1,2420,1467,2420,10,25,3,300
5552,3,512,0,0,55,67,0,0,0,0,1723,1831,1723,1,25,3,300
5553,3,512,0,0,45,37,3,0,0,0,2317,2563,2317,6,25,3,300
5554,1,512,0,0,1,1,1,0,1,0,2546,1999,2546,1,10,0,44
5555,1,512,1,0,13,4,0,2,0,0,2594,1571,2594,4,26,1,154
5556,3,512,0,0,43,41,0,2,2,0,2442,1804,2442,1,0,0,28
5557,3,513,0,0,51,57,2,0,1,0,2609,1699,2609,6,28,3,300
5558,3,513,0,0,40,5,3,0,5,0,2112,1696,2112,8,25,3,300
5559,3,513,1,0,130,129,0,1,0,0,2549,2515,2549,4,1,1,217
5560,3,513,0,0,45,44,1,0,0,0,1937,1905,1937,12,28,3,300
5561,3,513,0,0,94,53,0,3,0,1,1722,1485,1722,2,28,3,300
5562,3,513,0,0,63,62,0,2,0,0,1530,1689,1530,4,25,3,300
5563,3,513,0,0,55,24,0,0,0,0,1645,1554,1645,2,25,3,300
5564,2,513,1,0,52,57,0,0,0,0,2098,2663,2098,8,18,1,169
5565,1,513,1,0,6,5,0,0,0,0,1634,2000,1634,2,26,1,20
5566,2,513,1,0,53,33,1,0,0,0,2294,1704,2294,9,32,1,298
5567,5,513,0,0,143,136,0,0,0,0,2329,1916,2329,1,26,1,219
5568,2,514,1,0,51,16,0,0,0,0,1790,1662,1790,2,18,1,49
5569,2,514,1,0,29,62,0,0,0,0,1911,1552,1911,8,26,1,220
5570,3,514,0,0,63,50,0,0,0,0,1775,1885,1775,1,25,3,300
5571,3,514,0,0,85,44,2,0,0,0,1631,1533,1631,11,25,3,300
5572,2,514,0,0,1,27,0,0,1,0,2586,2436,2586,1,24,0,25
5573,3,514,0,0,50,41,0,0,0,0,1904,1873,1904,2,25,3,300
5574,3,514,0,0,67,47,7,0,0,0,2498,1464,2498,9,28,3,300
5575,2,514,0,0,61,34,0,3,0,0,2437,2615,2437,1,1,1,265
5576,3,514,0,1,56,42,1,0,0,0,1623,1938,1623,2,28,3,300
5577,5,514,1,0,138,86,1,1,0,0,1757,2049,1757,6,1,1,64
5578,2,515,0,0,32,27,2,0,1,0,1955,2051,1955,2,10,0,125
5579,1,515,0,0,6,5,0,1,2,0,1691,1498,1691,13,6,0,216
5580,3,515,0,0,118,121,0,1,0,0,2561,2037,2561,8,25,3,300
5581,3,515,1,0,61,34,1,0,0,0,2309,1497,2309,8,25,3,300
5582,1,515,1,0,14,0,0,0,0,0,2558,2397,2558,3,13,1,39
5583,2,515,2,0,37,33,0,0,0,0,1898,1791,1898,4,26,1,18
5584,3,515,0,0,101,92,0,2,0,0,2326,2418,2326,8,25,3,300
5585,3,515,0,0,66,41,0,0,0,0,1720,2450,1720,3,25,3,300
5586,3,515,0,1,79,80,1,0,0,0,2394,2286,2394,8,28,3,300
5587,3,515,0,1,84,90,1,0,0,0,1519,2252,1519,12,28,3,300
5588,2,515,1,1,68,25,1,0,0,0,1540,1570,1540,2,1,1,180
5589,2,516,2,0,60,8,0,0,0,0,2177,2627,2177,8,36,1,267
5590,1,516,0,0,32,18,0,0,1,0,1588,1668,1588,9,0,0,183
5591,2,516,0,0,16,17,1,4,2,0,2311,2642,2311,10,12,0,198
5592,1,516,2,0,14,5,0,0,0,0,2087,1465,1465,6,68,2,111
5593,3,516,0,0,175,127,1,0,0,0,2104,2065,2104,4,25,3,300
5594,3,516,0,0,73,25,3,0,4,0,1874,1692,1874,13,25,3,300
5595,1,516,0,0,5,7,0,0,1,0,2220,1490,2220,12,27,0,156
5596,2,516,0,0,40,14,1,0,3,0,1934,1496,1934,1,10,0,206
5597,3,516,0,0,49,37,2,3,2,0,1985,1524,1985,7,25,3,300
5598,3,516,0,0,78,66,0,1,0,0,1768,1803,1768,2,28,3,300
5599,5,516,0,0,83,28,2,0,1,0,2594,1550,2594,4,25,3,300
5600,1,517,0,0,5,3,1,0,1,0,1923,1466,1923,7,10,0,80
5601,3,517,0,0,79,39,1,0,0,0,1861,2277,1861,6,25,3,300
5602,1,517,2,0,29,18,0,0,0,0,2315,1467,2315,10,36,1,246
5603,2,517,0,0,29,11,3,1,0,0,1627,1468,1627,3,1,1,70
5604,3,517,0,0,89,57,2,1,0,0,1961,1911,1961,8,25,3,300
5605,1,517,1,0,20,3,0,0,0,0,1583,2629,1583,3,26,1,74
5606,3,517,1,0,103,53,1,0,0,0,1890,2506,1890,8,25,3,300
5607,1,517,1,0,13,4,0,0,0,0,2327,1681,2327,9,26,1,114
5608,3,517,0,0,64,37,0,1,0,0,2304,1469,2304,4,25,3,300
5609,1,517,0,0,2,1,0,0,2,0,2620,2187,2620,9,10,0,88
5610,2,517,1,0,19,17,0,0,0,0,2433,1773,2433,9,26,1,299
5611,5,517,0,0,124,42,6,0,1,0,1800,1622,1800,14,25,3,300
5612,1,518,0,0,10,4,0,0,0,0,1564,1495,1564,4,1,1,59
5613,1,518,1,0,2,2,0,0,0,0,1811,1676,1811,9,26,1,32
5614,1,518,0,0,11,2,0,0,0,0,2005,1664,2005,11,1,1,22
5615,3,518,0,0,73,14,13,0,2,0,2297,1596,2297,7,25,3,300
5616,1,518,1,0,29,11,0,0,1,0,1908,1490,1908,13,10,0,162
5617,3,518,0,0,126,37,2,0,0,0,1545,1470,1545,9,25,3,300
5618,3,518,0,1,44,62,5,0,0,0,2466,2591,2466,8,28,3,300
5619,3,518,0,0,69,53,0,0,0,0,1696,1567,1696,1,28,3,300
5620,1,518,0,0,45,4,2,0,2,0,2287,1690,2287,3,10,0,257
5621,5,518,0,0,113,70,4,0,0,0,1778,1687,1778,13,25,3,300
5622,2,519,0,0,58,17,0,2,0,1,2138,1471,2138,1,3,1,300
5623,3,519,0,0,72,44,2,0,0,0,2096,1638,2096,13,25,3,300
5624,1,519,1,0,16,4,0,0,0,0,1576,1667,1576,1,1,1,41
5625,3,519,0,0,21,22,3,0,1,0,2467,1691,2467,13,10,0,276
5626,2,519,1,0,74,37,1,0,0,0,2364,1472,1472,3,69,2,290
5627,3,519,0,0,74,34,0,2,0,0,2239,1473,2239,12,25,3,300
5628,3,519,0,0,85,23,2,3,2,0,2664,1976,2664,1,25,3,300
5629,1,519,0,0,2,1,0,0,1,0,2656,1934,2656,7,6,0,145
5630,3,519,0,0,82,81,2,0,0,0,2280,1474,2280,4,25,3,300
5631,3,519,0,0,107,46,1,2,0,0,1939,1582,1939,11,25,3,300
5632,3,519,2,0,127,128,1,0,0,0,2470,1694,2470,8,25,3,300
5633,5,519,0,0,69,31,14,1,0,0,2566,2668,2566,2,25,3,300
5634,3,520,0,0,59,28,0,2,0,0,2619,1551,2619,8,25,3,300
5635,3,520,0,0,31,26,2,0,1,0,1655,1842,1655,12,6,0,146
5636,1,520,1,0,15,6,0,0,0,0,2580,1873,2580,2,1,1,161
5637,3,520,0,0,55,38,0,3,1,3,1611,1559,1611,1,0,0,173
5638,3,520,0,1,103,106,3,0,1,0,2514,2039,2514,7,48,0,164
5639,1,520,1,0,18,2,0,0,0,0,1792,1701,1792,4,1,1,48
5640,3,520,1,0,41,34,0,3,0,0,2207,2254,2207,3,25,3,300
5641,3,520,0,1,63,72,0,0,1,0,1566,1616,1566,2,12,0,224
5642,3,520,1,0,76,55,1,0,0,0,1555,1965,1555,4,25,3,300
5643,5,520,0,0,153,155,1,4,4,0,2105,2345,2105,1,25,3,300
5644,3,521,1,1,74,62,2,0,1,0,2614,1539,2614,9,26,1,158
5645,3,521,0,0,120,45,2,0,0,0,2121,1532,2121,11,25,3,300
5646,3,521,0,0,52,66,0,2,0,0,1685,1802,1685,10,25,3,300
5647,3,521,0,0,24,18,3,0,0,0,2504,1796,2504,2,25,3,300
5648,3,521,0,0,66,50,1,1,0,0,1707,1475,1707,1,25,3,300
5649,1,521,0,0,2,6,1,0,1,0,1776,1476,1776,8,44,0,195
5650,3,521,0,0,40,46,0,0,0,0,2245,2120,2245,4,28,3,300
5651,2,521,1,0,33,41,0,0,0,0,2570,2278,2570,6,26,1,49
5652,1,521,0,0,6,3,1,0,1,0,2109,1477,2109,13,6,0,141
5653,3,521,0,0,82,71,0,1,0,0,2323,2129,2323,12,28,3,300
5654,5,521,1,0,194,83,1,0,0,0,2296,2060,2296,9,1,1,204
5655,5,521,0,0,137,102,3,0,0,0,2347,2443,2347,8,28,3,300
5656,5,521,0,0,94,66,5,0,0,0,2083,1779,2083,4,25,3,300
5657,2,522,0,0,29,6,3,0,1,0,1957,1780,1957,9,10,0,149
5658,1,522,0,0,2,5,0,1,3,0,1619,2035,1619,13,6,0,163
5659,3,522,0,0,44,20,3,0,0,1,2655,1478,2655,8,25,3,300
5660,1,522,0,0,18,23,0,0,0,0,2316,1670,2316,6,3,1,300
5661,1,522,0,0,22,10,1,0,0,0,2493,2195,2493,8,1,1,258
5662,2,522,0,0,43,1,2,0,1,0,2672,1507,2672,3,48,0,72
5663,3,522,0,0,98,67,4,1,0,0,1755,1994,1755,4,25,3,300
5664,3,522,0,0,57,48,5,0,1,0,1826,2026,1826,13,25,3,300
5665,3,522,0,0,48,26,2,1,1,0,1543,1961,1543,8,25,3,300
5666,3,522,0,0,67,55,1,1,2,2,2642,1584,2642,10,25,3,300
5667,5,522,0,0,105,84,1,0,0,0,2098,2394,2098,8,25,3,300
5668,3,523,0,0,73,44,3,0,0,0,2392,1607,2392,2,34,3,300
5669,3,523,0,0,91,33,1,0,0,0,2281,1479,2281,1,25,3,300
5670,1,523,0,0,12,3,1,0,1,0,2369,1852,2369,9,5,0,282
5671,3,523,0,1,11,26,8,2,1,0,1480,2612,1480,9,25,3,300
5672,1,523,0,0,18,14,0,1,1,0,2660,1481,2660,1,0,0,145
5673,3,523,0,0,53,31,2,0,1,0,2658,1482,2658,7,25,3,300
5674,1,523,1,0,19,4,0,0,0,0,2486,1500,2486,6,32,1,255
5675,3,523,0,0,41,32,2,1,0,0,1654,2295,1654,10,25,3,300
5676,1,523,0,0,3,2,0,0,1,1,2074,2163,2074,13,27,0,88
5677,3,523,0,0,78,68,1,0,0,0,2343,1845,2343,1,25,3,300
5678,1,523,0,0,2,0,0,1,1,0,2276,2550,2276,3,19,0,78
5679,1,523,2,0,35,18,0,0,4,0,2319,1546,2319,10,10,0,288
5680,3,524,0,0,131,55,1,0,0,0,2480,2574,2480,9,25,3,300
5681,3,524,0,0,29,30,4,1,2,0,1678,1672,1678,4,25,3,300
5682,3,524,0,0,103,56,0,1,0,0,1919,1605,1919,11,25,3,300
5683,2,524,0,0,43,12,0,0,0,0,2580,1483,2580,2,26,1,156
5684,3,524,0,0,79,20,0,6,0,1,2494,1650,2494,8,25,3,300
5685,1,524,1,0,10,3,0,0,0,0,2222,1834,2222,2,1,1,45
5686,1,524,0,1,20,30,0,0,0,1,2273,1721,1721,4,70,2,168
5687,3,524,1,1,30,21,2,0,2,0,1723,2589,1723,1,26,1,90
5688,1,524,0,0,40,0,1,0,1,0,2672,2151,2672,4,1,1,189
5689,3,524,1,0,45,29,0,0,0,0,1646,1484,1646,4,25,3,300
5690,1,524,0,0,2,11,0,1,1,0,2152,1506,2152,6,5,0,126
5691,3,524,0,0,33,40,5,0,1,0,1937,2053,1937,12,28,3,300
5692,1,524,0,0,4,11,1,0,1,0,1485,1697,1485,2,6,0,150
5693,3,524,0,0,54,46,2,0,0,0,1756,1486,1756,6,28,3,300
5694,5,524,1,0,69,41,2,0,0,0,2115,1750,2115,3,25,3,300
5695,3,525,0,0,66,36,1,2,1,1,2177,2601,2601,9,25,3,300
5696,3,525,0,0,103,76,5,0,0,0,2242,1542,2242,8,25,3,300
5697,3,525,0,0,21,49,1,2,0,1,1900,1837,1900,8,25,3,300
5698,3,525,3,0,79,39,1,1,0,0,1967,1487,1967,9,32,1,57
5699,3,525,1,0,115,54,3,1,0,0,2664,2530,2664,1,25,3,300
5700,2,525,2,0,64,61,0,1,0,0,2549,2557,2549,4,32,1,296
5701,1,525,0,0,20,26,0,1,1,0,1841,1871,1841,13,6,0,269
5702,3,525,0,0,88,35,4,0,0,0,1770,2180,1770,3,1,1,26
5703,3,526,0,0,36,44,2,2,0,1,1497,1505,1497,9,28,3,300
5704,3,526,1,0,54,23,3,0,3,0,2619,1527,2619,8,25,3,300
5705,3,526,0,1,87,41,1,0,4,1,1819,1576,1819,8,10,0,103
5706,1,526,1,0,28,21,0,0,0,0,1606,1848,1606,3,26,1,254
5707,3,526,0,0,104,37,0,1,0,0,2218,1810,2218,1,25,3,300
5708,3,526,2,0,79,40,0,0,0,0,2558,2665,2558,3,26,1,32
5709,3,526,1,0,85,71,2,0,0,0,1936,1612,1936,4,25,3,300
5710,1,526,1,0,36,9,0,0,0,0,2644,1746,2644,1,39,1,278
5711,3,526,0,0,43,6,1,0,0,0,2178,2123,2178,11,25,3,300
5712,1,526,0,0,13,12,0,1,1,0,1592,1627,1592,3,0,0,221
5713,3,526,0,0,29,33,5,4,0,0,1977,1579,1977,3,25,3,300
5714,2,526,1,0,35,2,1,1,0,2,2325,1722,2325,2,1,1,21
5715,3,527,0,0,114,114,5,0,0,0,2522,1684,2522,8,25,3,300
5716,1,527,2,0,37,17,0,0,0,0,1822,1825,1822,2,32,1,268
5717,3,527,0,0,46,32,1,0,0,0,1610,1839,1610,12,25,3,300
5718,3,527,0,0,49,43,4,0,0,0,1683,1840,1683,8,25,3,300
5719,1,527,0,0,4,1,1,0,2,0,2544,1674,2544,12,6,0,104
5720,3,527,0,0,41,14,3,2,0,2,2029,2656,2029,1,25,3,300
5721,3,527,0,0,50,27,2,0,0,0,2297,1488,2297,9,25,3,300
5722,2,527,0,0,57,10,1,3,0,0,1949,1923,1949,8,7,1,277
5723,2,527,1,0,42,24,0,0,0,0,2000,1528,2000,2,26,1,227
5724,1,527,0,0,18,10,0,0,0,0,2418,2327,2418,9,7,1,280
5725,5,527,1,0,115,105,0,1,0,0,1969,1489,1969,2,25,3,300
5726,2,528,1,1,66,26,0,1,0,0,1649,1771,1771,7,57,2,119
5727,3,528,1,0,118,77,2,0,1,0,1962,1529,1962,4,25,3,300
5728,1,528,1,0,15,7,0,0,0,0,1765,1662,1765,6,3,1,91
5729,3,528,1,0,83,57,2,0,0,0,2468,2208,2468,12,25,3,300
5730,1,528,3,1,15,30,0,0,0,0,2104,1693,2104,4,1,1,144
5731,2,528,0,0,24,22,2,2,0,0,1541,1908,1541,13,1,1,98
5732,1,528,0,0,13,9,0,0,1,0,1987,2138,1987,1,10,0,231
5733,1,528,1,0,21,14,0,0,0,0,1599,2102,1599,6,18,1,137
5734,5,528,0,0,135,166,2,0,0,0,1743,1958,1743,9,28,3,300
5735,2,529,0,1,22,49,1,0,1,0,1626,1490,1626,12,10,0,93
5736,1,529,0,0,9,2,0,0,1,0,2044,1595,2044,12,6,0,113
5737,2,529,0,0,34,16,2,0,2,0,2666,1564,2666,4,0,0,107
5738,1,529,0,0,18,14,0,0,1,0,1890,1491,1890,8,10,0,218
5739,3,529,1,0,54,53,0,0,0,0,1782,1712,1782,3,25,3,300
5740,3,529,0,0,85,71,0,0,0,0,1597,1627,1597,3,25,3,300
5741,3,529,0,0,104,89,5,1,0,0,1492,1912,1492,8,25,3,300
5742,3,529,0,0,88,68,1,0,0,0,2518,1789,2518,13,25,3,300
5743,3,529,0,0,62,26,4,0,0,0,2304,1807,2304,4,25,3,300
5744,3,529,1,0,44,9,0,0,0,0,2219,2049,2219,6,25,3,300
5745,3,530,1,0,42,31,5,2,0,3,1552,1493,1552,9,25,3,300
5746,3,530,0,0,82,85,0,1,0,0,2089,1896,2089,13,25,3,300
5747,1,530,0,0,1,1,0,1,1,0,1911,1548,1911,8,0,0,39
5748,1,530,0,0,4,5,0,1,2,0,2179,1557,2179,3,6,0,162
5749,3,530,0,0,88,23,1,0,1,0,2387,1494,2387,4,10,0,279
5750,2,530,1,0,33,19,0,0,0,0,1938,2277,1938,6,26,1,247
5751,5,530,0,0,92,99,3,0,0,0,1540,1768,1540,2,7,1,26
5752,3,531,1,0,131,93,0,1,1,0,1647,1560,1647,13,10,0,237
5753,3,531,0,0,63,36,0,5,2,0,1876,1495,1876,4,25,3,300
5754,2,531,2,0,66,56,1,1,1,0,2285,1496,2285,7,10,0,260
5755,2,531,0,0,55,7,4,0,2,0,1956,1573,1956,2,12,0,262
5756,1,531,0,1,2,5,0,0,0,1,1934,1657,1657,1,62,2,31
5757,3,531,0,0,53,34,3,1,3,0,1631,2005,1631,11,25,3,300
5758,3,531,1,0,79,56,2,0,0,0,1985,2509,1985,8,26,1,7
5759,3,531,0,0,61,19,4,1,0,0,2664,1666,2664,1,25,3,300
5760,3,531,0,2,40,89,2,0,1,0,1781,1599,1781,6,41,0,161
5761,3,531,0,0,60,97,4,3,0,0,1638,2009,1638,13,25,3,300
5762,1,531,0,0,16,1,0,0,0,0,1984,1611,1984,1,1,1,93
5763,5,531,0,0,128,131,1,0,0,0,1905,2252,1905,12,28,3,300
5764,2,532,1,0,36,30,0,0,0,0,1811,1578,1811,9,1,1,34
5765,3,532,0,0,123,81,0,1,0,0,1630,1497,1630,9,28,3,300
5766,1,532,1,0,4,1,0,0,0,0,1719,1784,1719,9,36,1,41
5767,1,532,0,0,15,0,0,0,1,0,1738,1659,1738,8,0,0,52
5768,3,532,0,0,76,12,1,2,0,0,1787,1598,1787,11,32,1,261
5769,1,532,0,0,2,6,0,1,1,0,2604,1498,2604,13,6,0,149
5770,3,532,0,0,12,13,0,7,7,0,1966,1499,1966,8,0,0,81
5771,3,532,0,0,68,50,0,0,0,0,1799,1545,1799,10,25,3,300
5772,3,532,0,0,74,57,0,3,0,0,2558,1592,2558,3,28,3,300
5773,1,532,0,0,9,3,0,0,5,0,2220,1609,2220,12,6,0,224
5774,1,532,0,2,26,7,0,2,0,0,2563,2609,2563,6,1,1,163
5775,1,532,1,0,4,0,0,0,0,0,2672,2629,2672,3,26,1,17
5776,3,532,0,0,113,150,0,0,0,0,1689,2515,2515,4,33,2,300
5777,5,532,0,0,78,34,3,1,0,0,1986,1550,1986,4,3,1,79
5778,3,533,0,0,16,19,4,0,0,1,1635,1500,1635,6,25,3,300
5779,1,533,0,0,10,0,5,0,1,0,1558,1501,1558,2,15,0,228
5780,3,533,0,0,38,17,4,1,1,0,1764,1818,1764,6,25,3,300
5781,1,533,1,0,9,4,0,0,0,0,2215,1829,2215,8,36,1,76
5782,3,533,1,0,72,25,1,0,0,0,2169,1502,2169,4,25,3,300
5783,3,533,0,0,67,54,1,3,0,1,1742,1673,1742,1,25,3,300
5784,3,533,0,0,69,35,0,1,0,0,1823,1759,1823,8,28,3,300
5785,3,533,0,0,68,69,2,0,0,0,2227,1631,2227,11,25,3,300
5786,2,533,2,1,39,22,0,0,1,0,2311,2091,2311,10,0,0,48
5787,2,533,1,0,41,21,0,0,0,0,2292,2564,2292,6,26,1,276
5788,2,533,1,0,55,12,0,0,0,0,2520,2567,2520,3,26,1,239
5789,1,534,1,0,13,2,0,0,0,0,1593,1503,1593,1,36,1,72
5790,3,534,0,0,109,46,0,0,0,0,1588,2046,1588,9,25,3,300
5791,3,534,0,0,80,26,0,1,0,0,2161,1842,2161,12,25,3,300
5792,3,534,0,0,68,30,1,0,4,0,2153,1617,2153,3,25,3,300
5793,3,534,0,1,44,46,0,0,3,0,2591,1924,1924,8,28,3,300
5794,3,534,1,0,88,84,0,0,0,0,1580,2081,1580,4,25,3,300
5795,2,534,0,0,85,13,1,0,0,0,2157,1504,2157,3,1,1,195
5796,2,534,0,0,32,11,2,0,0,0,2592,1661,2592,9,7,1,44
5797,3,534,0,0,37,27,0,3,2,0,1882,2077,1882,11,0,0,205
5798,3,534,0,0,78,48,0,0,0,0,1607,1554,1607,2,25,3,300
5799,5,534,0,0,154,69,5,0,0,0,1884,1931,1884,11,25,3,300
5800,3,535,0,0,46,47,5,4,0,0,2275,2059,2275,10,25,3,300
5801,3,535,0,0,20,10,3,1,0,0,2256,1849,2256,11,25,3,300
5802,3,535,1,0,65,34,0,0,0,0,2309,1775,2309,8,25,3,300
5803,3,535,0,0,23,29,0,5,4,1,1684,1505,1684,9,25,3,300
5804,2,535,1,0,29,28,1,0,0,0,2665,1597,2665,3,43,1,123
5805,1,535,2,0,13,1,0,0,0,0,1822,1955,1822,2,1,1,45
5806,1,535,1,0,17,2,0,0,0,0,1535,1563,1535,3,26,1,102
5807,3,535,0,0,13,17,5,0,5,1,2092,2619,2092,8,25,3,300
5808,1,535,0,0,16,3,1,0,0,0,2222,1686,2222,2,1,1,95
5809,1,535,1,0,26,14,0,0,0,0,2133,1534,2133,3,26,1,202
5810,3,535,0,0,94,89,1,0,0,0,2504,1623,2504,2,25,3,300
5811,3,535,2,0,32,11,0,3,1,0,2286,1776,2286,8,25,3,300
5812,2,535,1,0,38,14,0,1,0,0,2187,1648,2187,9,36,1,63
5813,1,536,0,0,18,3,0,0,0,0,2111,1640,2111,9,1,1,51
5814,2,536,0,0,34,12,1,1,0,0,1796,1506,1796,6,1,1,298
5815,3,536,0,0,47,20,1,5,0,0,2288,2340,2288,1,25,3,300
5816,3,536,0,0,10,5,4,0,0,0,2216,1507,2216,3,25,3,300
5817,3,536,0,0,57,22,3,0,0,0,2467,1677,2467,13,25,3,300
5818,3,536,1,0,37,52,0,5,0,0,2020,2556,2020,1,28,3,300
5819,3,536,0,0,73,64,0,0,0,0,1967,1549,1967,8,25,3,300
5820,3,536,0,0,94,64,0,2,0,0,1508,1695,1508,4,25,3,300
5821,1,536,2,0,17,7,0,0,0,0,2173,2316,2173,6,1,1,121
5822,1,536,1,0,28,19,2,0,0,0,2129,1874,2129,13,26,1,295
5823,5,536,2,0,127,62,3,0,0,0,2144,1827,2144,8,25,3,300
5824,1,537,0,0,4,1,0,1,2,0,2660,1509,2660,1,6,0,180
5825,1,537,0,0,49,30,0,0,0,0,2082,1619,2082,13,3,1,300
5826,3,537,1,0,56,59,0,0,0,0,1935,1699,1699,6,28,3,300
5827,1,537,0,0,13,9,0,0,1,0,1981,1646,1981,4,0,0,280
5828,3,537,0,0,123,136,2,0,0,0,1588,2480,1588,7,25,3,300
5829,1,537,1,0,27,13,0,0,0,0,2636,1510,2636,2,1,1,299
5830,1,537,2,0,21,11,0,0,0,0,2189,2463,2189,6,26,1,259
5831,2,537,0,0,22,23,1,0,1,0,2096,1511,2096,13,10,0,211
5832,1,537,1,0,7,0,0,0,0,0,1851,2630,1851,3,1,1,18
5833,2,537,0,0,45,16,0,0,0,0,2668,1570,2668,2,36,1,75
5834,3,537,1,0,69,53,0,0,0,0,2115,2132,2115,3,25,3,300
5835,2,537,0,0,26,29,2,0,1,0,1512,2329,1512,1,5,0,94
5836,3,538,1,0,48,33,0,0,0,0,2237,1744,2237,9,26,1,171
5837,1,538,2,0,22,10,0,0,0,0,2361,1513,2361,6,26,1,158
5838,2,538,0,0,20,1,2,0,1,0,1701,1514,1701,4,12,0,129
5839,3,538,0,0,106,48,0,0,0,0,2671,1515,2671,3,25,3,300
5840,1,538,1,0,17,6,0,0,0,0,2497,1569,2497,9,36,1,166
5841,1,538,1,0,29,8,0,0,0,0,2615,1625,2615,1,1,1,106
5842,3,538,0,0,42,85,2,2,1,0,2586,2664,2586,1,25,3,300
5843,1,538,0,0,11,2,2,0,0,0,2558,1702,2558,3,30,0,159
5844,2,538,1,0,46,17,1,0,0,0,1645,1566,1645,2,1,1,72
5845,3,538,0,0,46,27,7,0,1,0,2112,2466,2112,8,25,3,300
5846,4,538,2,0,60,53,0,0,0,0,1688,1516,1688,3,1,1,84
5847,1,539,0,0,26,17,2,0,1,0,1596,1556,1596,9,10,0,163
5848,3,539,0,0,74,45,0,0,0,0,2598,2379,2598,4,18,1,123
5849,3,539,0,0,32,36,7,0,1,0,2037,1517,2037,8,10,0,142
5850,1,539,0,0,6,18,2,0,1,0,1956,1863,1956,2,14,0,288
5851,3,539,2,0,38,26,1,0,0,0,1959,1518,1959,3,1,1,86
5852,3,539,0,0,74,36,0,2,0,0,2038,1519,2038,12,25,3,300
5853,1,539,1,0,8,2,0,0,0,0,2309,1585,2309,8,36,1,231
5854,3,539,0,0,120,49,2,0,1,0,2611,1711,2611,9,25,3,300
5855,3,539,0,0,34,68,0,0,0,0,1904,2580,1904,2,25,3,300
5856,3,539,0,1,46,40,4,0,2,0,1757,1700,1757,6,10,0,109
5857,3,540,0,0,59,58,1,1,0,0,2051,1573,2051,2,25,3,300
5858,3,540,0,0,176,124,3,0,0,0,2359,2151,2359,4,25,3,300
5859,3,540,0,0,49,76,7,1,0,0,1772,1520,1772,9,28,3,300
5860,3,540,0,0,29,29,4,0,2,0,1838,1609,1838,12,25,3,300
5861,3,540,0,0,57,67,0,2,0,2,1942,1655,1942,12,25,3,300
5862,2,540,1,0,94,51,1,0,0,0,2671,2207,2671,7,1,1,92
5863,3,540,0,0,26,33,2,0,3,0,1839,1698,1839,12,25,3,300
5864,1,540,1,0,5,2,0,0,0,0,2075,1994,2075,4,26,1,30
5865,5,540,0,0,92,98,6,1,0,0,1952,1521,1952,1,28,3,300
5866,3,541,0,1,125,99,1,1,0,0,1589,1717,1589,4,1,1,167
5867,3,541,0,0,64,32,2,0,1,0,2254,2160,2254,3,25,3,300
5868,3,541,0,0,168,100,0,1,2,0,1522,1944,1522,4,25,3,300
5869,3,541,0,0,50,83,0,0,0,0,2273,2104,2273,4,25,3,300
5870,2,541,0,0,39,15,1,0,0,0,1692,2074,1692,13,1,1,273
5871,2,541,2,0,43,18,0,0,0,0,2665,1765,2665,3,1,1,18
5872,1,541,0,0,16,17,2,0,2,0,2420,2311,2420,10,1,1,299
5873,2,541,0,0,29,10,4,0,0,0,2152,1756,2152,6,1,1,216
5874,3,541,0,0,69,60,0,1,0,0,1874,1778,1874,13,25,3,300
5875,3,541,0,0,128,64,0,1,0,2,1936,1555,1936,4,25,3,300
5876,5,541,0,0,62,36,5,1,0,0,2262,1841,2262,13,25,3,300
5877,1,541,0,0,5,6,0,0,1,0,2319,2315,2319,10,0,0,117
5878,2,542,1,0,33,55,1,0,1,0,1900,1562,1900,7,10,0,149
5879,1,542,1,0,9,0,0,0,0,0,2426,1852,2426,10,1,1,44
5880,3,542,1,0,72,41,7,0,1,0,1664,1523,1664,13,36,1,250
5881,1,542,0,0,11,9,1,1,1,0,1586,1539,1586,9,0,0,275
5882,2,542,0,0,51,47,5,1,1,1,1943,2522,1943,8,1,1,268
5883,3,542,1,0,94,42,2,0,0,0,2618,1808,2618,11,25,3,300
5884,3,542,0,0,70,23,1,4,0,1,1912,1524,1912,8,25,3,300
5885,3,542,0,0,126,114,2,0,1,0,1825,1872,1825,2,25,3,300
5886,2,542,0,0,40,15,1,0,1,0,1898,1792,1898,4,12,0,268
5887,1,542,0,0,1,1,1,0,1,0,2049,1861,2049,6,5,0,154
5888,3,543,0,0,123,80,0,0,0,0,1834,1616,1834,2,25,3,300
5889,1,543,1,0,31,16,0,0,0,0,2092,1966,2092,8,26,1,158
5890,2,543,0,0,59,43,3,2,0,0,1668,1525,1668,9,1,1,135
5891,1,543,0,0,1,0,1,0,0,0,2375,1526,2375,1,35,1,22
5892,3,543,0,0,51,29,3,1,3,0,2486,1615,2486,6,28,3,300
5893,1,543,1,0,38,22,0,0,0,0,1885,1576,1885,1,32,1,246
5894,2,543,0,0,68,36,0,0,0,0,2087,1938,2087,6,1,1,217
5895,5,543,1,0,164,122,0,2,1,0,2287,2276,2287,3,25,3,300
5896,3,544,0,0,57,48,0,0,2,0,2506,1527,2506,8,19,0,182
5897,1,544,0,0,52,20,1,0,0,0,2239,2444,2239,12,3,1,300
5898,3,544,0,0,106,84,7,0,0,0,1819,1985,1819,8,25,3,300
5899,1,544,1,0,21,15,0,0,0,0,2343,2546,2343,1,26,1,245
5900,2,544,2,0,46,21,1,1,0,1,2562,1949,2562,8,26,1,112
5901,2,544,1,0,59,10,0,0,0,0,2221,1528,2221,2,18,1,154
5902,1,544,0,0,15,2,0,2,0,0,2558,1568,2558,3,26,1,105
5903,3,544,0,0,82,63,0,1,0,0,2220,2544,2220,12,25,3,300
5904,3,544,0,0,41,19,3,0,3,0,2442,1916,2442,1,25,3,300
5905,5,544,0,0,137,132,2,4,0,0,2319,2420,2420,10,34,3,300
5906,3,545,0,0,31,28,5,0,0,0,1883,1529,1883,7,25,3,300
5907,1,545,0,0,6,21,0,2,1,0,2048,2601,2048,10,5,0,198
5908,3,545,1,0,120,40,0,1,0,0,1821,1868,1821,3,25,3,300
5909,3,545,0,0,27,9,1,0,1,1,1826,2467,1826,13,25,3,300
5910,3,545,0,0,20,45,12,0,0,0,1680,1600,1680,7,25,3,300
5911,3,545,0,0,92,49,0,2,0,0,1919,1631,1919,11,25,3,300
5912,3,545,0,0,50,31,0,1,0,0,1530,2359,1530,4,25,3,300
5913,2,545,0,0,51,50,1,0,0,0,2504,1645,2504,2,1,1,271
5914,1,545,1,0,30,9,0,2,0,0,2439,1648,2439,9,1,1,227
5915,3,545,0,0,44,55,2,0,1,0,2387,2075,2387,4,25,3,300
5916,3,545,0,0,44,46,0,0,0,0,2060,2418,2060,9,25,3,300
5917,5,545,0,0,171,85,0,0,0,0,2099,2396,2099,4,25,3,300
5918,3,546,1,0,95,64,1,1,0,1,1813,1531,1813,8,25,3,300
5919,3,546,0,0,56,44,0,0,0,0,1532,1533,1532,11,25,3,300
5920,3,546,0,0,53,44,4,1,0,0,1678,1594,1678,4,28,3,300
5921,3,546,0,0,77,86,0,0,0,0,1607,2004,1607,2,28,3,300
5922,3,546,0,0,88,58,0,1,1,0,2617,1709,2617,11,25,3,300
5923,1,546,2,0,30,22,0,0,0,0,2378,2157,2378,3,26,1,288
5924,1,546,1,0,12,3,0,0,0,0,1712,2665,1712,3,36,1,132
5925,1,546,1,0,21,11,0,0,0,0,1925,2056,1925,4,26,1,265
5926,3,546,0,0,39,28,2,1,0,0,1580,1791,1580,4,25,3,300
5927,5,546,0,0,445,133,0,0,0,0,2443,2098,2443,8,25,3,300
5928,2,547,0,0,53,17,1,0,0,0,2205,1926,2205,13,1,1,248
5929,2,547,0,0,25,7,5,0,1,0,2320,1751,2320,9,10,0,219
5930,3,547,0,0,108,117,3,1,0,0,2094,2482,2094,1,25,3,300
5931,3,547,0,0,29,31,4,0,0,0,1705,1578,1705,10,25,3,300
5932,3,547,0,0,29,25,1,0,0,1,1748,1534,1748,3,25,3,300
5933,3,547,0,0,50,28,0,0,0,0,2426,1676,2426,10,25,3,300
5934,2,547,0,0,17,6,7,0,1,0,2498,1604,2498,9,12,0,240
5935,2,547,0,0,25,1,2,0,1,3,1579,1535,1579,3,12,0,101
5936,3,547,0,0,48,39,1,1,0,0,2493,2403,2493,8,25,3,300
5937,3,547,0,0,85,58,0,0,0,0,2247,1811,2247,10,28,3,300
5938,3,547,0,0,86,46,4,0,1,0,2089,1638,2089,13,25,3,300
5939,2,547,1,0,24,24,0,0,0,0,1662,1536,1662,6,26,1,39
5940,1,547,1,0,17,2,1,0,0,0,1893,1755,1893,4,36,1,155
5941,5,547,0,0,24,12,4,1,0,1,2516,2304,2516,4,25,3,300
5942,3,548,0,0,68,59,2,1,0,0,2369,1802,2369,10,25,3,300
5943,3,548,0,0,82,46,2,1,0,2,2494,1537,2494,7,28,3,300
5944,3,548,0,0,102,49,0,0,0,0,2102,2186,2102,6,25,3,300
5945,3,548,0,0,38,21,1,3,1,0,2077,1653,2077,11,10,0,219
5946,3,548,0,0,54,34,0,1,0,0,2451,1538,2451,3,25,3,300
5947,3,548,0,0,50,16,10,0,0,0,2281,2204,2281,1,25,3,300
5948,2,548,1,0,15,7,0,1,0,0,2053,2109,2053,12,26,1,54
5949,3,548,0,0,79,48,0,0,0,0,1857,1606,1857,3,1,1,179
5950,3,548,0,0,148,77,1,1,0,0,1871,1687,1871,13,25,3,300
5951,1,548,1,0,17,8,0,0,0,0,2041,2345,2041,1,26,1,150
5952,2,548,1,0,48,29,1,0,0,0,2105,1581,2105,1,1,1,152
5953,1,549,1,0,5,2,0,0,0,0,2384,1578,2384,8,26,1,26
5954,3,549,0,0,55,8,4,0,0,0,1649,1539,1649,8,25,3,300
5955,3,549,0,0,41,23,2,3,0,1,2019,2619,2019,8,25,3,300
5956,3,549,0,0,36,37,7,0,1,1,1572,2026,1572,13,25,3,300
5957,3,549,0,0,57,38,4,1,0,0,2121,2617,2121,11,25,3,300
5958,2,549,0,0,34,11,1,0,1,0,1644,1576,1644,7,3,1,218
5959,2,549,0,0,29,16,4,0,2,0,1635,1599,1635,6,10,0,292
5960,3,549,0,0,62,54,5,0,0,0,2644,2159,2644,1,28,3,300
5961,3,549,0,0,74,49,0,2,0,0,2295,2310,2295,10,25,3,300
5962,3,549,0,0,49,58,3,0,1,0,1976,2436,1976,1,25,3,300
5963,1,549,1,0,2,2,0,0,0,0,2187,1743,2187,9,38,1,28
5964,2,549,1,0,54,10,0,0,0,0,2668,1540,2668,2,26,1,126
5965,3,550,2,0,70,42,2,2,1,0,2065,2377,2065,4,25,3,300
5966,3,550,1,0,69,59,1,1,0,1,2177,1630,2177,7,25,3,300
5967,1,550,0,0,4,5,0,1,5,0,2044,1626,2044,12,6,0,198
5968,3,550,0,0,129,69,1,0,0,0,2280,1574,2280,4,25,3,300
5969,2,550,0,0,32,9,0,4,2,0,2397,2608,2397,3,0,0,113
5970,3,550,0,0,41,32,0,5,4,1,2010,1627,2010,3,44,0,257
5971,3,550,0,0,45,19,6,0,1,0,2498,1911,2498,8,25,3,300
5972,3,550,0,0,38,27,6,1,0,2,2550,1583,2550,3,25,3,300
5973,3,550,0,0,38,40,0,3,1,0,2518,2517,2518,13,25,3,300
5974,3,550,2,0,83,45,0,0,0,0,2083,2594,2083,4,1,1,34
5975,2,551,0,0,51,13,3,0,0,0,2392,1732,2392,2,1,1,272
5976,1,551,1,0,9,11,0,0,0,0,2206,1587,2206,9,26,1,185
5977,2,551,0,0,49,16,4,0,1,0,2502,1541,2502,13,1,1,221
5978,1,551,1,0,15,9,0,0,0,0,2514,2561,2514,8,38,1,56
5979,1,551,1,0,42,17,0,1,0,0,2574,1681,2574,9,1,1,284
5980,3,551,0,0,82,39,2,1,0,0,2655,1683,2655,8,25,3,300
5981,2,551,0,0,37,20,1,0,1,0,2222,1904,2222,2,10,0,69
5982,3,551,0,0,31,57,4,0,0,0,1851,2153,1851,3,34,3,300
5983,1,551,0,0,34,5,0,0,0,0,1822,1722,1822,2,1,1,115
5984,3,551,1,0,45,15,4,0,3,2,1738,1696,1738,8,25,3,300
5985,3,551,0,0,47,7,0,3,0,0,2178,2227,2178,11,25,3,300
5986,2,551,1,0,7,28,0,0,0,0,2325,2566,2325,2,26,1,86
5987,3,552,0,2,57,66,0,0,0,0,2361,1796,2361,6,25,3,300
5988,3,552,0,0,77,15,8,0,0,1,1801,1542,1801,9,1,1,158
5989,3,552,0,0,49,64,3,0,0,0,1636,1647,1636,11,25,3,300
5990,3,552,0,0,53,50,0,0,0,0,2586,2615,2586,1,25,3,300
5991,3,552,0,0,48,16,1,1,1,0,1890,1657,1890,8,25,3,300
5992,3,552,0,0,94,65,0,1,0,0,1958,1543,1958,9,25,3,300
5993,3,552,0,0,30,52,3,0,0,1,1896,2604,2604,13,34,3,300
5994,3,552,0,0,43,47,3,1,0,0,2189,2317,2189,6,25,3,300
5995,5,552,0,0,102,42,2,0,0,0,2221,2000,2221,2,25,3,300
5996,2,553,1,0,23,21,0,0,0,0,1771,2371,1771,9,26,1,47
5997,1,553,1,0,45,0,0,0,0,0,2395,1544,2395,1,1,1,100
5998,1,553,2,0,29,1,0,0,0,0,2468,1610,2468,12,26,1,219
5999,3,553,0,0,37,21,1,0,1,0,2666,2169,2666,4,12,0,208
6000,2,553,1,0,82,146,0,0,0,0,2305,2569,2305,6,26,1,199
6001,3,553,0,0,25,13,4,0,0,0,2642,1545,2642,10,25,3,300
6002,1,553,1,0,13,6,0,1,0,2,2091,1633,2091,10,26,1,295
6003,3,553,0,0,58,46,5,0,0,0,1654,1546,1654,10,25,3,300
6004,3,553,0,0,59,67,3,0,0,0,2592,2326,2592,9,25,3,300
6005,3,553,0,0,89,74,2,0,0,0,1704,1588,1704,9,28,3,300
6006,3,553,0,0,36,49,0,0,0,0,2219,1700,2219,6,25,3,300
6007,3,553,0,0,15,10,3,0,2,0,2263,2437,2263,1,12,0,97
6008,4,553,0,1,97,86,1,7,0,0,2620,2296,2620,9,37,2,269
6009,1,553,0,0,18,2,0,0,2,0,1800,1547,1800,14,51,0,123
6010,5,553,0,0,107,78,3,0,0,0,2292,2520,2292,6,25,3,300
6011,1,554,1,0,3,4,0,0,0,0,1962,1701,1962,4,26,1,16
6012,3,554,0,0,24,31,2,0,2,0,1842,1682,1842,12,25,3,300
6013,3,554,0,0,45,55,4,0,0,0,2576,1691,2576,13,28,3,300
6014,3,554,0,0,99,52,0,0,0,0,2218,2616,2218,1,25,3,300
6015,2,554,0,0,8,3,2,0,1,0,1889,1548,1889,9,12,0,189
6016,3,554,2,0,106,74,0,1,0,0,2591,1745,2591,8,26,1,271
6017,3,554,0,0,77,34,1,2,0,0,2252,1839,2252,12,25,3,300
6018,1,554,1,0,43,15,3,0,0,0,2450,1592,1592,3,45,2,277
6019,3,554,0,0,55,61,2,0,1,0,1948,2310,1948,10,28,3,300
6020,2,554,1,1,48,29,0,0,0,0,2614,1967,2614,9,26,1,183
6021,1,554,1,0,1,1,0,0,0,0,2394,1819,2394,8,26,1,22
6022,1,554,1,0,16,5,0,0,0,0,2609,1727,2609,6,1,1,71
6023,2,554,0,0,19,8,0,0,0,0,2259,2280,2280,4,45,2,18
6024,2,555,3,0,37,17,1,0,0,1,2059,1820,2059,10,26,1,176
6025,1,555,2,0,15,14,0,0,0,0,2612,1639,2612,9,26,1,118
6026,3,555,0,0,27,32,1,1,1,2,1959,2486,1959,3,25,3,300
6027,3,555,0,0,46,30,1,1,0,0,2658,1707,2658,1,1,1,299
6028,3,555,0,0,51,30,1,2,0,0,2406,1582,2406,11,25,3,300
6029,1,555,1,0,14,2,0,0,0,0,2636,1708,2636,2,1,1,49
6030,3,555,2,0,41,23,0,0,0,0,2497,1596,2497,9,26,1,27
6031,3,555,0,0,15,31,4,0,2,0,2225,1753,2225,12,25,3,300
6032,1,555,1,0,17,14,0,0,0,0,2598,1975,2598,4,26,1,140
6033,5,555,0,0,43,36,6,1,1,0,1770,2558,1770,3,25,3,300
6034,3,556,1,0,141,108,0,0,0,0,2364,1844,2364,3,1,1,296
6035,3,556,0,0,69,46,2,1,0,0,1775,1829,1775,8,25,3,300
6036,3,556,0,0,56,58,0,0,0,0,2365,2316,2365,6,28,3,300
6037,3,556,0,0,60,43,1,0,0,0,1797,1944,1797,4,25,3,300
6038,1,556,0,0,3,0,1,0,1,0,2277,1637,2277,6,46,0,71
6039,1,556,1,0,6,5,0,0,0,0,2340,1611,2340,1,26,1,46
6040,3,556,0,0,71,27,3,2,0,1,2082,2467,2082,13,25,3,300
6041,3,556,2,0,86,25,0,1,0,0,2327,1549,2327,9,26,1,232
6042,1,556,0,0,25,18,0,0,1,0,2549,1550,2549,4,48,0,236
6043,2,556,2,0,36,12,1,0,0,0,1634,1969,1634,2,26,1,52
6044,2,557,0,0,13,13,2,0,1,0,1597,1589,1597,4,10,0,26
6045,3,557,0,0,28,17,8,0,0,0,1935,1764,1935,6,25,3,300
6046,3,557,0,0,36,33,0,4,1,2,1706,1551,1706,8,25,3,300
6047,3,557,0,0,36,45,6,0,0,1,1957,1552,1957,9,28,3,300
6048,1,557,1,0,10,2,0,0,0,0,1553,1554,1553,2,26,1,182
6049,3,557,0,0,124,112,0,0,0,0,1831,2508,1831,1,28,3,300
6050,2,557,1,0,39,10,2,0,0,0,2556,1746,2556,1,1,1,82
6051,3,557,0,0,19,11,1,0,0,0,1987,2656,1987,1,25,3,300
6052,3,557,0,0,129,61,0,2,0,0,2104,1555,2104,4,25,3,300
6053,1,557,0,0,12,4,1,0,1,0,2220,1703,2220,12,6,0,288
6054,2,557,1,0,61,29,0,0,1,0,2010,1699,2010,3,10,0,127
6055,3,557,1,0,21,47,2,0,0,1,2322,2067,2322,8,25,3,300
6056,5,557,0,0,24,37,11,0,1,0,2287,2558,2287,3,25,3,300
6057,2,558,2,0,39,18,4,0,0,1,1772,1556,1772,9,26,1,91
6058,3,558,0,0,67,41,1,1,0,0,2138,1632,2138,1,25,3,300
6059,1,558,0,0,8,6,0,1,1,0,2629,1557,2629,3,0,0,120
6060,3,558,0,0,31,40,1,3,0,0,1946,2553,1946,12,28,3,300
6061,3,558,0,0,32,12,2,4,0,0,1956,1558,1956,2,28,3,65
6062,3,558,0,0,90,80,0,4,0,0,1559,1810,1559,1,28,3,300
6063,3,558,0,1,66,55,3,0,1,0,2256,1560,2256,13,28,3,300
6064,3,558,0,0,27,21,8,0,2,0,2630,1994,2630,3,25,3,300
6065,3,558,0,0,105,88,0,0,0,0,1904,1790,1904,2,25,3,300
6066,5,558,0,0,150,62,4,1,0,0,2115,2550,2115,3,25,3,300
6067,2,559,0,0,24,19,0,3,0,1,2223,1886,2223,12,1,1,88
6068,3,559,2,0,189,116,0,3,0,0,1671,2201,1671,10,25,3,300
6069,3,559,0,0,96,42,0,3,1,0,1651,2139,1651,1,25,3,300
6070,1,559,1,0,7,3,0,0,0,0,1783,1744,1783,9,26,1,50
6071,3,559,1,0,26,19,1,1,1,0,2652,1665,2652,8,25,3,300
6072,1,559,0,0,9,6,2,0,1,0,2207,1690,2207,3,24,0,295
6073,3,559,0,0,49,33,1,3,0,1,1693,1561,1693,4,28,3,300
6074,1,559,1,0,16,7,0,0,1,0,2557,1646,2557,4,10,0,170
6075,1,559,0,0,26,18,0,3,0,0,2049,2173,2049,6,3,1,300
6076,1,559,0,0,0,1,0,0,0,0,1688,1977,1688,3,3,1,17
6077,2,559,0,0,32,10,7,0,1,0,2262,2129,2262,13,7,1,199
6078,1,559,1,0,5,7,0,0,0,0,2323,2261,2323,12,36,1,78
6079,2,559,1,0,21,31,2,0,0,0,2083,1779,2083,4,26,1,62
6080,3,560,0,1,78,118,2,2,0,0,1669,1562,1669,8,25,3,300
6081,3,560,0,0,73,70,1,0,0,0,1670,1563,1670,3,25,3,300
6082,3,560,0,0,84,49,4,0,0,0,2161,2444,2161,12,25,3,300
6083,3,560,0,0,25,34,0,1,0,0,2163,1677,2163,13,28,3,300
6084,3,560,0,1,82,61,2,1,1,0,1840,2522,1840,8,28,3,300
6085,1,560,0,0,29,18,5,0,0,0,2061,1609,2061,12,37,2,256
6086,3,560,0,0,71,48,5,1,1,0,2297,1961,2297,9,25,3,300
6087,3,560,0,0,84,37,0,0,0,0,2671,1720,2671,3,25,3,300
6088,3,560,0,0,71,84,9,1,0,0,2463,2361,2361,6,28,3,300
6089,1,560,1,0,12,4,0,0,0,0,2309,2562,2309,8,36,1,63
6090,2,560,1,0,77,63,1,1,0,1,2570,2564,2570,6,59,1,269
6091,1,561,0,0,5,1,0,0,1,0,1995,1564,1995,4,44,0,172
6092,3,561,0,0,71,58,2,1,2,0,2216,1821,2216,3,34,3,300
6093,3,561,0,0,56,45,0,4,1,0,1740,2215,1740,8,25,3,300
6094,3,561,0,0,66,28,2,0,1,0,1851,2254,1851,3,25,3,300
6095,2,561,0,0,45,31,4,0,0,0,1565,2159,1565,1,1,1,291
6096,3,561,0,0,14,5,3,0,0,0,1863,1566,1863,2,25,3,300
6097,3,561,0,0,55,35,2,1,0,0,2304,2396,2304,4,25,3,300
6098,1,561,0,0,35,17,0,0,0,0,2359,1689,2359,4,1,1,280
6099,5,561,0,0,125,88,0,1,0,0,2053,1905,2053,13,25,3,300
6100,2,562,0,0,22,33,3,0,1,0,1883,1624,1883,1,48,0,59
6101,3,562,0,0,99,81,3,0,0,0,1814,1567,1814,8,25,3,300
6102,2,562,0,0,36,33,0,4,0,0,2348,1664,2348,13,1,1,291
6103,2,562,0,0,45,23,3,0,3,0,2009,1692,2009,13,51,0,292
6104,1,562,1,0,26,4,0,0,0,0,1765,1868,1765,3,32,1,64
6105,3,562,0,0,80,32,1,3,0,0,2530,1650,2530,8,28,3,300
6106,1,562,0,0,7,11,2,1,1,0,2179,1568,2179,3,6,0,239
6107,3,562,1,0,98,80,0,0,0,0,2286,1694,2286,8,26,1,76
6108,3,562,0,0,127,89,0,1,0,1,1874,2089,1874,13,25,3,300
6109,3,562,0,0,65,72,0,1,0,0,2247,1633,1633,9,33,2,300
6110,3,562,0,0,23,15,3,0,1,1,2644,1916,2644,1,25,3,300
6111,2,562,2,0,24,30,1,0,0,1,2442,2041,2442,1,26,1,19
6112,3,563,0,1,56,30,2,0,0,1,1805,1766,1805,1,25,3,300
6113,1,563,0,0,9,11,0,0,1,0,1799,1761,1799,10,10,0,138
6114,3,563,0,0,53,17,0,2,1,0,1924,1899,1924,8,25,3,300
6115,1,563,1,0,6,0,0,0,0,0,2059,1569,2059,10,26,1,60
6116,3,563,0,0,37,21,3,1,1,0,2081,1695,2081,4,25,3,300
6117,2,563,0,0,60,33,1,0,2,0,1623,2212,1623,2,0,0,127
6118,3,563,0,0,55,40,3,0,0,1,2276,2180,2276,3,25,3,300
6119,3,563,0,0,53,76,8,0,1,0,2195,1912,2195,8,25,3,300
6120,3,563,0,0,68,47,1,0,0,0,2618,1622,2618,14,28,3,300
6121,3,563,0,0,121,74,0,0,0,0,1732,2004,1732,2,25,3,300
6122,2,563,0,0,27,5,3,0,0,0,1937,2038,1937,12,1,1,178
6123,5,563,0,0,176,63,2,3,0,0,2439,2433,2439,9,25,3,300
6124,3,564,0,0,20,21,4,2,0,0,2156,2375,2156,1,25,3,300
6125,3,564,0,0,40,42,0,2,2,0,2039,2619,2039,8,28,3,300
6126,2,564,1,0,84,17,1,0,0,0,2205,2543,2205,13,1,1,180
6127,2,564,0,0,10,46,0,2,0,0,1666,2482,2482,1,45,2,134
6128,3,564,0,0,28,20,0,5,3,0,1806,1776,1806,8,25,3,300
6129,3,564,1,0,62,39,2,0,0,0,2245,1723,2245,4,25,3,300
6130,3,564,0,0,10,45,2,0,0,0,1794,2580,1794,2,28,3,300
6131,2,564,0,0,29,11,2,0,0,0,1896,2074,1896,13,1,1,267
6132,3,564,0,0,71,37,3,0,0,0,2435,2157,2435,3,25,3,300
6133,3,564,0,0,121,104,0,0,0,0,2056,1898,2056,4,25,3,300
6134,3,564,0,0,14,9,5,3,0,0,2486,1612,2486,3,25,3,300
6135,1,564,0,0,4,23,1,0,0,0,2504,1570,2504,2,1,1,246
6136,1,564,1,0,16,3,0,0,0,0,2000,1768,2000,2,1,1,299
6137,3,565,0,0,94,130,0,0,0,0,1607,1834,1607,2,28,3,300
6138,3,565,0,0,39,34,0,1,0,0,2288,1593,2288,1,34,3,300
6139,3,565,0,0,49,31,1,3,2,2,1777,2506,1777,8,25,3,300
6140,1,565,1,0,4,0,0,0,0,0,2510,2204,2510,1,26,1,7
6141,3,565,0,0,124,132,0,1,0,0,1919,1636,1919,11,25,3,300
6142,3,565,0,0,42,39,9,0,2,0,2494,1823,2494,8,25,3,300
6143,3,565,0,0,80,123,1,0,0,0,2096,1871,2096,13,28,3,300
6144,3,565,0,0,44,33,0,2,0,0,2450,1592,2450,6,25,3,300
6145,3,565,0,0,89,73,5,1,0,0,1742,2437,1742,1,25,3,300
6146,1,565,0,0,23,1,0,0,3,0,2152,2087,2152,6,1,1,119
6147,3,565,0,0,45,21,0,1,0,0,2280,1571,2280,4,25,3,300
6148,5,565,0,0,77,76,4,0,0,0,2259,1715,2259,4,25,3,300
6149,3,565,1,0,47,24,2,1,2,0,2420,2319,2420,10,10,0,146
6150,5,565,0,0,96,58,0,4,0,0,2520,2287,2520,3,25,3,300
6151,3,566,0,0,71,41,1,2,2,0,2502,1572,2502,13,10,0,174
6152,1,566,2,0,10,1,0,0,0,0,1921,2155,1921,1,1,1,37
6153,3,566,0,0,79,64,1,0,0,1,1872,1573,1872,2,28,3,300
6154,3,566,0,0,91,64,0,0,0,0,2075,1962,2075,4,25,3,300
6155,2,566,0,0,36,23,0,0,1,0,2544,1838,2544,12,3,1,300
6156,3,566,0,0,71,102,1,0,0,0,1739,1818,1739,6,28,3,300
6157,2,566,1,0,27,23,0,0,0,0,1791,1574,1791,4,26,1,182
6158,1,566,0,0,19,1,0,0,0,0,2059,1848,2059,3,1,1,285
6159,1,566,1,0,13,10,0,0,0,0,2019,2514,2019,8,26,1,97
6160,3,566,0,0,105,83,2,1,3,0,2418,2614,2418,9,25,3,300
6161,3,566,0,0,71,59,0,1,0,1,2392,1722,2392,2,25,3,300
6162,5,566,0,0,92,80,3,0,3,0,1827,2394,1827,8,25,3,300
6163,3,567,0,0,121,103,2,2,0,2,1999,1575,1999,1,25,3,300
6164,3,567,0,0,51,44,2,2,2,2,1696,1576,1696,8,28,3,300
6165,3,567,0,0,48,40,1,1,1,0,2005,2123,2005,11,10,0,259
6166,2,567,1,0,59,34,0,1,0,0,2102,1662,2102,6,36,1,56
6167,2,567,1,0,21,15,0,0,0,1,2233,1893,2233,4,26,1,30
6168,2,567,0,0,21,6,1,0,1,0,1981,1577,1981,4,10,0,130
6169,3,567,0,0,31,10,0,2,0,0,2305,1635,2305,6,1,1,20
6170,2,567,0,0,26,7,5,0,1,0,2546,2589,2546,1,10,0,274
6171,3,567,0,0,53,54,1,0,0,0,1936,2273,1936,4,25,3,300
6172,2,567,0,0,34,15,1,0,0,0,2466,1949,1949,8,45,2,46
6173,3,567,0,2,77,69,0,0,0,0,1649,2611,1649,9,34,3,300
6174,2,567,1,0,33,9,0,1,0,0,2580,1938,2580,2,26,1,151
6175,5,567,0,0,135,115,0,0,0,0,2221,2668,2221,2,25,3,300
6176,1,568,0,0,10,11,0,0,1,0,1802,1578,1802,10,0,0,122
6177,3,568,1,0,84,48,0,2,0,0,2451,1579,2451,3,28,3,300
6178,3,568,0,0,98,100,0,2,0,0,1841,1687,1841,13,25,3,300
6179,2,568,1,0,25,10,2,0,0,0,2133,1959,2133,3,26,1,101
6180,1,568,0,0,18,10,0,0,0,0,2092,1628,2092,8,1,1,287
6181,3,568,0,0,92,76,3,0,2,1,2387,2515,2387,4,25,3,300
6182,3,568,1,0,93,63,1,0,0,0,2598,1580,2598,4,25,3,300
6183,3,568,1,0,230,70,0,0,0,0,2327,2404,2327,9,1,1,273
6184,1,568,1,0,37,24,0,0,0,0,1931,2178,1931,11,1,1,275
6185,1,568,1,0,11,6,0,0,0,0,2636,1645,2636,2,26,1,67
6186,3,568,0,0,29,19,3,0,0,0,2594,2099,2594,4,25,3,300
6187,1,568,0,0,36,27,1,0,0,1,2105,1581,2105,1,3,1,300
6188,2,569,0,0,60,49,0,0,0,0,1686,1955,1955,2,69,2,89
6189,3,569,0,0,46,28,2,2,0,0,1852,1705,1852,10,25,3,300
6190,3,569,0,0,50,33,6,0,0,0,1751,1711,1751,9,25,3,300
6191,1,569,1,0,7,3,0,0,0,0,2468,2225,2468,12,26,1,35
6192,1,569,0,0,45,23,0,0,0,0,2104,1990,2104,4,1,1,227
6193,3,569,1,1,100,57,3,0,1,1,1985,1885,1985,8,1,1,220
6194,3,569,0,0,49,67,3,0,1,0,2608,2160,2608,3,10,0,114
6195,1,569,0,0,1,0,1,0,1,0,2556,2663,2556,1,41,0,65
6196,3,569,0,0,65,25,3,0,0,0,2054,1582,2054,11,7,1,113
6197,4,569,0,0,61,13,3,1,1,1,2263,2586,2263,1,10,0,158
6198,3,570,1,0,117,92,0,2,0,0,2035,1833,2035,12,25,3,300
6199,1,570,0,0,22,1,1,0,0,0,1631,2063,1631,13,1,1,229
6200,2,570,0,0,42,31,0,0,0,0,1881,1630,1881,9,1,1,225
6201,1,570,0,0,11,13,1,1,2,0,1965,1617,1965,4,10,0,177
6202,2,570,0,0,39,24,1,0,0,0,2153,1583,2153,3,1,1,189
6203,3,570,0,0,94,66,0,0,0,0,2207,2378,2207,3,25,3,300
6204,2,570,1,0,64,69,0,0,0,0,2497,1719,2497,9,1,1,131
6205,3,570,0,0,36,47,1,1,0,0,2517,2082,2517,13,28,3,300
6206,2,570,0,0,20,19,1,2,0,3,2037,1738,2037,8,1,1,228
6207,3,570,0,1,51,74,2,4,0,0,1685,2592,1685,9,34,3,300
6208,5,570,0,0,110,128,2,0,0,1,1729,2187,1729,9,28,3,300
6209,2,571,1,0,46,22,0,2,0,0,2377,1795,2377,4,1,1,261
6210,3,571,0,1,78,37,0,0,1,0,1676,1584,1676,10,25,3,300
6211,3,571,0,0,88,91,0,0,0,0,1842,1839,1842,12,25,3,300
6212,3,571,0,0,41,48,1,0,0,0,1683,2522,2522,8,34,3,300
6213,3,571,0,0,100,72,0,5,0,1,1625,2616,1625,1,25,3,300
6214,3,571,1,0,35,50,8,0,1,0,1701,1876,1701,4,34,3,300
6215,2,571,1,0,44,25,0,1,0,0,2007,1620,2007,8,36,1,110
6216,1,571,1,0,14,7,1,0,0,0,1944,1672,1944,4,26,1,68
6217,1,571,1,0,11,5,1,0,0,0,1753,1682,1753,12,36,1,60
6218,5,571,0,0,186,107,4,0,0,0,2671,1688,2671,3,25,3,300
6219,2,572,0,0,14,7,2,0,3,0,1837,1585,1837,9,10,0,155
6220,2,572,0,0,70,43,1,0,0,0,2523,1926,2523,13,3,1,300
6221,3,572,1,0,80,32,0,0,0,0,2237,1586,2237,9,26,1,76
6222,1,572,1,0,19,18,0,0,0,0,2310,2384,2310,10,38,1,284
6223,1,572,0,0,12,8,1,1,1,0,1946,2191,1946,12,6,0,272
6224,3,572,0,0,93,41,1,0,0,0,2277,1781,2277,6,25,3,300
6225,3,572,0,0,76,55,1,3,0,0,2627,1587,2627,9,25,3,300
6226,3,572,0,0,104,143,0,0,0,0,2343,2664,2343,1,25,3,300
6227,3,572,0,0,116,78,0,1,0,0,2326,1588,2326,9,28,3,300
6228,3,572,0,0,144,96,1,2,0,0,2239,2252,2239,12,25,3,300
6229,1,572,0,0,7,4,0,1,1,2,2549,2516,2549,4,48,0,205
6230,3,572,0,0,114,75,0,0,0,0,2060,1958,2060,9,25,3,300
6231,3,572,0,0,98,16,0,0,0,0,2221,2325,2221,2,1,1,251
6232,1,573,0,0,1,1,2,0,1,0,2379,1589,2379,4,10,0,153
6233,3,573,1,0,105,55,0,0,0,0,2508,1934,2508,1,36,1,295
6234,1,573,1,0,14,15,0,0,0,0,1764,1637,1764,6,26,1,238
6235,1,573,1,0,52,35,0,0,0,0,2014,1590,2014,11,26,1,294
6236,3,573,0,0,28,3,3,0,2,0,1911,1591,1911,9,25,3,300
6237,3,573,1,0,73,77,0,0,0,0,1813,1706,1813,8,25,3,300
6238,2,573,0,0,22,17,3,1,2,0,2295,2311,2295,10,10,0,106
6239,3,573,0,0,71,56,0,4,0,0,2029,2138,2029,1,25,3,300
6240,3,573,0,0,36,12,2,1,4,0,1752,1771,1752,9,0,0,279
6241,3,573,0,0,149,117,1,0,0,0,1825,1790,1825,2,25,3,300
6242,3,573,0,0,98,72,0,0,0,0,1846,1976,1846,1,28,3,300
6243,5,573,1,0,81,89,0,0,0,0,2132,2550,2132,3,25,3,300
6244,3,574,0,0,79,66,2,0,0,0,1769,1774,1769,9,28,3,300
6245,1,574,0,0,1,10,0,0,2,1,2652,2242,2652,8,19,0,113
6246,3,574,0,0,93,70,1,0,0,0,2576,2078,2576,13,25,3,300
6247,1,574,0,0,37,18,0,2,0,0,2361,1592,2361,6,1,1,184
6248,3,574,0,0,69,68,2,0,0,0,1848,1699,1848,3,28,3,300
6249,1,574,1,0,1,1,0,0,0,0,1994,1712,1994,3,36,1,17
6250,2,574,0,0,32,40,3,0,1,0,2629,1857,2629,3,10,0,109
6251,3,574,0,0,46,31,4,0,1,0,2166,1642,2166,3,7,1,192
6252,3,574,0,0,120,56,0,3,0,0,2104,1804,2104,4,25,3,300
6253,3,574,1,0,100,66,2,6,0,0,2429,1902,2429,9,28,3,300
6254,2,574,0,0,46,45,1,2,1,0,1978,2124,1978,3,10,0,135
6255,3,574,2,0,60,33,0,0,2,0,2309,2286,2309,8,26,1,104
6256,3,575,0,0,118,85,0,2,0,0,2364,1748,2364,3,25,3,300
6257,3,575,0,1,103,85,2,0,1,0,2514,2591,2514,7,48,0,176
6258,3,575,0,0,92,19,2,0,1,0,1957,1735,1957,9,25,3,300
6259,3,575,0,0,127,122,2,0,0,0,2026,1789,2026,13,25,3,300
6260,1,575,1,0,47,25,0,1,0,0,2328,1593,2328,1,1,1,265
6261,2,575,1,0,38,23,0,0,0,0,2186,2316,2186,6,36,1,150
6262,3,575,0,0,90,86,0,1,0,0,2359,1594,2359,4,25,3,300
6263,1,575,1,0,16,0,0,0,0,0,2222,2392,2222,2,18,1,150
6264,3,575,0,0,41,26,3,0,1,0,1770,1750,1770,3,10,0,133
6265,1,576,0,0,10,5,0,2,1,0,1833,1595,1833,13,6,0,257
6266,3,576,0,0,44,36,3,0,1,0,1596,2046,2046,9,25,3,300
6267,1,576,1,0,24,6,0,0,0,0,1995,1597,1995,4,1,1,158
6268,3,576,0,0,120,41,3,0,0,0,2257,1598,2257,13,25,3,300
6269,3,576,4,0,25,8,4,1,1,3,2612,1820,2612,9,25,3,300
6270,3,576,1,0,86,41,6,0,0,0,2139,1658,2139,1,1,1,275
6271,3,576,0,0,48,50,1,1,0,0,1939,1919,1939,11,25,3,300
6272,3,576,0,0,116,49,3,0,0,0,1821,1599,1821,6,25,3,300
6273,3,576,1,0,41,21,1,0,0,0,2665,1600,2665,3,1,1,146
6274,2,576,1,1,31,36,1,1,0,0,1900,1772,1900,9,1,1,130
6275,1,576,1,0,22,1,0,0,0,0,2281,1883,2281,1,1,1,129
6276,3,576,2,0,87,36,0,0,0,0,2074,1788,2074,13,25,3,300
6277,3,576,1,0,64,23,8,1,0,0,2463,1861,2463,6,25,3,300
6278,1,576,2,0,17,8,0,0,1,0,2049,2609,2049,6,10,0,227
6279,2,577,0,0,12,12,6,0,1,0,1943,1775,1943,8,10,0,211
6280,1,577,1,0,3,1,0,0,0,0,1962,1601,1962,4,26,1,15
6281,3,577,0,0,14,28,4,0,0,1,1725,2430,1725,3,25,3,300
6282,1,577,0,0,25,6,1,0,1,0,2285,2395,2285,1,10,0,241
6283,3,577,1,0,55,18,5,0,0,0,1826,1638,1826,13,25,3,300
6284,2,577,2,0,38,23,0,0,0,0,1822,1754,1822,2,26,1,83
6285,3,577,0,0,73,27,3,0,0,0,2345,2218,2345,1,25,3,300
6286,2,577,0,1,69,29,4,0,0,0,2297,1648,2297,9,1,1,265
6287,1,577,0,0,48,27,0,0,0,0,2129,1778,2129,13,1,1,294
6288,3,577,0,0,32,18,3,0,0,0,2566,2000,2566,2,25,3,300
6289,3,577,0,0,131,150,0,0,0,0,1807,1602,1807,3,26,1,44
6290,4,577,0,0,98,11,3,0,0,0,2262,2096,2262,13,1,1,240
6291,5,577,0,0,214,88,0,2,0,3,2347,2144,2347,8,25,3,300
6292,2,578,0,0,23,31,1,1,2,0,1643,1603,1643,9,6,0,253
6293,2,578,0,0,29,22,2,0,0,2,1849,1737,1849,11,18,1,142
6294,1,578,1,0,10,5,0,0,0,0,2403,1604,2403,9,26,1,124
6295,2,578,1,0,55,29,1,0,0,0,2340,1644,2340,1,1,1,171
6296,3,578,0,0,125,62,0,0,0,0,2121,1605,2121,11,25,3,300
6297,2,578,0,0,52,40,3,0,0,0,2502,1692,2502,13,1,1,287
6298,3,578,0,0,51,38,1,4,0,0,2655,1987,2655,1,28,3,300
6299,1,578,1,0,20,6,0,0,0,0,2615,1843,2615,1,26,1,80
6300,3,578,0,0,41,41,1,5,0,0,1720,1727,1720,3,28,3,300
6301,3,578,0,0,64,65,1,1,0,0,2515,1646,2515,4,25,3,300
6302,1,578,0,0,3,9,0,1,0,3,2558,2254,2254,3,33,2,223
6303,5,578,0,0,44,48,0,0,0,0,1700,2563,1700,6,25,3,300
6304,2,579,0,2,34,7,3,0,0,0,2235,1702,2235,1,1,1,111
6305,1,579,0,0,11,3,5,0,1,0,2553,1741,2553,12,6,0,254
6306,3,579,0,0,41,34,6,2,2,0,1966,1696,1966,8,25,3,300
6307,2,579,0,0,56,13,5,0,0,0,1956,1732,1956,2,1,1,283
6308,3,579,0,0,96,41,0,1,0,0,2177,1669,2177,9,28,3,300
6309,3,579,1,0,93,62,0,0,1,0,1908,1647,1908,13,10,0,53
6310,3,579,0,0,64,70,1,1,0,0,1948,2642,1948,10,25,3,300
6311,3,579,0,0,115,81,0,0,0,0,2557,1944,2557,4,25,3,300
6312,5,579,0,0,144,49,0,1,1,1,2053,2220,2053,12,25,3,300
6313,3,580,0,0,36,62,5,0,1,0,2223,2034,2223,12,10,0,177
6314,1,580,1,0,22,7,0,0,0,0,1783,1726,1783,9,1,1,121
6315,3,580,0,0,53,23,0,2,0,0,2163,2553,2163,13,25,3,300
6316,3,580,0,0,34,40,1,2,0,1,1817,1678,1817,4,28,3,300
6317,3,580,0,0,70,33,0,7,0,0,2059,1606,2059,3,1,1,155
6318,3,580,0,0,71,42,1,0,2,0,2561,2215,2561,8,44,0,142
6319,3,580,0,0,91,48,2,0,0,0,2205,2604,2205,13,25,3,300
6320,2,580,1,0,32,14,1,1,0,0,2656,1767,2656,1,26,1,14
6321,3,580,0,0,83,73,0,0,0,0,1904,1607,1904,2,25,3,300
6322,5,580,0,0,65,33,1,0,0,0,2618,1656,2618,14,25,3,300
6323,3,581,0,0,92,63,0,0,0,0,1967,1608,1967,9,25,3,300
6324,3,581,0,0,65,11,0,3,0,2,1609,1610,1609,12,25,3,300
6325,2,581,1,0,47,20,0,0,0,0,1671,1865,1671,10,1,1,46
6326,1,581,1,0,24,11,0,0,0,0,2589,1611,2589,1,1,1,167
6327,3,581,0,0,47,25,2,1,0,0,1868,1612,1868,3,25,3,300
6328,3,581,0,0,62,66,5,0,0,0,2543,1798,2543,12,25,3,300
6329,3,581,0,0,87,90,8,0,0,0,2482,2234,2482,1,25,3,300
6330,2,581,0,0,68,56,2,0,0,0,2435,2216,2435,3,26,1,193
6331,1,581,0,0,11,7,0,0,0,0,1739,1662,1739,6,1,1,78
6332,3,581,0,0,36,31,1,1,0,0,1723,1693,1723,4,28,3,300
6333,2,581,0,1,46,33,0,0,1,0,1890,2019,1890,8,10,0,211
6334,3,581,0,0,18,30,5,0,0,0,1787,2617,1787,11,25,3,300
6335,3,581,0,0,24,28,3,0,0,1,2658,1921,1921,1,34,3,300
6336,5,581,0,0,190,163,1,1,0,0,2287,2567,2287,6,25,3,300
6337,3,582,0,0,18,25,4,0,1,2,2275,2230,2275,10,28,3,300
6338,3,582,0,0,72,25,4,0,6,0,2166,1613,2166,3,12,0,286
6339,2,582,1,0,4,4,0,5,0,0,2493,1776,2493,8,32,1,14
6340,1,582,1,0,32,35,0,0,0,0,2365,1614,2365,6,26,1,211
6341,3,582,0,0,149,67,0,2,0,0,2120,2344,2120,4,25,3,300
6342,3,582,0,1,71,42,1,1,1,0,1815,2654,1815,3,25,3,300
6343,3,582,0,0,77,68,2,0,0,0,1759,2195,1759,8,25,3,300
6344,3,582,0,1,88,50,1,1,1,0,2109,2544,2109,12,25,3,300
6345,3,582,1,0,66,48,1,0,0,0,2189,2278,2189,6,25,3,300
6346,1,582,0,0,25,0,1,0,3,0,2672,1925,2672,4,10,0,196
6347,3,582,0,0,75,58,0,0,0,0,2668,2504,2668,2,25,3,300
6348,1,582,0,0,2,4,1,0,2,0,2263,2345,2263,1,41,0,145
6349,5,582,1,0,149,169,0,1,1,0,2296,2187,2296,9,25,3,300
6350,2,582,0,0,23,28,2,0,2,0,1757,2292,1757,6,10,0,182
6351,3,583,0,0,79,93,1,0,0,0,2384,2031,2384,10,25,3,300
6352,3,583,0,0,75,46,0,0,0,0,2007,1652,2007,8,25,3,300
6353,3,583,0,0,153,77,0,0,0,0,2361,1615,2361,6,25,3,300
6354,2,583,1,0,38,30,0,0,0,0,2212,1616,2212,2,36,1,143
6355,1,583,1,0,18,22,0,0,0,0,2279,1617,2279,4,26,1,299
6356,2,583,0,0,42,22,0,1,4,0,2153,2180,2153,3,7,1,292
6357,1,583,1,0,21,48,0,0,0,0,2459,1851,2459,3,26,1,267
6358,1,583,1,0,28,10,0,0,0,0,2664,1618,2664,1,1,1,145
6359,2,583,1,0,11,3,0,2,0,0,2188,1670,2188,3,38,1,18
6360,3,583,1,0,116,103,0,1,0,0,2329,2041,2329,1,25,3,300
6361,3,583,0,0,193,164,0,0,0,0,1694,1985,1694,8,25,3,300
6362,3,583,1,0,88,94,0,3,1,0,2418,1743,2418,9,36,1,230
6363,5,583,0,0,86,83,2,5,0,0,2323,2261,2323,12,28,3,300
6364,5,583,2,0,123,107,1,0,0,0,2083,1986,2083,4,25,3,300
6365,1,584,1,0,16,6,0,0,0,0,1935,2305,1935,6,7,1,184
6366,1,584,0,0,6,3,0,0,1,0,1766,1845,1766,1,0,0,108
6367,3,584,0,0,89,34,0,2,0,0,1691,1619,1691,13,25,3,300
6368,1,584,1,0,50,8,0,0,0,0,2039,1620,2039,8,1,1,270
6369,2,584,0,0,84,47,0,1,0,0,2009,1778,2009,13,3,1,300
6370,1,584,0,0,44,11,0,0,0,0,2660,2586,2660,1,7,1,181
6371,2,584,1,0,30,13,0,0,0,0,2326,1881,2326,9,1,1,95
6372,3,584,1,0,49,31,0,0,0,5,2075,1898,2075,4,26,1,62
6373,3,584,0,0,56,17,4,1,0,0,1622,1621,1622,14,7,1,265
6374,1,584,0,0,14,2,0,0,0,0,1863,1623,1863,2,1,1,32
6375,5,584,0,0,230,159,3,1,1,0,2443,2040,2443,8,25,3,300
6376,3,585,1,0,60,53,2,0,1,0,2061,2444,2061,12,25,3,300
6377,3,585,0,0,17,35,4,2,0,0,1899,1624,1899,8,25,3,300
6378,3,585,0,0,60,65,5,1,0,0,2601,2201,2601,10,25,3,300
6379,3,585,0,0,23,15,5,1,1,0,2553,2161,2553,12,25,3,300
6380,3,585,0,0,35,47,7,3,0,0,2616,1875,2616,1,25,3,300
6381,3,585,0,0,16,17,5,1,3,0,2652,1814,2652,8,25,3,300
6382,3,585,0,0,100,98,0,0,0,0,2497,2614,2497,9,28,3,300
6383,3,585,0,1,27,43,3,0,1,0,1889,1903,1889,9,25,3,300
6384,1,585,2,0,30,27,0,0,2,0,1826,1871,1826,13,10,0,289
6385,3,585,0,0,18,29,5,1,0,0,2666,2516,2666,4,25,3,300
6386,5,585,0,0,113,122,0,1,0,0,2227,2054,2227,11,25,3,300
6387,1,586,1,0,27,23,0,0,0,0,2627,1668,2627,9,26,1,122
6388,3,586,0,0,43,38,1,1,1,0,2156,1625,2156,1,27,0,205
6389,3,586,1,0,55,44,1,0,0,0,1764,2277,1764,6,25,3,300
6390,3,586,0,0,134,80,0,0,0,0,1753,1626,1753,12,25,3,300
6391,3,586,0,0,108,118,0,4,0,0,1876,1713,1876,4,25,3,300
6392,1,586,2,0,53,31,0,0,0,0,2310,1802,2310,10,1,1,242
6393,1,586,0,0,30,13,1,0,0,1,2157,1627,2157,3,1,1,274
6394,3,586,1,0,90,65,0,0,0,0,2359,1965,2359,4,25,3,300
6395,2,586,1,0,61,43,0,0,0,1,2459,2207,2459,3,13,1,118
6396,2,586,0,1,18,41,2,0,1,0,1976,1707,1976,1,10,0,81
6397,1,586,1,0,4,6,0,0,0,0,2087,2173,2087,6,26,1,48
6398,3,586,0,0,66,59,0,1,0,0,2343,1742,2343,1,36,1,140
6399,5,586,2,0,86,149,0,1,1,0,2060,2439,2060,9,25,3,300
6400,1,587,0,0,32,20,1,0,1,0,2467,2348,2467,13,10,0,299
6401,2,587,0,0,82,31,0,0,0,0,1684,1719,1684,9,7,1,255
6402,3,587,0,0,40,26,0,1,7,0,1628,1738,1628,8,25,3,300
6403,3,587,0,0,46,21,7,0,1,0,2257,2082,2257,13,25,3,300
6404,1,587,0,0,8,3,2,0,2,0,2179,2450,2179,3,6,0,193
6405,1,587,1,0,19,20,0,0,0,0,2059,1765,2059,3,1,1,88
6406,2,587,1,0,34,21,0,0,0,0,2636,1768,2636,2,1,1,26
6407,3,587,0,1,103,74,1,0,0,0,1704,1958,1704,9,25,3,300
6408,3,587,1,0,60,70,0,1,0,0,2470,2394,2470,8,25,3,300
6409,1,587,1,0,39,11,0,0,0,0,2327,1685,2327,9,1,1,282
6410,1,587,2,0,23,9,0,0,0,0,2091,2433,2091,10,1,1,201
6411,3,587,0,0,85,91,0,1,0,0,2396,2056,2396,4,28,3,300
6412,2,587,0,0,79,46,1,1,1,0,2077,1800,2077,11,10,0,206
6413,3,587,0,1,73,58,0,0,3,0,2442,2105,2442,1,10,0,62
6414,2,588,0,0,9,13,1,1,3,1,2375,1629,2375,1,50,0,125
6415,3,588,0,0,25,10,6,0,0,0,2051,1872,2051,2,7,1,206
6416,2,588,0,0,45,26,0,1,1,0,1939,2406,1939,14,0,0,187
6417,3,588,0,0,137,56,0,1,0,0,2591,1630,2591,8,25,3,300
6418,3,588,1,0,17,14,0,1,0,0,2523,1631,2523,13,36,1,45
6419,1,588,1,0,5,5,0,0,0,1,2004,1708,2004,2,36,1,113
6420,3,588,0,0,11,12,1,4,3,1,2629,2160,2629,3,10,0,178
6421,1,588,1,0,18,2,0,0,0,0,2562,2037,2562,8,1,1,132
6422,2,588,0,0,25,36,4,0,0,0,2556,2159,2556,1,32,1,206
6423,2,588,1,0,18,7,2,0,0,0,2498,1773,2498,9,26,1,134
6424,3,588,1,0,50,48,0,1,0,0,2468,2252,2468,12,28,3,300
6425,3,588,0,0,58,19,7,0,1,0,2280,2099,2280,4,25,3,300
6426,1,588,1,0,14,10,0,0,0,0,2325,1822,2325,2,1,1,216
6427,3,589,0,0,58,46,6,0,3,1,1840,1696,1840,1,25,3,300
6428,3,589,1,0,38,60,6,0,0,0,1911,1657,1911,8,25,3,300
6429,3,589,1,0,54,32,5,1,1,1,2081,2379,2081,4,25,3,300
6430,3,589,0,0,50,51,2,0,0,0,1868,1785,1868,3,25,3,300
6431,3,589,0,0,59,40,2,2,0,0,1912,2303,1912,8,25,3,300
6432,1,589,1,0,16,11,0,2,0,0,2250,1632,2250,1,26,1,227
6433,3,589,0,0,72,52,1,0,0,0,1874,1841,1874,13,25,3,300
6434,3,589,0,0,40,28,0,8,3,0,2311,1633,2311,10,28,3,300
6435,1,589,0,0,20,10,1,0,1,0,1834,1790,1834,2,10,0,146
6436,5,589,1,0,144,128,2,0,1,0,2098,2309,2098,8,25,3,300
6437,3,590,0,0,50,44,2,1,0,0,2588,1655,2588,13,25,3,300
6438,1,590,0,1,4,10,0,0,2,0,2078,1741,2078,12,6,0,145
6439,1,590,4,0,60,10,0,0,0,0,2204,1812,2204,1,1,1,195
6440,3,590,0,0,46,35,11,0,0,4,1772,2190,1772,9,25,3,300
6441,1,590,1,0,43,25,0,0,0,0,2646,1856,2646,4,26,1,179
6442,3,590,0,0,181,134,0,1,0,0,2033,2611,2033,9,25,3,300
6443,1,590,1,0,26,8,0,1,0,1,2260,1959,2260,4,1,1,246
6444,1,590,0,0,7,1,0,0,1,0,2111,1961,2111,9,0,0,47
6445,3,590,0,0,107,45,1,0,0,0,2387,1835,2387,4,25,3,300
6446,5,590,3,0,86,105,2,1,0,0,2319,2420,2319,10,25,3,300
6447,5,590,0,0,43,63,4,1,0,3,1634,2221,1634,2,25,3,300
6448,1,591,0,0,3,4,1,1,1,0,1852,1864,1852,10,3,1,82
6449,2,591,1,0,8,8,0,4,0,0,2377,1701,2377,4,1,1,135
6450,1,591,0,0,30,0,2,0,0,0,2367,1635,2367,6,1,1,177
6451,3,591,0,0,85,56,1,0,0,3,1636,2123,1636,11,25,3,300
6452,1,591,1,0,11,2,0,0,0,0,2386,2364,2386,3,1,1,16
6453,3,591,0,0,141,70,0,1,0,0,1823,1740,1823,8,25,3,300
6454,3,591,1,0,58,34,0,0,1,0,2574,2237,2574,9,12,0,98
6455,3,591,0,0,155,148,3,0,0,2,2514,1777,2514,8,28,3,300
6456,3,591,0,0,112,57,1,2,0,1,1978,2525,1978,3,25,3,300
6457,2,591,1,0,36,24,0,0,1,0,2207,1699,2207,6,10,0,130
6458,1,591,1,0,13,10,1,0,0,0,1981,1995,1981,4,36,1,250
6459,3,591,0,0,29,45,11,0,1,0,1725,2378,1725,3,28,3,300
6460,5,591,0,0,153,137,0,0,0,0,2671,2276,2671,3,28,3,300
6461,3,592,0,0,69,21,0,3,0,0,1796,1764,1796,2,25,3,300
6462,1,592,0,0,15,1,1,0,1,0,2233,1830,1830,4,10,0,278
6463,2,592,3,1,37,32,0,1,2,0,2403,1751,2403,9,10,0,204
6464,3,592,0,0,80,52,6,0,0,0,2630,1879,2630,3,25,3,300
6465,3,592,3,2,46,39,6,0,0,1,1801,1769,1801,9,25,3,300
6466,3,592,0,0,66,13,2,0,0,0,2569,1637,1637,6,25,3,300
6467,3,592,0,0,80,55,3,0,2,0,2592,1745,2592,9,51,0,108
6468,3,592,0,0,229,120,0,2,0,0,2502,1638,2502,13,28,3,300
6469,3,592,0,0,64,70,0,0,0,0,1904,1732,1904,2,28,3,300
6470,3,592,0,0,188,76,0,0,0,0,2664,2218,2664,1,25,3,300
6471,2,592,0,0,33,37,2,0,1,0,2546,2615,2546,1,10,0,83
6472,2,592,0,1,55,43,1,3,0,1,2132,1770,2132,3,7,1,269
6473,2,592,1,0,24,27,0,2,0,0,2636,2325,2636,2,18,1,100
6474,5,592,1,0,79,59,0,4,0,0,2520,2115,2520,3,25,3,300
6475,3,593,0,0,72,42,4,2,0,0,2371,1749,2371,9,25,3,300
6476,3,593,0,0,18,26,6,2,2,3,1943,2126,1943,8,25,3,300
6477,3,593,2,0,67,64,0,4,2,0,1953,1639,1953,9,26,1,213
6478,3,593,0,0,88,87,1,0,0,0,1682,2035,1682,12,25,3,300
6479,2,593,1,0,14,8,1,0,0,0,1641,1640,1641,8,32,1,121
6480,1,593,0,0,5,2,2,1,1,0,1849,1787,1849,11,6,0,224
6481,1,593,1,0,36,46,0,0,0,0,2234,1885,2234,8,1,1,264
6482,3,593,0,0,51,46,5,3,0,0,2665,1994,2665,3,28,3,300
6483,2,593,1,0,48,21,0,0,0,0,2656,2086,2656,1,26,1,118
6484,3,593,0,0,43,55,2,0,0,0,1825,1686,1825,2,25,3,300
6485,1,593,0,0,6,5,3,0,2,0,2254,1868,2254,7,48,0,299
6486,1,593,1,0,6,12,0,0,0,0,2087,2563,2087,6,26,1,175
6487,3,594,0,0,84,79,2,1,0,0,2062,1932,2062,10,28,3,300
6488,1,594,0,0,0,0,1,0,3,0,2379,1642,2379,4,10,0,122
6489,3,594,0,1,74,52,0,0,0,0,1967,1643,1967,8,25,3,300
6490,1,594,0,0,3,1,0,0,1,0,2510,2288,2510,1,10,0,131
6491,3,594,2,0,98,52,0,3,0,0,2014,1733,2014,14,25,3,300
6492,3,594,0,0,126,48,0,1,2,0,2508,2139,2508,1,0,0,100
6493,3,594,0,0,127,61,0,2,0,2,2011,2435,2011,3,28,3,300
6494,2,594,0,0,36,7,2,0,0,0,2281,2660,2281,1,1,1,117
6495,3,594,0,0,102,170,1,0,0,0,2348,1789,2348,13,25,3,300
6496,2,594,0,0,15,30,0,1,2,1,1848,1727,1848,3,6,0,89
6497,1,594,0,0,14,9,1,0,0,0,2263,2664,2263,7,1,1,203
6498,3,595,0,0,89,69,1,1,0,0,2361,2365,2361,6,25,3,300
6499,3,595,0,0,60,53,0,0,0,0,2215,1644,2215,1,28,3,300
6500,3,595,1,0,79,90,3,2,0,1,2642,2275,2642,10,25,3,300
6501,1,595,0,0,18,1,1,0,1,0,2320,1911,2320,8,10,0,195
6502,2,595,0,0,28,16,2,0,3,0,1870,1908,1870,13,12,0,207
6503,3,595,0,0,64,95,1,0,0,0,1739,2305,1739,6,28,3,300
6504,3,595,0,0,72,56,0,2,0,0,2053,2038,2053,12,28,3,300
6505,2,595,1,0,52,35,1,1,0,0,2285,2340,2285,1,26,1,46
6506,1,595,0,0,14,7,3,0,0,0,2392,1645,2392,2,1,1,136
6507,2,595,1,0,50,21,0,2,0,1,2558,1646,2558,4,7,1,38
6508,3,595,1,0,34,16,4,0,0,0,2112,2286,2112,8,25,3,300
6509,5,595,1,0,149,88,5,0,0,0,1952,2546,1952,7,25,3,300
6510,5,595,0,0,94,67,6,0,1,0,1986,1779,1986,4,25,3,300
6511,3,596,1,0,28,43,1,0,0,0,2568,1821,2568,6,32,1,44
6512,1,596,0,0,28,11,0,0,0,0,1774,2404,1774,9,1,1,127
6513,1,596,0,0,4,29,1,1,1,0,2430,1748,2430,3,0,0,221
6514,2,596,0,0,19,15,4,0,1,0,2082,1647,2082,13,10,0,135
6515,2,596,0,0,32,22,2,0,1,0,1966,1806,1966,8,12,0,282
6516,3,596,0,0,89,62,0,0,0,0,2355,1771,2355,9,25,3,300
6517,3,596,0,0,60,52,0,1,0,0,2576,2467,2576,13,25,3,300
6518,3,596,0,0,40,34,1,4,0,2,1962,1836,1962,4,25,3,300
6519,3,596,0,0,108,59,0,2,0,0,2188,2059,2188,3,25,3,300
6520,1,596,1,1,17,36,0,2,0,0,2437,2510,2437,1,1,1,197
6521,2,596,2,0,26,17,0,0,0,0,2186,1690,2186,6,26,1,25
6522,3,596,0,0,64,66,1,1,0,0,2067,1890,2067,8,25,3,300
6523,1,596,1,0,14,9,0,0,0,0,2326,1648,2326,9,26,1,126
6524,5,596,0,1,78,60,1,0,0,0,2189,1700,2189,6,25,3,300
6525,1,597,1,0,2,1,0,1,1,0,1914,2601,1914,10,0,0,58
6526,3,597,0,0,76,60,0,3,0,0,2063,1942,2063,12,28,3,300
6527,3,597,2,0,70,72,3,2,0,1,1957,1649,1957,9,25,3,300
6528,1,597,0,0,2,19,1,1,1,0,2152,2317,2152,6,5,0,237
6529,1,597,1,0,21,17,0,0,0,0,2143,1754,2143,2,1,1,243
6530,1,597,0,0,0,0,0,1,1,0,1776,1650,1776,8,44,0,57
6531,2,597,1,1,20,22,1,0,0,0,2092,2589,2092,1,26,1,67
6532,3,597,1,0,85,64,2,0,0,0,2026,2163,2026,13,59,1,112
6533,3,597,0,0,44,9,3,0,1,0,2027,1792,2027,4,25,3,300
6534,1,597,0,0,3,7,1,0,1,0,2328,1651,2328,1,10,0,229
6535,1,597,0,0,49,14,0,0,0,0,2322,2345,2322,8,1,1,153
6536,1,597,0,0,29,13,2,0,1,0,2222,2668,2222,2,53,0,225
6537,3,598,0,0,84,66,2,1,0,0,1706,1652,1706,8,25,3,300
6538,3,598,1,0,36,39,0,0,0,0,1948,1799,1948,10,25,3,300
6539,3,598,0,0,83,37,2,1,0,0,2205,1841,2205,13,25,3,300
6540,2,598,0,0,42,31,2,0,1,0,1858,1915,1858,3,10,0,118
6541,2,598,1,0,41,30,0,1,0,0,2177,1783,2177,9,39,1,154
6542,3,598,0,0,24,26,4,1,0,0,1653,2121,1653,11,25,3,300
6543,3,598,0,0,17,12,11,0,0,0,1845,2250,1845,1,25,3,300
6544,3,598,0,1,54,67,1,0,0,0,2304,2598,2304,4,28,3,300
6545,3,598,0,0,51,27,0,2,0,2,2091,1654,2091,10,25,3,300
6546,3,598,0,0,111,81,0,5,0,0,1876,1791,1876,4,28,3,300
6547,1,598,0,0,16,34,2,0,1,0,2518,1871,2518,13,10,0,237
6548,2,598,1,0,30,13,0,0,0,0,2566,1822,2566,2,26,1,17
6549,3,599,0,0,127,49,0,0,0,0,1881,2183,1881,9,25,3,300
6550,3,599,0,0,50,31,3,2,0,0,2445,1655,2445,12,25,3,300
6551,1,599,0,0,8,15,0,0,1,0,1722,1732,1722,2,15,0,219
6552,1,599,1,0,28,13,0,1,0,0,2593,1965,2593,4,26,1,221
6553,3,599,0,0,114,65,0,2,0,0,1939,1656,1939,11,25,3,300
6554,3,599,0,0,48,31,8,1,3,1,2397,1907,2397,3,25,3,300
6555,3,599,0,0,74,40,0,1,0,0,2279,1713,2279,4,25,3,300
6556,3,599,0,0,39,68,3,1,0,0,1846,2029,1846,1,25,3,300
6557,3,599,0,0,50,76,0,0,3,0,2220,2239,2220,12,28,3,300
6558,3,599,1,0,108,119,2,0,0,0,2672,2594,2672,4,25,3,300
6559,5,599,0,0,62,63,2,0,0,0,2620,2296,2620,9,28,3,300
6560,4,599,1,0,138,48,4,0,0,0,2347,1827,2347,8,1,1,45
6561,1,600,1,0,9,2,0,0,0,0,2046,1657,2046,9,1,1,47
6562,3,600,0,0,76,89,2,0,0,0,2444,2034,2444,12,34,3,300
6563,3,600,0,0,69,41,0,1,0,2,2375,1991,2375,1,28,3,300
6564,3,600,1,0,56,23,0,0,0,0,2106,2212,2106,2,25,3,98
6565,2,600,0,0,35,25,3,0,1,0,2616,1721,2616,1,10,0,290
6566,2,600,2,0,76,18,2,0,0,0,2128,1658,2128,1,1,1,33
6567,3,600,0,1,78,39,1,0,0,0,1919,1763,1919,11,25,3,300
6568,3,600,1,0,34,21,2,1,0,2,1861,1764,1861,2,1,1,201
6569,3,600,0,0,141,88,0,0,0,0,1755,2079,1755,4,25,3,300
6570,3,600,0,0,36,15,6,1,0,0,2652,1659,2652,8,25,3,300
6571,3,600,0,0,87,62,0,1,2,0,2604,1709,2604,11,25,3,300
6572,1,600,1,0,32,24,0,0,0,0,1835,1898,1835,4,1,1,279
6573,3,600,0,0,31,12,1,1,0,0,2441,1728,2441,3,25,3,236
6574,5,600,0,0,60,84,5,0,0,0,2280,2549,2280,4,25,3,300
6575,1,601,0,1,18,36,0,0,0,0,1724,1660,1724,4,37,2,232
6576,3,601,0,0,64,74,4,0,0,0,1873,2102,1873,6,25,3,300
6577,3,601,0,0,75,27,4,0,5,0,1990,2047,1990,4,25,3,300
6578,1,601,1,0,37,6,1,0,0,0,2201,1661,2201,9,1,1,168
6579,1,601,1,0,22,4,0,0,0,0,1869,1662,1869,6,1,1,295
6580,2,601,2,1,49,42,1,1,0,0,1663,1693,1663,4,1,1,255
6581,1,601,0,0,13,12,0,2,1,0,2364,1765,2364,7,0,0,156
6582,1,601,0,0,4,8,0,1,1,0,2591,2530,2591,8,0,0,152
6583,3,601,0,0,50,14,1,1,0,0,2517,1896,2517,13,25,3,300
6584,1,601,0,0,1,3,0,0,2,0,2156,1976,2156,1,27,0,181
6585,1,601,0,0,3,7,0,0,1,0,2129,2468,2129,12,12,0,193
6586,2,602,0,0,49,48,0,1,0,0,1737,1664,1737,13,1,1,191
6587,3,602,0,0,92,104,9,3,0,0,1875,1843,1875,1,25,3,300
6588,2,602,0,1,48,41,0,2,0,1,2065,1853,2065,4,1,1,242
6589,1,602,0,0,5,4,0,1,1,0,1705,1865,1705,10,27,0,78
6590,1,602,0,0,8,0,3,0,1,0,1956,1790,1956,2,2,0,131
6591,3,602,0,0,65,37,4,1,0,0,1720,2629,1720,3,25,3,300
6592,3,602,0,0,75,66,5,0,1,0,2037,1665,2037,8,25,3,300
6593,3,602,0,0,54,77,7,0,2,0,2658,2655,2658,1,10,0,251
6594,1,602,1,0,14,6,0,0,0,0,2303,2466,2303,8,26,1,41
6595,3,602,0,0,91,93,0,2,0,0,1904,1834,1904,2,28,3,300
6596,5,602,3,0,159,271,0,1,0,0,2418,2439,2418,9,25,3,300
6597,3,603,0,0,57,37,2,0,0,0,1784,1859,1784,9,25,3,300
6598,3,603,0,0,46,9,8,0,2,0,2553,2223,2553,12,25,3,300
6599,3,603,0,0,71,81,0,2,0,1,2031,1892,2031,10,28,3,300
6600,3,603,0,0,36,30,2,3,1,1,2256,2523,2256,13,25,3,300
6601,1,603,1,0,17,19,0,0,0,0,1835,1716,1835,4,26,1,155
6602,3,603,0,0,62,68,0,1,0,0,1803,1863,1803,2,25,3,300
6603,1,603,0,1,14,12,0,0,1,0,2311,2247,2311,10,0,0,134
6604,3,603,0,0,32,38,6,0,0,0,2406,2618,2406,14,28,3,300
6605,3,603,0,0,80,36,0,0,1,0,1723,1817,1723,4,25,3,300
6606,3,603,0,1,93,75,0,0,0,0,2557,2075,2557,4,28,3,300
6607,3,603,0,0,62,54,0,0,0,0,1938,1756,1938,6,28,3,300
6608,2,603,1,0,27,20,1,0,0,0,2041,1916,2041,1,36,1,17
6609,5,603,0,0,30,37,2,1,0,0,1937,2323,1937,12,28,3,300
6610,1,603,1,1,30,21,0,0,2,0,2442,2329,2442,1,10,0,202
6611,1,604,0,0,1,4,0,0,1,0,2166,1725,2166,3,44,0,76
6612,3,604,1,0,57,9,1,2,3,1,2669,1734,2669,10,25,3,300
6613,3,604,0,0,14,21,3,1,0,0,2544,2252,2544,12,25,3,300
6614,2,604,1,0,30,22,1,0,0,0,2436,1666,2436,1,26,1,202
6615,3,604,0,1,39,47,3,1,2,0,2089,2009,2089,13,25,3,300
6616,3,604,0,0,19,8,2,0,0,1,2230,1950,2230,10,25,3,300
6617,1,604,1,0,34,16,0,0,0,0,2290,1667,2290,1,1,1,207
6618,3,604,0,0,63,55,0,3,0,0,1874,2109,1874,13,28,3,300
6619,3,604,1,0,81,71,0,0,0,0,2614,1668,2614,9,1,1,49
6620,1,604,0,0,4,2,0,3,1,0,2609,2463,2609,6,0,0,142
6621,3,604,0,0,31,27,0,1,1,0,2292,2219,2292,6,3,1,71
6622,3,605,0,0,43,17,4,0,0,0,2444,2063,2444,12,7,1,232
6623,3,605,0,0,60,21,4,2,3,0,2506,1669,2506,8,1,1,180
6624,3,605,0,0,88,51,2,0,0,0,1967,2627,1967,9,25,3,300
6625,2,605,2,0,47,33,0,0,0,0,2395,1775,2395,1,26,1,185
6626,1,605,0,0,18,0,1,0,1,0,2367,1825,2367,2,10,0,275
6627,1,605,1,0,16,1,1,0,1,0,1785,1718,1785,3,10,0,64
6628,3,605,0,0,105,65,0,3,0,0,2216,2450,2216,3,28,3,300
6629,3,605,0,0,33,36,5,0,0,0,2543,2044,2543,12,25,3,300
6630,1,605,1,0,14,5,0,2,1,0,2386,2157,2386,3,18,1,288
6631,3,605,0,0,110,105,0,1,0,0,2387,2056,2387,4,28,3,300
6632,5,605,0,0,85,96,1,0,1,0,2227,1884,2227,11,28,3,300
6633,2,606,0,0,48,32,0,2,1,0,2257,2576,2257,13,0,0,158
6634,3,606,0,0,45,18,5,0,0,0,2147,1670,2147,4,25,3,300
6635,3,606,0,0,56,37,0,2,0,0,1671,1802,1671,10,28,3,300
6636,1,606,1,0,5,2,0,0,0,0,1772,1837,1772,9,26,1,68
6637,2,606,0,0,8,11,3,0,2,1,2344,1672,2344,1,10,0,92
6638,3,606,0,0,32,27,2,1,1,0,1966,1941,1966,8,25,3,300
6639,3,606,0,1,33,35,1,0,3,0,1987,1673,1987,1,34,3,300
6640,2,606,0,0,82,55,0,0,2,0,2191,1674,2191,12,10,0,241
6641,1,606,0,0,19,2,2,0,0,0,2277,1675,2277,6,7,1,280
6642,1,606,1,0,7,7,0,0,0,0,2384,1676,2384,10,26,1,61
6643,1,606,0,0,17,19,1,0,1,0,2587,1677,2587,13,48,0,295
6644,3,606,2,1,75,31,0,0,0,0,2194,1740,2194,8,1,1,55
6645,3,606,0,0,68,42,9,0,0,0,2494,2394,2494,8,25,3,300
6646,1,606,0,0,21,6,0,0,0,0,2668,2000,2668,2,1,1,132
6647,3,607,0,0,164,63,0,1,0,0,2617,1733,2617,14,25,3,300
6648,1,607,1,0,8,4,0,0,0,0,1741,1886,1741,12,1,1,82
6649,3,607,0,0,100,109,0,0,0,0,1903,1783,1903,9,25,3,300
6650,3,607,0,0,45,33,2,7,0,0,2207,2630,2207,3,25,3,300
6651,1,607,2,0,7,7,0,0,0,0,2140,2235,2140,1,26,1,74
6652,3,607,2,0,51,46,0,1,0,0,1924,2019,1924,8,28,3,300
6653,1,607,1,0,18,7,0,1,0,1,2646,1678,2646,4,26,1,152
6654,2,607,1,0,47,18,0,0,0,0,2169,1835,2169,4,26,1,144
6655,2,607,1,0,69,43,3,0,0,0,2261,1679,2261,12,39,1,148
6656,5,607,0,0,77,55,3,3,1,3,2262,1826,2262,13,28,3,300
6657,5,607,0,0,120,111,0,5,1,1,2570,1757,2570,6,10,0,272
6658,1,608,2,0,8,4,0,0,0,0,2486,2254,2486,3,32,1,73
6659,2,608,1,0,118,32,1,0,0,0,1851,1680,1851,3,7,1,265
6660,1,608,1,0,27,3,0,0,0,0,1961,1681,1961,9,1,1,59
6661,3,608,0,0,96,105,2,2,0,0,1798,1682,1798,12,28,3,300
6662,1,608,1,0,4,3,0,0,0,0,2195,1683,2195,8,59,1,72
6663,1,608,1,0,7,3,0,0,0,0,2233,2081,2233,4,26,1,94
6664,3,608,0,0,96,31,2,0,0,0,2324,2588,2324,13,25,3,300
6665,1,608,1,0,35,20,0,0,0,0,2497,1684,2497,9,1,1,229
6666,1,608,3,0,49,13,0,0,0,0,2435,2010,2435,3,26,1,198
6667,3,608,0,0,79,78,0,1,0,0,1805,2020,1805,1,28,3,300
6668,2,608,2,0,27,10,0,2,0,0,2665,1815,2665,3,3,1,300
6669,2,608,0,0,36,21,0,2,1,0,2558,1936,2558,4,48,0,88
6670,5,608,0,0,107,130,0,0,0,0,2470,2098,2470,8,28,3,300
6671,3,609,0,0,66,62,1,0,0,0,2078,1842,2078,12,28,3,300
6672,1,609,0,0,6,2,2,0,1,0,2371,1911,2371,9,10,0,147
6673,1,609,1,0,23,7,0,0,0,0,2601,1820,2601,10,26,1,68
6674,3,609,0,0,68,63,2,1,0,0,1751,1685,1751,9,25,3,300
6675,3,609,1,0,47,42,3,1,0,4,1899,1840,1899,8,25,3,300
6676,1,609,1,0,15,3,0,0,0,0,2569,1821,2569,6,1,1,75
6677,3,609,0,0,109,86,0,0,0,0,2459,2608,2459,3,25,3,300
6678,3,609,0,0,74,2,3,0,0,0,2320,1900,2320,9,25,3,300
6679,1,609,0,0,3,2,1,0,1,0,2586,1883,2586,1,10,0,185
6680,2,609,0,1,42,49,3,0,0,0,1872,1686,1872,2,1,1,184
6681,2,609,0,0,19,11,2,0,1,0,1981,2304,1981,4,0,0,298
6682,5,609,0,1,81,95,6,1,0,0,2556,2281,2556,1,25,3,300
6683,1,610,0,0,6,9,1,0,1,0,2123,1787,2123,11,6,0,42
6684,3,610,0,0,63,35,0,1,0,0,2517,1687,2517,13,25,3,300
6685,3,610,0,0,17,6,4,0,0,0,2179,1688,2179,3,25,3,300
6686,3,610,0,0,113,82,0,0,0,0,2133,2451,2133,3,25,3,300
6687,3,610,1,0,116,90,1,1,0,0,2279,2065,2279,4,25,3,300
6688,2,610,0,0,24,21,1,0,1,0,2656,1689,2656,4,0,0,92
6689,1,610,0,0,3,2,0,0,1,0,2285,1742,2285,1,0,0,45
6690,2,610,0,0,26,25,0,0,0,0,1958,2327,2327,9,45,2,189
6691,2,610,0,0,147,81,0,0,0,0,1876,1807,1876,4,1,1,287
6692,1,610,1,0,25,15,0,0,0,0,2188,2671,2188,3,1,1,156
6693,5,610,0,0,199,127,0,0,0,0,2347,2443,2347,8,25,3,300
6694,5,610,0,0,116,90,0,0,0,0,2520,2132,2520,3,25,3,300
6695,3,611,0,0,32,15,10,1,0,0,1752,1801,1752,9,25,3,300
6696,3,611,0,0,20,9,5,0,1,0,2305,1690,2305,6,7,1,139
6697,2,611,0,0,29,21,2,0,1,0,2234,1954,2234,8,12,0,193
6698,3,611,0,0,55,33,0,2,0,0,1692,1691,1692,13,28,3,300
6699,1,611,1,0,15,8,1,0,0,0,2430,2525,2430,3,26,1,230
6700,3,611,0,1,96,66,0,0,0,0,2340,2436,2340,1,28,3,300
6701,3,611,0,0,54,27,0,0,0,0,2206,2429,2206,9,25,3,300
6702,3,611,1,0,137,109,0,0,0,0,1790,1732,1790,2,1,1,190
6703,3,611,0,0,42,28,1,1,0,0,2111,2403,2111,9,25,3,300
6704,3,611,0,0,12,31,4,0,0,0,2441,2011,2441,3,25,3,300
6705,5,611,1,0,64,54,0,2,0,0,2343,1952,2343,1,26,1,18
6706,3,612,0,0,116,63,0,0,0,0,1891,1946,1891,12,25,3,300
6707,3,612,0,0,49,52,2,0,0,0,2160,1693,2160,3,25,3,300
6708,1,612,1,0,14,14,0,0,0,0,2361,1935,2361,6,26,1,193
6709,2,612,0,0,28,10,1,1,0,2,1912,1923,1912,8,3,1,110
6710,2,612,1,0,25,19,2,0,1,0,2498,1957,2498,9,12,0,208
6711,2,612,1,0,17,11,0,2,0,0,2378,1748,2378,3,26,1,28
6712,3,612,0,0,102,85,2,0,0,0,2096,2054,2096,13,25,3,300
6713,3,612,0,0,42,113,2,0,3,0,1694,2591,1694,8,34,3,300
6714,2,612,0,1,47,58,2,0,2,0,2247,2426,2247,10,5,0,264
6715,2,612,1,0,38,23,1,1,0,0,1925,2245,1925,4,1,1,278
6716,2,612,0,0,20,29,0,1,1,0,2468,1905,2468,12,0,0,108
6717,1,612,0,0,23,22,0,1,0,0,2040,2144,2040,8,3,1,251
6718,3,613,0,0,45,11,1,4,1,0,2273,1695,2273,4,25,3,300
6719,3,613,0,0,39,52,2,0,0,1,1926,1788,1926,13,25,3,300
6720,3,613,0,0,36,41,0,0,0,0,2589,2509,2589,1,25,3,300
6721,3,613,0,0,12,12,12,0,0,0,1914,2461,1914,10,25,3,300
6722,2,613,0,0,90,11,4,3,0,0,1943,1776,1943,8,1,1,250
6723,3,613,0,0,97,51,1,2,0,1,2480,1696,2480,8,25,3,300
6724,3,613,0,0,13,5,8,0,0,0,1845,1999,1845,1,25,3,300
6725,3,613,1,0,50,43,0,0,0,0,2215,2482,2215,1,25,3,300
6726,3,613,0,0,72,33,1,0,0,0,2278,2152,2278,6,25,3,300
6727,1,613,1,0,24,9,0,0,0,0,2026,1833,2026,13,59,1,232
6728,1,613,2,0,26,5,0,0,0,0,2317,1697,2317,6,26,1,67
6729,2,613,0,0,17,16,1,3,4,0,2328,2375,2328,1,10,0,166
6730,3,613,0,0,100,43,0,0,0,0,2276,2459,2276,3,25,3,300
6731,1,613,0,0,4,3,0,0,0,0,2566,2222,2566,2,3,1,15
6732,3,614,0,0,25,63,3,0,0,0,1795,1830,1795,4,25,3,300
6733,2,614,0,0,51,38,2,0,0,0,1739,1992,1739,6,13,1,213
6734,3,614,0,0,101,78,1,0,0,0,2617,1789,2617,11,28,3,300
6735,3,614,2,0,83,64,0,1,0,0,2260,2313,2260,4,26,1,69
6736,3,614,0,0,61,34,2,3,0,0,2128,2616,2128,1,25,3,300
6737,3,614,0,1,47,58,0,3,0,0,2051,2213,2213,2,33,2,300
6738,3,614,1,0,62,37,0,1,0,0,2437,1766,2437,1,26,1,90
6739,3,614,0,1,106,74,0,1,0,0,2359,1962,2359,4,25,3,300
6740,2,614,0,0,46,18,0,0,0,0,2189,2049,2189,6,1,1,189
6741,1,614,0,0,8,10,1,0,1,0,2295,2315,2295,10,23,0,91
6742,1,614,1,0,15,4,0,0,0,0,2143,2325,2143,2,1,1,55
6743,3,614,1,0,58,53,0,1,0,0,2420,2091,2420,10,36,1,274
6744,5,614,3,0,85,60,6,0,1,1,1800,2077,1800,11,25,3,300
6745,1,615,0,0,4,8,0,1,1,0,2604,1849,2604,11,6,0,77
6746,2,615,0,0,13,13,3,0,2,0,1942,1698,1942,12,46,0,63
6747,1,615,1,0,7,2,0,0,0,0,1978,1792,1978,4,36,1,44
6748,1,615,2,0,22,3,0,0,0,0,2365,1699,2365,3,26,1,116
6749,1,615,0,0,18,9,1,0,1,0,2510,1767,2510,1,10,0,137
6750,2,615,0,0,33,8,6,0,1,0,2392,1768,2392,2,1,1,222
6751,3,615,0,0,54,30,4,0,1,0,2373,2174,2373,13,7,1,237
6752,2,615,1,0,12,32,0,0,0,0,2084,1860,2084,2,26,1,36
6753,3,615,2,0,121,97,1,0,0,0,2396,2549,2396,4,1,1,121
6754,4,615,0,0,89,53,0,6,0,0,2087,1700,2087,6,7,1,151
6755,3,616,0,0,63,27,1,1,1,1,2619,2110,2110,9,34,3,300
6756,1,616,1,0,3,1,0,1,0,0,1901,1701,1901,7,26,1,129
6757,1,616,1,0,13,15,0,0,0,0,1811,2384,1811,10,26,1,179
6758,1,616,0,0,37,22,1,0,0,0,1885,1702,1885,1,1,1,213
6759,3,616,0,0,39,48,0,3,0,0,1703,1778,1703,13,28,3,300
6760,3,616,0,0,66,118,0,0,0,0,2106,2101,2106,2,28,3,300
6761,3,616,0,0,85,92,1,1,0,0,2252,2553,2252,7,25,3,300
6762,3,616,1,0,46,29,1,0,1,0,2629,2059,2629,3,0,0,99
6763,1,616,1,0,20,4,0,0,0,0,2348,2074,2348,11,1,1,65
6764,3,616,1,0,79,14,0,0,0,0,2568,1861,2568,6,26,1,78
6765,3,616,0,0,86,66,0,0,0,0,1930,2127,1930,12,25,3,300
6766,3,616,0,1,91,71,3,1,2,0,2561,2234,2561,8,34,3,300
6767,4,616,3,0,61,92,0,2,0,0,2418,1704,2418,9,36,1,137
6768,1,617,1,1,58,22,0,0,0,0,1932,1865,1932,10,1,1,219
6769,3,617,0,0,72,88,0,3,0,0,2201,1749,2201,9,25,3,300
6770,1,617,0,0,12,11,2,0,1,0,2369,1705,2369,10,10,0,274
6771,3,617,0,0,129,87,2,0,0,0,2079,1836,2079,4,25,3,300
6772,3,617,0,2,73,91,0,1,1,0,2039,1706,1706,8,28,3,300
6773,3,617,0,0,116,36,0,0,0,0,2655,1707,2655,1,25,3,300
6774,3,617,0,0,47,40,0,2,0,0,2504,1956,2504,2,34,3,300
6775,1,617,1,0,6,2,0,0,0,0,1869,1708,1869,6,36,1,65
6776,2,617,0,0,39,26,2,0,1,0,1909,1709,1909,11,7,1,244
6777,3,617,0,0,57,38,0,0,0,0,2297,2060,2297,9,25,3,300
6778,3,617,0,0,73,51,2,1,0,0,2567,1710,2567,3,25,3,300
6779,5,617,1,0,55,83,1,5,1,0,2259,2083,2259,4,36,1,244
6780,2,618,0,0,15,16,2,1,1,0,1849,2407,1849,14,10,0,294
6781,1,618,0,0,19,6,0,0,0,0,2405,1711,2405,9,1,1,195
6782,2,618,3,0,42,20,1,1,0,0,2344,2028,2344,1,26,1,16
6783,3,618,0,0,60,28,3,1,0,0,2288,1888,2288,1,25,3,300
6784,3,618,1,0,64,73,2,0,0,0,2218,1831,2218,1,25,3,300
6785,1,618,1,0,7,0,0,0,0,0,2185,2160,2185,3,1,1,19
6786,3,618,0,0,97,86,5,1,0,0,2480,2591,2480,8,25,3,300
6787,3,618,0,0,32,20,3,0,0,1,2651,1917,2651,8,34,3,300
6788,3,618,1,0,59,39,0,0,0,0,2654,1712,2654,3,1,1,69
6789,3,618,0,0,51,46,2,0,2,0,2153,2665,2153,3,25,3,300
6790,3,618,0,0,74,33,1,0,0,0,2115,2287,2115,3,25,3,300
6791,3,618,1,1,110,29,0,0,0,0,2221,2636,2221,2,1,1,263
6792,3,619,0,0,23,44,0,1,0,0,1853,1713,1853,4,28,3,300
6793,3,619,1,0,38,45,3,1,0,0,2063,2093,2063,12,25,3,300
6794,3,619,0,0,49,39,2,0,0,0,2046,1953,2046,9,25,3,300
6795,3,619,1,0,52,20,2,0,0,0,2618,1714,2618,14,25,3,300
6796,2,619,0,1,54,51,0,1,0,1,2212,1834,2212,2,1,1,144
6797,2,619,2,0,73,60,0,0,0,0,1915,1868,1915,3,1,1,292
6798,1,619,0,0,17,1,3,0,2,0,2367,1880,2367,7,10,0,267
6799,3,619,0,0,92,74,2,0,0,0,2514,1823,2514,8,25,3,300
6800,1,619,0,0,3,3,1,1,3,0,2563,2463,2563,6,10,0,277
6801,3,619,1,0,37,39,0,3,2,0,1931,2406,1931,7,36,1,141
6802,3,619,0,0,88,78,0,1,0,0,2104,1925,2104,7,28,3,300
6803,1,619,0,0,0,0,2,0,2,0,2672,2558,2672,7,48,0,133
6804,4,619,0,0,101,80,0,1,1,0,1715,1916,1715,4,0,0,172
6805,1,620,1,0,24,15,0,0,0,0,2086,1716,2086,1,26,1,229
6806,3,620,0,0,80,33,2,2,0,0,2355,1772,2355,9,25,3,300
6807,2,620,0,0,4,39,3,0,1,1,2467,1908,2467,13,10,0,139
6808,3,620,0,0,71,52,1,0,0,0,1991,2416,1991,1,25,3,300
6809,3,620,0,0,48,19,4,0,0,3,2161,2238,2161,12,25,3,300
6810,3,620,0,0,25,10,2,1,0,1,1959,1717,1959,4,25,3,300
6811,1,620,0,0,11,1,1,0,0,0,1966,2652,1966,8,1,1,69
6812,3,620,0,0,39,25,8,0,2,0,2397,2364,2397,3,12,0,113
6813,3,620,0,0,36,62,3,0,1,0,1955,2580,1955,2,28,3,300
6814,1,620,1,0,14,11,0,0,0,0,2519,1718,2519,3,26,1,235
6815,3,620,0,0,59,81,1,0,2,0,2466,1912,2466,8,28,3,300
6816,2,620,1,0,48,44,1,0,0,0,2435,2386,2435,3,1,1,87
6817,4,620,0,0,94,54,1,2,0,0,2187,2326,2187,9,3,1,300
6818,1,621,0,0,8,2,1,0,1,0,1774,1719,1774,9,10,0,64
6819,1,621,0,0,38,12,0,1,0,0,2042,2123,2042,7,1,1,255
6820,1,621,0,0,3,3,1,0,1,0,2207,1720,2207,3,10,0,257
6821,2,621,1,0,45,39,0,0,0,0,2155,1721,2155,1,38,1,188
6822,3,621,0,0,38,28,3,0,0,0,1794,1722,1794,2,25,3,300
6823,2,621,1,1,69,57,2,3,0,0,2183,2574,2183,7,32,1,268
6824,3,621,0,0,65,63,9,0,1,0,2094,2250,2094,1,25,3,300
6825,1,621,0,0,9,3,0,0,1,0,2067,1760,2067,8,0,0,30
6826,3,621,1,0,73,11,2,0,0,0,2611,1771,2611,9,25,3,300
6827,3,621,1,0,60,40,0,1,1,0,2557,1723,2557,4,25,3,300
6828,5,621,0,0,113,61,0,2,0,2,2038,2220,2038,12,34,3,300
6829,1,622,1,0,22,10,0,0,0,0,1856,1724,1856,4,32,1,93
6830,2,622,0,0,22,19,3,0,2,0,2669,2031,2669,10,6,0,259
6831,3,622,0,0,83,69,5,0,0,0,2445,2444,2445,12,25,3,300
6832,1,622,0,0,4,1,2,0,1,0,2303,1998,2303,8,10,0,122
6833,3,622,0,0,83,34,9,0,0,0,2630,1725,2630,3,25,3,300
6834,3,622,2,0,87,76,1,1,0,0,1769,1726,1769,9,28,3,300
6835,1,622,1,0,8,5,0,0,0,0,2277,1727,2277,6,26,1,88
6836,3,622,0,0,60,55,2,0,0,0,1773,2033,1773,9,25,3,300
6837,2,622,0,0,61,25,0,3,0,1,2157,1765,2157,3,7,1,192
6838,2,622,2,0,62,51,0,1,0,0,1967,2562,1967,9,36,1,259
6839,5,622,0,0,153,126,0,2,0,0,2518,2089,2518,13,25,3,300
6840,3,623,0,1,54,36,3,0,0,0,2121,1763,2121,11,34,3,300
6841,3,623,0,0,21,17,6,1,1,1,1914,1852,1914,10,6,0,266
6842,3,623,0,0,118,58,0,3,0,0,2011,1879,2011,3,25,3,300
6843,3,623,0,0,40,38,1,1,0,0,1797,1728,1797,4,25,3,300
6844,3,623,0,0,57,42,7,1,1,0,2317,2278,2317,6,25,3,300
6845,3,623,0,0,19,14,1,2,2,0,2441,1857,2441,3,25,3,300
6846,2,623,0,0,80,58,0,0,0,0,2280,2666,2280,4,1,1,287
6847,3,623,0,0,98,76,1,0,0,0,2205,1874,2205,13,25,3,300
6848,3,623,1,0,59,33,0,4,0,0,2644,2556,2644,1,25,3,300
6849,3,623,0,0,84,58,0,6,0,0,2327,2296,2327,9,28,3,300
6850,2,623,0,0,72,8,5,0,2,0,2620,1729,2620,9,1,1,224
6851,2,623,1,0,30,19,2,0,1,0,2263,2442,2263,1,12,0,196
6852,1,624,0,0,9,18,0,2,1,0,2126,1730,2126,9,44,0,247
6853,3,624,0,0,17,12,4,0,0,1,2601,1731,2601,10,25,3,300
6854,1,624,3,0,29,10,0,0,0,0,2235,2506,2235,8,1,1,92
6855,2,624,0,0,18,20,2,0,2,0,2216,1785,2216,3,10,0,184
6856,1,624,1,0,6,2,0,0,1,0,1863,1904,1863,2,10,0,110
6857,1,624,1,0,18,11,0,1,1,0,2486,1851,2486,3,1,1,249
6858,3,624,0,0,85,120,0,0,0,0,2186,2361,2186,6,28,3,300
6859,2,624,0,0,10,24,3,0,1,0,2525,1907,2525,3,0,0,49
6860,3,624,0,0,73,56,0,0,0,0,2667,1732,2667,2,25,3,300
6861,3,624,1,0,42,47,3,3,0,0,2598,1936,2598,4,28,3,300
6862,2,624,0,0,28,14,0,0,0,0,2322,2098,2322,8,3,1,8
6863,1,625,1,0,17,13,0,0,0,0,1947,1733,1947,11,38,1,186
6864,2,625,0,0,90,69,0,1,1,0,1950,1734,1950,10,5,0,159
6865,3,625,0,0,78,56,2,0,0,0,1837,1735,1837,9,25,3,300
6866,1,625,1,0,11,6,0,0,0,0,2044,1842,2044,12,1,1,47
6867,1,625,0,0,44,17,1,0,3,0,2371,1736,2371,9,51,0,294
6868,3,625,0,0,63,29,5,0,1,0,2082,1737,2082,13,25,3,300
6869,3,625,1,0,33,15,2,0,2,0,2658,1846,2658,1,10,0,125
6870,1,625,0,0,4,4,1,0,1,0,2275,1900,2275,10,0,0,131
6871,1,625,1,0,19,5,0,0,0,0,1899,1738,1899,8,7,1,67
6872,3,625,0,0,57,66,5,0,1,0,2304,2104,2304,4,48,0,213
6873,3,625,0,0,29,19,1,0,1,0,2468,2053,2468,12,1,1,54
6874,1,626,1,0,14,2,0,0,0,0,2569,1739,2569,6,26,1,224
6875,3,626,1,0,48,26,0,1,0,0,2612,1881,2612,9,25,3,300
6876,1,626,2,1,32,26,0,0,0,0,1740,2019,1740,8,26,1,291
6877,3,626,0,0,74,77,2,0,0,0,2191,1741,2191,12,25,3,300
6878,1,626,1,0,11,10,0,0,0,0,2204,1984,2204,1,26,1,150
6879,3,626,0,0,42,41,8,1,2,1,2166,1848,2166,3,25,3,300
6880,1,626,0,0,25,7,1,0,2,0,2257,2026,2257,13,41,0,217
6881,1,626,1,0,8,5,0,0,0,0,2609,2564,2609,6,26,1,80
6882,1,626,0,0,10,14,0,0,1,0,2546,1742,2546,1,10,0,200
6883,2,626,1,0,29,5,0,0,1,1,2345,2156,2345,1,36,1,246
6884,1,626,1,0,10,2,0,0,0,0,2177,1743,2177,9,32,1,121
6885,3,626,0,0,38,43,0,3,2,0,2105,2041,2105,1,10,0,120
6886,2,626,0,0,37,6,0,1,1,0,2261,1937,2261,12,10,0,65
6887,5,626,0,0,91,86,1,1,0,0,2188,2520,2188,3,1,1,121
6888,3,627,1,0,45,18,0,1,0,2,2324,2298,2324,13,43,1,87
6889,3,627,0,0,19,21,3,1,1,1,1902,1859,1902,9,25,3,300
6890,3,627,1,0,55,83,2,0,0,0,2078,1798,2078,12,25,3,300
6891,3,627,0,1,68,41,2,7,1,0,2429,1744,2429,9,28,3,300
6892,3,627,0,0,38,39,1,0,0,0,2237,2627,2237,9,25,3,300
6893,3,627,0,0,109,80,0,0,0,0,1841,1870,1841,13,25,3,300
6894,3,627,0,0,115,119,0,1,0,0,2461,1802,2461,10,28,3,300
6895,1,627,2,0,33,5,0,0,0,0,2646,1817,2646,4,1,1,204
6896,3,627,0,0,56,17,1,0,0,0,2245,1835,2245,4,36,1,63
6897,3,627,0,0,147,66,0,1,0,0,2667,1790,2667,2,25,3,300
6898,2,627,1,0,24,9,0,2,0,0,2305,2463,2305,6,32,1,62
6899,2,628,2,1,67,36,0,0,0,0,1930,2034,1930,12,1,1,246
6900,2,628,1,0,23,31,1,0,0,0,2600,1745,2600,8,26,1,74
6901,3,628,0,0,67,49,6,0,0,0,1875,1812,1875,1,25,3,300
6902,3,628,0,0,110,57,2,2,0,0,1943,2037,1943,8,25,3,300
6903,3,628,0,0,83,55,0,0,0,0,2436,1845,2436,1,25,3,300
6904,3,628,0,0,66,65,4,0,0,0,1976,1746,1976,1,28,3,300
6905,3,628,0,0,182,71,0,0,0,0,2252,1891,2252,12,25,3,300
6906,3,628,0,0,63,110,1,0,2,0,2377,2515,2377,4,1,1,206
6907,2,628,1,0,49,37,1,0,0,0,2450,2254,2450,3,1,1,165
6908,2,628,0,0,25,47,0,2,3,0,2486,2276,2486,3,1,1,246
6909,1,628,2,0,23,2,0,0,0,0,2143,2636,2143,2,1,1,54
6910,2,628,2,0,32,20,1,0,0,0,1948,2247,1948,10,26,1,104
6911,2,628,0,0,20,14,4,0,2,0,1952,1876,1952,4,10,0,200
6912,4,628,0,0,163,119,0,2,0,0,2099,2558,2099,4,3,1,300
6913,3,629,0,0,53,11,0,5,0,1,2045,1747,2045,9,1,1,253
6914,3,629,0,0,24,21,2,3,1,0,1840,2399,1840,8,12,0,221
6915,2,629,0,0,87,48,2,2,0,1,1985,2615,1985,8,1,1,270
6916,2,629,1,0,36,50,0,0,0,0,2459,2665,2459,3,26,1,169
6917,2,629,0,0,54,23,0,0,0,0,2180,1748,2180,3,1,1,281
6918,1,629,1,0,12,1,0,0,0,0,2000,1822,2000,2,26,1,23
6919,1,629,0,0,3,4,2,0,2,0,2438,1749,2438,9,23,0,164
6920,2,629,1,0,40,36,0,1,1,0,2092,2112,2092,8,12,0,190
6921,3,629,0,0,86,35,6,1,3,0,2133,1750,2133,3,23,0,163
6922,3,629,1,1,66,38,0,0,0,0,2056,2359,2056,7,1,1,149
6923,3,629,0,0,63,60,0,3,0,0,2328,2655,2328,1,25,3,300
6924,5,629,0,0,55,78,0,2,0,0,2292,2189,2189,6,28,3,300
6925,3,630,0,0,30,26,6,0,0,0,1751,1784,1751,9,25,3,300
6926,3,630,1,0,58,33,0,2,2,0,2310,1799,2310,10,25,3,300
6927,3,630,1,0,43,3,7,0,0,0,2147,1978,2147,4,25,3,300
6928,3,630,0,0,49,25,6,0,0,0,2616,2140,2616,1,25,3,300
6929,2,630,0,0,7,11,0,5,3,1,2111,1752,2111,9,0,0,230
6930,3,630,3,0,45,32,3,1,0,1,1962,2169,1962,4,25,3,300
6931,3,630,0,0,22,33,2,0,0,1,1942,1753,1942,12,25,3,300
6932,1,630,0,0,15,0,0,3,0,0,2365,2430,2365,3,26,1,196
6933,2,630,1,0,34,73,0,0,0,0,2437,2664,2437,1,26,1,165
6934,1,630,1,0,16,10,0,0,0,0,1890,2514,1890,8,36,1,184
6935,3,630,2,0,37,17,1,0,0,0,2369,2532,2369,10,26,1,133
6936,3,630,0,0,34,36,7,0,0,0,2281,1805,2281,1,25,3,300
6937,5,630,0,0,141,152,0,1,0,0,2132,2671,2132,3,28,3,300
6938,1,631,0,0,34,7,0,1,0,0,2461,2048,2461,10,1,1,273
6939,3,631,0,0,47,14,4,0,2,1,1941,1847,1941,8,25,3,300
6940,1,631,0,0,6,3,2,0,1,0,2230,2062,2230,10,10,0,196
6941,3,631,0,0,89,34,3,1,0,0,2657,1793,2657,1,25,3,300
6942,2,631,1,0,17,19,0,0,0,0,1994,1867,1994,3,1,1,28
6943,3,631,0,0,95,29,3,2,0,0,2355,1866,2355,9,25,3,300
6944,1,631,1,0,36,13,0,0,0,0,2320,2611,2320,9,26,1,280
6945,3,631,0,0,81,64,0,0,0,0,1939,2227,1939,11,28,3,300
6946,2,631,0,0,82,39,1,0,0,0,2654,2378,2654,3,36,1,199
6947,2,631,1,0,34,36,1,0,0,0,2394,1966,2394,8,26,1,253
6948,5,631,0,0,182,123,1,0,0,0,2671,2153,2671,6,25,3,300
6949,2,632,1,0,53,23,0,0,0,0,2236,2190,2236,9,13,1,138
6950,3,632,0,0,102,117,0,0,0,0,2014,1828,2014,14,25,3,300
6951,3,632,0,0,119,66,0,1,0,0,2273,1893,2273,4,28,3,300
6952,2,632,1,0,34,14,1,0,0,0,2244,2510,2244,1,38,1,137
6953,3,632,0,0,103,80,0,1,0,0,1961,2447,1961,9,25,3,300
6954,2,632,0,0,45,1,3,0,0,0,2367,1754,2367,2,1,1,176
6955,1,632,0,0,9,9,0,0,1,0,2248,1755,2248,4,0,0,49
6956,2,632,0,0,22,23,4,0,1,0,2586,2393,2586,1,10,0,245
6957,1,632,1,0,22,21,0,0,0,0,2434,2435,2434,3,26,1,253
6958,1,632,1,0,21,17,0,0,0,0,1992,1756,1992,6,1,1,245
6959,1,632,1,0,16,3,0,0,0,0,2563,2152,2563,6,1,1,136
6960,3,632,0,0,231,100,1,0,0,0,2129,2096,2129,13,25,3,300
6961,1,632,0,0,5,4,1,0,1,0,2594,2304,2594,4,12,0,255
6962,3,632,0,0,48,19,3,1,0,2,2420,2319,2420,10,3,1,300
6963,5,632,0,0,232,75,0,2,0,0,2087,1757,2087,6,25,3,300
6964,1,633,0,0,1,2,1,0,2,1,2669,2425,2669,10,51,0,260
6965,1,633,0,0,25,8,1,0,1,0,2216,1915,2216,3,10,0,245
6966,3,633,0,1,38,20,1,0,3,0,2200,1758,2200,10,10,0,191
6967,1,633,2,0,11,4,0,0,0,0,2119,2125,2119,9,26,1,33
6968,3,633,0,0,25,24,0,5,0,0,2058,2335,2058,8,28,3,300
6969,2,633,0,0,38,14,2,0,1,0,2001,2073,2001,1,7,1,224
6970,1,633,0,0,21,10,4,0,0,0,2313,1824,2313,4,7,1,276
6971,3,633,0,0,50,20,0,5,0,0,1979,2509,2509,8,34,3,300
6972,3,633,0,0,40,34,1,0,0,0,2504,1803,2504,2,25,3,300
6973,3,633,0,0,39,18,3,1,0,0,1861,1935,1861,6,25,3,300
6974,1,633,0,0,12,0,6,0,1,0,2392,2325,2392,2,12,0,185
6975,3,634,0,0,69,70,0,0,0,0,2122,1759,2122,1,28,3,300
6976,3,634,0,0,111,80,1,0,0,0,1855,1829,1855,8,25,3,300
6977,2,634,0,0,17,17,2,0,1,0,2161,2063,2161,12,10,0,44
6978,3,634,0,0,82,50,4,1,0,2,2171,1760,2171,8,25,3,300
6979,3,634,0,0,59,28,3,0,0,1,2340,2547,2340,1,25,3,300
6980,1,634,1,0,14,1,0,0,0,0,1892,1850,1892,10,1,1,59
6981,2,634,0,0,16,26,0,0,1,0,1924,2007,1924,8,10,0,122
6982,3,634,0,0,44,45,0,2,0,0,2316,1869,2316,6,25,3,300
6983,3,634,0,2,31,56,6,0,3,0,2173,2277,2277,6,34,3,300
6984,1,634,1,0,8,7,0,0,0,0,2004,1825,2004,2,26,1,66
6985,1,634,1,0,14,11,0,0,1,0,2646,2557,2646,4,10,0,133
6986,2,634,0,0,62,22,0,1,1,0,2040,2470,2040,8,5,0,259
6987,5,634,0,1,57,70,4,0,0,0,2263,2347,2263,1,25,3,300
6988,1,635,0,0,3,1,0,1,3,0,2648,1761,2648,10,10,0,193
6989,2,635,0,0,7,6,0,2,1,0,1836,2623,1836,4,0,0,97
6990,1,635,1,0,18,1,0,0,0,0,1873,1938,1873,6,26,1,49
6991,3,635,0,0,62,30,1,0,0,0,2242,1762,2242,8,25,3,300
6992,2,635,0,0,39,25,2,0,1,0,2604,1763,2604,11,27,0,285
6993,3,635,0,1,64,70,1,1,0,0,2289,2047,2289,1,3,1,38
6994,3,635,0,0,108,67,0,0,0,1,2615,2656,2615,1,25,3,300
6995,3,635,0,0,79,8,0,0,0,0,2102,1764,2102,6,25,3,300
6996,3,635,0,0,33,37,5,1,0,0,1997,1872,1997,2,25,3,300
6997,3,635,0,0,59,29,0,0,0,0,1860,1765,1860,6,25,3,300
6998,2,635,0,0,51,53,1,0,1,0,2257,2129,2257,13,10,0,97
6999,3,636,0,0,19,6,3,0,0,2,2265,1766,2265,1,34,3,300
7000,2,636,0,0,2,1,2,0,3,0,1987,1809,1987,1,10,0,295
7001,3,636,0,0,48,60,3,1,0,0,2384,2461,2384,7,28,3,300
7002,1,636,1,0,17,7,0,0,0,0,2375,1894,2375,1,13,1,147
7003,3,636,0,0,24,26,4,0,0,0,2588,2501,2588,13,25,3,300
7004,1,636,2,0,51,7,0,4,0,0,1929,1767,1929,1,26,1,299
7005,1,636,0,0,9,1,1,0,1,0,2593,1853,2593,4,12,0,255
7006,2,636,0,0,10,5,2,0,1,0,2554,1896,2554,13,0,0,171
7007,3,636,0,0,53,29,1,0,0,0,1768,2051,1768,2,25,3,300
7008,3,636,0,0,42,43,1,0,2,0,2207,2179,2207,3,10,0,265
7009,3,637,0,1,40,66,11,0,0,1,1910,2555,1910,1,25,3,300
7010,3,637,0,0,58,46,3,1,0,1,2362,2110,2362,9,25,3,300
7011,2,637,0,0,36,6,4,0,1,0,2543,1946,2543,12,6,0,134
7012,3,637,1,0,117,60,1,0,0,0,2045,1769,2045,9,34,3,300
7013,3,637,1,1,127,55,0,2,0,0,2279,1975,2279,4,1,1,262
7014,2,637,0,0,109,82,0,0,0,0,2364,2010,2364,3,1,1,252
7015,3,637,0,0,98,46,2,0,0,2,2109,2089,2109,13,25,3,300
7016,2,637,1,0,71,37,1,1,1,1,2133,1770,2133,3,1,1,299
7017,3,637,0,0,26,20,2,1,0,1,2433,1771,2433,9,25,3,300
7018,1,637,0,0,1,1,1,0,2,0,2258,1868,2258,3,12,0,174
7019,3,637,0,1,29,40,4,0,0,0,2556,2285,2556,1,28,3,300
7020,3,637,0,0,113,69,0,0,1,0,1981,2396,1981,4,10,0,257
7021,4,637,0,0,59,87,0,4,1,0,2518,2262,2518,13,10,0,274
7022,1,637,0,0,5,6,2,0,1,0,1970,2221,1970,2,0,0,124
7023,3,638,0,0,63,51,5,0,0,0,1995,1944,1995,4,25,3,300
7024,2,638,1,0,23,12,0,0,1,0,2059,1811,2059,10,10,0,83
7025,3,638,0,0,101,49,2,0,0,0,2074,2576,2074,13,25,3,300
7026,3,638,0,0,154,75,0,3,2,0,2033,1772,2033,9,28,3,300
7027,2,638,0,0,33,20,2,0,2,0,1907,2605,1907,3,0,0,180
7028,3,638,1,0,65,42,0,5,1,0,2614,1773,2614,9,50,0,283
7029,3,638,1,0,38,26,8,0,0,0,1918,2101,1918,2,25,3,300
7030,3,638,0,0,39,33,7,5,1,0,2457,1880,2457,6,25,3,300
7031,1,638,0,0,3,2,3,1,1,0,2371,1774,2371,9,10,0,198
7032,3,638,0,0,38,47,0,3,1,2,1967,2111,1967,9,25,3,300
7033,1,638,0,0,7,5,2,1,2,1,2317,2609,2317,7,5,0,218
7034,1,638,0,0,12,0,0,0,0,0,2668,1956,2668,2,1,1,136
7035,5,638,0,0,147,75,11,1,0,0,2297,2296,2297,9,25,3,300
7036,3,639,0,0,62,30,4,0,0,3,2175,2373,2175,13,25,3,300
7037,3,639,0,0,43,47,1,2,0,0,2589,2215,2215,1,34,3,300
7038,3,639,0,0,131,100,2,0,0,0,1871,2163,1871,13,28,3,300
7039,1,639,1,0,10,3,0,0,0,0,1950,1852,1950,10,26,1,61
7040,1,639,0,0,9,4,0,0,0,0,2485,2157,2485,3,3,1,112
7041,3,639,0,0,93,69,1,5,0,0,2493,2003,2493,8,28,3,300
7042,3,639,0,0,16,9,4,0,2,2,1914,2602,1914,10,23,0,272
7043,1,639,0,0,15,2,1,0,0,0,2072,2489,2072,1,1,1,75
7044,3,639,0,0,53,47,5,0,0,0,2545,1775,2545,1,28,3,300
7045,2,639,0,0,28,10,1,1,1,0,1957,1776,1957,8,10,0,267
7046,3,639,0,0,106,71,0,0,0,0,2287,2486,2287,3,25,3,300
7047,3,639,0,0,145,137,0,0,0,0,1841,2502,1841,13,25,3,300
7048,1,639,0,0,10,7,1,0,1,0,2027,1876,2027,4,6,0,291
7049,3,639,0,0,103,97,1,0,0,0,2329,2343,2329,1,34,3,300
7050,5,639,0,0,120,87,0,4,0,0,2259,2083,2259,4,34,3,300
7051,3,640,0,0,62,47,3,1,0,0,1932,1895,1932,10,25,3,300
7052,2,640,0,2,83,48,0,1,1,2,2031,1865,2031,10,7,1,244
7053,3,640,0,0,55,42,0,3,0,3,1959,1990,1959,4,28,3,300
7054,3,640,1,0,85,26,0,0,0,0,1998,1777,1998,8,25,3,300
7055,2,640,1,0,24,28,1,0,2,0,1949,1814,1949,8,0,0,170
7056,3,640,0,0,45,40,2,0,0,0,1815,2386,1815,3,28,3,300
7057,3,640,0,0,48,39,2,5,0,0,2517,2009,2517,13,28,3,300
7058,2,640,0,0,64,48,1,0,1,0,2561,1813,2561,8,10,0,251
7059,3,640,0,0,32,21,4,0,0,0,1884,2178,1884,11,25,3,300
7060,5,640,0,0,128,58,3,0,0,1,2187,2418,2187,9,28,3,300
7061,3,641,0,0,46,12,1,2,0,3,2444,2209,2444,12,25,3,300
7062,2,641,1,1,17,18,0,1,0,0,2235,1899,2235,8,26,1,36
7063,3,641,0,0,99,42,0,0,0,0,2508,1991,2508,7,25,3,300
7064,3,641,0,0,87,104,0,1,0,0,2553,1778,2553,12,28,3,300
7065,1,641,0,0,14,10,0,0,0,0,2519,2629,2519,3,1,1,195
7066,3,641,0,0,44,61,0,1,0,0,2061,1905,2061,12,28,3,300
7067,3,641,0,0,83,70,0,0,0,0,2550,2459,2550,3,25,3,300
7068,3,641,0,0,29,2,1,3,0,1,2126,2438,2126,9,25,3,300
7069,3,641,1,0,66,44,0,0,0,0,2558,2056,2558,4,26,1,196
7070,1,641,1,0,33,25,0,0,0,0,2439,2497,2439,9,26,1,177
7071,3,641,0,0,42,39,4,0,0,0,2594,1779,2594,4,25,3,300
7072,2,641,1,0,41,49,0,0,0,0,2520,2188,2520,3,26,1,261
7073,3,642,0,0,56,39,0,2,0,0,2617,1909,2617,11,28,3,300
7074,3,642,0,0,63,17,0,3,0,1,2052,1780,2052,9,25,3,300
7075,2,642,1,0,54,15,3,0,0,0,2238,2495,2238,12,1,1,162
7076,3,642,1,0,78,51,0,0,0,0,2416,2530,2416,1,25,3,300
7077,2,642,0,0,26,12,2,1,1,0,2467,2445,2467,12,6,0,261
7078,3,642,3,0,100,54,0,0,0,0,1782,1781,1782,6,1,1,253
7079,1,642,1,0,13,2,0,0,0,0,2311,1948,2311,10,32,1,129
7080,2,642,1,0,64,46,1,1,1,0,1912,1840,1912,8,10,0,100
7081,3,642,0,0,141,63,0,0,0,0,2616,1976,2616,1,25,3,300
7082,3,642,1,0,60,77,0,0,0,0,1958,2177,1958,9,25,3,300
7083,1,642,0,0,30,5,1,0,0,0,2463,2580,2463,6,1,1,125
7084,3,642,1,0,67,64,1,1,0,0,2568,2361,2568,6,25,3,300
7085,1,642,1,0,21,19,0,0,0,0,2286,1985,2286,8,32,1,157
7086,5,642,0,0,147,76,0,0,0,0,2443,2322,2443,8,25,3,300
7087,3,643,0,1,45,41,3,1,0,0,1902,1783,1902,9,1,1,261
7088,3,643,0,0,27,15,0,2,0,2,2651,2600,2651,8,28,3,300
7089,3,643,0,0,7,22,2,0,0,0,2084,2632,2084,2,25,3,300
7090,3,643,0,1,35,33,1,0,0,0,2618,2121,2618,14,25,3,300
7091,1,643,1,0,9,7,0,0,0,0,2612,1889,2612,9,26,1,222
7092,1,643,1,0,9,2,0,0,0,0,1883,1921,1883,1,26,1,95
7093,3,643,0,2,36,20,6,0,0,0,2233,1962,2233,4,28,3,300
7094,3,643,0,0,53,29,4,0,0,0,2127,2174,2127,13,25,3,300
7095,1,643,0,0,23,17,0,0,0,0,2664,2655,2655,1,45,2,275
7096,1,643,1,0,23,15,0,0,0,0,2059,2451,2059,3,26,1,215
7097,1,643,1,0,36,14,0,0,0,0,2143,2566,2143,2,1,1,188
7098,3,644,0,0,76,63,0,2,0,0,2575,2527,2575,11,25,3,300
7099,2,644,1,0,25,13,0,0,1,0,2114,1784,2114,7,10,0,123
7100,1,644,0,0,18,9,0,0,1,0,2193,1849,2193,11,27,0,131
7101,3,644,0,0,56,52,11,0,0,1,2601,2461,2601,10,25,3,300
7102,3,644,0,0,98,94,0,0,0,0,2106,1834,2106,2,25,3,300
7103,3,644,0,0,104,50,1,1,0,0,2149,1901,2149,4,25,3,300
7104,3,644,0,0,59,82,3,0,0,0,1863,2667,1863,2,25,3,300
7105,1,644,1,0,20,15,0,0,0,0,1983,2514,1983,8,1,1,101
7106,2,644,0,1,10,20,1,0,2,1,2608,2430,2608,3,12,0,88
7107,2,644,0,0,34,30,3,0,1,0,2441,2365,2441,3,10,0,169
7108,5,644,2,0,105,60,0,2,0,0,2326,2498,2326,9,26,1,70
7109,2,645,1,0,37,17,1,1,0,0,1867,1785,1867,3,1,1,201
7110,1,645,1,0,20,17,0,0,0,0,2217,1851,2217,3,1,1,130
7111,1,645,0,0,25,14,0,0,0,0,1825,1786,1825,2,1,1,130
7112,3,645,0,0,27,33,3,0,0,0,2544,2053,2544,12,25,3,300
7113,3,645,0,0,130,149,0,0,0,0,2075,2165,2075,4,28,3,300
7114,2,645,0,0,62,36,0,1,1,0,2305,1861,2305,6,0,0,148
7115,1,645,1,0,35,20,0,0,0,0,2204,2437,2204,1,26,1,248
7116,3,645,0,0,80,32,0,0,0,0,2591,1980,2591,8,25,3,300
7117,3,645,0,0,88,37,4,0,0,4,2494,2346,2494,8,25,3,300
7118,1,645,1,0,26,12,0,0,0,0,2038,2129,2038,12,26,1,140
7119,5,645,0,0,132,81,0,0,0,0,2280,2594,2280,4,25,3,300
7120,5,645,0,0,135,99,4,3,0,0,2620,2294,2294,9,28,3,300
7121,3,646,0,0,42,26,1,1,1,0,2197,1787,2197,11,10,0,260
7122,1,646,1,0,3,6,0,0,0,0,1978,2065,1978,4,26,1,14
7123,3,646,0,0,17,10,2,0,1,1,1788,1789,1788,13,28,3,115
7124,3,646,0,1,61,54,0,1,0,0,2403,1961,2403,7,25,3,300
7125,3,646,0,0,70,54,1,0,0,0,1918,1790,1790,2,25,3,300
7126,1,646,1,0,11,8,0,1,0,0,1791,2081,1791,4,26,1,249
7127,2,646,0,0,33,40,0,2,1,0,2359,1936,2359,4,0,0,129
7128,1,646,1,0,13,5,0,0,0,0,2569,1992,2569,6,1,1,129
7129,1,646,1,0,23,7,0,0,0,0,2279,2104,2279,4,36,1,177
7130,3,646,0,0,92,38,1,1,0,0,2563,2049,2563,6,25,3,300
7131,1,646,0,0,4,0,1,0,1,0,2367,2000,2367,2,10,0,223
7132,3,647,1,0,33,30,3,2,0,0,2623,1792,2623,4,25,3,300
7133,1,647,1,0,20,7,0,0,0,0,2324,1926,2324,13,26,1,178
7134,3,647,0,0,149,51,1,4,1,0,2506,1793,2506,1,25,3,300
7135,3,647,0,0,68,49,0,2,0,0,1955,1794,1955,2,28,3,300
7136,2,647,1,0,51,16,2,0,1,0,2124,1795,2124,4,36,1,175
7137,3,647,0,0,139,68,0,0,0,0,2191,2078,2191,12,25,3,300
7138,2,647,3,0,85,32,0,0,0,0,2250,2140,2250,1,26,1,157
7139,2,647,1,0,30,32,0,0,0,0,2159,2436,2159,1,26,1,110
7140,2,647,1,0,26,22,2,0,0,0,2665,1835,2665,4,36,1,255
7141,3,647,0,0,132,112,1,0,0,0,2553,1891,2553,7,25,3,300
7142,3,647,0,0,63,30,6,1,4,1,2397,2180,2397,3,7,1,61
7143,5,647,1,0,126,66,3,0,0,0,2220,2252,2220,12,25,3,300
7144,3,648,0,0,45,41,1,0,0,0,1873,1796,1873,6,25,3,300
7145,2,648,0,0,66,28,1,1,0,1,2110,2447,2110,9,1,1,234
7146,3,648,0,0,53,28,0,3,0,0,2063,1842,2063,12,25,3,300
7147,2,648,1,0,28,39,0,3,0,0,2283,2340,2283,1,26,1,179
7148,3,648,1,0,40,61,3,0,0,0,2574,2351,2574,9,25,3,300
7149,2,648,1,0,25,24,0,0,0,0,2051,1904,2051,2,26,1,197
7150,3,648,0,0,50,18,3,1,0,1,2183,1837,2183,9,25,3,300
7151,3,648,0,0,42,29,0,1,0,0,2120,1797,2120,4,28,3,300
7152,1,648,0,0,3,0,1,0,1,0,2587,2356,2587,13,40,0,105
7153,3,648,0,0,28,19,6,1,0,0,2642,1932,2642,10,25,3,300
7154,1,648,1,0,3,1,0,0,0,0,2656,1897,2656,1,26,1,23
7155,3,648,0,0,60,27,1,3,0,1,1890,1949,1890,8,25,3,300
7156,5,648,0,0,43,99,1,2,1,0,2369,2091,2369,10,28,3,300
7157,3,649,0,0,106,64,1,2,0,0,2035,1798,2035,12,25,3,300
7158,3,649,0,0,54,53,3,1,1,0,2641,1799,2641,10,25,3,300
7159,3,649,0,0,59,45,0,0,0,0,2509,1855,2509,8,25,3,300
7160,1,649,1,0,5,5,0,0,0,0,2206,2201,2206,9,26,1,64
7161,3,649,0,0,67,63,1,0,0,0,2588,2082,2588,13,25,3,300
7162,2,649,0,0,57,26,3,0,1,0,2153,2459,2459,3,45,2,184
7163,3,649,1,0,95,83,0,1,0,0,2364,2450,2364,3,25,3,300
7164,3,649,1,0,88,74,0,0,0,0,2394,2561,2394,8,25,3,300
7165,2,649,1,0,19,9,2,0,1,0,2593,2313,2593,4,0,0,66
7166,1,649,1,0,26,12,0,0,0,0,2442,2644,2442,1,1,1,250
7167,5,649,0,0,142,41,6,0,0,0,1800,1931,1800,11,25,3,300
7168,3,650,0,0,56,67,0,1,0,0,2316,1860,2316,6,25,3,300
7169,1,650,0,0,4,1,1,0,2,0,1941,1801,1801,9,33,2,140
7170,3,650,0,0,57,23,3,0,0,0,2298,2501,2298,13,25,3,300
7171,3,650,0,0,102,76,2,2,0,0,2062,1864,2062,10,25,3,299
7172,1,650,1,0,22,13,1,0,1,0,1903,2405,1903,9,10,0,145
7173,2,650,1,0,65,14,0,0,0,0,2532,2048,2532,10,7,1,63
7174,3,650,0,0,86,57,2,2,0,0,2273,2245,2273,4,25,3,300
7175,1,650,1,0,13,7,0,0,0,0,2290,2086,2290,1,18,1,110
7176,2,650,0,0,27,2,2,0,1,0,2652,2194,2652,8,12,0,108
7177,3,650,0,0,89,59,1,0,0,0,2011,2485,2011,3,25,3,300
7178,3,650,0,0,80,23,4,0,0,0,2281,2155,2281,1,1,1,205
7179,5,650,0,0,241,153,4,1,0,0,2132,2287,2132,3,25,3,300
7180,3,651,0,0,17,3,0,2,0,1,2605,2430,2605,3,25,3,300
7181,3,651,0,0,59,57,1,1,0,0,2171,2242,2171,8,28,3,300
7182,3,651,0,0,71,51,4,0,1,0,2253,1929,2253,1,25,3,300
7183,3,651,0,0,120,103,0,1,0,0,2670,1802,2670,10,28,3,300
7184,3,651,0,0,100,76,3,1,0,0,2543,2467,2543,12,25,3,300
7185,2,651,2,0,54,19,1,0,1,0,2657,1910,2657,1,26,1,156
7186,3,651,0,0,64,55,2,0,0,0,2557,1848,2557,4,25,3,300
7187,3,651,0,0,29,34,0,1,0,0,2304,2377,2304,4,28,3,300
7188,1,651,1,0,30,20,0,0,1,0,2207,2059,2207,3,10,0,279
7189,2,651,1,0,53,39,0,2,0,2,2234,2003,2234,8,26,1,253
7190,1,651,0,0,3,0,0,0,0,0,2487,2004,2004,2,45,2,29
7191,2,651,0,0,81,35,0,2,0,0,2517,2109,2517,13,7,1,222
7192,5,651,1,0,152,87,3,0,0,0,2092,2470,2092,8,25,3,300
7193,3,652,0,0,85,44,2,0,0,0,1956,1803,1956,2,25,3,300
7194,3,652,0,0,41,22,1,2,0,2,2163,2050,2163,13,25,3,300
7195,3,652,1,0,65,85,2,1,0,0,2122,2020,2122,1,26,1,197
7196,3,652,0,0,66,95,1,0,0,0,2121,2178,2121,14,28,3,300
7197,1,652,0,0,22,4,1,0,0,2,2303,2137,2303,8,1,1,174
7198,1,652,1,0,11,3,0,0,1,0,2147,1804,2147,4,0,0,55
7199,1,652,0,0,6,3,1,0,0,0,2066,2434,2066,3,1,1,77
7200,1,652,0,0,13,14,2,0,2,0,2344,2244,2344,1,10,0,288
7201,3,652,0,0,66,85,1,0,0,0,2074,2523,2074,13,28,3,300
7202,3,652,0,0,72,36,1,0,0,0,2260,2598,2260,4,25,3,300
7203,3,652,0,0,30,13,3,0,1,0,2658,1805,2658,1,25,3,300
7204,2,652,1,0,81,47,0,1,0,0,2671,2185,2671,3,1,1,260
7205,3,653,0,0,115,56,2,3,0,1,2555,1806,2555,1,25,3,300
7206,1,653,1,0,2,2,0,0,0,0,2425,1850,2425,10,26,1,17
7207,1,653,0,0,18,3,2,1,1,0,2045,1832,2045,9,1,1,190
7208,3,653,0,0,44,55,4,0,2,0,2457,2102,2457,6,12,0,222
7209,2,653,0,0,21,26,0,1,1,0,2277,2173,2277,6,0,0,115
7210,1,653,1,0,17,0,0,0,0,0,2238,1930,2238,12,1,1,20
7211,3,653,0,1,61,25,2,0,1,2,2669,2415,2669,7,25,3,300
7212,1,653,1,0,8,2,0,0,0,0,1807,2515,1807,4,1,1,38
7213,1,653,1,0,7,2,0,0,0,0,2258,1862,2258,3,1,1,38
7214,3,653,1,0,125,100,0,1,1,0,2345,2285,2345,1,28,3,300
7215,2,653,1,0,62,31,1,1,0,0,2133,2115,2133,3,1,1,143
7216,5,653,1,0,129,147,6,2,0,0,2295,2420,2295,10,28,3,300
7217,3,653,0,0,66,40,7,0,0,0,2347,2040,2347,8,1,1,259
7218,3,654,0,0,60,12,10,0,0,0,2407,1808,2407,11,25,3,300
7219,3,654,1,0,44,37,3,0,0,0,1810,1809,1810,1,25,3,300
7220,3,654,0,0,46,81,2,0,0,0,2211,1811,2211,10,28,3,300
7221,3,654,1,1,96,64,1,0,1,0,2047,1812,2047,1,25,3,300
7222,3,654,0,0,100,39,3,0,1,0,2393,1813,2393,8,25,3,300
7223,1,654,0,0,3,2,1,0,0,0,1988,2034,1988,12,3,1,34
7224,3,654,0,0,64,36,0,3,0,0,2007,1814,2007,8,25,3,300
7225,2,654,0,0,8,6,0,2,1,0,2289,2510,2289,1,10,0,67
7226,3,654,0,0,47,22,3,1,0,0,2618,2042,2618,14,25,3,300
7227,2,654,1,0,50,31,0,1,3,0,2216,1815,2216,3,10,0,285
7228,1,654,1,0,38,14,0,0,0,0,2547,1984,2547,1,1,1,245
7229,3,654,0,0,83,32,1,3,0,0,2646,1964,2646,4,28,3,300
7230,2,654,0,0,27,20,0,0,0,1,1884,2604,2604,11,62,2,38
7231,1,655,0,1,21,18,1,0,1,0,2602,2016,2602,10,12,0,206
7232,3,655,0,0,56,54,2,0,0,0,2495,2146,2495,12,25,3,300
7233,3,655,0,0,85,35,2,0,0,0,2545,2072,2545,1,25,3,300
7234,3,655,0,0,15,22,3,0,3,0,2227,1919,2227,11,25,3,300
7235,3,655,2,0,54,28,13,0,0,0,1857,1876,1857,3,25,3,300
7236,3,655,0,0,95,36,0,0,0,0,2023,1997,2023,2,25,3,300
7237,2,655,0,0,42,20,0,2,1,0,2660,1845,2660,1,48,0,266
7238,2,655,2,0,63,44,0,0,0,0,1816,1817,1816,4,1,1,297
7239,3,655,0,0,48,70,1,0,0,0,2236,2614,2236,9,28,3,300
7240,3,655,1,0,59,23,3,0,2,0,2493,1924,2493,8,25,3,300
7241,3,655,0,0,61,49,1,0,0,0,2288,2589,2288,1,25,3,300
7242,2,655,0,0,40,24,2,2,1,0,2152,2179,2152,3,7,1,280
7243,3,655,1,1,84,58,1,0,0,0,2480,2466,2480,8,25,3,300
7244,1,655,0,0,9,6,1,0,1,0,2123,2026,2123,13,6,0,115
7245,1,655,1,0,13,4,0,0,0,0,2222,2504,2222,2,26,1,73
7246,3,656,0,0,36,11,3,0,1,0,2082,2348,2082,13,6,0,131
7247,3,656,1,1,69,52,1,0,0,0,2395,1962,2395,4,59,1,156
7248,2,656,0,0,60,36,0,1,1,0,2169,2529,2169,4,10,0,157
7249,2,656,1,0,32,32,0,0,0,0,2654,1867,2654,3,36,1,33
7250,3,656,0,0,109,88,0,0,0,0,2031,1895,2031,10,25,3,300
7251,1,656,0,0,3,1,1,0,1,0,2248,1959,2248,4,0,0,73
7252,1,656,0,0,9,4,0,0,1,0,2558,2516,2558,4,48,0,159
7253,3,656,0,0,137,54,0,0,1,0,2664,1916,2664,1,12,0,294
7254,1,656,1,0,17,1,0,0,0,0,2325,1863,2325,2,1,1,33
7255,3,656,0,0,70,52,0,3,1,2,2188,2292,2188,6,28,3,300
7256,2,656,1,0,41,27,0,0,0,0,2329,2105,2329,1,36,1,60
7257,2,657,0,0,26,4,2,0,2,0,2271,2384,2271,10,10,0,191
7258,3,657,0,0,71,42,4,0,0,0,2039,2584,2039,8,25,3,300
7259,3,657,0,0,38,26,4,0,1,3,2601,1950,2601,10,25,3,300
7260,3,657,0,0,100,67,0,3,1,0,1985,1966,1985,8,25,3,300
7261,3,657,0,0,5,18,0,3,1,2,1995,2233,1995,4,44,0,110
7262,3,657,1,0,72,46,1,3,0,0,2592,2611,2592,9,25,3,300
7263,3,657,0,0,56,43,3,0,0,0,2215,2508,2215,1,25,3,300
7264,3,657,0,0,120,68,0,0,0,0,2580,1818,2580,6,25,3,300
7265,1,657,0,0,0,0,0,1,3,0,2346,1819,2346,8,51,0,98
7266,1,657,1,0,10,4,0,0,0,0,2361,2305,2361,6,26,1,82
7267,2,657,0,0,23,11,3,0,1,0,2554,2129,2554,12,0,0,91
7268,5,657,0,0,34,9,7,1,1,0,2187,2439,2187,7,25,3,300
7269,1,658,0,0,63,24,0,0,0,0,2300,2373,2300,13,1,1,221
7270,1,658,0,0,18,8,2,0,1,0,2110,1993,2110,9,55,0,227
7271,3,658,0,0,86,6,1,1,4,0,2209,2225,2209,12,1,1,221
7272,1,658,0,0,42,26,1,0,1,0,2106,1872,2106,2,41,0,251
7273,1,658,0,0,35,2,1,0,0,0,2232,2600,2232,8,7,1,288
7274,1,658,0,0,30,1,0,0,0,0,2510,1843,2510,1,1,1,85
7275,1,658,1,0,7,4,0,0,0,0,2114,1820,2114,9,26,1,139
7276,3,658,0,0,31,14,0,2,2,0,1907,1868,1907,3,25,3,300
7277,3,658,0,0,67,53,2,0,0,0,1879,1821,1879,3,25,3,300
7278,2,658,0,0,10,10,2,1,1,0,2127,2044,2127,12,12,0,222
7279,1,658,1,0,16,8,0,0,0,0,2186,1822,2186,6,26,1,160
7280,3,658,0,0,77,95,1,0,0,0,2562,1823,2562,8,25,3,300
7281,5,658,0,0,72,66,8,2,0,1,2549,1952,2549,4,25,3,300
7282,1,659,1,0,30,16,1,0,1,0,2587,1870,2587,13,0,0,299
7283,3,659,0,0,70,43,0,0,0,0,2324,2009,2324,13,25,3,300
7284,3,659,1,0,57,76,2,1,0,0,2166,2629,2166,3,28,3,300
7285,3,659,0,0,160,164,0,0,0,0,2057,2202,2057,9,25,3,300
7286,2,659,0,0,61,44,0,2,2,0,2069,2138,2069,1,5,0,159
7287,1,659,0,0,5,2,1,0,0,0,2435,1915,2435,3,7,1,103
7288,3,659,0,0,70,37,0,0,0,0,2451,1977,2451,3,25,3,300
7289,3,659,0,0,141,113,0,0,0,0,2418,1958,2418,9,25,3,300
7290,3,659,0,0,79,90,2,4,1,0,2371,2110,2371,9,25,3,300
7291,3,659,0,0,91,27,2,0,0,0,2279,2304,2279,4,25,3,300
7292,5,659,1,0,163,24,6,0,0,2,2261,2468,2261,12,25,3,300
7293,2,659,1,0,25,17,0,0,0,0,2327,2620,2327,9,1,1,51
7294,3,660,1,1,56,30,1,0,0,0,2019,1917,2019,8,25,3,300
7295,2,660,0,0,47,11,0,3,0,0,2576,1886,2576,13,7,1,289
7296,1,660,1,0,40,17,0,0,0,0,2070,1824,2070,4,26,1,229
7297,3,660,1,0,75,112,0,0,0,0,1975,2165,1975,4,25,3,300
7298,1,660,0,0,44,29,1,0,0,0,2365,2386,2365,3,1,1,256
7299,1,660,1,0,45,15,0,0,0,0,1954,2125,1954,9,1,1,256
7300,1,660,1,0,15,14,0,0,0,0,2667,2101,2667,2,1,1,181
7301,1,660,1,0,8,2,0,0,0,0,2632,1825,2632,2,26,1,84
7302,3,660,0,0,61,55,0,0,0,0,2257,1826,2257,13,25,3,300
7303,3,660,0,0,36,15,4,0,3,1,2119,1859,2119,9,25,3,300
7304,3,660,0,0,65,62,0,0,0,0,2309,1890,2309,8,25,3,300
7305,3,660,0,0,91,59,1,0,0,0,2049,2609,2049,6,28,3,300
7306,3,660,2,0,75,34,0,0,1,0,2443,1827,2443,8,26,1,23
7307,3,661,0,0,126,39,0,0,0,0,2241,1828,2241,7,25,3,300
7308,1,661,0,0,4,7,2,0,1,0,2362,1892,2362,9,12,0,255
7309,3,661,0,0,40,18,0,5,0,1,2380,2617,2380,11,25,3,300
7310,3,661,0,0,98,77,6,0,0,0,2079,2151,2079,4,25,3,300
7311,3,661,0,0,84,48,0,2,0,0,1933,2021,1933,9,25,3,300
7312,1,661,1,0,26,9,0,0,0,0,2306,2537,2306,8,21,1,231
7313,3,661,0,0,52,28,0,0,2,0,2651,1906,2651,8,36,1,140
7314,1,661,1,0,26,8,1,0,1,0,2278,2291,2278,6,10,0,226
7315,2,661,0,0,101,24,5,1,0,1,2344,2586,2344,1,1,1,284
7316,3,661,0,0,58,60,0,0,0,0,2205,2323,2205,13,25,3,300
7317,2,661,0,0,109,11,0,0,0,0,2221,2392,2221,2,1,1,224
7318,1,662,0,0,29,39,1,0,1,0,2002,2141,2002,4,10,0,289
7319,1,662,0,0,2,1,1,0,1,0,2028,1829,2028,8,10,0,59
7320,3,662,0,0,35,44,1,0,0,0,2548,1830,2548,4,25,3,300
7321,3,662,0,0,171,148,0,0,0,0,2218,1854,2218,1,25,3,300
7322,3,662,0,0,88,83,0,0,0,0,2340,1831,2340,1,25,3,300
7323,2,662,0,0,38,41,1,0,0,0,2253,2171,2253,8,3,1,199
7324,3,662,1,0,81,58,1,1,1,0,2569,1935,2569,6,10,0,289
7325,1,662,1,0,16,8,0,0,0,0,1869,1880,1869,6,26,1,132
7326,1,662,1,0,11,7,0,0,0,0,2004,2487,2004,2,26,1,82
7327,3,662,1,0,112,99,1,0,0,0,2310,2024,2310,10,25,3,300
7328,2,662,1,0,93,28,0,0,1,0,2668,2636,2668,2,4,0,277
7329,5,662,1,0,137,94,0,0,0,0,2671,2520,2671,3,25,3,300
7330,3,663,0,0,81,8,3,0,0,0,1982,1887,1982,12,25,3,300
7331,1,663,1,0,43,14,0,0,0,0,2167,1922,2167,1,1,1,218
7332,3,663,0,0,103,77,0,2,0,0,2256,2588,2256,13,25,3,300
7333,1,663,0,0,12,4,0,1,1,0,2415,1865,1865,10,33,2,227
7334,2,663,1,0,49,38,0,0,0,0,2654,1907,2654,3,26,1,284
7335,2,663,1,0,21,3,5,0,6,0,2553,2063,2553,12,10,0,218
7336,3,663,0,0,82,72,0,0,0,0,2509,1983,2509,8,25,3,300
7337,2,663,0,0,36,38,0,0,1,0,2416,1883,2416,1,44,0,206
7338,1,663,1,0,18,6,0,0,0,0,2438,1832,2438,9,1,1,54
7339,3,663,0,0,105,127,0,0,0,0,2646,2558,2646,4,28,3,300
7340,5,663,1,0,84,80,1,4,1,1,2518,2262,2262,13,28,3,300
7341,3,664,0,0,69,60,3,0,0,1,2448,1947,2448,11,28,3,300
7342,3,664,0,0,55,47,1,1,0,0,2208,1833,2208,12,25,3,300
7343,3,664,0,0,85,87,1,0,0,2,2084,1834,2084,2,25,3,300
7344,1,664,0,0,2,28,1,1,0,0,2430,2630,2430,3,37,2,255
7345,3,664,2,0,104,51,0,1,0,0,1936,1835,1936,4,1,1,75
7346,3,664,0,0,33,43,2,2,2,0,1941,2237,2237,9,33,2,300
7347,1,664,0,0,8,0,0,2,1,1,2591,2195,2591,8,0,0,192
7348,2,664,0,0,45,25,1,0,1,0,1978,1836,1978,4,10,0,272
7349,2,664,0,0,70,13,1,1,0,0,2053,1905,2053,12,1,1,162
7350,3,664,0,0,23,18,5,0,1,0,2112,2394,2112,8,25,3,300
7351,2,664,0,0,16,18,1,0,0,0,2556,2343,2556,1,3,1,123
7352,3,665,0,0,65,67,0,0,0,0,2576,1896,2576,13,25,3,300
7353,3,665,1,0,44,7,2,4,0,3,2201,1837,2201,9,25,3,300
7354,3,665,0,0,31,34,0,5,0,0,2078,1838,2078,12,25,3,300
7355,1,665,0,0,29,3,0,0,0,0,1900,1866,1900,10,1,1,280
7356,3,665,0,0,141,99,1,2,0,0,2191,2035,2191,12,25,3,300
7357,3,665,1,0,110,75,1,0,0,0,1912,2615,1912,8,25,3,300
7358,1,665,1,0,30,5,0,0,0,0,2437,1921,2437,1,1,1,156
7359,3,665,0,0,68,40,2,1,0,0,2665,2359,2665,4,25,3,300
7360,2,665,0,0,26,11,3,0,2,1,2519,1994,2519,3,12,0,125
7361,1,665,1,0,7,0,0,0,0,0,2664,2658,2664,1,26,1,33
7362,3,666,0,0,117,102,1,0,0,0,1891,1839,1891,12,25,3,300
7363,3,666,0,0,110,38,0,2,0,0,2177,2046,2177,9,25,3,300
7364,3,666,0,1,52,48,0,1,0,0,2085,2193,2085,11,25,3,300
7365,1,666,1,0,14,1,0,0,0,0,2510,1928,2510,1,32,1,20
7366,3,666,0,0,18,15,3,2,0,0,2197,2471,2197,11,25,3,300
7367,3,666,0,0,11,15,5,2,2,0,2037,1840,2037,8,10,0,143
7368,3,666,0,0,83,73,3,0,2,1,2126,2045,2126,9,25,3,300
7369,1,666,1,0,6,0,0,0,0,0,2387,2166,2387,3,26,1,66
7370,2,666,2,0,36,20,0,0,0,0,1967,2497,1967,9,21,1,146
7371,3,666,0,0,24,41,2,2,1,0,2089,1841,2089,13,25,3,300
7372,5,666,1,1,164,178,3,1,0,0,2286,2067,2286,8,25,3,300
7373,3,667,0,0,113,65,0,3,0,0,2113,2059,2113,3,25,3,300
7374,3,667,1,0,74,47,0,1,0,0,1988,1842,1988,12,25,3,300
7375,3,667,0,0,48,50,4,2,0,0,2283,2480,2283,8,25,3,300
7376,3,667,1,0,92,103,0,0,0,0,1843,2001,1843,1,26,1,180
7377,3,667,0,0,34,41,1,2,0,0,2605,1844,2605,3,25,3,300
7378,2,667,0,0,30,25,1,0,0,0,2355,2033,2033,9,45,2,15
7379,3,667,0,0,61,43,4,1,0,1,1929,2108,1929,1,25,3,300
7380,3,667,0,0,14,30,3,1,1,2,1914,2642,1914,10,12,0,183
7381,1,667,0,0,5,1,0,0,1,0,2111,2351,2111,9,0,0,73
7382,1,667,1,0,26,12,0,0,0,0,2217,1893,2217,3,1,1,127
7383,1,667,0,0,13,14,1,0,0,0,2189,2563,2563,6,45,2,193
7384,3,667,0,0,38,36,4,0,1,0,2672,2083,2672,3,34,3,300
7385,1,667,1,0,24,4,0,0,0,0,2263,2347,2263,1,36,1,186
7386,3,668,0,0,13,23,3,1,0,0,1845,2150,1845,1,28,3,300
7387,2,668,0,0,57,5,3,0,0,0,2352,2225,2352,12,1,1,134
7388,3,668,0,0,76,62,5,1,0,0,2252,2238,2252,12,25,3,300
7389,2,668,1,0,8,9,1,0,0,0,2457,2316,2457,6,26,1,63
7390,3,668,1,0,87,75,1,0,0,1,2147,2120,2120,4,34,3,300
7391,1,668,1,0,16,8,0,0,0,0,2122,1913,2122,7,26,1,241
7392,3,668,1,0,51,38,0,0,0,0,2441,2185,2441,3,25,3,300
7393,3,668,0,0,70,79,0,0,0,0,1955,2051,1955,2,25,3,300
7394,2,668,1,0,53,39,0,3,0,1,2273,2248,2273,4,13,1,273
7395,5,668,0,0,38,20,6,0,4,0,2367,2325,2367,2,25,3,300
7396,1,669,1,0,14,3,0,0,0,0,2242,2584,2242,8,26,1,49
7397,3,669,0,0,156,75,2,0,0,0,2670,2412,2670,10,25,3,300
7398,3,669,0,0,111,88,3,0,0,0,2574,1903,2574,7,25,3,300
7399,1,669,1,0,36,35,0,0,0,0,2655,1846,2655,1,26,1,282
7400,3,669,1,0,91,143,4,0,0,0,2289,2250,2250,1,34,3,300
7401,1,669,0,0,10,2,2,0,1,0,2657,1934,2657,1,6,0,188
7402,3,669,0,0,98,84,0,0,0,0,2553,2543,2553,12,28,3,300
7403,3,669,0,0,74,54,1,1,1,0,2641,2532,2641,10,25,3,300
7404,1,669,1,0,13,7,0,0,0,0,2346,2652,2346,8,1,1,90
7405,1,669,1,0,6,5,0,2,0,0,2344,2204,2344,1,36,1,91
7406,2,669,4,0,53,49,0,0,0,0,2129,2220,2129,12,26,1,195
7407,1,669,1,0,10,1,0,0,0,0,2222,2143,2222,2,26,1,69
7408,2,669,1,0,38,30,0,1,1,0,2188,2570,2188,6,7,1,248
7409,3,670,0,0,18,72,3,0,1,0,2539,2461,2539,10,25,3,300
7410,3,670,0,0,58,14,3,0,1,0,1991,2086,2086,1,33,2,191
7411,3,670,0,0,42,20,2,0,0,1,2407,1909,2407,11,25,3,300
7412,1,670,1,0,4,11,1,0,0,0,2073,1998,2073,8,26,1,91
7413,3,670,0,0,39,76,3,0,0,0,2023,1960,2023,2,25,3,300
7414,2,670,1,0,65,30,0,0,0,0,2485,1915,2485,3,1,1,264
7415,3,670,0,0,63,26,1,4,1,0,1993,1953,1993,9,10,0,289
7416,2,670,0,0,8,14,1,1,1,0,2303,1943,2303,8,0,0,234
7417,2,670,0,0,8,14,7,0,1,0,2458,2395,2458,4,23,0,252
7418,3,670,1,0,87,55,0,1,0,0,2109,2061,2109,12,1,1,233
7419,3,670,0,0,28,5,0,2,1,0,2293,1847,2293,9,10,0,58
7420,1,670,0,0,1,3,0,0,1,0,2506,2375,2506,1,10,0,178
7421,3,670,0,0,84,57,0,0,0,0,2260,2169,2260,4,25,3,300
7422,3,670,0,0,32,6,2,0,2,1,2207,2152,2207,3,10,0,38
7423,3,671,0,0,43,43,1,1,0,0,2175,2575,2175,13,28,3,300
7424,2,671,0,0,53,37,1,1,1,0,1944,1848,1944,4,10,0,71
7425,2,671,0,1,80,73,1,0,0,0,2421,1992,2421,6,1,1,257
7426,1,671,0,0,2,1,0,1,0,0,2128,1987,2128,1,35,1,101
7427,1,671,0,0,9,4,1,0,0,1,2430,2388,2430,3,35,1,109
7428,3,671,0,0,32,3,4,0,1,0,2054,2005,2054,11,10,0,75
7429,2,671,1,0,64,31,4,0,1,0,2160,2378,2160,3,10,0,250
7430,3,671,0,0,46,43,2,2,2,0,2155,1976,2155,1,25,3,300
7431,3,671,0,0,14,18,5,0,3,0,2666,2550,2666,4,41,0,103
7432,3,671,0,0,45,46,4,0,0,0,2319,2439,2319,9,25,3,300
7433,1,671,1,0,33,15,0,0,0,0,2285,2664,2285,1,1,1,169
7434,1,671,1,0,8,2,0,0,0,0,2281,2644,2281,1,26,1,64
7435,3,672,0,0,36,57,1,0,0,0,2596,2068,2596,12,28,3,300
7436,2,672,1,0,33,2,0,0,0,0,2669,2062,2669,10,1,1,55
7437,3,672,0,0,53,44,2,1,0,0,2300,1849,2300,11,25,3,300
7438,2,672,1,0,29,6,0,2,1,0,2235,2393,2235,1,7,1,61
7439,2,672,2,0,50,47,0,0,0,0,2200,1850,2200,10,26,1,239
7440,3,672,0,0,134,62,1,0,0,0,2002,1975,2002,4,25,3,300
7441,3,672,0,0,14,27,11,0,0,0,2179,2216,2179,3,28,3,300
7442,1,672,0,0,10,10,1,0,1,0,2642,2426,2642,9,12,0,242
7443,1,672,2,0,16,8,0,0,0,0,2218,2340,2218,1,1,1,104
7444,3,672,1,0,53,47,0,0,0,0,2186,2049,2186,6,26,1,56
7445,5,672,0,0,77,87,2,0,0,0,2326,2177,2326,9,25,3,300
7446,2,673,0,0,49,8,0,0,0,0,2638,2106,2638,2,1,1,56
7447,1,673,1,0,20,10,0,0,0,0,2466,2194,2466,8,26,1,212
7448,2,673,1,0,24,32,2,0,5,0,2275,2601,2275,10,10,0,265
7449,2,673,0,0,64,31,1,0,1,0,2074,2502,2074,13,6,0,78
7450,1,673,1,0,20,17,0,0,0,0,2433,1911,2433,9,26,1,222
7451,3,673,0,0,145,204,0,0,0,0,1931,2121,1931,11,25,3,300
7452,3,673,1,0,68,93,1,0,0,0,2277,2361,2277,6,25,3,300
7453,1,673,1,0,2,0,0,0,0,0,2470,2112,2470,8,26,1,117
7454,3,673,1,0,106,62,1,0,0,0,2328,1916,2328,1,25,3,300
7455,2,673,0,0,28,16,1,0,2,0,1981,2099,1981,4,10,0,296
7456,5,673,0,0,95,111,8,0,1,0,2295,2311,2295,10,25,3,300
7457,5,673,0,0,57,44,2,2,2,0,2259,1986,2259,4,25,3,300
7458,2,674,1,0,83,50,1,2,0,0,2670,2414,2670,10,1,1,271
7459,1,674,1,0,21,12,0,0,0,0,2086,2168,2086,1,1,1,63
7460,1,674,1,0,25,11,1,0,0,0,2321,2137,2321,8,26,1,252
7461,3,674,0,0,42,40,5,0,1,0,2362,1933,2362,9,25,3,300
7462,2,674,1,0,65,28,1,0,0,0,2114,2052,2114,9,1,1,209
7463,3,674,0,0,47,28,7,1,2,2,1990,1962,1990,4,25,3,300
7464,3,674,0,0,49,58,0,0,0,0,2667,1904,2667,2,25,3,300
7465,1,674,1,0,19,13,1,0,0,0,2434,1851,2434,3,26,1,295
7466,3,674,0,0,112,45,0,2,0,0,2371,2498,2371,9,25,3,300
7467,3,674,0,0,80,80,2,0,1,0,2656,1885,2656,1,23,0,205
7468,2,674,1,0,39,24,0,0,0,0,2189,2563,2189,6,26,1,162
7469,2,675,0,0,3,37,1,1,4,1,2048,1852,2048,10,12,0,77
7470,3,675,1,0,93,24,2,0,3,0,2588,2348,2588,11,44,0,261
7471,1,675,0,0,5,1,1,0,1,0,2489,1853,2489,4,10,0,123
7472,2,675,0,0,23,12,2,0,1,0,2467,2044,2467,12,1,1,192
7473,3,675,1,0,62,79,0,0,0,0,2170,2055,2170,9,28,3,300
7474,3,675,0,0,80,60,1,0,0,1,2039,2591,2039,8,28,3,300
7475,3,675,0,0,105,64,0,4,0,0,1954,2057,1954,9,25,3,300
7476,3,675,0,0,51,59,5,0,0,1,2494,2322,2494,8,25,3,300
7477,3,675,0,0,140,122,0,0,0,0,2459,2364,2459,3,28,3,300
7478,3,675,0,0,57,45,1,4,0,0,2304,2593,2304,4,1,1,285
7479,5,675,0,0,134,69,1,3,2,3,1939,2604,1939,11,25,3,300
7480,5,675,0,0,137,173,6,0,0,0,2133,2671,2133,3,28,3,300
7481,3,676,0,0,65,58,0,1,0,0,1997,2533,1997,2,25,3,300
7482,3,676,0,0,60,55,0,1,0,0,2551,1854,2551,1,25,3,300
7483,3,676,0,0,66,16,2,1,0,3,2163,2123,2163,13,1,1,292
7484,3,676,0,0,49,19,2,0,0,0,2058,1855,2058,8,25,3,300
7485,1,676,1,0,12,0,0,0,0,0,2623,1856,2623,4,26,1,32
7486,3,676,0,1,76,38,2,2,3,1,2461,2211,2461,10,25,3,300
7487,1,676,0,0,42,29,2,0,1,0,2026,2035,2026,12,6,0,299
7488,1,676,2,0,30,16,0,0,0,0,2548,2124,2548,4,26,1,287
7489,1,676,0,0,1,1,0,0,0,0,1858,1857,1857,3,45,2,11
7490,3,676,0,0,38,26,0,1,0,0,2324,2089,2324,13,25,3,300
7491,1,676,1,0,13,10,0,0,0,0,2557,2245,2557,4,26,1,197
7492,3,676,0,0,23,23,3,1,0,0,2546,2437,2546,1,25,3,300
7493,5,676,1,0,112,34,0,0,1,0,2153,2486,2153,3,34,3,300
7494,2,677,0,0,81,45,0,0,0,0,2236,2201,2201,9,45,2,208
7495,2,677,1,0,79,26,1,0,2,0,2243,1859,2243,8,1,1,132
7496,1,677,1,0,10,17,0,0,0,0,2291,1860,2291,6,1,1,218
7497,3,677,0,0,26,32,1,1,0,0,2598,2233,2598,4,28,3,300
7498,3,677,0,0,101,53,1,0,0,0,2102,1861,2102,6,25,3,300
7499,3,677,0,0,58,28,1,1,0,0,2161,2495,2161,12,25,3,300
7500,3,677,0,0,60,33,1,1,0,0,2453,2229,2453,1,28,3,300
7501,2,677,1,0,37,68,0,0,0,0,2645,1959,2645,4,26,1,243
7502,1,677,0,0,6,9,3,0,1,0,2608,2011,2608,3,12,0,288
7503,3,677,0,0,61,33,4,0,0,0,2436,2529,2436,1,25,3,300
7504,3,677,0,0,71,37,2,0,0,0,2435,2451,2435,3,1,1,55
7505,3,677,1,0,67,32,0,0,0,0,1992,2633,1992,3,25,3,300
7506,1,677,1,0,11,8,0,0,0,0,2394,2466,2394,8,26,1,163
7507,5,677,0,0,121,92,1,0,0,0,2276,2519,2276,3,25,3,300
7508,3,678,0,0,66,36,3,2,0,1,2082,2009,2082,13,25,3,300
7509,3,678,0,1,70,23,3,2,0,0,2337,1862,2337,4,25,3,300
7510,3,678,1,0,95,39,0,0,0,0,2199,1901,2199,4,1,1,78
7511,1,678,1,0,17,14,0,0,0,0,2145,2541,2145,6,26,1,101
7512,3,678,0,0,38,12,3,0,0,0,2119,2017,2119,9,25,3,300
7513,2,678,1,0,33,11,1,0,0,0,1863,2632,1863,2,36,1,74
7514,3,678,1,0,41,21,2,1,0,0,2468,2220,2468,12,25,3,300
7515,2,678,0,0,34,35,3,0,2,0,2397,2654,2397,3,10,0,203
7516,3,678,0,0,74,29,5,1,1,0,2297,2294,2297,9,25,3,300
7517,3,678,0,0,67,46,0,0,0,0,2279,2396,2279,4,28,3,300
7518,3,678,0,0,95,67,0,0,0,0,2115,2567,2115,3,25,3,300
7519,2,678,1,0,35,47,0,0,0,0,2092,2347,2092,8,26,1,212
7520,1,679,0,0,1,0,1,0,0,0,2283,2399,2283,8,3,1,44
7521,3,679,0,0,37,40,0,9,1,0,2024,1932,2024,10,28,3,300
7522,2,679,0,0,31,41,0,4,1,0,2030,1864,2030,10,10,0,299
7523,3,679,0,0,31,4,0,7,1,0,2288,2156,2288,1,28,3,300
7524,1,679,0,0,9,4,0,1,1,0,2415,1865,2415,10,5,0,137
7525,3,679,0,0,19,18,1,4,1,1,2425,1866,2425,10,28,3,300
7526,3,679,0,0,43,29,2,2,2,0,2611,2405,2611,9,10,0,124
7527,1,679,0,0,3,1,2,1,1,0,2290,2545,2290,1,10,0,106
7528,3,679,0,0,94,83,0,0,0,0,1930,2444,1930,12,25,3,300
7529,3,679,0,0,120,90,0,0,0,0,2416,2547,2416,1,25,3,300
7530,3,679,0,1,28,55,3,0,1,0,2144,2040,2144,8,12,0,58
7531,5,679,0,0,145,112,1,3,0,0,2311,2420,2311,10,28,3,300
7532,3,680,1,0,39,38,4,3,0,0,1910,2473,1910,1,26,1,49
7533,1,680,1,0,60,36,2,0,0,0,2215,2018,2215,1,36,1,276
7534,2,680,0,0,65,4,1,0,0,0,2485,1867,2485,3,1,1,117
7535,3,680,0,0,75,67,0,0,0,0,2206,2355,2206,9,25,3,300
7536,3,680,1,0,67,45,2,3,0,0,2370,1996,2370,9,38,1,281
7537,3,680,0,1,23,20,5,0,0,0,2450,1868,2450,3,25,3,300
7538,2,680,1,0,34,22,0,0,0,0,2641,2247,2641,10,26,1,26
7539,3,680,0,1,68,3,5,0,0,0,2320,2269,2320,9,25,3,300
7540,3,680,0,0,47,30,3,0,0,0,1914,2315,1914,10,25,3,300
7541,3,680,0,0,27,30,3,0,0,0,2457,1869,2457,6,25,3,300
7542,4,680,0,0,127,22,0,1,0,0,2000,2638,2000,2,3,1,300
7543,3,681,0,0,136,102,1,1,0,0,1871,1870,1871,13,28,3,300
7544,3,681,0,0,44,29,9,0,0,0,2271,2031,2271,10,25,3,300
7545,1,681,1,0,7,2,0,0,0,0,1945,1872,1945,2,26,1,18
7546,1,681,0,0,11,1,0,0,1,0,2387,2365,2387,3,10,0,61
7547,3,681,0,0,67,47,2,0,0,0,1873,2463,1873,6,25,3,300
7548,3,681,0,0,114,52,0,1,0,0,2592,1958,2592,9,25,3,300
7549,3,681,0,1,57,36,11,0,0,0,2556,1952,2556,1,25,3,300
7550,3,681,0,0,84,66,4,1,0,0,2517,1874,2517,13,25,3,300
7551,2,681,0,0,16,1,0,9,0,0,2566,2367,2566,2,1,1,36
7552,3,681,0,0,99,86,2,1,0,0,2296,2326,2296,9,25,3,300
7553,3,681,1,0,67,27,0,7,0,0,2646,2594,2646,4,7,1,223
7554,3,681,0,0,41,29,0,2,0,1,2490,2558,2490,4,25,3,300
7555,2,681,1,0,28,50,0,3,4,1,2105,2344,2105,1,26,1,152
7556,5,681,0,0,230,89,0,0,0,0,2327,2418,2327,9,25,3,300
7557,3,682,0,0,85,21,0,4,0,0,1953,1920,1953,9,25,3,300
7558,3,682,1,0,25,16,2,0,1,0,2586,2095,2586,1,36,1,15
7559,1,682,0,0,3,4,0,1,4,0,2209,1942,2209,12,6,0,98
7560,3,682,0,0,45,87,4,0,1,0,2483,1924,2483,8,28,3,300
7561,1,682,0,0,21,0,1,0,2,0,2602,2384,2602,10,10,0,267
7562,3,682,0,0,58,47,2,0,0,0,2042,2014,2042,11,25,3,300
7563,2,682,1,0,3,8,0,1,1,0,2094,1875,2094,1,12,0,103
7564,2,682,0,0,11,12,3,0,2,0,2629,1876,2629,3,10,0,263
7565,1,682,0,0,4,2,2,1,1,0,2406,1919,2406,11,10,0,234
7566,3,682,0,0,48,22,0,7,0,2,2126,2232,2126,8,28,3,300
7567,3,682,1,0,143,106,0,0,0,0,1938,2305,1938,6,28,3,300
7568,2,682,0,0,27,23,1,0,0,0,1978,2079,2079,4,45,2,60
7569,1,682,0,0,27,15,1,0,1,0,2504,2636,2504,2,10,0,248
7570,3,683,0,0,72,57,0,0,0,0,2023,2084,2023,2,25,3,300
7571,2,683,0,0,30,36,1,5,2,0,2015,1877,2015,10,37,2,172
7572,3,683,0,0,57,25,0,3,0,0,2577,2448,2577,11,25,3,300
7573,3,683,1,0,105,63,0,1,0,0,1917,2107,1917,8,25,3,300
7574,3,683,0,0,25,18,2,1,0,0,2237,2202,2237,9,25,3,300
7575,1,683,0,0,4,7,0,2,1,0,2514,2195,2514,8,0,0,135
7576,3,683,0,0,35,29,3,0,0,0,1991,2069,1991,1,25,3,300
7577,1,683,1,0,34,5,0,0,1,0,1983,1878,1983,8,48,0,165
7578,2,683,0,0,33,10,2,0,2,0,2619,1985,2619,8,10,0,110
7579,2,683,1,0,79,31,0,0,0,0,2293,2045,2293,9,1,1,21
7580,1,683,1,0,27,15,1,0,0,0,2180,1879,2180,3,1,1,273
7581,3,683,0,0,40,21,7,0,1,0,1918,2004,1918,2,25,3,300
7582,5,683,0,0,93,83,1,4,0,0,2323,2109,2323,13,25,3,300
7583,3,684,0,0,140,88,3,0,0,0,2021,2410,2021,9,25,3,300
7584,2,684,0,0,20,13,0,1,0,0,2630,2166,2630,3,36,1,39
7585,3,684,1,0,74,55,0,0,0,0,2284,1880,2284,6,26,1,92
7586,3,684,1,0,83,60,0,1,0,0,2584,2064,2584,8,26,1,22
7587,2,684,2,0,29,15,0,0,0,0,1881,1923,1881,8,26,1,120
7588,3,684,0,0,30,38,2,0,3,0,2544,2553,2544,12,25,3,300
7589,1,684,1,0,37,39,0,0,0,0,2561,2242,2561,8,26,1,283
7590,3,684,0,0,64,30,0,0,0,0,2386,2151,2386,4,28,3,300
7591,1,684,0,0,32,30,0,0,0,0,2509,1912,2509,8,1,1,240
7592,1,684,1,0,12,1,0,0,0,0,2066,2605,2066,3,26,1,198
7593,3,684,1,0,75,30,1,0,0,0,1977,2059,1977,3,25,3,138
7594,2,684,0,0,55,21,0,0,0,0,2665,2549,2665,4,1,1,197
7595,5,684,0,0,172,130,1,0,0,1,2205,2257,2205,13,25,3,300
7596,2,685,1,0,36,11,0,1,0,0,2380,2085,2380,11,32,1,186
7597,2,685,0,0,29,1,0,3,0,0,2308,2006,2308,3,7,1,133
7598,2,685,0,0,19,14,2,9,1,0,2363,1941,2363,9,0,0,299
7599,3,685,1,0,68,42,0,1,0,0,1951,2032,1951,9,25,3,300
7600,3,685,0,0,11,16,6,0,0,0,2618,1882,2618,11,25,3,300
7601,3,685,0,0,58,33,0,4,0,0,2101,2214,2101,2,25,3,300
7602,3,685,0,0,38,60,0,1,1,0,2359,2081,2359,4,25,3,300
7603,3,685,0,0,54,47,4,2,0,0,2167,1929,2167,1,25,3,300
7604,1,685,1,0,40,17,0,0,0,0,2508,1883,2508,1,36,1,214
7605,3,685,0,0,71,49,1,2,0,1,2253,2306,2253,8,28,3,300
7606,3,685,0,1,42,32,3,0,0,0,1966,2615,1966,8,28,3,300
7607,5,685,0,0,112,124,6,0,0,0,2207,2459,2207,3,28,3,300
7608,2,686,0,0,13,16,1,0,2,0,2319,2433,2319,9,10,0,242
7609,3,686,1,0,186,57,1,0,0,0,2664,2656,2664,1,25,3,300
7610,3,686,0,0,89,82,1,0,0,1,2129,2053,2129,12,28,3,300
7611,2,686,0,1,36,16,2,0,0,0,2546,2285,2546,1,1,1,251
7612,1,686,2,0,26,2,0,0,0,0,2346,2067,2346,8,1,1,89
7613,2,686,0,0,51,2,2,0,1,0,2076,1884,2076,11,10,0,107
7614,3,686,0,0,39,8,8,0,0,0,2620,2098,2620,8,25,3,300
7615,2,686,0,0,69,58,1,0,0,0,2570,2219,2570,6,1,1,197
7616,2,686,0,0,8,4,3,0,2,0,2258,2430,2258,3,10,0,218
7617,3,686,0,0,49,19,2,0,0,4,2281,2442,2281,1,28,3,300
7618,5,686,1,0,181,103,0,0,0,0,2443,2329,2443,1,26,1,299
7619,5,686,0,1,106,43,6,3,2,0,2261,2038,2261,12,25,3,300
7620,1,686,1,0,24,12,0,0,0,0,2188,2087,2188,6,26,1,194
7621,3,687,0,0,97,121,0,0,0,0,2140,1885,2140,1,28,3,300
7622,3,687,0,0,36,24,3,1,1,0,2050,1886,2050,13,12,0,89
7623,1,687,0,0,12,19,3,0,1,0,2552,1968,2552,1,10,0,273
7624,3,687,0,0,80,31,1,2,0,1,2356,1887,2356,12,25,3,300
7625,3,687,1,0,67,76,0,0,0,0,2051,1960,2051,2,25,3,300
7626,3,687,0,0,88,92,3,0,0,0,2138,1888,2138,1,25,3,300
7627,3,687,2,0,109,54,0,0,0,0,2033,1889,2033,9,1,1,156
7628,1,687,1,0,7,7,0,0,0,0,2395,1936,2395,4,26,1,129
7629,3,687,0,0,58,57,0,5,1,1,2234,1943,2234,8,25,3,300
7630,2,687,1,0,20,17,0,1,0,0,2196,2487,2196,2,26,1,132
7631,3,687,0,0,27,42,5,0,0,0,2587,2074,2587,13,25,3,300
7632,2,687,1,0,31,15,0,1,0,1,2291,2609,2291,6,1,1,196
7633,2,687,1,0,28,22,0,0,0,0,2315,1948,2315,10,26,1,136
7634,2,688,1,0,46,18,0,0,0,0,2532,2412,2532,10,1,1,95
7635,3,688,0,0,111,61,1,1,0,0,2244,2029,2244,1,25,3,300
7636,3,688,0,0,39,53,2,1,1,0,2524,2400,2524,13,25,3,300
7637,1,688,1,0,25,14,0,0,0,0,2342,2340,2342,1,1,1,282
7638,3,688,0,1,70,59,0,0,0,1,2128,2155,2128,1,25,3,300
7639,3,688,1,0,65,48,5,3,0,0,2458,2122,2458,1,25,3,300
7640,3,688,0,0,83,42,2,0,0,0,2127,2191,2127,12,25,3,300
7641,2,688,0,0,30,24,1,0,0,0,2303,1957,2303,8,3,1,215
7642,2,688,1,0,36,22,0,0,0,0,2441,2152,2441,3,1,1,130
7643,1,688,0,0,6,2,0,0,1,0,2387,1992,2387,3,0,0,54
7644,1,688,0,0,11,10,0,1,1,0,2049,2457,2049,6,0,0,120
7645,3,688,0,0,77,52,1,0,0,0,2060,1967,2060,9,25,3,300
7646,5,688,0,0,125,111,9,1,0,0,2295,2641,2295,10,25,3,300
7647,3,689,0,0,36,27,0,0,0,0,2175,2576,2175,13,25,3,300
7648,3,689,1,0,70,48,0,0,0,0,2461,1950,2461,10,25,3,300
7649,3,689,0,0,96,116,0,1,1,0,2149,2070,2149,4,25,3,300
7650,3,689,0,0,54,80,1,0,0,0,2543,2239,2543,12,28,3,300
7651,1,689,1,0,5,5,0,0,0,0,2555,2510,2555,1,36,1,37
7652,2,689,1,0,62,2,1,0,2,0,2506,2250,2506,1,48,0,180
7653,3,689,0,0,52,26,3,0,1,0,2667,1945,2667,2,25,3,300
7654,3,689,0,0,101,82,0,0,0,0,2039,1890,2039,8,25,3,300
7655,3,689,0,1,123,52,3,4,0,0,2159,2657,2159,1,1,1,291
7656,1,689,1,0,7,1,0,0,0,0,2569,2277,2569,6,1,1,12
7657,3,689,1,0,86,31,4,0,0,0,2665,2066,2665,4,25,3,300
7658,3,689,1,0,41,27,1,1,0,0,2325,1955,2325,2,26,1,49
7659,3,690,0,0,109,143,0,0,0,0,2078,1891,2078,12,28,3,300
7660,3,690,0,0,18,37,3,0,0,0,2046,1892,2046,9,25,3,300
7661,2,690,0,1,16,40,0,1,0,0,2223,2445,2223,12,37,2,196
7662,3,690,0,0,22,16,6,0,0,0,2185,1893,2185,3,25,3,300
7663,3,690,0,0,30,15,2,0,1,1,2523,1947,2523,11,26,1,37
7664,1,690,0,0,0,3,2,0,1,0,2462,2097,2462,6,10,0,223
7665,1,690,0,1,33,18,0,0,0,0,2168,1894,2168,1,32,1,230
7666,2,690,0,0,28,17,2,1,1,0,2252,2061,2252,12,0,0,252
7667,1,690,1,0,36,17,0,0,0,0,2497,1895,2497,9,1,1,167
7668,3,690,0,0,43,3,5,1,0,0,2623,2379,2623,4,25,3,300
7669,1,690,1,0,12,14,0,0,0,0,2075,1995,2075,4,26,1,90
7670,5,690,0,0,220,79,4,0,0,0,2493,2286,2493,8,25,3,300
7671,3,691,0,0,51,32,0,1,0,0,2015,2210,2015,10,28,3,300
7672,3,691,1,0,42,27,6,0,0,1,2407,2617,2407,11,25,3,300
7673,3,691,0,0,95,83,3,1,0,0,1964,1965,1964,4,25,3,300
7674,3,691,0,0,66,34,1,0,0,0,2169,2377,2169,4,25,3,300
7675,3,691,0,0,46,12,3,0,0,1,2658,1987,2658,1,25,3,300
7676,1,691,0,0,1,1,1,0,2,0,2367,1956,2367,2,10,0,147
7677,3,691,1,0,41,58,5,0,0,0,2654,2308,2654,3,28,3,300
7678,3,691,0,0,67,26,0,4,2,1,2557,2120,2557,4,25,3,300
7679,3,691,0,0,108,96,5,1,0,0,2515,2359,2515,4,25,3,300
7680,1,691,0,0,8,8,0,0,1,0,2558,2365,2558,3,6,0,94
7681,5,691,0,0,182,158,0,0,0,0,2671,2567,2671,3,28,3,300
7682,5,691,0,0,88,74,5,0,2,0,2263,2105,2263,1,48,0,162
7683,3,692,0,0,95,84,0,0,0,0,2022,2068,2022,12,28,3,300
7684,3,692,0,0,100,59,0,1,0,0,1933,1961,1933,9,25,3,300
7685,3,692,0,0,50,18,0,5,1,0,2238,2352,2238,12,28,3,300
7686,3,692,1,0,98,60,0,1,0,0,2236,2574,2236,9,25,3,300
7687,3,692,0,0,70,75,3,0,1,0,1896,2009,1896,13,28,3,300
7688,3,692,0,0,68,30,3,0,0,0,2057,1897,2057,9,25,3,300
7689,1,692,1,0,15,14,0,0,0,0,2645,2548,2645,4,32,1,287
7690,3,692,2,0,56,24,1,0,0,1,2215,2586,2215,1,25,3,300
7691,3,692,0,0,144,7,5,0,0,3,2378,1898,2378,4,25,3,300
7692,1,692,1,0,6,1,0,0,0,0,2388,2010,2388,3,26,1,20
7693,1,692,1,0,24,18,0,1,0,2,2434,2160,2434,3,59,1,291
7694,2,692,0,0,3,7,4,0,1,1,2438,2429,2438,9,10,0,142
7695,1,692,2,0,20,6,0,0,0,0,2564,2361,2564,6,1,1,120
7696,4,692,0,0,82,64,2,1,0,0,2153,2132,2153,3,1,1,94
7697,3,693,0,0,124,64,0,3,0,1,1982,2595,1982,12,25,3,300
7698,3,693,0,0,16,6,2,4,2,1,2393,1899,2393,8,10,0,110
7699,1,693,0,0,0,4,1,0,3,0,2137,2073,2137,8,51,0,109
7700,3,693,0,0,119,169,2,2,0,0,2501,2372,2501,13,28,3,300
7701,3,693,0,0,89,37,0,1,2,2,1900,2048,1900,10,25,3,300
7702,3,693,0,0,80,53,0,0,0,0,2313,1901,2313,4,28,3,300
7703,3,693,0,0,20,5,6,1,4,1,2271,1993,2271,10,25,3,300
7704,3,693,0,1,22,49,6,0,3,1,1902,1954,1902,9,10,0,112
7705,3,693,1,0,70,59,0,2,0,0,2194,2229,2194,8,25,3,300
7706,3,693,0,0,50,36,0,0,0,0,2237,2403,2237,9,25,3,300
7707,2,693,0,0,31,41,2,1,0,0,2669,2315,2669,10,3,1,179
7708,3,694,0,0,84,68,2,2,0,0,2228,2432,2228,9,28,3,300
7709,3,694,0,0,26,17,5,3,0,1,1989,2541,1989,6,34,3,300
7710,3,694,0,0,47,12,1,3,0,0,2351,1903,2351,9,25,3,300
7711,3,694,0,0,68,66,5,0,0,0,2147,2273,2147,4,28,3,300
7712,3,694,0,0,37,30,1,1,1,0,2090,2283,2090,8,10,0,75
7713,3,694,0,0,146,141,0,0,0,0,2218,2655,2218,1,28,3,300
7714,1,694,2,0,37,15,0,0,0,0,2278,2563,2278,6,26,1,148
7715,3,694,1,0,82,16,0,0,0,0,2113,2475,2113,3,1,1,147
7716,3,694,0,0,112,127,4,0,0,0,2550,2104,2550,3,25,3,300
7717,3,694,0,0,83,46,0,0,0,0,2668,2143,2668,2,25,3,300
7718,1,694,1,0,14,5,0,0,0,0,2115,2217,2115,3,26,1,109
7719,3,695,0,0,96,42,1,2,0,0,2370,2498,2370,9,25,3,300
7720,3,695,0,0,17,16,3,1,0,0,2012,2062,2012,10,25,3,300
7721,3,695,0,0,54,74,0,0,0,0,2106,1904,2106,2,28,3,300
7722,3,695,0,0,77,21,2,1,2,0,2467,1905,2467,12,25,3,300
7723,1,695,1,0,13,1,0,0,0,0,2293,1906,2293,9,26,1,19
7724,2,695,2,0,34,23,0,3,0,0,2321,2591,2321,8,26,1,82
7725,3,695,0,0,67,62,2,0,0,0,2466,2562,2466,8,28,3,300
7726,1,695,1,0,8,0,0,0,0,0,2519,2364,2519,3,26,1,85
7727,3,695,0,0,19,21,2,0,2,0,2279,2490,2279,4,25,3,300
7728,2,695,0,0,50,46,1,0,0,0,2406,2604,2406,11,3,1,118
7729,3,695,0,0,100,51,1,0,0,0,2486,2049,2486,6,25,3,300
7730,3,695,0,0,49,42,1,0,1,0,2346,2394,2346,7,25,3,300
7731,2,695,2,0,38,7,0,0,0,0,2188,2570,2188,6,36,1,13
7732,2,696,0,0,45,24,0,1,1,0,2047,2529,2047,4,12,0,106
7733,3,696,0,0,12,16,3,0,1,0,2166,1907,2166,3,25,3,300
7734,1,696,0,0,2,3,1,0,3,0,2300,1908,2300,13,10,0,207
7735,1,696,1,0,4,1,0,0,0,0,2612,2110,2612,9,26,1,18
7736,3,696,0,0,40,39,4,1,1,0,2588,2251,2588,13,25,3,300
7737,3,696,1,0,88,67,0,1,0,0,2461,2670,2461,10,26,1,20
7738,1,696,0,0,23,1,0,0,0,0,1994,2430,2430,3,45,2,37
7739,1,696,0,0,35,33,1,0,1,0,2514,2126,2514,8,0,0,289
7740,3,696,0,0,101,52,1,4,0,0,2248,2079,2248,4,25,3,300
7741,3,696,0,0,53,59,0,0,0,0,2321,2437,2321,1,3,1,88
7742,3,696,0,0,46,41,0,2,0,0,2245,2056,2245,4,28,3,300
7743,5,696,1,0,96,58,5,2,0,0,2323,2256,2323,13,25,3,300
7744,3,697,0,0,76,63,2,0,0,0,2533,2084,2533,2,25,3,300
7745,3,697,0,0,94,43,0,2,0,0,2163,1909,2163,13,25,3,300
7746,3,697,0,0,24,42,4,0,2,0,1991,1910,1991,1,25,3,300
7747,3,697,0,0,30,21,2,1,0,1,2082,2524,2082,13,25,3,300
7748,1,697,0,0,13,2,2,0,1,0,2202,1911,2202,9,12,0,238
7749,1,697,0,0,42,4,0,0,0,0,2243,2058,2243,8,1,1,65
7750,2,697,0,0,21,17,2,2,3,0,1979,1912,1979,8,26,1,218
7751,2,697,1,0,42,28,0,1,0,3,2059,2601,2059,10,1,1,178
7752,3,697,0,0,92,89,1,3,0,2,2069,1913,2069,1,25,3,300
7753,1,697,1,0,15,9,0,0,0,0,2235,2019,2235,8,26,1,96
7754,2,697,0,0,2,2,1,0,4,1,2544,2468,2544,12,6,0,288
7755,3,698,0,0,77,57,0,2,0,0,2146,2226,2146,12,28,3,300
7756,1,698,1,0,34,24,0,0,0,0,2023,2101,2023,2,1,1,203
7757,1,698,0,0,9,9,1,0,1,0,2489,2141,2489,4,12,0,170
7758,3,698,0,0,38,70,2,0,1,0,2316,2102,2316,6,12,0,192
7759,3,698,0,0,44,36,1,1,0,0,2337,1990,2337,4,25,3,300
7760,3,698,0,0,30,20,3,0,0,0,1914,2310,1914,10,25,3,300
7761,3,698,0,0,81,66,0,1,0,0,1950,2021,1950,9,25,3,300
7762,3,698,0,0,44,32,3,2,0,0,2495,2026,2495,12,25,3,300
7763,3,698,1,0,66,32,0,1,1,0,2480,1949,2480,8,25,3,300
7764,3,698,0,0,61,38,0,0,0,0,2322,2309,2322,8,25,3,300
7765,3,698,0,0,45,29,4,0,0,0,2435,2485,2435,3,25,3,300
7766,1,698,0,0,8,15,0,1,2,0,2328,2664,2328,1,5,0,202
7767,1,698,1,0,14,5,0,0,0,0,2222,2566,2222,2,26,1,60
7768,5,698,0,0,68,47,9,2,0,0,2280,2259,2280,4,25,3,300
7769,3,699,0,0,49,26,3,3,0,0,2605,1915,2605,3,25,3,300
7770,3,699,1,0,82,67,2,0,0,0,2589,2165,2589,1,25,3,300
7771,3,699,0,0,97,61,0,3,0,0,2444,1988,2444,12,28,3,300
7772,3,699,0,1,30,34,1,0,0,0,2020,2025,2020,1,25,3,300
7773,3,699,0,0,31,27,2,0,0,0,2638,2051,2638,2,25,3,300
7774,1,699,1,0,37,4,0,0,0,0,2150,2108,2150,1,1,1,285
7775,2,699,1,0,45,15,0,0,0,0,2568,2277,2568,6,1,1,198
7776,3,699,1,0,95,45,0,0,1,0,2660,2122,2660,1,13,1,216
7777,3,699,0,0,72,67,2,2,0,1,2220,2553,2220,12,25,3,300
7778,1,699,0,0,4,10,1,0,1,0,2516,1916,2516,4,10,0,224
7779,3,699,1,0,45,52,2,0,0,0,2319,2418,2319,9,25,3,300
7780,3,699,0,0,97,77,0,3,0,0,2113,2365,2113,3,25,3,300
7781,5,699,0,0,98,71,5,0,0,0,2320,2187,2320,9,25,3,300
7782,3,700,1,0,72,41,0,1,0,0,2198,2596,2198,12,25,3,300
7783,1,700,0,0,10,6,1,0,1,0,2619,1917,2619,8,10,0,232
7784,3,700,0,0,59,29,0,2,0,0,2196,1918,2196,2,25,3,300
7785,3,700,0,0,117,92,1,0,0,0,2121,1919,2121,11,25,3,300
7786,2,700,0,1,2,26,1,0,1,0,2125,1920,2125,9,5,0,115
7787,3,700,1,0,94,56,0,0,0,0,2178,2042,2178,11,25,3,300
7788,3,700,0,0,59,16,0,2,0,0,2177,2158,2177,9,25,3,300
7789,3,700,0,0,47,50,0,0,0,0,2199,2357,2199,4,28,3,300
7790,3,700,0,0,73,32,5,1,0,0,2253,1966,2253,8,25,3,300
7791,1,700,0,0,3,0,1,0,1,0,2392,2504,2392,2,6,0,104
7792,1,701,0,0,3,8,0,1,1,0,2425,2531,2425,10,0,0,159
7793,3,701,0,0,87,40,1,2,0,0,1975,1921,1975,4,25,3,300
7794,3,701,0,0,84,69,0,2,1,0,2168,1922,2168,1,25,3,300
7795,3,701,2,0,73,24,0,2,0,0,2171,1923,2171,8,1,1,48
7796,3,701,0,0,83,41,0,1,1,0,2502,2300,2502,13,25,3,300
7797,3,701,0,1,27,70,1,0,1,0,2195,1924,2195,8,28,3,300
7798,1,701,0,0,4,5,2,0,1,0,2214,2632,2214,2,19,0,296
7799,2,701,3,0,55,41,0,0,0,0,2645,1925,2645,4,26,1,242
7800,3,701,0,0,91,37,0,0,0,0,2000,2636,2000,2,28,3,300
7801,3,701,0,0,65,64,0,5,0,0,2345,2556,2345,1,28,3,300
7802,1,701,2,0,18,9,0,0,0,0,2091,2641,2091,10,26,1,244
7803,4,701,0,0,90,97,4,0,2,0,2133,2520,2133,3,10,0,218
7804,1,702,1,0,10,1,0,0,0,0,2353,1926,2353,13,1,1,62
7805,3,702,0,0,91,52,0,0,0,0,2241,2014,2241,11,28,3,300
7806,3,702,0,0,96,93,0,0,0,0,2250,1968,2250,1,28,3,300
7807,3,702,0,0,75,32,5,1,1,0,2388,2408,2388,3,25,3,300
7808,3,702,1,0,57,66,1,0,0,0,2600,2584,2600,1,28,3,300
7809,2,702,0,0,21,48,1,0,1,0,2629,2180,2629,3,12,0,252
7810,1,702,1,0,34,5,0,0,0,0,2260,2304,2260,4,1,1,279
7811,2,702,1,0,31,12,0,0,0,0,2282,2336,2282,8,26,1,90
7812,2,702,0,0,42,1,1,0,1,2,2266,2581,2266,3,7,1,109
7813,3,702,0,0,101,112,3,0,0,0,2543,2252,2543,12,25,3,300
7814,5,702,1,0,153,83,0,0,1,0,2441,2132,2441,3,25,3,300
7815,2,703,0,0,14,6,4,0,1,1,2118,1927,2118,8,12,0,74
7816,3,703,0,0,23,17,3,0,0,0,2166,2006,2166,3,25,3,300
7817,1,703,0,0,2,2,1,0,1,0,2209,2078,2209,12,6,0,208
7818,3,703,1,0,76,41,2,0,0,0,2003,2335,2003,8,25,3,300
7819,3,703,0,0,18,38,2,0,2,0,2015,2024,2015,10,25,3,300
7820,2,703,0,0,41,3,2,0,2,0,2232,1928,2232,8,12,0,259
7821,2,703,0,0,68,49,0,0,0,0,2552,2139,2552,1,3,1,254
7822,3,703,0,0,42,55,9,0,0,0,2072,1929,2072,1,25,3,300
7823,2,703,0,0,34,40,0,0,1,0,2601,2247,2601,9,0,0,29
7824,1,703,0,0,22,1,0,0,0,0,2235,2509,2235,8,7,1,239
7825,3,703,0,0,117,50,0,0,0,0,2324,2129,2324,13,25,3,300
7826,5,703,0,0,130,47,7,1,0,0,2666,2594,2666,4,25,3,300
7827,3,704,0,0,41,22,3,0,0,0,2438,2201,2438,9,25,3,300
7828,3,704,0,0,118,79,3,0,0,1,2670,2415,2670,10,25,3,300
7829,1,704,1,0,21,35,0,0,1,0,2356,1930,2356,12,10,0,182
7830,1,704,2,0,31,20,0,0,0,0,2508,2290,2508,1,26,1,242
7831,3,704,0,0,159,69,0,0,0,0,2618,1931,2618,11,25,3,300
7832,3,704,0,1,35,37,1,1,0,2,2030,2384,2030,10,25,3,300
7833,3,704,0,1,156,121,0,0,0,0,2555,2416,2555,1,28,3,300
7834,3,704,0,0,106,63,1,0,0,0,2346,2144,2346,8,25,3,300
7835,5,704,0,0,45,18,8,1,0,2,2262,2518,2262,13,25,3,300
7836,5,704,0,0,82,47,6,0,0,0,2297,2327,2297,9,25,3,300
7837,1,705,0,0,10,28,0,2,1,0,2545,2453,2545,1,0,0,214
7838,3,705,0,0,54,54,0,1,0,0,2241,2380,2241,11,28,3,300
7839,3,705,1,0,67,71,0,0,0,0,2016,1932,2016,10,25,3,300
7840,1,705,0,0,7,5,2,1,1,0,2407,2577,2407,11,12,0,232
7841,3,705,0,0,94,39,0,2,0,0,1933,2627,1933,9,25,3,300
7842,3,705,0,0,45,24,2,0,0,0,2215,1934,2215,1,25,3,300
7843,3,705,0,0,90,29,2,0,0,0,2462,1935,2462,6,25,3,300
7844,3,705,0,0,45,39,3,1,0,0,2463,2172,2463,6,28,3,300
7845,3,705,1,0,58,16,4,1,1,1,2288,2204,2288,1,32,1,179
7846,2,705,1,0,19,11,2,1,0,0,2306,2028,2306,8,26,1,27
7847,2,705,0,0,97,58,0,0,0,0,1978,2002,1978,4,1,1,227
7848,3,705,0,0,43,29,0,3,0,2,2651,2303,2651,8,28,3,300
7849,3,705,0,0,57,30,0,1,0,0,2153,2207,2153,3,25,3,300
7850,2,705,0,0,50,25,1,0,0,0,2546,2344,2546,1,3,1,300
7851,1,706,0,0,14,5,1,0,1,0,2081,1936,2081,4,10,0,199
7852,3,706,0,0,80,39,0,4,0,0,2239,1937,2239,12,25,3,300
7853,1,706,0,0,9,7,0,0,1,0,2609,1938,2609,6,0,0,95
7854,3,706,0,0,57,44,0,3,1,0,2308,1992,2308,3,25,3,300
7855,3,706,0,0,79,63,0,0,0,0,2615,2138,2615,1,28,3,300
7856,3,706,0,0,30,33,3,1,0,0,2127,2053,2127,12,28,3,300
7857,3,706,1,0,34,49,4,0,0,0,2665,2099,2665,4,26,1,137
7858,3,706,0,0,55,24,2,0,0,0,2076,2227,2076,11,25,3,300
7859,1,706,0,0,19,18,1,0,0,0,2486,2558,2486,3,3,1,300
7860,3,706,0,0,49,51,0,0,0,0,2371,2060,2371,9,28,3,300
7861,5,706,0,1,92,92,2,0,1,0,2077,1939,2077,11,28,3,300
7862,4,706,1,0,127,61,0,0,0,0,2188,2186,2188,6,26,1,272
7863,2,707,0,0,34,17,2,0,1,0,2648,2192,2648,10,10,0,132
7864,3,707,0,0,140,54,2,4,0,1,1940,1941,1940,9,25,3,300
7865,3,707,0,0,88,40,0,1,0,0,2595,1942,2595,12,28,3,300
7866,2,707,0,0,71,53,0,1,0,0,2632,2301,2632,2,1,1,135
7867,3,707,0,0,68,16,7,0,2,1,2623,2515,2623,4,25,3,300
7868,1,707,0,0,3,2,2,0,1,0,2652,1943,2652,8,10,0,246
7869,1,707,3,0,23,4,0,0,0,0,2008,2031,2008,10,26,1,170
7870,3,707,0,0,123,74,1,0,0,0,2104,2359,2104,4,28,3,300
7871,2,707,0,0,44,5,2,0,0,0,2658,2616,2658,1,1,1,102
7872,3,707,0,0,105,20,0,2,0,1,2386,1944,2386,4,25,3,300
7873,3,707,0,0,99,65,2,0,0,0,2216,2451,2216,3,28,3,300
7874,5,707,0,0,124,42,3,6,3,1,2311,2669,2311,10,28,3,300
7875,3,708,0,0,23,31,3,0,0,0,2487,1945,2487,2,25,3,300
7876,3,708,0,0,72,92,0,0,0,0,2093,2226,2093,12,25,3,300
7877,3,708,0,0,117,54,0,1,0,0,2063,1946,2063,12,25,3,300
7878,3,708,0,0,81,34,4,0,2,0,2617,1947,2617,11,10,0,273
7879,3,708,0,0,89,89,1,3,0,0,2363,2057,2363,9,25,3,300
7880,3,708,1,0,22,16,1,0,0,1,2271,1948,2271,10,25,3,300
7881,3,708,0,0,39,31,3,0,0,2,2037,1949,2037,8,25,3,300
7882,3,708,0,0,96,60,0,1,0,0,2080,1950,2080,9,25,3,300
7883,3,708,1,0,65,75,2,0,0,2,2461,2426,2461,10,25,3,300
7884,3,708,0,0,61,38,0,4,0,0,2439,2592,2439,9,25,3,300
7885,5,708,0,0,152,24,10,0,0,1,2397,2387,2397,3,7,1,142
7886,3,709,0,0,109,107,2,1,0,0,2147,2385,2147,4,25,3,300
7887,3,709,0,0,66,36,3,0,0,0,2267,2059,2267,3,25,3,300
7888,3,709,0,0,60,45,4,1,0,1,2362,1951,2362,8,25,3,300
7889,1,709,0,0,51,12,0,0,0,0,2305,2212,2305,2,32,1,267
7890,3,709,0,0,26,29,4,0,1,1,2185,2434,2185,3,12,0,194
7891,3,709,1,0,71,61,3,2,0,0,2657,2458,2657,7,28,3,300
7892,1,709,1,0,18,4,1,0,0,0,2396,1952,2396,4,3,1,90
7893,1,709,0,0,28,1,0,0,0,0,2284,2270,2284,6,1,1,51
7894,2,709,1,0,65,77,0,0,0,0,2113,2011,2113,3,39,1,292
7895,3,709,0,1,52,46,3,1,0,0,2493,2394,2493,8,25,3,300
7896,3,709,0,0,55,53,0,0,0,0,2189,2219,2189,6,25,3,300
7897,1,709,0,0,3,2,2,0,1,0,2672,2115,2672,3,10,0,214
7898,3,709,1,0,75,79,2,0,0,0,2092,2443,2092,8,26,1,94
7899,3,710,0,0,29,25,2,2,0,0,2575,2050,2575,13,28,3,300
7900,3,710,0,0,16,11,5,0,2,0,2202,1953,2202,9,25,3,300
7901,3,710,0,0,68,71,0,4,3,1,2055,1954,2055,9,28,3,300
7902,3,710,0,0,45,31,6,0,1,0,1956,1955,1956,2,25,3,300
7903,2,710,1,0,13,8,1,2,1,0,2619,1957,2619,8,12,0,59
7904,2,710,0,0,39,24,0,4,1,0,2591,2033,2591,9,0,0,223
7905,3,710,0,0,109,95,0,0,0,0,2206,1958,2206,9,25,3,300
7906,3,710,0,0,59,34,0,0,0,0,2593,1959,2593,4,25,3,300
7907,1,710,1,0,13,7,0,0,1,0,2160,2364,2160,3,26,1,268
7908,3,710,0,0,36,42,3,0,1,0,2588,2074,2588,13,48,0,148
7909,3,710,0,0,49,76,0,0,0,0,2541,1960,2541,6,28,3,300
7910,5,710,0,0,110,94,2,1,0,0,2257,2323,2257,13,25,3,300
7911,5,710,0,0,132,63,0,1,0,0,2420,2369,2420,10,25,3,300
7912,2,711,0,0,38,12,2,0,0,0,2085,2349,2085,11,1,1,80
7913,1,711,0,0,3,2,1,0,1,0,2525,2475,2525,3,0,0,83
7914,1,711,0,0,20,13,0,0,3,0,2110,1961,2110,9,10,0,259
7915,1,711,0,0,7,2,0,0,0,0,2548,1962,2548,4,1,1,51
7916,1,711,0,0,11,3,0,0,0,0,2120,1963,2120,4,1,1,75
7917,3,711,0,0,73,46,0,0,1,0,2238,2191,2238,12,25,3,300
7918,1,711,1,0,29,3,0,0,0,0,2512,2157,2512,3,1,1,164
7919,3,711,0,0,52,42,5,0,0,0,2467,2061,2467,12,25,3,300
7920,3,711,0,0,53,17,2,4,0,0,2052,2036,2052,9,25,3,300
7921,3,711,1,0,38,30,5,0,1,0,2440,2629,2440,3,12,0,104
7922,1,711,2,0,12,10,1,0,0,0,2645,2304,2645,4,26,1,290
7923,3,712,0,0,26,46,3,0,0,0,2352,2175,2352,13,25,3,300
7924,3,712,1,0,65,24,0,0,0,0,2337,1964,2337,4,26,1,40
7925,1,712,1,0,31,28,0,0,0,0,2379,1965,2379,4,26,1,175
7926,2,712,0,0,35,15,1,0,0,0,2504,2196,2504,2,3,1,300
7927,3,712,1,1,121,74,1,0,1,0,2234,2043,2234,1,25,3,300
7928,1,712,0,0,10,16,0,0,1,0,2656,1966,2656,1,0,0,164
7929,3,712,0,0,102,48,0,0,0,0,2114,1967,2114,9,25,3,300
7930,3,712,1,0,67,90,0,0,0,0,2342,1968,2342,7,25,3,300
7931,3,712,0,0,48,58,3,1,1,1,2089,2587,2089,13,25,3,300
7932,3,712,0,0,54,47,0,0,0,0,2258,2152,2258,3,25,3,300
7933,5,712,0,0,88,84,5,0,2,0,2442,2041,2442,1,25,3,300
7934,3,712,1,0,96,37,1,0,0,0,1970,1969,1970,2,43,1,269
7935,3,713,2,0,78,56,0,0,0,0,2086,2140,2086,1,25,3,300
7936,3,713,1,0,87,64,0,1,0,0,2432,2158,2432,9,26,1,88
7937,3,713,0,0,51,50,0,0,0,1,2419,2647,2419,10,25,3,300
7938,3,713,0,1,44,26,4,0,0,1,2062,2427,2062,10,28,3,300
7939,3,713,1,0,30,48,1,0,0,0,2135,1971,2135,12,36,1,46
7940,1,713,1,0,12,2,0,0,0,0,1972,1973,1972,10,26,1,156
7941,3,713,0,0,42,9,2,1,0,0,2454,1974,2454,9,25,3,300
7942,1,713,1,0,17,9,0,0,0,0,2145,2661,2145,6,18,1,145
7943,3,713,0,0,98,96,0,0,0,0,2569,2278,2569,6,25,3,300
7944,2,713,1,0,18,46,0,0,1,0,2501,2353,2501,13,10,0,229
7945,1,713,1,0,20,9,0,0,0,0,2245,1975,2245,4,36,1,229
7946,3,713,0,0,78,15,0,1,0,0,2038,2543,2038,12,25,3,300
7947,5,713,0,0,121,53,1,2,0,0,2296,2319,2296,9,25,3,300
7948,1,714,1,0,29,32,0,0,0,0,2305,2101,2305,2,26,1,291
7949,1,714,0,0,7,5,3,0,1,0,2506,1976,2506,1,6,0,221
7950,3,714,0,0,13,10,2,0,1,0,2516,2598,2516,4,10,0,116
7951,3,714,0,0,165,70,0,2,0,0,2670,2601,2670,10,25,3,300
7952,2,714,0,1,62,16,0,0,0,1,2450,1977,2450,7,1,1,291
7953,3,714,0,0,57,60,0,2,0,0,1978,2557,1978,4,28,3,300
7954,3,714,0,0,8,12,4,6,0,0,2494,2620,2494,8,25,3,300
7955,1,714,0,0,2,5,0,0,1,0,2549,2623,2549,4,44,0,52
7956,2,714,0,0,121,21,0,0,0,0,2564,2049,2564,6,1,1,286
7957,3,714,0,0,78,25,4,0,0,0,1979,2561,1979,8,7,1,201
7958,3,714,0,0,26,6,2,0,0,1,2112,1980,2112,8,7,1,39
7959,3,714,0,0,43,39,2,3,2,1,2221,2668,2221,2,28,3,300
7960,5,714,0,0,37,42,2,1,0,2,1981,2279,1981,4,25,3,300
7961,2,714,0,0,32,17,3,0,1,0,2295,2131,2295,10,10,0,125
7962,3,715,0,0,36,26,8,0,0,0,2445,1982,2445,12,25,3,300
7963,3,715,0,0,147,69,0,0,0,0,2614,2170,2614,9,25,3,300
7964,3,715,0,0,24,15,2,1,0,1,2082,2575,2082,13,25,3,300
7965,3,715,0,0,55,31,2,0,1,0,2090,2237,2090,8,25,3,300
7966,1,715,1,0,38,22,0,0,0,0,2039,1983,2039,8,1,1,298
7967,1,715,0,0,20,7,0,1,0,0,2660,2128,2660,1,32,1,168
7968,2,715,1,0,19,16,0,0,0,0,2436,1984,2436,1,26,1,123
7969,3,715,0,0,78,32,0,3,0,0,2500,2097,2500,6,25,3,300
7970,3,715,0,0,86,79,2,0,0,0,2236,2497,2236,9,28,3,300
7971,3,715,1,0,45,40,0,0,0,0,2361,2457,2361,6,26,1,224
7972,3,715,1,0,111,57,0,0,0,0,2310,2059,2310,10,1,1,117
7973,3,715,1,0,99,97,0,3,0,0,2562,1985,2562,8,26,1,96
7974,3,715,0,0,75,37,0,1,1,0,2665,1986,2665,4,3,1,282
7975,3,716,0,0,35,28,2,1,0,1,2265,1987,2265,1,25,3,300
7976,2,716,0,0,15,1,2,2,0,0,2251,1988,2251,12,7,1,267
7977,3,716,0,0,33,31,5,0,0,0,2499,1989,2499,6,25,3,300
7978,3,716,0,0,95,67,0,3,0,0,2400,2100,2400,13,28,3,300
7979,1,716,1,0,12,7,0,0,0,0,2390,1990,2390,4,26,1,73
7980,3,716,0,0,55,59,0,1,0,0,2586,1991,2586,1,25,3,300
7981,1,716,1,0,29,6,0,0,0,0,2653,1992,2653,3,1,1,184
7982,1,716,0,0,2,8,0,0,2,0,2414,1993,2414,10,6,0,124
7983,1,716,1,0,13,2,0,0,0,0,2378,2395,2378,4,26,1,31
7984,3,716,0,0,44,23,2,3,2,0,2126,2116,2126,8,25,3,300
7985,3,716,1,0,130,142,1,0,0,0,2654,2459,2654,3,36,1,299
7986,1,716,1,1,20,17,0,0,0,0,2308,1994,2308,3,26,1,256
7987,3,716,1,1,76,73,0,0,0,0,2056,1995,2056,4,1,1,193
7988,3,716,0,0,27,17,1,2,1,0,2220,2109,2220,12,6,0,296
7989,3,717,0,0,42,42,3,1,0,0,2275,2648,2275,10,25,3,300
7990,3,717,1,0,81,78,2,1,0,0,1996,2429,1996,9,25,3,300
7991,3,717,1,0,37,31,0,0,0,1,2351,2119,2351,9,25,3,300
7992,3,717,0,0,62,53,2,0,0,0,2407,2121,2407,11,25,3,300
7993,3,717,0,0,56,41,6,0,0,0,2658,2159,2658,1,25,3,300
7994,2,717,0,0,47,20,0,1,2,0,2291,2339,2291,6,0,0,213
7995,1,717,0,0,21,13,1,0,0,0,2526,2388,2526,3,1,1,184
7996,3,717,0,0,62,49,8,1,2,0,2611,2293,2611,9,25,3,300
7997,1,717,0,0,12,11,2,0,1,0,2440,2558,2440,3,10,0,211
7998,1,717,0,0,23,15,1,1,0,0,2367,2392,2367,2,1,1,293
7999,3,717,2,0,97,81,0,0,0,0,2570,2087,2570,6,1,1,181
8000,5,717,0,0,111,104,7,2,0,0,2297,2320,2297,9,25,3,300
8001,1,717,0,0,6,9,1,0,1,0,2263,2546,2263,1,48,0,245
8002,3,718,0,0,44,69,1,0,0,0,2213,1997,2213,2,28,3,300
8003,2,718,0,0,46,34,3,0,0,0,2274,1998,2274,8,1,1,262
8004,3,718,0,0,56,37,3,0,0,1,2588,2604,2588,13,25,3,300
8005,1,718,0,0,54,4,0,1,1,0,2510,1999,2510,1,1,1,121
8006,1,718,1,0,14,19,0,1,0,0,2638,2533,2638,2,26,1,192
8007,3,718,0,0,32,31,2,0,0,0,2283,2336,2283,8,25,3,300
8008,3,718,0,0,35,20,4,1,0,1,2288,2094,2288,1,25,3,300
8009,3,718,0,0,43,38,3,1,1,0,2370,2111,2370,9,25,3,300
8010,3,718,0,0,25,17,2,0,0,0,2143,2000,2143,2,25,3,300
8011,3,718,0,0,43,38,0,0,0,0,2490,2113,2490,3,25,3,300
8012,2,718,1,0,15,26,0,0,0,0,2153,2520,2153,3,26,1,30
8013,1,719,1,0,6,0,0,0,0,0,2643,2001,2643,1,26,1,19
8014,3,719,1,0,85,67,0,0,0,0,2624,2002,2624,4,25,3,300
8015,3,719,1,0,125,59,0,1,0,0,2139,2621,2139,1,25,3,300
8016,3,719,0,0,41,38,1,0,0,0,2268,2628,2268,9,25,3,300
8017,3,719,0,0,103,31,2,0,0,0,2353,2495,2353,13,25,3,300
8018,3,719,0,0,69,66,1,0,3,1,2168,2250,2168,1,25,3,300
8019,3,719,0,1,39,34,4,0,2,0,2003,2171,2003,8,10,0,126
8020,3,719,0,0,68,59,0,1,0,0,2169,2547,2169,4,25,3,300
8021,3,719,1,0,106,89,0,1,0,0,2173,2421,2421,6,34,3,300
8022,1,719,1,0,8,0,0,0,0,0,2341,2004,2341,2,18,1,35
8023,5,719,0,0,53,12,1,1,1,0,2261,2554,2261,12,25,3,300
8024,5,719,0,0,147,128,1,0,0,0,2133,2671,2133,3,25,3,300
8025,3,720,0,0,73,54,0,1,0,0,2241,2005,2241,11,25,3,300
8026,1,720,0,0,1,1,1,0,1,0,2214,2051,2214,2,19,0,77
8027,3,720,0,0,40,40,3,2,1,3,2455,2627,2455,9,25,3,300
8028,2,720,0,0,35,20,4,0,2,0,2248,2075,2248,4,48,0,298
8029,3,720,0,0,11,35,11,2,0,2,2539,2425,2539,10,25,3,300
8030,3,720,0,0,86,70,2,0,0,0,2252,2356,2252,12,28,3,300
8031,1,720,1,0,21,6,0,2,0,0,2465,2064,2465,8,1,1,178
8032,3,720,0,0,55,58,0,1,0,0,2166,2608,2166,3,25,3,300
8033,1,720,0,0,13,26,0,0,0,0,2289,2244,2289,1,3,1,300
8034,1,720,1,0,7,1,0,0,0,0,2180,2006,2180,3,26,1,95
8035,3,720,0,0,74,38,0,0,0,0,2619,2098,2619,8,25,3,300
8036,4,720,2,2,98,93,1,0,0,0,2132,2435,2132,3,1,1,21
8037,1,721,1,0,16,9,0,0,0,0,2316,2270,2316,6,1,1,132
8038,2,721,2,0,20,5,0,0,0,0,2066,2607,2066,3,26,1,33
8039,2,721,0,0,39,5,2,0,1,0,2176,2357,2176,7,1,1,253
8040,1,721,1,0,11,20,1,0,0,0,2498,2355,2498,9,26,1,238
8041,2,721,0,0,29,28,1,1,0,0,2512,2117,2512,3,1,1,204
8042,1,721,0,0,27,7,0,1,1,0,2393,2466,2393,8,0,0,270
8043,1,721,0,0,14,15,2,0,1,0,2463,2284,2463,6,12,0,171
8044,3,721,0,0,87,86,0,1,0,0,2277,2360,2277,6,28,3,300
8045,1,721,1,0,18,7,0,0,0,0,2321,2007,2321,8,26,1,255
8046,3,721,0,0,95,77,0,7,1,0,2439,2363,2439,7,28,3,300
8047,3,721,0,0,30,14,4,0,0,1,2397,2207,2397,3,25,3,300
8048,3,721,0,0,84,67,0,0,0,0,2326,2294,2326,9,25,3,300
8049,3,722,0,0,55,66,1,0,0,0,2008,2461,2008,10,25,3,300
8050,3,722,0,0,74,53,2,1,0,1,2576,2009,2576,13,25,3,300
8051,3,722,0,0,82,74,1,0,0,0,2483,2194,2483,8,28,3,300
8052,3,722,0,0,85,37,2,1,0,0,2253,2195,2253,8,25,3,300
8053,2,722,1,1,13,32,0,0,0,0,2478,2487,2478,2,26,1,39
8054,1,722,1,0,18,15,0,0,0,0,2489,2199,2489,4,26,1,190
8055,3,722,0,0,115,101,1,0,0,0,2243,2651,2243,8,28,3,300
8056,3,722,0,0,135,147,1,0,0,0,2218,2555,2218,1,28,3,300
8057,1,722,1,0,44,37,0,0,0,1,2430,2010,2430,3,1,1,285
8058,3,722,0,0,61,40,0,0,0,0,2310,2271,2310,10,1,1,136
8059,3,723,0,0,135,131,0,1,0,0,2661,2649,2661,3,25,3,300
8060,3,723,0,0,58,39,0,3,0,0,2282,2600,2282,8,28,3,300
8061,1,723,0,0,79,40,0,0,0,0,2385,2359,2385,4,1,1,256
8062,2,723,0,0,27,46,2,0,1,0,2434,2011,2434,3,6,0,267
8063,3,723,0,0,59,32,0,4,0,0,2670,2012,2670,10,25,3,300
8064,1,723,1,0,4,4,0,0,0,0,2342,2664,2342,1,36,1,127
8065,3,723,0,0,12,4,3,1,0,0,2468,2127,2468,12,25,3,300
8066,1,723,0,0,10,7,0,0,1,0,2508,2285,2508,1,5,0,149
8067,3,723,1,0,72,68,0,2,0,0,2329,2343,2329,1,25,3,300
8068,5,723,0,0,94,76,0,0,0,0,2189,2188,2189,6,25,3,300
8069,1,724,1,0,17,14,0,0,0,0,2372,2013,2372,13,36,1,100
8070,1,724,1,0,37,31,0,0,0,0,2348,2014,2348,11,26,1,166
8071,3,724,0,0,108,33,2,1,1,0,2015,2016,2015,10,10,0,185
8072,3,724,0,0,76,82,3,1,1,0,2444,2198,2444,12,28,3,300
8073,1,724,1,0,16,13,0,0,2,0,2017,2164,2017,9,10,0,196
8074,3,724,0,0,18,16,5,0,1,1,2454,2018,2454,9,25,3,300
8075,2,724,1,0,66,23,0,0,0,0,2667,2609,2667,2,1,1,288
8076,1,724,1,0,14,16,0,0,0,0,2469,2019,2469,8,1,1,189
8077,2,724,1,0,28,17,0,2,1,0,2541,2423,2541,6,41,0,88
8078,2,724,0,0,13,45,0,1,3,0,2110,2202,2110,9,41,0,249
8079,3,724,0,0,59,71,4,0,0,1,2615,2069,2615,1,25,3,300
8080,2,724,1,0,46,17,0,1,0,0,2386,2120,2386,4,32,1,139
8081,5,724,0,0,141,111,0,0,0,0,2486,2287,2486,3,25,3,300
8082,3,725,2,0,79,29,2,0,0,0,2150,2020,2150,1,25,3,300
8083,3,725,0,0,30,59,6,1,0,0,2021,2118,2021,9,28,3,300
8084,2,725,0,1,52,36,0,0,2,0,2146,2022,2146,12,6,0,202
8085,3,725,0,0,73,18,0,0,0,0,2485,2318,2485,3,25,3,300
8086,3,725,0,0,61,60,1,1,0,0,2504,2023,2504,2,25,3,300
8087,3,725,0,0,58,51,4,0,0,1,2419,2024,2419,10,25,3,300
8088,3,725,0,0,39,38,0,0,0,0,2552,2589,2552,1,28,3,300
8089,3,725,1,0,72,42,0,1,1,0,2480,2306,2480,8,25,3,300
8090,2,725,1,0,15,16,4,1,1,0,2545,2025,2545,1,0,0,222
8091,1,725,0,0,11,9,1,0,2,0,2496,2026,2496,12,10,0,272
8092,3,725,1,0,55,15,0,3,0,1,2558,2027,2558,4,25,3,300
8093,3,725,0,0,75,59,0,0,0,0,2569,2292,2569,6,25,3,300
8094,4,725,0,0,57,23,5,0,1,0,2666,2259,2666,4,0,0,99
8095,3,726,0,0,44,26,0,2,0,1,2551,2138,2551,1,28,3,300
8096,1,726,2,0,33,18,0,2,0,1,2242,2028,2242,8,26,1,246
8097,3,726,0,0,64,79,2,0,0,0,2616,2029,2616,1,25,3,300
8098,3,726,0,0,84,87,5,0,0,0,2553,2595,2553,12,25,3,300
8099,3,726,0,0,65,64,1,6,1,1,2393,2126,2393,8,25,3,300
8100,1,726,1,0,28,17,0,0,0,0,2662,2408,2662,3,32,1,212
8101,3,726,1,0,83,64,0,1,0,0,2412,2030,2412,10,25,3,300
8102,1,726,1,0,27,7,0,0,0,0,2417,2190,2417,9,32,1,278
8103,3,726,0,0,20,17,4,1,0,2,2438,2627,2438,9,25,3,300
8104,1,726,0,0,8,6,0,0,1,0,2415,2031,2415,10,10,0,150
8105,1,726,1,0,23,3,0,0,0,0,2290,2437,2290,1,1,1,105
8106,5,726,0,0,89,116,1,0,0,0,2420,2641,2420,10,25,3,300
8107,3,727,0,0,45,10,4,0,1,0,2596,2078,2596,12,25,3,300
8108,3,727,0,0,58,36,0,0,0,0,2106,2136,2106,2,25,3,300
8109,3,727,1,0,73,57,2,4,0,0,2033,2032,2033,9,25,3,300
8110,3,727,0,0,32,36,3,0,0,0,2161,2034,2161,12,25,3,300
8111,1,727,3,0,43,43,0,0,0,0,2151,2231,2151,4,3,1,300
8112,1,727,0,0,27,20,1,0,1,0,2524,2035,2524,13,12,0,253
8113,3,727,0,0,4,23,8,0,0,0,2338,2581,2338,3,28,3,300
8114,2,727,1,0,18,12,0,1,0,0,2384,2381,2384,10,26,1,114
8115,3,727,0,0,47,38,0,0,0,0,2451,2629,2451,3,25,3,300
8116,2,727,0,0,44,11,2,2,1,0,2228,2036,2228,9,7,1,228
8117,3,727,0,0,24,3,4,0,1,1,2652,2303,2652,8,25,3,300
8118,5,727,0,0,84,41,0,4,0,0,2493,2470,2493,8,25,3,300
8119,2,728,0,0,8,3,0,1,1,0,2380,2527,2380,11,10,0,112
8120,2,728,2,0,127,17,0,0,0,0,2653,2525,2525,3,26,1,196
8121,3,728,0,0,45,9,0,6,0,0,2426,2210,2426,10,28,3,300
8122,1,728,1,0,34,3,0,0,0,0,2365,2605,2365,3,1,1,169
8123,1,728,0,0,54,13,0,1,0,0,2514,2037,2514,8,1,1,255
8124,3,728,0,0,21,13,8,1,1,2,2506,2656,2506,1,25,3,300
8125,3,728,0,0,11,17,3,0,3,0,2544,2038,2544,12,25,3,300
8126,3,728,0,0,44,51,0,0,0,0,2394,2039,2394,8,1,1,72
8127,1,728,1,0,8,4,0,0,0,0,2564,2317,2564,6,26,1,144
8128,2,728,1,0,27,36,0,1,3,0,2321,2112,2321,8,0,0,232
8129,3,728,1,0,70,17,1,1,0,1,2040,2560,2040,8,25,3,300
8130,3,728,0,0,80,11,1,4,0,0,2328,2041,2328,1,7,1,187
8131,5,728,0,1,158,63,1,0,0,0,2347,2346,2347,8,25,3,300
8132,1,729,0,0,30,10,1,0,0,0,2617,2042,2617,11,1,1,151
8133,2,729,1,0,33,35,1,0,0,0,2229,2043,2229,8,38,1,235
8134,2,729,0,0,6,0,2,0,1,0,2209,2044,2209,12,10,0,109
8135,1,729,1,0,6,9,0,0,0,0,2255,2045,2255,9,26,1,119
8136,3,729,0,0,125,61,0,0,0,0,2110,2046,2110,9,25,3,300
8137,3,729,1,0,46,41,0,1,0,0,2177,2574,2177,8,28,3,300
8138,3,729,0,0,115,81,0,0,0,0,2047,2585,2047,1,25,3,300
8139,3,729,0,0,35,12,0,5,3,1,2247,2048,2247,10,25,3,300
8140,1,729,1,0,44,16,0,0,0,0,2217,2179,2217,3,1,1,294
8141,2,729,1,1,54,26,0,0,0,0,2557,2273,2557,4,26,1,99
8142,3,729,0,0,78,73,1,0,0,0,2185,2387,2185,3,25,3,300
8143,3,729,0,0,49,43,3,0,0,0,2234,2309,2234,8,25,3,300
8144,1,729,0,0,63,10,0,0,0,0,2145,2049,2145,6,7,1,243
8145,5,729,0,0,126,63,4,0,0,0,2279,2645,2279,4,25,3,300
8146,3,730,0,0,22,25,3,1,0,0,2373,2050,2373,13,25,3,300
8147,3,730,0,0,28,3,9,0,1,0,2533,2051,2533,2,25,3,300
8148,2,730,0,0,10,5,4,0,1,0,2158,2052,2158,9,10,0,114
8149,2,730,0,0,16,4,2,0,0,1,2467,2053,2467,12,1,1,127
8150,1,730,2,0,23,13,0,0,0,0,2526,2266,2526,3,26,1,164
8151,3,730,0,0,66,40,0,1,0,0,2178,2054,2178,11,25,3,300
8152,3,730,0,0,81,42,8,0,0,0,2482,2663,2482,1,25,3,300
8153,3,730,0,0,55,58,5,0,1,0,2055,2080,2055,9,25,3,300
8154,3,730,0,0,30,17,2,3,1,0,2612,2236,2612,9,25,3,300
8155,3,730,1,0,66,49,0,1,0,0,2104,2056,2104,4,26,1,72
8156,2,730,1,0,22,8,0,1,0,0,2440,2258,2440,3,32,1,113
8157,2,730,0,0,54,6,2,2,0,0,2187,2319,2187,9,3,1,248
8158,1,731,1,0,8,1,0,0,0,0,2269,2057,2269,9,26,1,64
8159,3,731,0,0,90,68,6,0,0,0,2183,2058,2183,8,25,3,300
8160,1,731,1,0,14,6,0,0,0,0,2364,2059,2364,3,7,1,87
8161,3,731,1,0,110,36,3,0,0,0,2500,2172,2500,6,25,3,300
8162,3,731,0,0,44,58,0,0,0,0,2316,2463,2316,6,28,3,300
8163,1,731,0,0,11,4,1,0,1,0,2588,2129,2588,13,10,0,160
8164,2,731,1,0,36,10,0,0,0,0,2593,2548,2593,4,26,1,26
8165,2,731,0,0,54,12,3,0,2,0,2344,2203,2344,1,12,0,155
8166,3,731,0,0,65,45,0,0,0,0,2324,2518,2324,13,25,3,300
8167,3,731,0,1,99,68,0,0,0,0,2206,2060,2206,8,25,3,300
8168,5,731,1,0,72,71,2,1,0,0,2262,2205,2262,13,25,3,300
8169,5,731,0,0,178,132,0,3,0,0,2646,2280,2646,4,25,3,300
8170,3,732,0,0,63,40,0,5,0,0,2239,2061,2239,12,25,3,300
8171,1,732,0,0,14,4,1,0,1,0,2200,2062,2200,10,10,0,146
8172,2,732,1,0,28,11,3,0,0,0,2238,2063,2238,12,1,1,30
8173,2,732,0,0,15,6,2,0,1,0,2300,2197,2300,11,2,0,299
8174,1,732,0,0,9,3,1,0,1,0,2374,2064,2374,8,10,0,174
8175,1,732,1,0,7,5,1,0,0,0,2655,2586,2655,1,26,1,217
8176,2,732,0,0,12,13,0,2,1,1,2065,2249,2065,1,10,0,223
8177,3,732,0,0,102,69,2,3,1,0,2393,2514,2393,8,25,3,300
8178,3,732,0,0,35,21,1,2,0,2,2066,2160,2066,3,25,3,300
8179,3,732,0,0,40,36,0,1,0,0,2282,2067,2282,1,25,3,300
8180,1,732,2,0,33,5,0,1,0,0,2260,2594,2260,4,1,1,219
8181,3,733,0,0,154,78,1,1,0,0,2226,2068,2226,12,25,3,300
8182,3,733,0,0,136,118,0,0,0,0,2453,2491,2453,1,25,3,300
8183,1,733,0,0,1,0,3,0,1,0,2375,2069,2375,1,44,0,99
8184,3,733,0,0,12,14,1,4,1,1,2230,2602,2230,10,25,3,300
8185,3,733,0,0,50,35,2,4,0,1,2388,2157,2388,3,25,3,300
8186,3,733,0,0,28,22,0,0,0,0,2227,2406,2227,14,25,3,300
8187,1,733,1,0,17,3,0,0,0,0,2361,2499,2361,6,26,1,110
8188,1,733,0,0,1,1,2,0,1,0,2379,2070,2379,4,0,0,196
8189,3,733,0,0,65,24,6,0,0,0,2556,2215,2556,1,25,3,300
8190,3,734,1,0,110,58,0,2,0,0,2551,2071,2551,1,25,3,300
8191,3,734,0,0,79,41,8,0,0,0,2643,2072,2643,1,25,3,300
8192,1,734,1,0,6,2,0,0,0,0,2182,2073,2182,8,26,1,28
8193,3,734,1,0,143,63,0,0,0,0,2353,2074,2353,13,25,3,300
8194,3,734,0,0,98,39,8,0,0,0,2148,2075,2148,4,25,3,300
8195,3,734,0,0,110,48,0,2,0,0,2667,2392,2667,2,25,3,300
8196,1,734,1,0,27,8,0,0,0,0,2568,2541,2568,6,1,1,205
8197,3,734,3,0,125,76,0,1,0,0,2670,2059,2670,10,1,1,241
8198,2,734,0,0,40,24,1,0,1,0,2558,2549,2558,4,44,0,63
8199,3,734,0,0,173,122,0,0,0,0,2371,2181,2371,9,25,3,300
8200,3,734,2,0,57,33,1,0,0,0,2519,2550,2519,3,25,3,300
8201,2,734,0,0,30,9,2,0,1,0,2076,2077,2076,11,41,0,295
8202,3,734,0,0,52,31,5,0,1,0,2297,2327,2297,9,0,0,282
8203,3,735,0,0,101,36,2,0,0,0,2575,2078,2575,13,25,3,300
8204,3,735,1,1,85,65,0,3,0,0,2377,2079,2377,4,1,1,243
8205,3,735,0,0,34,29,3,0,0,0,2498,2080,2498,9,25,3,300
8206,2,735,1,0,30,9,0,2,0,0,2647,2601,2647,10,26,1,11
8207,1,735,1,0,25,6,0,0,0,0,2255,2404,2255,9,26,1,157
8208,3,735,0,0,72,39,0,0,0,0,2516,2081,2516,4,25,3,300
8209,1,735,0,0,17,10,0,1,0,0,2152,2421,2421,6,45,2,299
8210,3,735,0,0,29,34,0,1,0,0,2277,2462,2277,6,25,3,300
8211,3,735,0,0,25,30,0,0,0,0,2512,2430,2430,3,33,2,36
8212,3,735,0,0,37,28,1,0,0,0,2611,2433,2611,9,25,3,300
8213,3,735,1,0,53,34,0,2,0,0,2180,2166,2180,3,25,3,300
8214,3,735,1,0,25,25,2,0,0,1,2323,2082,2323,13,25,3,300
8215,5,735,0,0,41,44,4,0,0,0,2083,2665,2083,4,25,3,300
8216,3,736,0,0,86,55,0,0,0,0,2084,2213,2084,2,25,3,300
8217,3,736,0,0,68,62,0,3,1,0,2275,2211,2275,10,25,3,300
8218,3,736,0,0,101,63,1,0,0,0,2349,2193,2349,11,25,3,300
8219,3,736,0,0,99,64,0,3,0,0,2577,2085,2577,11,25,3,300
8220,3,736,0,0,45,76,2,1,1,0,2216,2267,2216,3,25,3,300
8221,3,736,0,0,33,10,6,0,1,0,2224,2337,2224,4,25,3,300
8222,3,736,0,0,18,31,1,3,1,0,2283,2274,2283,8,25,3,300
8223,2,736,1,1,93,66,0,0,0,0,2289,2086,2289,1,1,1,257
8224,1,736,0,0,2,2,3,0,1,0,2458,2507,2458,7,41,0,275
8225,3,736,0,0,56,45,2,0,0,0,2566,2366,2566,2,28,3,300
8226,3,736,0,0,62,50,4,0,0,0,2343,2508,2343,1,25,3,300
8227,5,736,1,0,102,69,0,0,0,0,2186,2087,2186,6,25,3,300
8228,3,737,0,0,112,82,0,1,0,0,2196,2088,2196,2,25,3,300
8229,2,737,0,0,46,34,2,0,1,0,2390,2515,2390,4,10,0,243
8230,1,737,0,0,1,2,1,0,2,0,2510,2250,2510,1,0,0,55
8231,3,737,0,0,65,22,3,0,1,0,2256,2089,2256,13,25,3,300
8232,1,737,1,0,9,3,0,0,0,0,2465,2243,2465,8,32,1,26
8233,1,737,1,0,18,30,0,0,0,0,2435,2276,2435,3,26,1,261
8234,3,737,0,0,59,26,0,3,0,0,2293,2090,2293,9,25,3,300
8235,3,737,0,1,56,31,5,0,0,0,2644,2546,2644,1,25,3,300
8236,3,737,1,0,204,215,0,0,0,0,2670,2311,2670,10,25,3,300
8237,3,737,0,0,42,38,3,0,2,0,2295,2091,2295,10,10,0,115
8238,1,737,1,0,21,9,0,0,0,0,2092,2442,2092,1,26,1,147
8239,3,738,1,0,92,44,0,0,0,0,2251,2093,2251,12,36,1,156
8240,2,738,1,0,47,51,1,0,2,0,2094,2095,2094,1,1,1,248
8241,1,738,0,0,4,0,1,0,1,0,2214,2305,2214,2,19,0,54
8242,3,738,0,0,64,38,2,2,0,2,2352,2096,2352,13,25,3,300
8243,1,738,0,0,3,5,1,0,1,0,2169,2386,2169,4,10,0,69
8244,3,738,0,0,64,59,0,0,0,0,2459,2598,2459,4,28,3,300
8245,2,738,0,0,11,24,5,0,1,0,2097,2632,2097,6,12,0,265
8246,1,738,0,0,3,3,1,0,2,0,2457,2487,2457,2,10,0,256
8247,3,738,1,0,67,63,2,0,0,0,2306,2561,2306,8,26,1,27
8248,3,738,1,0,85,26,0,0,0,0,2235,2098,2235,8,25,3,300
8249,3,738,0,0,40,42,5,0,0,0,2248,2099,2248,4,28,3,300
8250,1,738,1,0,9,3,0,0,0,0,2325,2341,2325,2,1,1,35
8251,3,739,1,0,109,32,0,1,0,0,2372,2100,2372,13,32,1,90
8252,1,739,0,0,7,4,1,0,1,0,2434,2606,2434,3,6,0,215
8253,1,739,0,0,8,5,1,0,2,0,2609,2101,2609,2,0,0,167
8254,1,739,0,0,5,21,3,0,2,0,2173,2102,2173,6,6,0,282
8255,1,739,1,0,21,14,0,0,0,0,2103,2313,2103,4,26,1,246
8256,1,739,1,0,19,2,0,0,0,0,2662,2581,2662,3,26,1,70
8257,3,739,0,0,56,47,2,3,0,1,2357,2547,2357,4,28,3,300
8258,3,739,0,0,111,109,3,0,0,0,2207,2287,2207,3,25,3,300
8259,3,739,1,0,96,49,1,0,0,0,2370,2592,2370,9,25,3,300
8260,3,739,1,0,80,52,0,0,0,0,2436,2416,2436,1,25,3,300
8261,3,739,0,0,55,47,5,0,0,0,2560,2394,2560,8,25,3,300
8262,3,739,2,1,77,82,0,1,0,0,2104,2558,2104,4,25,3,300
8263,3,739,1,0,99,48,0,0,0,0,2567,2654,2567,3,25,3,300
8264,5,739,1,1,198,109,0,0,0,1,2443,2105,2443,1,25,3,300
8265,3,740,0,0,41,24,0,1,0,0,2106,2610,2106,2,25,3,300
8266,2,740,6,0,92,57,0,0,0,0,2107,2108,2107,8,3,1,300
8267,3,740,0,0,35,28,0,0,0,0,2339,2284,2339,6,25,3,300
8268,2,740,0,0,34,30,1,1,0,0,2543,2109,2543,12,18,1,179
8269,3,740,0,0,66,33,0,1,0,1,2614,2110,2614,9,25,3,300
8270,1,740,1,0,3,5,0,0,0,0,2245,2385,2245,4,26,1,42
8271,3,740,0,1,13,20,3,0,0,1,2112,2111,2112,9,25,3,300
8272,1,740,1,0,23,16,0,0,0,0,2291,2317,2291,6,1,1,258
8273,3,740,0,0,22,26,7,1,2,2,2271,2647,2271,10,25,3,300
8274,3,740,0,0,93,39,0,2,0,0,2113,2364,2113,3,25,3,300
8275,3,740,0,0,81,64,1,0,0,0,2296,2114,2296,9,25,3,300
8276,5,740,0,1,67,66,2,0,0,0,2440,2115,2440,3,28,3,300
8277,3,741,0,0,64,56,7,0,0,0,2445,2356,2445,12,28,3,300
8278,3,741,0,0,33,26,5,0,0,2,2539,2414,2539,10,25,3,300
8279,1,741,0,0,2,0,1,0,1,0,2116,2571,2116,8,10,0,219
8280,2,741,1,0,23,10,0,4,0,1,2318,2117,2318,3,36,1,91
8281,3,741,0,0,89,41,1,0,0,0,2608,2525,2608,3,25,3,300
8282,1,741,1,0,12,3,0,0,0,0,2119,2118,2119,9,36,1,62
8283,3,741,0,0,90,69,2,1,0,0,2469,2483,2469,8,25,3,300
8284,2,741,0,0,42,20,2,1,0,0,2304,2120,2304,4,1,1,279
8285,3,741,0,0,33,27,2,0,2,0,2121,2380,2121,11,25,3,300
8286,3,741,0,0,122,118,0,0,0,0,2555,2122,2555,1,25,3,300
8287,3,741,0,0,92,114,0,2,0,0,2545,2657,2545,1,25,3,300
8288,2,741,1,0,7,3,4,0,1,0,2669,2200,2669,10,23,0,66
8289,3,742,0,0,26,31,0,3,0,0,2607,2430,2607,6,28,3,300
8290,3,742,0,0,59,61,0,0,0,0,2501,2123,2501,13,25,3,300
8291,1,742,1,1,5,5,0,0,0,0,2395,2124,2395,4,26,1,63
8292,1,742,1,0,26,18,0,0,0,0,2617,2348,2617,11,26,1,144
8293,1,742,0,0,37,0,0,1,0,1,2455,2125,2455,9,35,1,250
8294,3,742,1,0,44,19,6,0,0,0,2360,2270,2360,6,25,3,300
8295,1,742,1,0,24,7,0,1,0,0,2485,2450,2485,3,1,1,233
8296,3,742,0,0,95,83,0,5,2,0,2363,2237,2363,9,28,3,300
8297,3,742,0,0,64,83,3,1,0,0,2466,2126,2466,8,28,3,300
8298,3,742,0,0,72,64,3,0,0,1,2127,2252,2127,12,25,3,300
8299,3,742,0,0,20,35,3,1,1,0,2641,2384,2641,9,25,3,300
8300,4,742,0,0,91,36,9,0,1,0,2397,2486,2397,3,10,0,165
8301,2,743,0,0,29,28,2,0,2,0,2246,2383,2246,10,5,0,184
8302,3,743,0,0,26,31,1,3,2,1,2587,2524,2587,13,25,3,300
8303,3,743,0,0,53,71,0,0,0,0,2128,2286,2128,1,25,3,300
8304,1,743,1,0,17,20,0,0,0,0,2615,2506,2615,1,26,1,298
8305,3,743,0,0,107,90,1,0,0,0,2553,2129,2553,12,25,3,300
8306,1,743,1,0,23,3,0,0,0,0,2365,2629,2365,3,1,1,183
8307,2,743,0,0,36,22,2,0,1,0,2650,2130,2650,3,10,0,121
8308,2,743,0,0,27,21,2,0,2,0,2642,2131,2642,10,0,0,279
8309,3,743,0,0,29,20,0,2,0,0,2490,2132,2490,3,25,3,300
8310,1,743,1,0,32,25,0,0,0,0,2645,2396,2645,4,59,1,299
8311,1,743,1,0,8,13,0,2,1,0,2493,2559,2493,8,59,1,201
8312,5,743,0,0,37,13,12,1,0,1,2672,2133,2672,3,25,3,300
8313,1,744,0,0,11,11,2,0,1,0,2427,2134,2427,10,44,0,173
8314,3,744,0,0,31,32,1,2,1,0,2495,2135,2495,12,25,3,300
8315,1,745,1,0,2,7,0,1,2,0,2136,2423,2136,6,4,0,165
8316,3,745,0,0,58,68,0,0,0,0,2454,2432,2454,9,25,3,300
8317,1,745,2,0,13,0,0,0,0,0,2335,2137,2335,8,1,1,37
8318,1,745,1,0,5,2,0,0,0,0,2254,2387,2254,3,7,1,43
8319,3,745,0,0,101,75,0,2,0,0,2139,2138,2139,1,25,3,300
8320,2,745,1,0,44,59,1,1,0,1,2461,2419,2461,10,26,1,275
8321,3,745,0,0,112,66,3,0,0,0,2585,2140,2585,1,25,3,300
8322,1,745,0,0,27,2,1,0,0,0,2142,2141,2142,4,7,1,213
8323,3,745,0,0,73,16,0,0,0,0,2426,2412,2426,10,25,3,300
8324,3,745,0,0,61,45,0,0,0,0,2143,2667,2143,2,25,3,300
8325,5,745,0,0,124,55,3,0,0,0,2620,2144,2620,7,25,3,300
8326,2,745,1,0,50,20,0,0,0,0,2563,2145,2563,6,1,1,157
8327,2,746,0,0,21,13,2,0,1,0,2444,2146,2444,12,10,0,118
8328,1,746,0,0,23,5,0,0,0,0,2147,2148,2147,4,1,1,54
8329,3,746,1,0,68,42,1,1,0,0,2633,2451,2633,3,1,1,103
8330,1,746,0,0,25,18,0,0,0,0,2489,2149,2489,4,1,1,181
8331,1,746,1,0,24,8,0,0,0,0,2150,2464,2150,1,36,1,201
8332,1,746,1,0,13,4,0,0,0,0,2391,2504,2391,2,1,1,123
8333,1,746,0,0,17,5,2,0,0,0,2462,2541,2462,6,1,1,282
8334,3,746,0,0,49,34,2,2,0,0,2651,2535,2651,8,25,3,300
8335,3,746,1,0,45,33,1,0,0,0,2481,2151,2481,4,26,1,122
8336,2,746,1,1,57,38,2,0,1,0,2482,2453,2482,1,7,1,198
8337,1,746,0,0,22,6,0,0,0,0,2316,2152,2316,6,18,1,300
8338,2,746,0,0,17,5,3,0,1,0,2344,2342,2344,1,10,0,176
8339,5,746,0,0,81,66,0,0,0,0,2153,2441,2153,3,25,3,300
8340,1,747,1,0,39,10,1,1,0,0,2358,2154,2358,4,1,1,267
8341,3,747,0,0,45,37,0,0,1,0,2448,2528,2448,11,28,3,300
8342,3,747,0,0,42,12,2,1,0,2,2382,2532,2382,10,1,1,47
8343,1,747,0,0,2,3,0,0,0,0,2388,2605,2605,3,45,2,51
8344,3,747,0,0,85,65,1,0,0,0,2425,2381,2425,10,25,3,300
8345,3,747,0,0,20,23,3,0,0,1,2554,2468,2554,12,25,3,300
8346,3,747,1,0,25,21,0,4,1,0,2155,2156,2155,1,28,3,300
8347,1,747,0,0,16,9,2,0,1,0,2157,2408,2157,3,10,0,261
8348,1,747,2,0,15,12,0,0,0,0,2411,2158,2411,9,26,1,168
8349,2,747,1,0,30,23,0,0,0,0,2615,2159,2615,1,1,1,226
8350,3,747,1,0,57,64,0,1,0,0,2550,2160,2550,3,25,3,300
8351,3,747,1,0,91,65,2,1,2,0,2616,2655,2616,1,7,1,147
8352,3,747,0,0,62,49,0,0,0,0,2417,2439,2417,9,25,3,300
8353,2,747,1,0,74,43,3,0,0,0,2346,2321,2346,8,1,1,288
8354,3,748,0,0,44,30,5,0,1,0,2496,2161,2496,12,25,3,300
8355,1,748,0,0,29,3,0,0,0,0,2637,2162,2637,2,1,1,115
8356,3,748,0,0,41,48,5,0,0,1,2603,2163,2603,11,25,3,300
8357,3,748,0,0,62,43,2,1,1,0,2628,2164,2628,9,25,3,300
8358,3,748,0,0,43,46,3,0,0,1,2340,2165,2340,1,25,3,300
8359,1,748,1,0,12,7,0,0,0,0,2634,2166,2634,3,1,1,161
8360,3,748,0,0,81,43,1,2,0,0,2500,2421,2500,6,25,3,300
8361,1,748,0,0,26,15,1,0,1,0,2168,2167,2168,1,10,0,248
8362,3,748,0,0,31,18,3,0,1,3,2304,2169,2304,4,48,0,188
8363,3,748,0,0,65,43,3,0,1,0,2171,2170,2171,8,25,3,300
8364,1,748,0,0,12,10,2,0,1,0,2173,2172,2173,6,10,0,199
8365,1,748,1,0,11,5,0,0,0,0,2569,2564,2569,6,1,1,267
8366,3,749,1,0,39,22,0,3,1,0,2175,2174,2175,13,25,3,300
8367,2,749,0,0,21,5,0,3,2,0,2379,2176,2379,4,0,0,144
8368,3,749,0,0,41,31,2,1,0,0,2362,2177,2362,9,25,3,300
8369,3,749,0,0,65,54,0,2,0,1,2178,2406,2178,11,25,3,300
8370,3,749,0,0,39,9,4,0,1,2,2378,2357,2378,4,25,3,300
8371,1,749,1,0,25,15,0,1,0,0,2180,2179,2180,3,7,1,298
8372,3,749,0,0,46,37,0,5,3,0,2350,2181,2350,9,28,3,300
8373,2,749,1,0,27,31,1,0,0,0,2183,2182,2183,7,26,1,21
8374,1,749,1,0,6,0,1,0,0,0,2662,2184,2662,3,1,1,101
8375,2,749,1,0,6,11,0,1,2,1,2519,2185,2519,3,10,0,106
8376,1,749,0,0,0,0,1,0,1,0,2619,2470,2619,8,6,0,98
8377,3,749,1,0,71,66,0,0,0,0,2570,2186,2570,6,1,1,184
8378,5,749,0,0,114,80,20,0,0,0,2297,2187,2297,9,25,3,300
8379,1,749,0,0,28,4,0,0,0,0,2188,2189,2188,6,7,1,80
8380,2,750,0,0,24,21,3,1,1,0,2447,2190,2447,9,6,0,235
8381,3,750,0,0,137,72,0,1,0,0,2595,2191,2595,12,1,1,176
8382,3,750,0,0,115,45,3,2,0,0,2192,2531,2192,10,25,3,300
8383,2,750,0,0,36,6,2,0,1,0,2449,2193,2449,11,10,0,134
8384,3,750,2,0,31,16,1,0,0,0,2457,2533,2457,2,26,1,26
8385,1,750,0,0,5,7,1,0,1,0,2602,2648,2602,10,41,0,282
8386,1,750,2,0,30,9,0,0,0,0,2491,2194,2491,8,1,1,102
8387,1,750,0,0,1,1,1,0,1,3,2336,2195,2336,8,10,0,182
8388,2,750,0,0,29,1,3,0,2,0,2478,2196,2478,2,1,1,250
8389,3,750,0,0,89,30,1,0,1,0,2660,2549,2660,4,25,3,300
8390,3,750,0,0,23,30,2,1,0,0,2319,2612,2319,9,28,3,300
8391,2,750,0,0,11,18,1,1,1,0,2442,2556,2442,1,10,0,168
8392,3,751,1,0,99,42,2,2,0,0,2578,2197,2578,11,1,1,272
8393,3,751,0,0,102,24,1,4,0,0,2511,2526,2511,3,1,1,55
8394,3,751,0,0,60,24,3,0,1,0,2198,2471,2198,12,10,0,170
8395,3,751,0,0,99,93,0,0,0,0,2649,2199,2649,3,25,3,300
8396,3,751,1,0,46,31,5,1,1,0,2059,2200,2059,10,10,0,135
8397,1,751,1,0,5,3,0,0,0,0,2201,2202,2201,9,26,1,21
8398,3,751,0,0,83,51,0,0,0,0,2437,2203,2437,1,1,1,76
8399,3,751,1,0,63,43,2,2,0,0,2509,2204,2509,1,25,3,300
8400,1,751,1,0,25,9,0,0,1,0,2591,2614,2591,9,0,0,185
8401,1,751,0,0,16,2,0,0,0,0,2205,2588,2205,13,1,1,74
8402,3,751,0,1,81,56,0,0,0,0,2206,2418,2206,9,28,3,300
8403,3,751,0,0,49,52,1,1,1,0,2593,2558,2593,4,25,3,300
8404,4,751,0,0,22,9,1,3,1,1,2207,2440,2207,3,3,1,300
8405,3,752,1,0,62,26,2,2,0,1,2208,2209,2208,12,25,3,300
8406,3,752,0,0,30,19,0,7,0,0,2210,2211,2210,10,25,3,300
8407,3,752,0,0,99,18,9,0,0,0,2213,2212,2213,2,25,3,300
8408,3,752,1,1,99,134,2,0,0,0,2480,2465,2480,8,25,3,300
8409,1,752,0,0,5,3,1,0,1,0,2214,2635,2214,2,19,0,84
8410,3,752,0,0,82,72,0,3,0,0,2215,2657,2215,1,34,3,300
8411,3,752,0,0,91,78,5,0,0,0,2217,2216,2217,3,25,3,300
8412,1,752,1,0,14,10,0,0,0,0,2643,2218,2643,1,36,1,150
8413,1,752,1,0,3,9,0,0,0,0,2568,2219,2568,6,26,1,191
8414,3,752,0,0,24,9,0,7,0,0,2668,2367,2668,2,28,3,300
8415,3,752,0,1,32,20,11,0,0,1,2320,2371,2320,9,25,3,300
8416,5,752,0,0,118,106,2,9,0,0,2220,2544,2220,12,25,3,300
8417,1,752,0,0,27,30,0,0,0,0,2222,2221,2221,2,45,2,275
8418,3,753,0,0,60,25,5,0,2,0,2596,2223,2596,12,10,0,276
8419,3,753,0,0,36,4,4,0,0,0,2224,2377,2224,4,25,3,300
8420,3,753,0,0,138,85,1,1,0,0,2226,2225,2226,12,25,3,300
8421,3,753,0,0,62,25,0,2,0,1,2618,2227,2618,11,28,3,300
8422,2,753,0,0,10,5,3,1,1,0,2431,2605,2431,3,0,0,85
8423,3,753,0,0,23,15,2,3,0,0,2229,2228,2229,9,25,3,300
8424,1,753,1,0,17,14,0,0,1,0,2339,2631,2339,6,10,0,213
8425,2,753,0,0,52,57,0,1,1,0,2230,2601,2230,7,44,0,193
8426,3,753,0,0,31,6,3,0,2,0,2548,2231,2548,4,10,0,269
8427,1,753,0,0,1,0,0,0,3,0,2374,2232,2374,8,10,0,221
8428,3,753,0,0,32,18,3,6,3,0,2233,2623,2233,4,25,3,300
8429,1,753,1,0,12,16,0,0,0,0,2667,2391,2667,2,26,1,239
8430,1,753,1,0,33,2,0,0,0,0,2235,2234,2235,8,1,1,214
8431,2,754,0,0,32,56,3,0,1,0,2388,2606,2388,7,10,0,98
8432,2,754,0,0,27,28,3,0,1,0,2236,2237,2236,9,10,0,263
8433,3,754,0,0,53,58,3,1,0,0,2238,2239,2238,12,25,3,300
8434,1,754,2,0,9,3,0,0,0,0,2565,2240,2565,2,1,1,56
8435,3,754,0,0,80,39,0,0,0,0,2241,2604,2241,11,25,3,300
8436,3,754,0,0,82,67,1,0,0,0,2611,2498,2611,9,25,3,300
8437,3,754,0,0,50,47,7,0,1,0,2242,2243,2242,8,25,3,300
8438,2,754,1,0,23,27,1,2,0,0,2485,2653,2485,3,26,1,200
8439,2,754,0,0,64,42,0,1,0,0,2552,2244,2552,1,1,1,270
8440,1,754,1,0,8,2,0,0,0,0,2395,2245,2395,4,26,1,63
8441,1,754,0,0,5,4,0,1,1,0,2246,2247,2246,10,0,0,174
8442,2,754,1,0,35,33,0,0,0,0,2248,2557,2248,4,32,1,100
8443,3,755,0,0,39,65,5,0,0,0,2249,2250,2249,1,25,3,300
8444,3,755,1,0,53,53,2,0,0,0,2650,2607,2650,3,26,1,98
8445,3,755,0,0,115,56,4,0,0,0,2251,2252,2251,12,25,3,300
8446,3,755,0,0,12,7,7,0,0,0,2652,2253,2652,8,25,3,300
8447,1,755,1,0,8,0,0,0,1,0,2254,2629,2254,3,48,0,50
8448,3,755,0,0,85,77,3,0,0,0,2540,2255,2540,8,25,3,300
8449,2,755,0,0,52,46,2,1,1,0,2257,2256,2257,13,10,0,284
8450,3,755,0,0,90,52,0,2,1,0,2435,2654,2435,3,25,3,300
8451,3,755,1,0,77,24,2,0,1,0,2258,2608,2258,3,36,1,144
8452,1,755,1,0,3,3,0,0,0,0,2344,2644,2344,1,26,1,16
8453,2,755,1,0,21,12,0,2,0,0,2645,2259,2645,4,26,1,88
8454,1,755,1,0,24,8,0,0,0,0,2260,2666,2260,4,1,1,207
8455,5,755,0,0,41,32,5,0,0,0,2262,2261,2262,13,25,3,300
8456,5,755,0,0,30,18,4,0,0,0,2263,2646,2263,4,25,3,300
8457,3,756,0,0,49,31,0,0,0,0,2314,2264,2314,2,25,3,300
8458,3,756,0,0,51,44,1,1,1,0,2265,2474,2265,1,25,3,300
8459,1,756,1,0,3,1,0,0,0,0,2267,2266,2267,3,26,1,86
8460,3,756,0,0,47,39,2,0,0,0,2268,2269,2268,9,25,3,300
8461,1,756,1,0,6,0,1,0,1,0,2542,2270,2542,6,10,0,33
8462,3,756,0,0,36,40,2,3,1,0,2271,2315,2271,10,0,0,22
8463,3,756,0,0,26,20,0,4,0,0,2273,2272,2273,4,28,3,300
8464,2,756,1,0,14,7,0,4,0,0,2492,2274,2492,8,1,1,30
8465,3,756,2,0,49,6,0,1,1,1,2368,2275,2368,10,10,0,138
8466,1,756,2,0,10,6,0,0,0,0,2667,2638,2667,2,26,1,82
8467,1,756,1,0,15,19,0,0,0,0,2458,2276,2458,4,26,1,166
8468,1,756,1,0,13,2,0,0,0,0,2278,2277,2278,6,1,1,87
8469,3,756,0,0,72,56,0,0,0,0,2279,2280,2279,4,25,3,300
8470,2,756,0,0,42,10,2,0,1,2,2281,2345,2281,1,12,0,214
8471,3,757,1,0,27,18,0,0,0,0,2282,2283,2282,8,1,1,21
8472,1,757,0,0,2,3,1,0,1,0,2512,2475,2512,3,0,0,69
8473,1,757,2,1,22,30,0,0,0,0,2488,2284,2488,6,1,1,89
8474,1,757,2,0,39,10,0,0,0,0,2285,2286,2285,1,1,1,144
8475,3,757,0,0,77,88,1,1,0,0,2434,2287,2434,3,25,3,300
8476,2,757,1,0,31,4,2,0,2,0,2288,2289,2288,1,1,1,299
8477,3,757,0,0,55,21,3,2,0,0,2517,2587,2517,13,25,3,300
8478,1,757,1,0,38,31,1,0,1,0,2545,2510,2545,1,44,0,150
8479,1,757,1,0,9,8,0,0,0,0,2290,2658,2290,1,26,1,145
8480,3,757,1,1,84,80,0,0,1,0,2292,2291,2291,6,34,3,300
8481,3,757,1,0,134,60,3,1,0,0,2293,2294,2293,9,25,3,300
8482,2,757,0,0,28,9,1,0,0,1,2669,2420,2669,10,1,1,144
8483,1,757,0,0,2,6,0,0,0,0,2670,2295,2670,10,3,1,26
8484,5,757,0,0,139,134,5,2,0,2,2296,2297,2296,9,25,3,300
8485,1,758,0,0,16,2,0,0,0,0,2575,2298,2575,13,1,1,125
8486,3,758,0,0,64,33,0,0,0,0,2534,2299,2534,2,25,3,300
8487,3,758,0,0,12,22,3,0,1,0,2300,2578,2300,11,25,3,300
8488,2,758,0,0,170,66,0,0,0,0,2456,2301,2456,2,1,1,229
8489,3,758,0,0,33,21,8,4,2,0,2303,2302,2303,8,25,3,300
8490,1,758,0,0,9,5,1,0,1,0,2659,2304,2659,4,44,0,194
8491,3,758,0,0,65,30,1,2,0,0,2664,2505,2664,7,28,3,300
8492,3,758,0,0,24,27,0,3,0,0,2305,2610,2610,2,25,3,300
8493,1,758,1,0,4,2,0,0,0,0,2393,2306,2393,8,36,1,74
8494,3,758,0,0,14,12,6,0,0,0,2307,2308,2307,3,25,3,300
8495,2,758,1,0,20,12,0,0,0,0,2469,2309,2469,8,39,1,89
8496,1,758,1,0,17,17,0,0,0,0,2310,2311,2310,10,1,1,198
8497,1,759,1,0,59,36,0,0,0,0,2312,2313,2312,4,1,1,299
8498,1,759,0,0,37,0,1,0,0,0,2565,2314,2565,2,1,1,299
8499,1,759,2,0,39,8,0,0,0,0,2315,2461,2315,10,26,1,196
8500,3,759,1,0,72,40,1,0,0,0,2317,2316,2317,6,26,1,297
8501,3,759,2,0,34,59,0,0,0,0,2662,2318,2662,3,25,3,300
8502,3,759,0,0,34,8,2,0,0,0,2320,2319,2320,9,25,3,300
8503,3,759,0,0,74,56,4,0,0,0,2321,2322,2321,8,25,3,300
8504,3,759,0,0,51,26,1,1,0,0,2324,2323,2324,13,25,3,300
8505,2,759,1,0,44,8,1,0,0,0,2667,2325,2667,2,1,1,194
8506,3,759,0,0,48,36,0,3,0,0,2327,2326,2327,9,25,3,300
8507,5,759,2,0,144,156,3,0,0,0,2329,2328,2329,1,25,3,300
8508,3,760,0,0,52,56,7,0,0,0,2330,2331,2330,9,28,3,300
8509,3,760,1,0,45,79,0,1,0,0,2333,2332,2333,8,32,1,228
8510,3,760,0,0,99,68,1,1,0,0,2622,2334,2622,1,25,3,300
8511,3,760,0,1,48,68,0,3,0,0,2336,2335,2336,8,34,3,300
8512,2,760,0,0,19,40,1,0,1,0,2624,2337,2624,4,10,0,211
8513,3,760,1,0,117,27,2,0,3,0,2630,2338,2630,3,25,3,300
8514,2,760,0,0,57,29,0,0,0,0,2634,2430,2634,3,1,1,248
8515,2,760,0,1,24,38,1,0,1,0,2339,2632,2339,6,10,0,198
8516,1,760,0,0,5,1,2,1,1,0,2643,2340,2643,1,23,0,182
8517,3,760,0,0,51,42,3,0,0,0,2341,2636,2341,2,25,3,300
8518,2,760,1,0,55,36,0,0,0,0,2342,2343,2342,1,1,1,270
8519,2,760,0,0,97,30,2,0,2,2,2344,2345,2344,1,1,1,285
8520,5,760,0,0,98,70,2,2,1,0,2347,2346,2347,8,25,3,300
8521,3,761,0,0,151,99,0,1,0,0,2349,2348,2349,11,25,3,300
8522,3,761,0,0,56,79,0,2,2,0,2350,2351,2350,9,0,0,299
8523,3,761,1,0,39,12,0,3,1,1,2353,2352,2353,7,25,3,300
8524,3,761,1,0,59,24,3,0,0,2,2355,2354,2355,9,25,3,300
8525,3,761,0,0,33,31,1,1,0,0,2356,2495,2356,12,25,3,300
8526,1,761,0,0,19,9,0,0,0,0,2357,2515,2357,4,1,1,102
8527,3,761,1,0,100,40,0,0,0,0,2358,2359,2358,4,25,3,300
8528,2,761,1,0,42,7,0,3,0,0,2361,2360,2361,6,1,1,102
8529,3,761,0,0,80,76,2,7,0,0,2362,2363,2362,9,28,3,300
8530,3,761,0,0,140,77,1,0,0,0,2365,2364,2365,3,25,3,300
8531,3,761,0,0,43,31,0,0,0,0,2366,2367,2366,2,25,3,300
8532,3,761,0,0,73,16,0,0,0,0,2368,2369,2368,10,25,3,300
8533,2,761,0,0,15,12,5,0,1,0,2371,2370,2371,9,10,0,286
8534,3,762,0,0,79,36,0,2,0,1,2372,2373,2372,13,25,3,300
8535,3,762,0,0,17,13,4,0,0,0,2375,2374,2375,8,25,3,300
8536,3,762,0,0,66,54,3,0,2,0,2376,2377,2376,4,28,3,300
8537,3,762,0,0,40,38,3,3,0,0,2378,2379,2378,4,25,3,300
8538,2,762,0,0,19,20,2,0,1,0,2617,2380,2617,11,10,0,164
8539,3,762,0,0,79,50,1,1,0,0,2382,2381,2382,10,25,3,300
8540,3,762,0,0,32,30,0,5,0,0,2384,2383,2383,10,33,2,300
8541,3,762,0,0,115,120,0,0,0,0,2385,2386,2385,4,25,3,300
8542,3,762,0,0,63,74,2,1,0,1,2387,2388,2387,3,28,3,300
8543,1,762,0,0,33,7,2,0,0,0,2390,2389,2390,4,1,1,181
8544,3,762,0,0,67,61,1,0,0,0,2392,2391,2392,2,25,3,300
8545,1,762,1,0,19,7,1,1,0,0,2393,2394,2393,8,43,1,296
8546,1,762,1,0,10,3,0,0,0,0,2395,2396,2395,4,26,1,79
8547,3,762,1,0,110,55,0,0,0,0,2671,2397,2671,3,1,1,143
8548,1,763,2,0,15,3,0,0,0,0,2398,2625,2398,3,26,1,150
8549,1,763,0,0,3,5,1,0,1,0,2600,2399,2600,8,10,0,149
8550,3,763,0,0,114,105,1,1,0,0,2401,2400,2401,7,25,3,300
8551,1,763,1,0,46,17,1,0,0,0,2402,2403,2402,8,1,1,299
8552,3,763,0,0,38,28,7,0,2,0,2405,2404,2405,9,25,3,300
8553,3,763,0,0,27,8,6,0,0,0,2407,2406,2407,11,25,3,300
8554,1,763,1,0,14,0,0,0,0,0,2409,2408,2409,3,1,1,41
8555,3,763,0,0,131,56,5,1,1,0,2411,2410,2411,9,25,3,300
8556,2,763,1,2,46,22,1,0,0,0,2413,2412,2413,10,26,1,261
8557,3,763,0,0,66,54,0,1,0,0,2415,2414,2415,10,28,3,300
8558,2,763,1,0,86,17,3,0,0,1,2664,2416,2664,1,1,1,295
8559,3,763,0,0,71,42,2,0,0,0,2417,2418,2417,9,25,3,300
8560,5,763,0,0,97,79,0,0,0,0,2419,2420,2419,10,25,3,300
8561,1,764,1,0,30,16,0,0,0,0,2421,2422,2421,6,1,1,162
8562,3,764,0,0,94,39,0,2,0,1,2423,2424,2423,6,25,3,300
8563,3,764,0,0,62,31,4,1,0,0,2426,2425,2426,10,25,3,300
8564,3,764,0,0,25,8,4,3,1,0,2427,2601,2427,10,25,3,300
8565,2,764,0,0,32,22,0,0,1,0,2428,2429,2428,8,44,0,40
8566,3,764,0,0,45,31,0,2,0,0,2431,2430,2431,3,28,3,300
8567,3,764,0,0,28,59,0,1,0,0,2433,2432,2433,9,25,3,300
8568,1,764,1,0,2,2,0,0,0,0,2435,2434,2435,3,26,1,107
8569,2,764,1,0,22,27,0,0,0,0,2437,2436,2437,1,26,1,113
8570,3,764,0,0,8,10,16,0,0,0,2438,2439,2438,9,25,3,300
8571,3,764,0,0,57,55,1,2,0,0,2441,2440,2441,3,25,3,300
8572,5,764,0,0,50,26,5,0,4,0,2442,2443,2442,1,25,3,300
8573,3,765,0,0,107,77,1,0,0,0,2445,2444,2445,12,25,3,300
8574,3,765,0,0,104,62,0,4,0,0,2446,2447,2446,9,25,3,300
8575,1,765,0,0,18,0,1,0,1,0,2449,2448,2449,11,10,0,127
8576,3,765,0,1,35,48,3,0,0,0,2450,2451,2450,3,25,3,300
8577,3,765,2,0,71,84,0,1,1,0,2452,2453,2452,1,26,1,252
8578,2,765,1,0,16,3,0,4,1,0,2455,2454,2455,9,10,0,64
8579,3,765,0,1,92,61,0,0,0,0,2457,2456,2457,2,25,3,300
8580,3,765,0,0,20,12,19,0,0,0,2458,2459,2458,4,25,3,300
8581,3,765,0,0,85,73,0,0,0,0,2461,2059,2461,10,28,3,300
8582,1,765,0,0,14,5,1,0,1,0,2463,2462,2463,6,0,0,264
8583,2,765,0,0,90,65,0,0,0,0,2640,2464,2640,8,3,1,300
8584,3,765,0,0,94,62,1,4,0,0,2465,2466,2465,8,28,3,300
8585,3,765,0,0,12,42,3,1,0,1,2467,2468,2467,12,25,3,300
8586,1,765,2,0,36,3,0,0,0,0,2469,2470,2469,8,1,1,213
8587,2,766,0,0,49,26,1,0,0,0,2472,2471,2472,12,1,1,77
8588,3,766,0,0,81,47,0,1,0,0,2473,2474,2473,1,25,3,300
8589,1,766,0,0,19,9,0,1,0,0,2637,2635,2637,2,1,1,108
8590,3,766,1,0,75,17,2,1,1,0,2476,2475,2476,3,25,3,300
8591,3,766,0,0,34,21,2,0,0,0,2478,2477,2478,2,25,3,300
8592,3,766,0,0,67,52,0,0,0,0,2480,2479,2480,8,28,3,300
8593,3,766,0,0,110,65,0,3,0,0,2482,2481,2482,1,25,3,300
8594,2,766,2,0,16,17,1,2,0,0,2483,2484,2483,8,1,1,31
8595,3,766,0,0,54,10,0,3,0,0,2485,2486,2485,3,25,3,300
8596,1,766,1,0,10,0,0,0,0,0,2488,2487,2488,6,26,1,28
8597,3,766,0,0,27,12,0,0,0,0,2490,2489,2490,4,25,3,300
8598,3,766,0,0,100,61,0,1,0,0,2492,2491,2492,8,25,3,300
8599,5,766,0,0,86,89,9,0,0,0,2494,2493,2494,8,34,3,300
8600,3,767,0,0,73,37,6,0,2,0,2496,2495,2496,12,25,3,300
8601,3,767,0,1,44,71,2,0,0,0,2498,2497,2497,9,34,3,300
8602,2,767,1,0,63,28,0,0,0,0,2500,2499,2500,6,1,1,245
8603,1,767,1,0,25,8,0,0,0,0,2502,2501,2502,13,1,1,191
8604,3,767,0,0,30,47,3,0,0,0,2503,2504,2503,2,25,3,300
8605,1,767,1,0,13,11,0,0,0,0,2505,2506,2505,1,13,1,176
8606,3,767,0,1,34,32,3,0,0,2,2507,2508,2507,1,25,3,300
8607,1,767,0,0,13,1,0,0,0,0,2510,2509,2510,1,1,1,24
8608,3,767,2,0,94,16,0,3,0,0,2511,2512,2511,3,32,1,219
8609,1,767,2,0,29,17,0,0,0,0,2513,2514,2513,8,1,1,213
8610,1,767,0,0,0,1,1,1,1,0,2516,2515,2516,4,10,0,63
8611,1,767,1,0,12,5,0,0,1,0,2518,2517,2518,13,26,1,162
8612,2,767,0,0,36,42,2,0,0,0,2519,2520,2519,3,1,1,258
8613,3,768,0,1,105,106,0,1,0,0,2522,2521,2522,1,28,3,300
8614,3,768,0,0,30,33,3,3,1,0,2524,2523,2524,13,34,3,300
8615,3,768,0,1,78,70,2,2,1,0,2525,2526,2525,3,0,0,207
8616,2,768,1,0,32,31,0,2,0,0,2528,2527,2528,11,32,1,264
8617,2,768,0,0,20,27,2,2,1,0,2529,2530,2529,1,1,1,52
8618,2,768,1,0,43,47,2,0,0,0,2532,2531,2532,10,26,1,296
8619,3,768,1,0,28,17,0,0,0,0,2533,2534,2533,2,34,3,300
8620,3,768,0,0,107,67,0,0,0,0,2536,2535,2536,8,25,3,300
8621,1,768,1,0,74,20,0,0,0,0,2538,2537,2538,8,32,1,237
8622,3,768,1,0,114,44,0,0,0,0,2540,2539,2540,9,26,1,104
8623,1,768,0,0,7,8,2,0,1,0,2542,2541,2542,6,10,0,172
8624,3,768,0,0,26,37,6,1,0,0,2544,2543,2544,12,25,3,300
8625,2,768,0,0,21,27,1,0,1,0,2546,2545,2546,1,10,0,194
8626,3,769,0,0,24,29,4,0,0,2,2548,2547,2548,4,25,3,300
8627,1,769,1,0,12,9,0,1,1,0,2549,2550,2549,3,44,0,248
8628,3,769,0,0,147,112,1,1,0,0,2552,2551,2551,1,34,3,300
8629,2,769,0,0,12,18,3,2,1,0,2554,2553,2554,12,10,0,149
8630,2,769,0,0,18,4,4,0,1,0,2556,2555,2556,1,12,0,259
8631,3,769,0,0,56,46,0,0,2,0,2558,2557,2558,4,25,3,300
8632,3,769,0,0,100,49,6,0,0,0,2559,2560,2559,8,25,3,300
8633,1,769,2,0,37,15,0,0,0,0,2562,2561,2562,8,26,1,246
8634,3,769,0,0,34,42,0,0,0,0,2564,2563,2564,6,28,3,300
8635,3,769,0,0,177,174,0,2,0,0,2565,2566,2565,2,25,3,300
8636,3,769,1,0,55,34,0,1,0,1,2567,2568,2567,6,36,1,83
8637,1,769,1,0,27,14,0,0,0,0,2569,2570,2569,6,26,1,225
8638,1,770,1,0,21,6,0,0,0,0,2571,2572,2571,9,7,1,163
8639,3,770,0,0,135,91,0,1,0,0,2574,2573,2573,7,34,3,300
8640,3,770,0,0,50,70,0,0,0,0,2576,2575,2576,13,25,3,300
8641,3,770,0,0,69,41,4,0,1,0,2578,2577,2578,11,25,3,300
8642,2,770,1,0,57,60,0,0,0,0,2579,2580,2579,2,26,1,283
8643,1,770,0,0,7,4,1,0,1,0,2581,2582,2581,3,10,0,142
8644,1,770,1,0,4,5,0,0,0,0,2583,2584,2583,8,26,1,80
8645,3,770,1,0,122,45,0,2,0,0,2585,2586,2585,1,28,3,300
8646,3,770,0,0,18,15,3,0,0,2,2588,2587,2588,13,25,3,300
8647,1,770,2,1,19,16,0,0,0,0,2589,2590,2589,1,1,1,125
8648,3,770,0,0,58,36,1,7,0,0,2591,2592,2591,9,25,3,300
8649,3,770,2,0,56,40,0,0,0,0,2593,2594,2593,4,1,1,128
8650,3,771,0,0,60,78,3,0,0,0,2596,2595,2596,12,25,3,300
8651,3,771,0,0,53,40,1,4,0,0,2597,2598,2597,4,25,3,300
8652,3,771,0,0,33,9,2,0,0,1,2600,2599,2600,1,25,3,300
8653,3,771,0,0,34,23,5,2,1,0,2601,2602,2601,9,25,3,300
8654,3,771,0,0,42,26,2,0,0,1,2603,2604,2603,11,25,3,300
8655,1,771,1,0,21,3,0,0,1,0,2606,2605,2606,3,48,0,134
8656,3,771,0,1,54,40,2,4,0,1,2607,2608,2607,3,25,3,300
8657,2,771,1,0,15,8,0,1,0,1,2609,2610,2609,2,26,1,130
8658,3,771,0,1,21,35,6,0,2,0,2611,2612,2611,9,28,3,300
8659,3,771,0,0,162,99,0,1,0,0,2614,2613,2614,9,25,3,300
8660,3,771,0,0,59,50,4,0,0,0,2616,2615,2616,1,25,3,300
8661,3,771,0,0,70,51,0,0,0,0,2617,2618,2617,11,25,3,300
8662,5,771,0,0,46,35,6,0,1,1,2620,2619,2620,8,25,3,300
8663,1,772,0,0,1,1,1,0,1,0,2621,2622,2621,1,19,0,236
8664,3,772,0,0,55,39,1,2,0,0,2624,2623,2624,4,28,3,300
8665,3,772,1,0,12,12,0,2,5,0,2625,2626,2625,3,0,0,110
8666,3,772,0,0,46,48,0,2,4,0,2628,2627,2628,9,25,3,300
8667,3,772,0,0,36,32,3,0,0,3,2630,2629,2630,3,25,3,300
8668,1,772,0,0,21,13,0,0,0,0,2632,2631,2632,6,7,1,162
8669,3,772,0,0,79,17,3,0,0,1,2634,2633,2634,3,25,3,300
8670,3,772,0,0,21,13,5,0,0,0,2635,2636,2635,2,25,3,300
8671,2,772,1,0,89,41,0,1,0,0,2637,2638,2637,2,26,1,224
8672,1,772,1,0,22,9,0,0,0,0,2640,2639,2640,8,26,1,167
8673,3,772,0,0,136,90,1,2,0,0,2641,2642,2641,10,25,3,300
8674,1,772,1,0,12,3,0,2,0,0,2643,2644,2643,1,1,1,209
8675,3,772,3,0,104,41,0,2,0,0,2645,2646,2645,4,7,1,197
8676,3,773,1,0,153,68,0,1,0,0,2647,2648,2647,10,25,3,300
8677,3,773,0,0,107,78,1,0,1,0,2650,2649,2650,3,10,0,252
8678,3,773,0,0,25,23,3,0,0,0,2652,2651,2652,8,25,3,300
8679,3,773,3,0,61,62,1,0,0,0,2654,2653,2654,3,25,3,300
8680,1,773,0,0,9,7,0,2,1,0,2656,2655,2656,1,0,0,209
8681,3,773,0,1,35,33,1,1,4,0,2658,2657,2658,1,10,0,282
8682,2,773,0,0,16,8,6,0,1,0,2659,2660,2659,4,12,0,73
8683,2,773,1,0,23,6,0,0,0,0,2662,2661,2662,3,26,1,70
8684,1,773,0,0,57,5,1,0,1,1,2664,2663,2664,1,10,0,260
8685,3,773,0,0,77,5,4,0,0,0,2666,2665,2666,4,25,3,300
8686,3,773,0,0,88,54,0,0,0,0,2668,2667,2668,2,25,3,300
8687,5,773,2,0,131,55,1,8,2,0,2670,2669,2670,10,1,1,92
8688,5,773,0,0,123,98,0,9,0,0,2671,2672,2671,3,28,3,300
8689,3,774,0,0,20,29,4,0,1,0,2100,2146,2100,12,12,0,188
8690,3,774,0,0,149,113,1,1,1,0,2381,2016,2381,10,25,3,300
8691,2,774,0,0,46,34,1,0,1,0,2226,2044,2226,12,56,0,276
8692,2,774,1,0,43,8,0,1,0,0,2430,2166,2430,3,1,1,44
8693,3,774,0,0,30,53,1,0,0,0,2227,2241,2227,11,25,3,300
8694,2,774,0,0,28,8,6,0,0,0,2676,2675,2676,1,1,1,171
8695,3,774,0,0,37,54,2,0,0,1,2172,2097,2172,6,25,3,300
8696,1,774,1,0,21,13,0,0,0,0,2075,2357,2075,4,1,1,211
8697,2,774,1,0,37,29,1,0,2,0,1996,2229,1996,9,10,0,145
8698,3,774,0,0,36,36,0,0,0,0,2316,2674,2316,7,28,3,300
8699,2,774,0,0,13,15,5,0,1,0,2673,2255,2673,9,10,0,248
8700,2,774,1,0,72,72,0,0,0,0,1979,2183,1979,8,26,1,269
8701,5,774,1,0,98,100,7,0,0,0,2322,2393,2322,8,25,3,300
