fight_id,fighter1_id,fighter2_id,fighter1_sig_str_total,fighter2_sig_str_total,fighter1_head_total,fighter2_head_total,fighter1_body_total,fighter2_body_total,fighter1_leg_total,fighter2_leg_total,fighter1_distance_total,fighter2_distance_total,fighter1_clinch_total,fighter2_clinch_total,fighter1_ground_total,fighter2_ground_total,fighter1_percent_sign,fighter2_percent_sign
1,10,1,1 ,0 ,1 ,0 ,0 ,0 ,0 ,0 ,0 ,0 ,1 ,0 ,0 ,0 ,1.0,0.0
2,30,2,1 ,1 ,0 ,0 ,1 ,0 ,0 ,1 ,0 ,1 ,1 ,0 ,0 ,0 ,1.0,1.0
3,13,3,11 ,4 ,9 ,4 ,1 ,0 ,1 ,0 ,1 ,1 ,1 ,2 ,9 ,1 ,0.64,0.8
4,5,4,2 ,0 ,2 ,0 ,0 ,0 ,0 ,0 ,1 ,0 ,0 ,0 ,1 ,0 ,0.66,0.0
5,12,6,8 ,2 ,7 ,1 ,1 ,0 ,0 ,1 ,1 ,2 ,0 ,0 ,7 ,0 ,0.66,0.33
6,38,7,4 ,1 ,4 ,1 ,0 ,0 ,0 ,0 ,0 ,1 ,0 ,0 ,4 ,0 ,0.66,0.33
7,138,8,3 ,0 ,1 ,0 ,1 ,0 ,1 ,0 ,2 ,0 ,0 ,0 ,1 ,0 ,0.6,0.0
8,274,9,2 ,3 ,0 ,3 ,0 ,0 ,2 ,0 ,2 ,0 ,0 ,0 ,0 ,3 ,0.5,0.42
9,30,10,13 ,0 ,12 ,0 ,1 ,0 ,0 ,0 ,0 ,0 ,1 ,0 ,12 ,0 ,0.76,0.0
10,13,11,13 ,4 ,12 ,0 ,0 ,2 ,1 ,2 ,3 ,4 ,1 ,0 ,9 ,0 ,0.44,0.57
11,38,12,7 ,1 ,7 ,0 ,0 ,0 ,0 ,1 ,0 ,1 ,0 ,0 ,7 ,0 ,1.0,0.5
13,30,13,5 ,4 ,1 ,2 ,2 ,0 ,2 ,2 ,3 ,4 ,2 ,0 ,0 ,0 ,0.41,0.44
15,274,30,4 ,1 ,3 ,0 ,0 ,1 ,1 ,0 ,0 ,0 ,1 ,1 ,3 ,0 ,1.0,0.5
16,40,14,34 ,1 ,29 ,1 ,0 ,0 ,5 ,0 ,6 ,0 ,2 ,0 ,26 ,1 ,0.68,0.2
17,292,72,8 ,1 ,5 ,1 ,3 ,0 ,0 ,0 ,0 ,1 ,0 ,0 ,8 ,0 ,0.88,0.5
18,35,15,9 ,3 ,9 ,0 ,0 ,2 ,0 ,1 ,1 ,2 ,4 ,1 ,4 ,0 ,0.75,0.75
19,274,234,2 ,6 ,1 ,3 ,0 ,2 ,1 ,1 ,0 ,0 ,2 ,3 ,0 ,3 ,0.33,0.66
20,292,16,4 ,3 ,1 ,0 ,2 ,1 ,1 ,2 ,0 ,0 ,3 ,3 ,1 ,0 ,1.0,1.0
21,39,35,6 ,2 ,6 ,2 ,0 ,0 ,0 ,0 ,1 ,1 ,0 ,1 ,5 ,0 ,0.54,0.33
24,117,17,19 ,9 ,17 ,5 ,1 ,2 ,1 ,2 ,0 ,1 ,4 ,4 ,15 ,4 ,0.63,0.75
25,274,18,7 ,0 ,5 ,0 ,2 ,0 ,0 ,0 ,0 ,0 ,0 ,0 ,7 ,0 ,0.63,0.0
26,40,19,8 ,0 ,1 ,0 ,0 ,0 ,7 ,0 ,2 ,0 ,0 ,0 ,6 ,0 ,0.57,0.0
27,39,20,13 ,1 ,13 ,1 ,0 ,0 ,0 ,0 ,0 ,0 ,0 ,1 ,13 ,0 ,0.32,0.25
28,163,31,0 ,8 ,0 ,4 ,0 ,2 ,0 ,2 ,0 ,2 ,0 ,3 ,0 ,3 ,0.0,0.88
29,274,40,11 ,4 ,7 ,3 ,3 ,1 ,1 ,0 ,2 ,1 ,9 ,2 ,0 ,1 ,0.47,0.3
30,163,21,0 ,1 ,0 ,0 ,0 ,1 ,0 ,0 ,0 ,1 ,0 ,0 ,0 ,0 ,0.0,0.5
31,274,163,0 ,4 ,0 ,4 ,0 ,0 ,0 ,0 ,0 ,0 ,0 ,0 ,0 ,4 ,0.0,0.57
32,90,22,12 ,0 ,12 ,0 ,0 ,0 ,0 ,0 ,0 ,0 ,0 ,0 ,12 ,0 ,0.66,0.0
33,117,23,12 ,0 ,10 ,0 ,1 ,0 ,1 ,0 ,2 ,0 ,2 ,0 ,8 ,0 ,0.7,0.0
34,25,24,17 ,2 ,7 ,2 ,10 ,0 ,0 ,0 ,6 ,0 ,6 ,0 ,5 ,2 ,0.6,1.0
35,27,37,4 ,1 ,3 ,0 ,1 ,1 ,0 ,0 ,0 ,0 ,0 ,1 ,4 ,0 ,1.0,0.5
36,41,26,0 ,2 ,0 ,2 ,0 ,0 ,0 ,0 ,0 ,0 ,0 ,0 ,0 ,2 ,0.0,0.4
37,163,93,2 ,1 ,2 ,0 ,0 ,1 ,0 ,0 ,0 ,1 ,0 ,0 ,2 ,0 ,0.5,1.0
38,90,27,8 ,0 ,8 ,0 ,0 ,0 ,0 ,0 ,0 ,0 ,0 ,0 ,8 ,0 ,0.61,0.0
39,163,41,9 ,0 ,9 ,0 ,0 ,0 ,0 ,0 ,0 ,0 ,0 ,0 ,9 ,0 ,0.52,0.0
40,292,274,10 ,3 ,5 ,2 ,0 ,0 ,5 ,1 ,1 ,1 ,0 ,0 ,9 ,2 ,0.45,0.25
41,163,90,2 ,2 ,1 ,2 ,0 ,0 ,1 ,0 ,0 ,0 ,1 ,2 ,1 ,0 ,0.66,0.33
44,223,28,7 ,0 ,7 ,0 ,0 ,0 ,0 ,0 ,0 ,0 ,6 ,0 ,1 ,0 ,0.58,0.0
45,59,58,8 ,9 ,7 ,9 ,1 ,0 ,0 ,0 ,3 ,5 ,5 ,4 ,0 ,0 ,0.36,0.27
46,30,29,6 ,0 ,2 ,0 ,4 ,0 ,0 ,0 ,1 ,0 ,3 ,0 ,2 ,0 ,0.75,0.0
47,41,90,0 ,5 ,0 ,5 ,0 ,0 ,0 ,0 ,0 ,0 ,0 ,4 ,0 ,1 ,0.0,0.35
48,223,59,14 ,1 ,13 ,0 ,1 ,1 ,0 ,0 ,1 ,0 ,0 ,1 ,13 ,0 ,0.66,0.5
50,292,163,2 ,2 ,1 ,1 ,1 ,0 ,0 ,1 ,1 ,1 ,1 ,1 ,0 ,0 ,0.4,1.0
51,41,223,4 ,17 ,4 ,16 ,0 ,1 ,0 ,0 ,3 ,8 ,1 ,3 ,0 ,6 ,0.4,0.37
54,33,32,1 ,2 ,0 ,0 ,1 ,0 ,0 ,2 ,0 ,1 ,1 ,1 ,0 ,0 ,0.2,0.66
55,59,34,4 ,0 ,4 ,0 ,0 ,0 ,0 ,0 ,0 ,0 ,0 ,0 ,4 ,0 ,1.0,0.0
56,60,35,1 ,4 ,1 ,1 ,0 ,3 ,0 ,0 ,0 ,2 ,0 ,2 ,1 ,0 ,0.25,0.8
58,128,37,1 ,6 ,1 ,2 ,0 ,4 ,0 ,0 ,0 ,0 ,1 ,0 ,0 ,6 ,1.0,0.85
59,59,60,2 ,2 ,2 ,1 ,0 ,0 ,0 ,1 ,0 ,2 ,0 ,0 ,2 ,0 ,0.66,0.66
60,128,38,4 ,2 ,1 ,0 ,2 ,0 ,1 ,2 ,1 ,0 ,0 ,2 ,3 ,0 ,0.57,0.5
61,292,41,29 ,4 ,26 ,3 ,2 ,0 ,1 ,1 ,8 ,3 ,4 ,1 ,17 ,0 ,0.5,0.18
62,128,59,33 ,10 ,9 ,3 ,0 ,2 ,24 ,5 ,27 ,7 ,2 ,3 ,4 ,0 ,0.55,0.33
65,223,39,1 ,0 ,1 ,0 ,0 ,0 ,0 ,0 ,1 ,0 ,0 ,0 ,0 ,0 ,1.0,0.0
66,163,59,0 ,1 ,0 ,0 ,0 ,0 ,0 ,1 ,0 ,1 ,0 ,0 ,0 ,0 ,0.0,1.0
67,128,40,7 ,1 ,5 ,0 ,0 ,0 ,2 ,1 ,2 ,1 ,0 ,0 ,5 ,0 ,0.7,0.25
68,41,90,0 ,2 ,0 ,1 ,0 ,0 ,0 ,1 ,0 ,0 ,0 ,1 ,0 ,1 ,0.0,0.4
69,163,223,57 ,3 ,36 ,3 ,16 ,0 ,5 ,0 ,0 ,0 ,5 ,2 ,52 ,1 ,0.87,0.5
70,41,128,6 ,14 ,2 ,3 ,0 ,0 ,4 ,11 ,6 ,14 ,0 ,0 ,0 ,0 ,0.18,0.26
71,163,41,24 ,8 ,18 ,4 ,5 ,1 ,1 ,3 ,7 ,8 ,0 ,0 ,17 ,0 ,0.3,0.27
73,62,42,3 ,1 ,3 ,1 ,0 ,0 ,0 ,0 ,2 ,1 ,0 ,0 ,1 ,0 ,0.75,0.5
74,59,80,9 ,12 ,5 ,5 ,0 ,2 ,4 ,5 ,6 ,9 ,3 ,3 ,0 ,0 ,0.23,0.42
75,112,68,7 ,9 ,3 ,6 ,2 ,2 ,2 ,1 ,4 ,1 ,2 ,4 ,1 ,4 ,0.77,0.75
76,116,43,8 ,0 ,8 ,0 ,0 ,0 ,0 ,0 ,0 ,0 ,0 ,0 ,8 ,0 ,1.0,0.0
77,62,56,5 ,0 ,5 ,0 ,0 ,0 ,0 ,0 ,0 ,0 ,0 ,0 ,5 ,0 ,0.55,0.0
78,116,112,3 ,1 ,3 ,1 ,0 ,0 ,0 ,0 ,0 ,0 ,0 ,0 ,3 ,1 ,0.5,0.12
79,292,234,0 ,4 ,0 ,3 ,0 ,1 ,0 ,0 ,0 ,1 ,0 ,0 ,0 ,3 ,0.0,0.8
80,62,116,12 ,2 ,9 ,1 ,0 ,1 ,3 ,0 ,2 ,0 ,7 ,2 ,3 ,0 ,0.57,0.33
81,61,44,13 ,4 ,12 ,2 ,1 ,0 ,0 ,2 ,1 ,2 ,1 ,2 ,11 ,0 ,0.81,1.0
82,58,45,9 ,1 ,6 ,0 ,2 ,1 ,1 ,0 ,1 ,1 ,0 ,0 ,8 ,0 ,0.81,0.5
83,47,46,8 ,0 ,8 ,0 ,0 ,0 ,0 ,0 ,0 ,0 ,0 ,0 ,8 ,0 ,0.47,0.0
84,48,116,8 ,1 ,7 ,0 ,1 ,0 ,0 ,1 ,1 ,1 ,0 ,0 ,7 ,0 ,0.27,0.25
85,60,49,3 ,1 ,2 ,1 ,0 ,0 ,1 ,0 ,2 ,0 ,0 ,1 ,1 ,0 ,1.0,0.5
86,62,155,46 ,2 ,27 ,1 ,19 ,0 ,0 ,1 ,1 ,2 ,11 ,0 ,34 ,0 ,0.77,0.4
87,163,292,16 ,18 ,13 ,9 ,0 ,9 ,3 ,0 ,9 ,8 ,1 ,1 ,6 ,9 ,0.21,0.22
88,51,50,21 ,3 ,9 ,3 ,7 ,0 ,5 ,0 ,0 ,0 ,18 ,3 ,3 ,0 ,0.58,0.6
90,62,60,27 ,2 ,8 ,1 ,19 ,1 ,0 ,0 ,0 ,1 ,0 ,1 ,27 ,0 ,0.96,1.0
91,83,52,2 ,3 ,2 ,2 ,0 ,0 ,0 ,1 ,0 ,1 ,0 ,0 ,2 ,2 ,0.4,0.75
92,469,82,25 ,0 ,20 ,0 ,5 ,0 ,0 ,0 ,0 ,0 ,0 ,0 ,25 ,0 ,0.83,0.0
93,116,53,5 ,5 ,5 ,3 ,0 ,1 ,0 ,1 ,2 ,0 ,0 ,5 ,3 ,0 ,0.83,0.71
94,62,83,11 ,11 ,4 ,5 ,7 ,4 ,0 ,2 ,1 ,0 ,5 ,11 ,5 ,0 ,0.68,0.5
95,469,116,33 ,3 ,33 ,1 ,0 ,1 ,0 ,1 ,2 ,0 ,19 ,3 ,12 ,0 ,0.68,0.42
96,469,62,34 ,1 ,30 ,1 ,4 ,0 ,0 ,0 ,2 ,1 ,4 ,0 ,28 ,0 ,0.56,0.16
99,469,54,7 ,0 ,7 ,0 ,0 ,0 ,0 ,0 ,1 ,0 ,0 ,0 ,6 ,0 ,1.0,0.0
100,83,55,6 ,0 ,5 ,0 ,1 ,0 ,0 ,0 ,0 ,0 ,1 ,0 ,5 ,0 ,0.75,0.0
101,223,56,8 ,0 ,5 ,0 ,3 ,0 ,0 ,0 ,0 ,0 ,0 ,0 ,8 ,0 ,0.88,0.0
102,112,57,18 ,2 ,9 ,1 ,5 ,1 ,4 ,0 ,1 ,1 ,5 ,1 ,12 ,0 ,0.85,0.66
103,469,83,9 ,3 ,9 ,0 ,0 ,0 ,0 ,3 ,0 ,3 ,0 ,0 ,9 ,0 ,0.9,0.6
104,68,223,60 ,21 ,17 ,20 ,34 ,1 ,9 ,0 ,17 ,15 ,43 ,6 ,0 ,0 ,0.63,0.42
108,62,116,16 ,14 ,10 ,11 ,6 ,3 ,0 ,0 ,2 ,2 ,14 ,9 ,0 ,3 ,0.53,0.53
109,223,58,4 ,5 ,4 ,4 ,0 ,1 ,0 ,0 ,1 ,1 ,0 ,2 ,3 ,2 ,0.44,0.71
110,234,59,9 ,21 ,9 ,19 ,0 ,2 ,0 ,0 ,0 ,0 ,0 ,9 ,9 ,12 ,0.81,0.75
111,292,83,22 ,1 ,21 ,0 ,1 ,0 ,0 ,1 ,0 ,1 ,0 ,0 ,22 ,0 ,0.56,0.33
112,62,60,0 ,0 ,0 ,0 ,0 ,0 ,0 ,0 ,0 ,0 ,0 ,0 ,0 ,0 ,0.0,0.0
113,223,61,9 ,2 ,9 ,1 ,0 ,1 ,0 ,0 ,1 ,1 ,8 ,1 ,0 ,0 ,0.52,1.0
114,62,223,6 ,13 ,6 ,13 ,0 ,0 ,0 ,0 ,5 ,9 ,0 ,4 ,1 ,0 ,0.33,0.46
117,112,63,0 ,0 ,0 ,0 ,0 ,0 ,0 ,0 ,0 ,0 ,0 ,0 ,0 ,0 ,0.0,0.0
118,65,64,20 ,1 ,20 ,1 ,0 ,0 ,0 ,0 ,9 ,1 ,3 ,0 ,8 ,0 ,0.46,0.05
119,68,66,30 ,3 ,23 ,3 ,6 ,0 ,1 ,0 ,2 ,1 ,11 ,2 ,17 ,0 ,0.71,0.6
120,1255,252,17 ,1 ,17 ,0 ,0 ,1 ,0 ,0 ,2 ,0 ,5 ,1 ,10 ,0 ,0.58,0.14
121,112,67,2 ,0 ,2 ,0 ,0 ,0 ,0 ,0 ,0 ,0 ,2 ,0 ,0 ,0 ,0.5,0.0
122,1255,68,9 ,0 ,9 ,0 ,0 ,0 ,0 ,0 ,2 ,0 ,0 ,0 ,7 ,0 ,0.75,0.0
123,469,163,4 ,2 ,4 ,2 ,0 ,0 ,0 ,0 ,2 ,2 ,0 ,0 ,2 ,0 ,0.33,0.5
124,632,69,21 ,0 ,20 ,0 ,1 ,0 ,0 ,0 ,1 ,0 ,0 ,0 ,20 ,0 ,0.87,0.0
125,71,70,11 ,1 ,11 ,0 ,0 ,0 ,0 ,1 ,0 ,1 ,0 ,0 ,11 ,0 ,0.84,0.2
126,117,72,35 ,3 ,21 ,3 ,6 ,0 ,8 ,0 ,14 ,3 ,13 ,0 ,8 ,0 ,0.64,0.18
127,73,125,0 ,3 ,0 ,3 ,0 ,0 ,0 ,0 ,0 ,0 ,0 ,0 ,0 ,3 ,0.0,0.5
128,76,74,0 ,1 ,0 ,0 ,0 ,0 ,0 ,1 ,0 ,1 ,0 ,0 ,0 ,0 ,0.0,1.0
129,557,75,1 ,0 ,1 ,0 ,0 ,0 ,0 ,0 ,0 ,0 ,0 ,0 ,1 ,0 ,1.0,0.0
130,117,632,0 ,5 ,0 ,5 ,0 ,0 ,0 ,0 ,0 ,1 ,0 ,0 ,0 ,4 ,0.0,0.26
131,557,76,16 ,0 ,15 ,0 ,1 ,0 ,0 ,0 ,0 ,0 ,0 ,0 ,16 ,0 ,0.84,0.0
132,1255,223,15 ,2 ,13 ,0 ,2 ,2 ,0 ,0 ,1 ,0 ,7 ,2 ,7 ,0 ,0.62,0.4
133,237,77,5 ,0 ,4 ,0 ,1 ,0 ,0 ,0 ,0 ,0 ,0 ,0 ,5 ,0 ,0.62,0.0
134,86,78,7 ,1 ,4 ,0 ,2 ,1 ,1 ,0 ,2 ,1 ,0 ,0 ,5 ,0 ,0.58,1.0
135,80,79,7 ,1 ,7 ,1 ,0 ,0 ,0 ,0 ,0 ,1 ,0 ,0 ,7 ,0 ,0.77,0.2
136,97,81,3 ,1 ,3 ,1 ,0 ,0 ,0 ,0 ,0 ,1 ,0 ,0 ,3 ,0 ,0.5,0.25
137,92,82,14 ,1 ,14 ,0 ,0 ,1 ,0 ,0 ,0 ,0 ,0 ,0 ,14 ,1 ,0.7,0.5
138,84,83,9 ,6 ,9 ,6 ,0 ,0 ,0 ,0 ,2 ,4 ,3 ,2 ,4 ,0 ,0.42,0.6
139,97,237,2 ,0 ,2 ,0 ,0 ,0 ,0 ,0 ,0 ,0 ,0 ,0 ,2 ,0 ,0.5,0.0
140,92,84,3 ,0 ,1 ,0 ,0 ,0 ,2 ,0 ,2 ,0 ,0 ,0 ,1 ,0 ,0.5,0.0
141,169,469,55 ,19 ,34 ,19 ,1 ,0 ,20 ,0 ,36 ,2 ,0 ,0 ,19 ,17 ,0.84,0.44
142,86,85,11 ,12 ,8 ,2 ,2 ,10 ,1 ,0 ,3 ,0 ,3 ,12 ,5 ,0 ,0.61,0.54
143,91,87,11 ,1 ,11 ,0 ,0 ,0 ,0 ,1 ,0 ,1 ,0 ,0 ,11 ,0 ,0.5,0.5
144,92,88,1 ,0 ,1 ,0 ,0 ,0 ,0 ,0 ,0 ,0 ,1 ,0 ,0 ,0 ,0.5,0.0
145,90,89,13 ,11 ,10 ,6 ,2 ,4 ,1 ,1 ,1 ,2 ,5 ,6 ,7 ,3 ,0.46,0.34
146,557,1255,34 ,6 ,31 ,6 ,3 ,0 ,0 ,0 ,2 ,1 ,22 ,5 ,10 ,0 ,0.79,0.28
147,92,91,5 ,0 ,5 ,0 ,0 ,0 ,0 ,0 ,0 ,0 ,0 ,0 ,5 ,0 ,0.71,0.0
148,169,223,12 ,5 ,7 ,5 ,0 ,0 ,5 ,0 ,5 ,1 ,1 ,2 ,6 ,2 ,0.92,0.22
149,252,133,6 ,12 ,5 ,9 ,0 ,3 ,1 ,0 ,6 ,3 ,0 ,0 ,0 ,9 ,0.35,0.5
150,223,172,13 ,9 ,13 ,1 ,0 ,1 ,0 ,7 ,6 ,8 ,0 ,1 ,7 ,0 ,0.41,1.0
151,95,94,0 ,4 ,0 ,4 ,0 ,0 ,0 ,0 ,0 ,0 ,0 ,4 ,0 ,0 ,0.0,0.4
152,135,97,1 ,2 ,1 ,1 ,0 ,1 ,0 ,0 ,1 ,2 ,0 ,0 ,0 ,0 ,1.0,0.66
153,1255,93,0 ,1 ,0 ,0 ,0 ,0 ,0 ,1 ,0 ,1 ,0 ,0 ,0 ,0 ,0.0,1.0
154,95,94,1 ,1 ,1 ,1 ,0 ,0 ,0 ,0 ,0 ,0 ,0 ,1 ,1 ,0 ,0.5,0.5
155,557,169,19 ,9 ,19 ,5 ,0 ,1 ,0 ,3 ,0 ,7 ,0 ,1 ,19 ,1 ,0.61,0.52
158,111,96,42 ,6 ,25 ,2 ,17 ,1 ,0 ,3 ,12 ,5 ,10 ,1 ,20 ,0 ,0.52,0.25
159,189,110,18 ,13 ,5 ,7 ,11 ,5 ,2 ,1 ,3 ,0 ,13 ,6 ,2 ,7 ,0.66,0.38
160,112,97,5 ,18 ,2 ,13 ,0 ,4 ,3 ,1 ,4 ,5 ,0 ,0 ,1 ,13 ,0.29,0.72
161,189,184,6 ,2 ,4 ,1 ,1 ,1 ,1 ,0 ,3 ,1 ,0 ,1 ,3 ,0 ,0.42,0.2
162,194,234,45 ,13 ,31 ,13 ,2 ,0 ,12 ,0 ,32 ,6 ,2 ,0 ,11 ,7 ,0.6,0.28
163,135,98,2 ,0 ,1 ,0 ,0 ,0 ,1 ,0 ,1 ,0 ,0 ,0 ,1 ,0 ,0.5,0.0
164,492,99,46 ,9 ,13 ,8 ,6 ,0 ,27 ,1 ,20 ,5 ,21 ,3 ,5 ,1 ,0.46,0.23
166,1098,100,31 ,36 ,21 ,16 ,9 ,4 ,1 ,16 ,3 ,29 ,18 ,6 ,10 ,1 ,0.57,0.73
167,226,101,1 ,0 ,1 ,0 ,0 ,0 ,0 ,0 ,0 ,0 ,0 ,0 ,1 ,0 ,1.0,0.0
168,262,102,27 ,4 ,15 ,2 ,8 ,2 ,4 ,0 ,9 ,3 ,1 ,1 ,17 ,0 ,0.37,0.36
169,223,103,11 ,0 ,11 ,0 ,0 ,0 ,0 ,0 ,0 ,0 ,2 ,0 ,9 ,0 ,0.68,0.0
170,1098,226,28 ,20 ,26 ,10 ,2 ,2 ,0 ,8 ,5 ,19 ,10 ,1 ,13 ,0 ,0.66,0.62
171,188,469,22 ,26 ,13 ,23 ,2 ,1 ,7 ,2 ,14 ,6 ,6 ,6 ,2 ,14 ,0.52,0.53
172,135,407,20 ,14 ,3 ,10 ,14 ,1 ,3 ,3 ,4 ,4 ,8 ,0 ,8 ,10 ,0.71,0.56
174,105,104,31 ,11 ,26 ,8 ,1 ,2 ,4 ,1 ,11 ,4 ,1 ,0 ,19 ,7 ,0.7,0.3
175,106,407,9 ,3 ,6 ,0 ,1 ,3 ,2 ,0 ,2 ,0 ,5 ,3 ,2 ,0 ,0.56,0.6
176,194,188,14 ,13 ,7 ,6 ,4 ,7 ,3 ,0 ,11 ,12 ,0 ,1 ,3 ,0 ,0.35,0.19
177,189,111,19 ,24 ,2 ,2 ,12 ,20 ,5 ,2 ,4 ,1 ,15 ,23 ,0 ,0 ,0.55,0.55
178,222,223,24 ,16 ,12 ,16 ,0 ,0 ,12 ,0 ,17 ,7 ,4 ,4 ,3 ,5 ,0.68,0.33
179,1255,700,7 ,1 ,7 ,0 ,0 ,0 ,0 ,1 ,7 ,1 ,0 ,0 ,0 ,0 ,0.53,0.5
180,135,107,23 ,4 ,5 ,3 ,8 ,0 ,10 ,1 ,8 ,1 ,7 ,0 ,8 ,3 ,0.69,0.36
181,162,108,15 ,0 ,13 ,0 ,2 ,0 ,0 ,0 ,1 ,0 ,0 ,0 ,14 ,0 ,0.5,0.0
182,374,109,24 ,4 ,10 ,3 ,5 ,1 ,9 ,0 ,10 ,0 ,14 ,0 ,0 ,4 ,0.64,0.15
183,111,110,42 ,34 ,28 ,7 ,9 ,14 ,5 ,13 ,21 ,20 ,19 ,14 ,2 ,0 ,0.31,0.53
184,632,112,37 ,9 ,35 ,5 ,2 ,0 ,0 ,4 ,12 ,7 ,7 ,1 ,18 ,1 ,0.48,0.36
185,222,469,16 ,25 ,9 ,23 ,0 ,0 ,7 ,2 ,15 ,7 ,1 ,0 ,0 ,18 ,0.55,0.47
186,189,113,27 ,19 ,9 ,5 ,4 ,1 ,14 ,13 ,20 ,16 ,2 ,2 ,5 ,1 ,0.38,0.21
187,122,194,31 ,23 ,21 ,16 ,3 ,4 ,7 ,3 ,18 ,6 ,9 ,2 ,4 ,15 ,0.5,0.48
188,115,114,9 ,17 ,6 ,14 ,2 ,3 ,1 ,0 ,3 ,0 ,4 ,2 ,2 ,15 ,0.47,0.4
189,188,134,3 ,2 ,2 ,0 ,1 ,2 ,0 ,0 ,1 ,1 ,1 ,1 ,1 ,0 ,0.42,0.28
190,374,131,23 ,2 ,18 ,2 ,4 ,0 ,1 ,0 ,3 ,1 ,2 ,1 ,18 ,0 ,0.71,0.25
191,185,169,17 ,9 ,17 ,2 ,0 ,2 ,0 ,5 ,4 ,6 ,1 ,3 ,12 ,0 ,0.34,0.56
192,407,492,8 ,12 ,1 ,12 ,4 ,0 ,3 ,0 ,5 ,3 ,3 ,1 ,0 ,8 ,0.72,0.5
193,116,124,8 ,2 ,6 ,2 ,0 ,0 ,2 ,0 ,6 ,2 ,2 ,0 ,0 ,0 ,0.57,0.66
194,632,117,26 ,2 ,22 ,1 ,4 ,0 ,0 ,1 ,0 ,1 ,2 ,1 ,24 ,0 ,0.61,0.5
195,148,118,6 ,0 ,6 ,0 ,0 ,0 ,0 ,0 ,0 ,0 ,0 ,0 ,6 ,0 ,0.75,0.0
196,162,180,6 ,0 ,3 ,0 ,3 ,0 ,0 ,0 ,3 ,0 ,1 ,0 ,2 ,0 ,1.0,0.0
197,120,119,7 ,0 ,6 ,0 ,1 ,0 ,0 ,0 ,1 ,0 ,0 ,0 ,6 ,0 ,0.53,0.0
198,700,121,25 ,4 ,12 ,3 ,13 ,0 ,0 ,1 ,0 ,0 ,24 ,4 ,1 ,0 ,0.78,0.8
199,188,123,15 ,6 ,7 ,4 ,0 ,0 ,8 ,2 ,8 ,2 ,1 ,0 ,6 ,4 ,0.55,0.27
200,222,252,9 ,16 ,7 ,14 ,0 ,0 ,2 ,2 ,9 ,13 ,0 ,3 ,0 ,0 ,0.2,0.34
201,122,185,18 ,20 ,10 ,19 ,6 ,1 ,2 ,0 ,4 ,0 ,1 ,0 ,13 ,20 ,0.62,0.32
202,123,156,25 ,0 ,13 ,0 ,12 ,0 ,0 ,0 ,0 ,0 ,12 ,0 ,13 ,0 ,0.78,0.0
203,124,148,10 ,22 ,10 ,19 ,0 ,3 ,0 ,0 ,4 ,8 ,3 ,14 ,3 ,0 ,0.5,0.45
204,204,125,21 ,11 ,15 ,11 ,6 ,0 ,0 ,0 ,11 ,0 ,5 ,3 ,5 ,8 ,0.45,0.42
205,194,160,11 ,12 ,7 ,10 ,2 ,2 ,2 ,0 ,4 ,0 ,0 ,1 ,7 ,11 ,0.78,0.38
206,132,126,21 ,1 ,20 ,1 ,1 ,0 ,0 ,0 ,0 ,1 ,0 ,0 ,21 ,0 ,0.6,0.5
207,407,171,35 ,0 ,27 ,0 ,3 ,0 ,5 ,0 ,8 ,0 ,3 ,0 ,24 ,0 ,0.59,0.0
208,189,127,13 ,10 ,6 ,3 ,5 ,1 ,2 ,6 ,6 ,4 ,7 ,5 ,0 ,1 ,0.3,0.52
209,169,128,4 ,1 ,2 ,0 ,0 ,0 ,2 ,1 ,2 ,1 ,0 ,0 ,2 ,0 ,1.0,1.0
210,330,129,48 ,34 ,32 ,21 ,7 ,6 ,9 ,7 ,3 ,9 ,35 ,21 ,10 ,4 ,0.59,0.54
211,167,130,20 ,9 ,18 ,6 ,2 ,3 ,0 ,0 ,11 ,9 ,9 ,0 ,0 ,0 ,0.32,0.27
212,575,131,77 ,7 ,48 ,5 ,29 ,2 ,0 ,0 ,13 ,5 ,2 ,2 ,62 ,0 ,0.65,0.28
213,492,132,13 ,5 ,13 ,0 ,0 ,2 ,0 ,3 ,3 ,3 ,6 ,2 ,4 ,0 ,0.46,0.71
214,133,144,3 ,0 ,3 ,0 ,0 ,0 ,0 ,0 ,1 ,0 ,2 ,0 ,0 ,0 ,1.0,0.0
215,407,134,3 ,1 ,2 ,0 ,0 ,0 ,1 ,1 ,2 ,1 ,1 ,0 ,0 ,0 ,0.75,0.14
216,160,148,12 ,14 ,7 ,8 ,5 ,1 ,0 ,5 ,4 ,4 ,3 ,5 ,5 ,5 ,0.4,0.56
217,135,632,31 ,20 ,10 ,18 ,8 ,1 ,13 ,1 ,21 ,3 ,5 ,0 ,5 ,17 ,0.5,0.27
218,139,136,18 ,18 ,10 ,15 ,4 ,1 ,4 ,2 ,14 ,3 ,4 ,0 ,0 ,15 ,0.43,0.36
219,173,171,20 ,5 ,6 ,5 ,14 ,0 ,0 ,0 ,2 ,0 ,0 ,0 ,18 ,5 ,0.76,0.55
220,204,137,22 ,14 ,19 ,11 ,1 ,0 ,2 ,3 ,13 ,13 ,9 ,1 ,0 ,0 ,0.2,0.24
221,145,138,2 ,1 ,1 ,1 ,1 ,0 ,0 ,0 ,0 ,1 ,0 ,0 ,2 ,0 ,1.0,1.0
222,173,139,1 ,27 ,0 ,25 ,1 ,1 ,0 ,1 ,0 ,1 ,1 ,1 ,0 ,25 ,0.25,0.42
223,222,194,14 ,14 ,8 ,0 ,0 ,4 ,6 ,10 ,13 ,13 ,0 ,1 ,1 ,0 ,0.29,0.42
224,185,188,10 ,8 ,10 ,5 ,0 ,2 ,0 ,1 ,0 ,3 ,1 ,2 ,9 ,3 ,0.23,0.38
225,303,159,22 ,12 ,11 ,9 ,4 ,2 ,7 ,1 ,10 ,11 ,3 ,1 ,9 ,0 ,0.55,0.34
227,330,141,54 ,20 ,42 ,7 ,12 ,8 ,0 ,5 ,1 ,6 ,17 ,12 ,36 ,2 ,0.5,0.54
228,142,232,22 ,24 ,12 ,12 ,7 ,10 ,3 ,2 ,15 ,15 ,7 ,9 ,0 ,0 ,0.46,0.38
229,302,180,37 ,8 ,26 ,4 ,8 ,2 ,3 ,2 ,8 ,2 ,17 ,6 ,12 ,0 ,0.37,0.36
230,170,143,33 ,27 ,15 ,13 ,10 ,5 ,8 ,9 ,2 ,9 ,20 ,15 ,11 ,3 ,0.62,0.57
231,161,144,9 ,14 ,5 ,11 ,4 ,3 ,0 ,0 ,1 ,0 ,8 ,14 ,0 ,0 ,0.47,0.51
232,162,248,13 ,1 ,4 ,1 ,9 ,0 ,0 ,0 ,3 ,0 ,4 ,0 ,6 ,1 ,0.28,0.25
233,146,145,3 ,8 ,3 ,6 ,0 ,2 ,0 ,0 ,2 ,2 ,0 ,2 ,1 ,4 ,0.15,0.5
234,148,147,51 ,6 ,40 ,2 ,8 ,2 ,3 ,2 ,1 ,2 ,5 ,2 ,45 ,2 ,0.82,0.46
235,149,204,8 ,4 ,7 ,4 ,0 ,0 ,1 ,0 ,1 ,3 ,0 ,1 ,7 ,0 ,0.5,0.8
236,195,172,11 ,0 ,10 ,0 ,1 ,0 ,0 ,0 ,0 ,0 ,2 ,0 ,9 ,0 ,0.52,0.0
237,632,700,20 ,10 ,18 ,6 ,2 ,0 ,0 ,4 ,2 ,6 ,0 ,4 ,18 ,0 ,0.46,0.37
238,303,150,26 ,6 ,15 ,2 ,5 ,4 ,6 ,0 ,21 ,3 ,3 ,3 ,2 ,0 ,0.47,0.26
239,214,151,16 ,9 ,13 ,0 ,3 ,3 ,0 ,6 ,1 ,4 ,5 ,5 ,10 ,0 ,0.61,0.5
240,330,152,4 ,5 ,4 ,2 ,0 ,2 ,0 ,1 ,3 ,5 ,1 ,0 ,0 ,0 ,0.04,0.08
241,575,153,18 ,2 ,14 ,2 ,4 ,0 ,0 ,0 ,0 ,0 ,0 ,0 ,18 ,2 ,0.58,1.0
242,155,154,6 ,12 ,4 ,8 ,1 ,3 ,1 ,1 ,2 ,6 ,4 ,6 ,0 ,0 ,0.6,0.44
243,189,631,9 ,1 ,9 ,0 ,0 ,1 ,0 ,0 ,4 ,0 ,1 ,1 ,4 ,0 ,0.5,0.5
244,157,156,16 ,10 ,11 ,5 ,3 ,5 ,2 ,0 ,12 ,3 ,4 ,5 ,0 ,2 ,0.26,0.32
245,185,222,17 ,12 ,17 ,3 ,0 ,0 ,0 ,9 ,11 ,12 ,2 ,0 ,4 ,0 ,0.32,0.21
246,159,158,18 ,28 ,13 ,9 ,5 ,15 ,0 ,4 ,1 ,2 ,13 ,21 ,4 ,5 ,0.54,0.5
247,299,160,31 ,5 ,20 ,5 ,10 ,0 ,1 ,0 ,0 ,1 ,3 ,0 ,28 ,4 ,0.5,0.35
248,214,161,30 ,25 ,29 ,9 ,1 ,16 ,0 ,0 ,1 ,2 ,4 ,1 ,25 ,22 ,0.49,0.86
249,178,208,33 ,14 ,28 ,14 ,5 ,0 ,0 ,0 ,9 ,1 ,5 ,0 ,19 ,13 ,0.61,0.32
250,180,162,1 ,1 ,0 ,1 ,0 ,0 ,1 ,0 ,1 ,1 ,0 ,0 ,0 ,0 ,0.33,0.5
251,407,204,2 ,2 ,0 ,1 ,2 ,1 ,0 ,0 ,0 ,0 ,0 ,1 ,2 ,1 ,0.33,0.22
252,169,183,43 ,10 ,19 ,8 ,21 ,2 ,3 ,0 ,3 ,0 ,40 ,4 ,0 ,6 ,0.78,0.22
253,222,163,2 ,0 ,0 ,0 ,0 ,0 ,2 ,0 ,2 ,0 ,0 ,0 ,0 ,0 ,0.28,0.0
254,164,570,5 ,2 ,5 ,0 ,0 ,2 ,0 ,0 ,1 ,2 ,0 ,0 ,4 ,0 ,0.55,0.66
255,166,165,9 ,4 ,7 ,3 ,2 ,1 ,0 ,0 ,0 ,0 ,1 ,1 ,8 ,3 ,0.47,0.57
256,330,167,1 ,0 ,1 ,0 ,0 ,0 ,0 ,0 ,1 ,0 ,0 ,0 ,0 ,0 ,0.33,0.0
257,1904,168,2 ,0 ,1 ,0 ,0 ,0 ,1 ,0 ,2 ,0 ,0 ,0 ,0 ,0 ,0.5,0.0
258,1082,217,17 ,10 ,10 ,9 ,5 ,0 ,2 ,1 ,1 ,1 ,6 ,2 ,10 ,7 ,0.7,0.47
259,333,169,7 ,5 ,4 ,0 ,1 ,1 ,2 ,4 ,4 ,5 ,0 ,0 ,3 ,0 ,0.41,0.41
260,557,185,28 ,15 ,17 ,8 ,8 ,6 ,3 ,1 ,0 ,3 ,14 ,6 ,14 ,6 ,0.68,0.78
261,492,299,42 ,6 ,18 ,5 ,5 ,1 ,19 ,0 ,31 ,4 ,5 ,2 ,6 ,0 ,0.54,0.3
262,592,575,0 ,1 ,0 ,0 ,0 ,1 ,0 ,0 ,0 ,0 ,0 ,0 ,0 ,1 ,0.0,1.0
263,374,170,32 ,6 ,19 ,6 ,11 ,0 ,2 ,0 ,2 ,1 ,5 ,4 ,25 ,1 ,0.8,0.75
264,180,171,8 ,0 ,8 ,0 ,0 ,0 ,0 ,0 ,0 ,0 ,0 ,0 ,8 ,0 ,0.66,0.0
265,250,172,17 ,0 ,17 ,0 ,0 ,0 ,0 ,0 ,0 ,0 ,1 ,0 ,16 ,0 ,0.65,0.0
266,189,173,16 ,3 ,15 ,0 ,0 ,2 ,1 ,1 ,5 ,2 ,1 ,1 ,10 ,0 ,0.57,0.42
267,632,178,16 ,2 ,16 ,1 ,0 ,1 ,0 ,0 ,0 ,2 ,0 ,0 ,16 ,0 ,0.72,0.5
268,507,232,12 ,1 ,11 ,0 ,0 ,0 ,1 ,1 ,1 ,1 ,1 ,0 ,10 ,0 ,0.75,0.14
269,532,233,39 ,2 ,13 ,0 ,26 ,0 ,0 ,2 ,1 ,2 ,0 ,0 ,38 ,0 ,0.72,0.66
270,183,174,20 ,0 ,4 ,0 ,16 ,0 ,0 ,0 ,0 ,0 ,20 ,0 ,0 ,0 ,0.86,0.0
271,222,1082,31 ,39 ,18 ,17 ,3 ,6 ,10 ,16 ,23 ,29 ,8 ,10 ,0 ,0 ,0.36,0.38
272,317,407,2 ,4 ,0 ,3 ,1 ,1 ,1 ,0 ,2 ,2 ,0 ,0 ,0 ,2 ,0.4,0.4
273,180,175,3 ,2 ,0 ,0 ,2 ,1 ,1 ,1 ,2 ,1 ,1 ,1 ,0 ,0 ,0.5,0.66
274,330,475,50 ,50 ,38 ,29 ,6 ,4 ,6 ,17 ,31 ,41 ,18 ,7 ,1 ,2 ,0.38,0.49
275,632,374,7 ,0 ,4 ,0 ,2 ,0 ,1 ,0 ,1 ,0 ,4 ,0 ,2 ,0 ,1.0,0.0
276,348,198,28 ,2 ,27 ,2 ,1 ,0 ,0 ,0 ,1 ,2 ,2 ,0 ,25 ,0 ,0.58,0.11
277,1376,176,22 ,3 ,18 ,0 ,4 ,2 ,0 ,1 ,3 ,1 ,3 ,2 ,16 ,0 ,0.68,0.42
278,250,548,22 ,9 ,15 ,6 ,3 ,0 ,4 ,3 ,3 ,5 ,7 ,1 ,12 ,3 ,0.44,0.5
279,179,188,15 ,6 ,5 ,6 ,8 ,0 ,2 ,0 ,11 ,1 ,2 ,0 ,2 ,5 ,0.57,0.66
280,303,508,18 ,10 ,6 ,5 ,6 ,2 ,6 ,3 ,10 ,5 ,6 ,3 ,2 ,2 ,0.54,0.4
281,492,185,3 ,0 ,2 ,0 ,1 ,0 ,0 ,0 ,2 ,0 ,1 ,0 ,0 ,0 ,0.6,0.0
282,226,189,14 ,28 ,7 ,16 ,4 ,4 ,3 ,8 ,9 ,24 ,4 ,3 ,1 ,1 ,0.26,0.36
283,557,222,69 ,42 ,51 ,27 ,3 ,3 ,15 ,12 ,28 ,29 ,20 ,7 ,21 ,6 ,0.58,0.38
284,348,177,1 ,2 ,1 ,0 ,0 ,0 ,0 ,2 ,1 ,2 ,0 ,0 ,0 ,0 ,0.33,1.0
285,221,1904,30 ,11 ,23 ,10 ,3 ,0 ,4 ,1 ,7 ,7 ,3 ,4 ,20 ,0 ,0.6,0.42
286,678,178,17 ,1 ,12 ,0 ,5 ,1 ,0 ,0 ,1 ,1 ,1 ,0 ,15 ,0 ,0.6,0.33
287,475,180,8 ,6 ,7 ,4 ,0 ,0 ,1 ,2 ,2 ,5 ,0 ,1 ,6 ,0 ,0.47,0.46
288,189,303,10 ,14 ,7 ,1 ,1 ,6 ,2 ,7 ,6 ,10 ,4 ,4 ,0 ,0 ,0.62,0.33
289,1082,179,10 ,1 ,10 ,0 ,0 ,0 ,0 ,1 ,0 ,1 ,0 ,0 ,10 ,0 ,0.58,1.0
290,1376,362,6 ,1 ,3 ,1 ,3 ,0 ,0 ,0 ,0 ,0 ,4 ,0 ,2 ,1 ,0.75,0.2
291,632,317,35 ,3 ,32 ,2 ,1 ,0 ,2 ,1 ,3 ,3 ,1 ,0 ,31 ,0 ,0.59,0.37
292,362,180,42 ,19 ,41 ,12 ,1 ,1 ,0 ,6 ,11 ,4 ,24 ,11 ,7 ,4 ,0.6,0.42
293,548,204,4 ,1 ,0 ,1 ,2 ,0 ,2 ,0 ,4 ,1 ,0 ,0 ,0 ,0 ,1.0,0.25
294,186,348,8 ,1 ,3 ,0 ,0 ,0 ,5 ,1 ,6 ,0 ,0 ,1 ,2 ,0 ,1.0,0.2
295,302,207,70 ,9 ,38 ,5 ,16 ,3 ,16 ,1 ,24 ,7 ,30 ,2 ,16 ,0 ,0.56,0.36
296,508,854,9 ,9 ,3 ,4 ,4 ,4 ,2 ,1 ,3 ,2 ,0 ,6 ,6 ,1 ,0.52,0.64
297,492,195,27 ,15 ,15 ,13 ,1 ,1 ,11 ,1 ,16 ,13 ,2 ,1 ,9 ,1 ,0.34,0.5
298,330,592,27 ,15 ,18 ,4 ,7 ,4 ,2 ,7 ,9 ,13 ,3 ,0 ,15 ,2 ,0.45,0.31
299,632,678,64 ,19 ,17 ,9 ,8 ,3 ,39 ,7 ,5 ,8 ,47 ,11 ,12 ,0 ,0.76,0.38
300,1038,181,3 ,1 ,1 ,1 ,0 ,0 ,2 ,0 ,3 ,1 ,0 ,0 ,0 ,0 ,0.42,0.5
301,250,532,71 ,32 ,49 ,25 ,9 ,6 ,13 ,1 ,12 ,4 ,26 ,19 ,33 ,9 ,0.75,0.59
302,374,182,4 ,4 ,2 ,4 ,0 ,0 ,2 ,0 ,3 ,2 ,1 ,0 ,0 ,2 ,1.0,0.5
303,1082,183,17 ,6 ,12 ,3 ,3 ,1 ,2 ,2 ,1 ,1 ,4 ,2 ,12 ,3 ,0.85,0.42
304,1376,475,5 ,0 ,5 ,0 ,0 ,0 ,0 ,0 ,1 ,0 ,0 ,0 ,4 ,0 ,0.83,0.0
305,575,226,8 ,2 ,7 ,0 ,1 ,2 ,0 ,0 ,0 ,0 ,2 ,2 ,6 ,0 ,0.57,0.28
306,221,188,26 ,4 ,24 ,1 ,2 ,2 ,0 ,1 ,1 ,1 ,1 ,0 ,24 ,3 ,0.6,0.66
307,557,222,41 ,13 ,27 ,8 ,1 ,1 ,13 ,4 ,18 ,9 ,4 ,4 ,19 ,0 ,0.78,0.38
308,204,220,1 ,6 ,1 ,4 ,0 ,1 ,0 ,1 ,1 ,2 ,0 ,0 ,0 ,4 ,0.33,0.6
309,207,184,17 ,8 ,16 ,2 ,0 ,4 ,1 ,2 ,5 ,3 ,0 ,4 ,12 ,1 ,0.51,0.34
310,185,333,18 ,2 ,18 ,1 ,0 ,0 ,0 ,1 ,0 ,0 ,0 ,1 ,18 ,1 ,0.46,0.66
311,191,548,5 ,12 ,5 ,6 ,0 ,1 ,0 ,5 ,3 ,7 ,1 ,5 ,1 ,0 ,0.17,0.34
312,492,192,46 ,26 ,17 ,14 ,0 ,2 ,29 ,10 ,44 ,26 ,2 ,0 ,0 ,0 ,0.31,0.37
313,195,302,9 ,14 ,8 ,3 ,1 ,5 ,0 ,6 ,4 ,7 ,1 ,7 ,4 ,0 ,0.75,0.42
314,221,299,42 ,7 ,26 ,2 ,14 ,2 ,2 ,3 ,7 ,2 ,18 ,5 ,17 ,0 ,0.64,0.35
315,330,1376,38 ,49 ,28 ,35 ,5 ,5 ,5 ,9 ,22 ,39 ,3 ,3 ,13 ,7 ,0.38,0.52
316,507,186,21 ,4 ,16 ,1 ,1 ,2 ,4 ,1 ,2 ,2 ,5 ,2 ,14 ,0 ,0.7,0.2
317,508,187,2 ,0 ,2 ,0 ,0 ,0 ,0 ,0 ,0 ,0 ,0 ,0 ,2 ,0 ,0.25,0.0
318,1038,188,4 ,0 ,1 ,0 ,1 ,0 ,2 ,0 ,4 ,0 ,0 ,0 ,0 ,0 ,0.66,0.0
319,374,317,7 ,4 ,5 ,0 ,2 ,2 ,0 ,2 ,0 ,2 ,2 ,2 ,5 ,0 ,0.53,0.5
320,250,189,20 ,1 ,19 ,0 ,1 ,1 ,0 ,0 ,0 ,1 ,0 ,0 ,20 ,0 ,0.5,0.5
321,575,190,36 ,5 ,34 ,4 ,2 ,0 ,0 ,1 ,8 ,5 ,1 ,0 ,27 ,0 ,0.62,0.41
322,222,1904,27 ,38 ,10 ,10 ,1 ,1 ,16 ,27 ,26 ,37 ,1 ,1 ,0 ,0 ,0.33,0.4
323,1082,557,44 ,18 ,31 ,13 ,12 ,4 ,1 ,1 ,0 ,0 ,13 ,8 ,31 ,10 ,0.58,0.85
324,1807,732,64 ,55 ,52 ,18 ,9 ,18 ,3 ,19 ,34 ,31 ,21 ,24 ,9 ,0 ,0.41,0.42
325,205,198,10 ,0 ,10 ,0 ,0 ,0 ,0 ,0 ,1 ,0 ,0 ,0 ,9 ,0 ,0.83,0.0
326,370,191,43 ,5 ,20 ,3 ,6 ,0 ,17 ,2 ,26 ,5 ,4 ,0 ,13 ,0 ,0.59,0.1
327,475,854,19 ,13 ,8 ,5 ,2 ,3 ,9 ,5 ,6 ,5 ,6 ,7 ,7 ,1 ,0.59,0.56
328,532,192,11 ,9 ,10 ,7 ,0 ,0 ,1 ,2 ,4 ,7 ,0 ,0 ,7 ,2 ,0.47,0.6
329,1376,193,39 ,6 ,17 ,2 ,14 ,4 ,8 ,0 ,2 ,1 ,20 ,4 ,17 ,1 ,0.69,0.75
330,221,194,19 ,6 ,18 ,3 ,1 ,2 ,0 ,1 ,0 ,1 ,1 ,3 ,18 ,2 ,0.57,0.54
331,195,250,17 ,35 ,15 ,6 ,2 ,9 ,0 ,20 ,7 ,7 ,2 ,25 ,8 ,3 ,0.42,0.53
332,854,196,6 ,1 ,3 ,1 ,0 ,0 ,3 ,0 ,5 ,1 ,0 ,0 ,1 ,0 ,0.66,0.14
333,237,197,60 ,11 ,52 ,5 ,6 ,0 ,2 ,6 ,6 ,9 ,5 ,2 ,49 ,0 ,0.58,0.35
334,1807,198,28 ,11 ,16 ,2 ,12 ,8 ,0 ,1 ,3 ,0 ,17 ,11 ,8 ,0 ,0.54,0.29
335,320,199,3 ,2 ,1 ,2 ,2 ,0 ,0 ,0 ,2 ,1 ,1 ,0 ,0 ,1 ,0.6,0.4
336,205,200,26 ,0 ,24 ,0 ,2 ,0 ,0 ,0 ,3 ,0 ,2 ,0 ,21 ,0 ,0.56,0.0
337,492,1255,43 ,20 ,7 ,12 ,5 ,0 ,31 ,8 ,20 ,14 ,17 ,3 ,6 ,3 ,0.55,0.47
338,374,201,70 ,14 ,47 ,3 ,21 ,6 ,2 ,5 ,7 ,5 ,10 ,5 ,53 ,4 ,0.71,0.7
339,333,317,42 ,7 ,36 ,3 ,2 ,3 ,4 ,1 ,9 ,6 ,0 ,0 ,33 ,1 ,0.46,0.35
340,206,202,30 ,29 ,24 ,20 ,4 ,8 ,2 ,1 ,8 ,8 ,7 ,11 ,15 ,10 ,0.56,0.43
341,227,203,9 ,5 ,8 ,1 ,0 ,1 ,1 ,3 ,3 ,3 ,0 ,2 ,6 ,0 ,0.31,0.41
342,209,204,4 ,0 ,4 ,0 ,0 ,0 ,0 ,0 ,1 ,0 ,0 ,0 ,3 ,0 ,0.66,0.0
343,214,1038,34 ,6 ,28 ,1 ,5 ,3 ,1 ,2 ,3 ,4 ,11 ,2 ,20 ,0 ,0.77,0.6
344,575,226,58 ,3 ,47 ,3 ,11 ,0 ,0 ,0 ,0 ,1 ,1 ,0 ,57 ,2 ,0.75,0.33
345,507,205,6 ,7 ,6 ,6 ,0 ,1 ,0 ,0 ,0 ,4 ,0 ,3 ,6 ,0 ,0.75,0.38
346,250,370,16 ,32 ,14 ,4 ,0 ,10 ,2 ,18 ,6 ,27 ,4 ,5 ,6 ,0 ,0.25,0.45
347,532,302,8 ,1 ,8 ,0 ,0 ,0 ,0 ,1 ,8 ,1 ,0 ,0 ,0 ,0 ,0.61,0.14
348,217,222,17 ,14 ,13 ,4 ,3 ,0 ,1 ,10 ,17 ,14 ,0 ,0 ,0 ,0 ,0.29,0.5
349,475,362,35 ,11 ,25 ,11 ,6 ,0 ,4 ,0 ,5 ,4 ,7 ,3 ,23 ,4 ,0.62,0.45
350,1376,508,32 ,8 ,12 ,4 ,10 ,2 ,10 ,2 ,12 ,3 ,17 ,5 ,3 ,0 ,0.61,0.16
351,356,231,138 ,26 ,115 ,21 ,13 ,4 ,10 ,1 ,91 ,24 ,47 ,2 ,0 ,0 ,0.64,0.4
352,221,557,39 ,39 ,34 ,32 ,4 ,5 ,1 ,2 ,7 ,9 ,2 ,5 ,30 ,25 ,0.48,0.5
353,206,209,10 ,19 ,6 ,19 ,4 ,0 ,0 ,0 ,0 ,3 ,0 ,0 ,10 ,16 ,0.47,0.61
354,678,247,24 ,0 ,19 ,0 ,5 ,0 ,0 ,0 ,0 ,0 ,8 ,0 ,16 ,0 ,0.75,0.0
355,1904,214,14 ,1 ,7 ,0 ,0 ,0 ,7 ,1 ,10 ,1 ,4 ,0 ,0 ,0 ,0.53,0.09
356,1807,232,5 ,7 ,5 ,0 ,0 ,1 ,0 ,6 ,4 ,7 ,0 ,0 ,1 ,0 ,0.45,0.5
357,226,320,0 ,1 ,0 ,0 ,0 ,0 ,0 ,1 ,0 ,1 ,0 ,0 ,0 ,0 ,0.0,0.5
358,575,207,22 ,1 ,14 ,1 ,6 ,0 ,2 ,0 ,4 ,1 ,0 ,0 ,18 ,0 ,0.68,0.5
359,492,333,13 ,10 ,12 ,2 ,1 ,0 ,0 ,8 ,12 ,10 ,0 ,0 ,1 ,0 ,0.37,0.55
360,632,292,74 ,12 ,64 ,8 ,8 ,3 ,2 ,1 ,24 ,5 ,24 ,7 ,26 ,0 ,0.58,0.27
361,854,413,51 ,31 ,29 ,17 ,12 ,7 ,10 ,7 ,27 ,15 ,18 ,11 ,6 ,5 ,0.53,0.48
362,217,208,9 ,1 ,9 ,0 ,0 ,0 ,0 ,1 ,1 ,0 ,0 ,1 ,8 ,0 ,0.39,0.25
363,362,508,29 ,26 ,18 ,5 ,6 ,15 ,5 ,6 ,22 ,9 ,7 ,17 ,0 ,0 ,0.47,0.32
364,678,222,24 ,12 ,17 ,6 ,1 ,1 ,6 ,5 ,11 ,10 ,3 ,2 ,10 ,0 ,0.63,0.32
365,250,532,40 ,44 ,31 ,15 ,8 ,29 ,1 ,0 ,5 ,5 ,11 ,22 ,24 ,17 ,0.52,0.6
366,1376,475,67 ,64 ,44 ,19 ,21 ,12 ,2 ,33 ,24 ,34 ,17 ,14 ,26 ,16 ,0.72,0.65
367,1038,223,0 ,1 ,0 ,1 ,0 ,0 ,0 ,0 ,0 ,0 ,0 ,0 ,0 ,1 ,0.0,0.2
368,356,221,12 ,7 ,10 ,4 ,1 ,1 ,1 ,2 ,7 ,6 ,0 ,1 ,5 ,0 ,0.48,0.7
369,491,209,16 ,2 ,15 ,0 ,0 ,2 ,1 ,0 ,1 ,1 ,0 ,1 ,15 ,0 ,0.8,1.0
370,449,210,27 ,29 ,20 ,22 ,4 ,2 ,3 ,5 ,20 ,16 ,7 ,1 ,0 ,12 ,0.5,0.32
371,646,227,38 ,24 ,13 ,13 ,22 ,3 ,3 ,8 ,12 ,11 ,10 ,0 ,16 ,13 ,0.66,0.38
372,658,374,16 ,6 ,13 ,0 ,1 ,5 ,2 ,1 ,16 ,4 ,0 ,2 ,0 ,0 ,0.42,0.42
373,231,211,22 ,6 ,21 ,1 ,1 ,0 ,0 ,5 ,3 ,5 ,19 ,1 ,0 ,0 ,0.52,0.37
374,216,212,60 ,24 ,46 ,21 ,12 ,1 ,2 ,2 ,22 ,10 ,14 ,11 ,24 ,3 ,0.48,0.34
375,320,1807,19 ,15 ,6 ,3 ,6 ,11 ,7 ,1 ,7 ,1 ,12 ,12 ,0 ,2 ,0.7,0.6
376,575,507,44 ,19 ,42 ,19 ,2 ,0 ,0 ,0 ,9 ,2 ,0 ,3 ,35 ,14 ,0.5,0.48
377,222,252,40 ,34 ,24 ,19 ,6 ,9 ,10 ,6 ,20 ,24 ,10 ,9 ,10 ,1 ,0.43,0.5
378,224,250,2 ,2 ,1 ,0 ,0 ,1 ,1 ,1 ,0 ,0 ,1 ,2 ,1 ,0 ,0.28,0.22
379,854,213,21 ,3 ,10 ,0 ,10 ,1 ,1 ,2 ,3 ,2 ,14 ,1 ,4 ,0 ,0.52,0.25
380,1038,230,4 ,1 ,4 ,1 ,0 ,0 ,0 ,0 ,0 ,0 ,0 ,0 ,4 ,1 ,0.57,1.0
381,236,214,45 ,18 ,22 ,16 ,11 ,0 ,12 ,2 ,8 ,5 ,20 ,8 ,17 ,5 ,0.54,0.33
382,1255,372,9 ,1 ,8 ,0 ,0 ,0 ,1 ,1 ,1 ,1 ,2 ,0 ,6 ,0 ,0.75,0.2
383,234,223,1 ,0 ,0 ,0 ,1 ,0 ,0 ,0 ,1 ,0 ,0 ,0 ,0 ,0 ,1.0,0.0
384,557,492,46 ,22 ,39 ,11 ,3 ,0 ,4 ,11 ,27 ,12 ,11 ,10 ,8 ,0 ,0.52,0.37
385,449,475,13 ,32 ,12 ,8 ,1 ,5 ,0 ,19 ,3 ,3 ,6 ,11 ,4 ,18 ,0.59,0.65
386,1602,295,17 ,9 ,14 ,9 ,3 ,0 ,0 ,0 ,1 ,0 ,0 ,1 ,16 ,8 ,0.7,0.24
387,939,215,11 ,0 ,10 ,0 ,1 ,0 ,0 ,0 ,1 ,0 ,0 ,0 ,10 ,0 ,0.61,0.0
388,519,216,13 ,2 ,8 ,1 ,3 ,1 ,2 ,0 ,3 ,1 ,7 ,1 ,3 ,0 ,0.59,0.18
389,658,296,37 ,4 ,21 ,1 ,15 ,3 ,1 ,0 ,3 ,0 ,21 ,4 ,13 ,0 ,0.8,0.66
390,599,491,80 ,35 ,39 ,25 ,24 ,3 ,17 ,7 ,20 ,8 ,57 ,27 ,3 ,0 ,0.58,0.44
391,356,217,10 ,7 ,10 ,5 ,0 ,1 ,0 ,1 ,6 ,7 ,0 ,0 ,4 ,0 ,0.29,0.28
392,1904,678,9 ,5 ,8 ,4 ,1 ,0 ,0 ,1 ,3 ,3 ,2 ,1 ,4 ,1 ,0.45,0.29
393,557,632,88 ,16 ,65 ,3 ,11 ,11 ,12 ,2 ,1 ,1 ,16 ,14 ,71 ,1 ,0.64,0.53
394,854,218,33 ,5 ,14 ,2 ,1 ,0 ,18 ,3 ,21 ,4 ,1 ,1 ,11 ,0 ,0.57,0.11
395,220,219,5 ,1 ,5 ,0 ,0 ,0 ,0 ,1 ,0 ,1 ,0 ,0 ,5 ,0 ,1.0,0.33
396,222,221,30 ,15 ,9 ,13 ,1 ,0 ,20 ,2 ,11 ,15 ,0 ,0 ,19 ,0 ,0.32,0.45
397,1807,570,30 ,37 ,23 ,18 ,5 ,3 ,2 ,16 ,13 ,31 ,5 ,6 ,12 ,0 ,0.41,0.38
398,374,532,28 ,17 ,16 ,14 ,6 ,3 ,6 ,0 ,6 ,6 ,9 ,11 ,13 ,0 ,0.82,0.53
399,231,223,13 ,11 ,13 ,11 ,0 ,0 ,0 ,0 ,3 ,4 ,9 ,7 ,1 ,0 ,0.54,0.42
400,250,224,35 ,3 ,19 ,0 ,3 ,0 ,13 ,3 ,2 ,2 ,18 ,0 ,15 ,1 ,0.56,0.16
401,575,468,0 ,0 ,0 ,0 ,0 ,0 ,0 ,0 ,0 ,0 ,0 ,0 ,0 ,0 ,0.0,0.0
402,508,612,45 ,9 ,26 ,5 ,15 ,3 ,4 ,1 ,2 ,4 ,11 ,3 ,32 ,2 ,0.56,0.6
403,939,449,40 ,22 ,16 ,19 ,4 ,3 ,20 ,0 ,26 ,6 ,8 ,4 ,6 ,12 ,0.58,0.47
404,1204,519,46 ,1 ,29 ,1 ,14 ,0 ,3 ,0 ,7 ,0 ,0 ,0 ,39 ,1 ,0.57,0.14
405,225,599,0 ,2 ,0 ,1 ,0 ,0 ,0 ,1 ,0 ,0 ,0 ,1 ,0 ,1 ,0.0,0.5
406,1038,230,28 ,18 ,18 ,1 ,7 ,17 ,3 ,0 ,4 ,2 ,4 ,5 ,20 ,11 ,0.63,0.72
407,1376,575,17 ,4 ,15 ,3 ,2 ,1 ,0 ,0 ,3 ,0 ,2 ,1 ,12 ,3 ,0.73,0.5
408,238,226,22 ,4 ,20 ,1 ,2 ,3 ,0 ,0 ,6 ,1 ,2 ,3 ,14 ,0 ,0.61,0.44
409,1255,557,1 ,1 ,1 ,0 ,0 ,0 ,0 ,1 ,1 ,1 ,0 ,0 ,0 ,0 ,1.0,0.5
410,227,738,6 ,13 ,0 ,7 ,5 ,0 ,1 ,6 ,0 ,1 ,6 ,7 ,0 ,5 ,0.75,0.86
411,229,228,10 ,20 ,10 ,11 ,0 ,7 ,0 ,2 ,0 ,4 ,2 ,15 ,8 ,1 ,1.0,0.86
412,239,230,13 ,0 ,8 ,0 ,1 ,0 ,4 ,0 ,2 ,0 ,7 ,0 ,4 ,0 ,0.86,0.0
413,1602,1807,22 ,16 ,14 ,13 ,3 ,3 ,5 ,0 ,18 ,14 ,4 ,2 ,0 ,0 ,0.29,0.25
414,1904,231,51 ,4 ,41 ,2 ,2 ,0 ,8 ,2 ,31 ,3 ,20 ,1 ,0 ,0 ,0.61,0.13
415,854,449,21 ,8 ,9 ,6 ,2 ,0 ,10 ,2 ,13 ,5 ,0 ,2 ,8 ,1 ,0.48,0.18
416,570,232,34 ,27 ,22 ,9 ,7 ,10 ,5 ,8 ,21 ,15 ,13 ,12 ,0 ,0 ,0.42,0.55
417,492,632,23 ,13 ,22 ,7 ,1 ,0 ,0 ,6 ,23 ,13 ,0 ,0 ,0 ,0 ,0.35,0.4
418,267,233,12 ,5 ,2 ,0 ,10 ,3 ,0 ,2 ,0 ,4 ,0 ,0 ,12 ,1 ,0.66,0.71
419,1204,681,24 ,5 ,22 ,1 ,2 ,2 ,0 ,2 ,13 ,4 ,2 ,1 ,9 ,0 ,0.72,0.55
420,508,792,14 ,8 ,9 ,3 ,5 ,5 ,0 ,0 ,2 ,1 ,2 ,5 ,10 ,2 ,0.35,0.5
421,374,532,73 ,23 ,55 ,16 ,15 ,6 ,3 ,1 ,39 ,16 ,19 ,7 ,15 ,0 ,0.71,0.34
422,575,238,11 ,7 ,6 ,5 ,5 ,2 ,0 ,0 ,2 ,0 ,2 ,3 ,7 ,4 ,0.47,0.53
423,1038,356,3 ,2 ,0 ,1 ,0 ,1 ,3 ,0 ,3 ,1 ,0 ,1 ,0 ,0 ,1.0,0.4
424,468,592,20 ,1 ,20 ,0 ,0 ,0 ,0 ,1 ,1 ,1 ,0 ,0 ,19 ,0 ,0.48,0.16
425,292,234,12 ,4 ,3 ,2 ,9 ,2 ,0 ,0 ,0 ,2 ,11 ,2 ,1 ,0 ,0.8,0.8
426,854,939,16 ,13 ,10 ,2 ,1 ,4 ,5 ,7 ,1 ,7 ,8 ,6 ,7 ,0 ,0.76,0.59
427,519,1602,27 ,37 ,23 ,26 ,2 ,10 ,2 ,1 ,12 ,25 ,7 ,11 ,8 ,1 ,0.34,0.36
428,570,235,12 ,8 ,8 ,1 ,3 ,3 ,1 ,4 ,6 ,5 ,1 ,3 ,5 ,0 ,0.48,0.5
429,263,239,4 ,7 ,4 ,1 ,0 ,5 ,0 ,1 ,1 ,0 ,2 ,7 ,1 ,0 ,0.44,0.43
430,270,250,5 ,0 ,5 ,0 ,0 ,0 ,0 ,0 ,1 ,0 ,0 ,0 ,4 ,0 ,0.71,0.0
431,492,236,31 ,13 ,27 ,9 ,3 ,2 ,1 ,2 ,9 ,11 ,5 ,1 ,17 ,1 ,0.45,0.35
432,1025,529,29 ,6 ,24 ,2 ,3 ,1 ,2 ,3 ,2 ,4 ,2 ,2 ,25 ,0 ,0.52,0.85
433,557,1255,50 ,3 ,40 ,1 ,3 ,2 ,7 ,0 ,1 ,0 ,16 ,2 ,33 ,1 ,0.7,0.5
434,366,372,1 ,10 ,1 ,3 ,0 ,0 ,0 ,7 ,1 ,9 ,0 ,1 ,0 ,0 ,0.09,0.22
435,370,237,9 ,4 ,6 ,1 ,2 ,1 ,1 ,2 ,0 ,1 ,6 ,3 ,3 ,0 ,0.6,0.66
436,374,1807,6 ,3 ,2 ,2 ,1 ,1 ,3 ,0 ,6 ,1 ,0 ,1 ,0 ,1 ,0.35,0.21
437,468,238,33 ,4 ,26 ,2 ,6 ,0 ,1 ,2 ,5 ,2 ,9 ,2 ,19 ,0 ,0.55,0.19
438,575,1204,4 ,6 ,3 ,4 ,1 ,2 ,0 ,0 ,3 ,5 ,1 ,1 ,0 ,0 ,0.28,0.35
439,658,599,41 ,22 ,27 ,9 ,11 ,13 ,3 ,0 ,6 ,5 ,26 ,17 ,9 ,0 ,0.56,0.53
440,632,1148,45 ,11 ,42 ,11 ,3 ,0 ,0 ,0 ,1 ,7 ,0 ,2 ,44 ,2 ,0.6,0.4
441,1602,310,13 ,3 ,10 ,2 ,2 ,0 ,1 ,1 ,2 ,1 ,3 ,0 ,8 ,2 ,0.46,0.37
442,519,570,29 ,7 ,29 ,4 ,0 ,3 ,0 ,0 ,0 ,1 ,1 ,5 ,28 ,1 ,0.43,0.43
443,491,294,17 ,11 ,16 ,2 ,1 ,4 ,0 ,5 ,2 ,4 ,3 ,6 ,12 ,1 ,0.5,0.47
444,239,498,10 ,3 ,7 ,1 ,3 ,1 ,0 ,1 ,5 ,2 ,2 ,1 ,3 ,0 ,0.66,0.5
445,472,263,22 ,7 ,12 ,3 ,3 ,0 ,7 ,4 ,18 ,1 ,3 ,6 ,1 ,0 ,0.44,0.25
446,374,270,19 ,4 ,18 ,3 ,1 ,0 ,0 ,1 ,0 ,1 ,1 ,3 ,18 ,0 ,0.67,0.44
447,1904,356,5 ,2 ,1 ,1 ,0 ,0 ,4 ,1 ,5 ,2 ,0 ,0 ,0 ,0 ,0.5,0.5
448,422,532,16 ,17 ,10 ,15 ,3 ,2 ,3 ,0 ,7 ,7 ,5 ,3 ,4 ,7 ,0.32,0.42
449,632,1255,27 ,19 ,20 ,16 ,2 ,2 ,5 ,1 ,1 ,1 ,8 ,8 ,18 ,10 ,0.57,0.5
450,260,240,6 ,1 ,6 ,0 ,0 ,1 ,0 ,0 ,0 ,1 ,0 ,0 ,6 ,0 ,0.5,0.33
451,933,241,7 ,1 ,6 ,0 ,0 ,0 ,1 ,1 ,7 ,1 ,0 ,0 ,0 ,0 ,0.53,0.25
452,478,242,36 ,10 ,26 ,3 ,8 ,0 ,2 ,7 ,36 ,10 ,0 ,0 ,0 ,0 ,0.43,0.29
453,893,243,14 ,1 ,13 ,0 ,0 ,0 ,1 ,1 ,2 ,1 ,0 ,0 ,12 ,0 ,0.82,0.5
454,778,244,27 ,1 ,21 ,1 ,6 ,0 ,0 ,0 ,0 ,0 ,1 ,1 ,26 ,0 ,0.67,0.33
455,308,245,22 ,21 ,12 ,6 ,5 ,1 ,5 ,14 ,21 ,19 ,1 ,1 ,0 ,1 ,0.18,0.25
456,1502,576,14 ,2 ,13 ,1 ,1 ,1 ,0 ,0 ,0 ,0 ,2 ,1 ,12 ,1 ,0.66,0.5
457,633,653,88 ,57 ,62 ,55 ,16 ,1 ,10 ,1 ,51 ,43 ,33 ,14 ,4 ,0 ,0.47,0.38
458,658,292,23 ,0 ,20 ,0 ,3 ,0 ,0 ,0 ,6 ,0 ,0 ,0 ,17 ,0 ,0.63,0.0
459,262,246,34 ,18 ,14 ,8 ,20 ,6 ,0 ,4 ,2 ,5 ,1 ,9 ,31 ,4 ,0.56,0.51
460,529,1148,9 ,37 ,3 ,28 ,5 ,5 ,1 ,4 ,4 ,14 ,1 ,5 ,4 ,18 ,0.37,0.68
461,370,1025,2 ,6 ,2 ,4 ,0 ,0 ,0 ,2 ,0 ,1 ,2 ,2 ,0 ,3 ,0.28,0.54
462,1204,616,64 ,16 ,41 ,6 ,16 ,9 ,7 ,1 ,13 ,11 ,6 ,1 ,45 ,4 ,0.68,0.39
463,250,366,11 ,0 ,6 ,0 ,1 ,0 ,4 ,0 ,0 ,0 ,10 ,0 ,1 ,0 ,0.44,0.0
464,575,468,13 ,13 ,10 ,9 ,2 ,4 ,1 ,0 ,1 ,0 ,2 ,6 ,10 ,7 ,0.68,0.61
465,333,247,15 ,3 ,11 ,2 ,3 ,1 ,1 ,0 ,3 ,1 ,5 ,1 ,7 ,1 ,0.55,0.6
466,492,557,13 ,9 ,12 ,8 ,0 ,0 ,1 ,1 ,11 ,8 ,0 ,1 ,2 ,0 ,0.5,0.37
467,1602,248,25 ,2 ,20 ,2 ,5 ,0 ,0 ,0 ,17 ,2 ,4 ,0 ,4 ,0 ,0.56,0.09
468,491,364,20 ,0 ,15 ,0 ,5 ,0 ,0 ,0 ,5 ,0 ,1 ,0 ,14 ,0 ,0.5,0.0
469,478,303,19 ,6 ,15 ,2 ,4 ,1 ,0 ,3 ,7 ,3 ,6 ,3 ,6 ,0 ,0.63,0.31
470,472,259,20 ,18 ,12 ,6 ,8 ,11 ,0 ,1 ,5 ,7 ,13 ,11 ,2 ,0 ,0.46,0.54
471,633,249,3 ,1 ,3 ,0 ,0 ,0 ,0 ,1 ,1 ,1 ,0 ,0 ,2 ,0 ,0.75,1.0
472,658,374,97 ,25 ,79 ,15 ,11 ,9 ,7 ,1 ,82 ,22 ,15 ,3 ,0 ,0 ,0.35,0.26
473,519,508,56 ,26 ,51 ,16 ,4 ,4 ,1 ,6 ,18 ,15 ,3 ,3 ,35 ,8 ,0.44,0.4
474,1904,263,33 ,5 ,22 ,4 ,1 ,0 ,10 ,1 ,27 ,5 ,3 ,0 ,3 ,0 ,0.58,0.23
475,310,697,1 ,0 ,0 ,0 ,1 ,0 ,0 ,0 ,0 ,0 ,1 ,0 ,0 ,0 ,0.33,0.0
476,576,260,38 ,18 ,18 ,15 ,19 ,3 ,1 ,0 ,18 ,5 ,20 ,12 ,0 ,1 ,0.55,0.27
477,933,294,7 ,1 ,6 ,0 ,0 ,0 ,1 ,1 ,4 ,1 ,0 ,0 ,3 ,0 ,0.7,0.33
478,893,320,0 ,0 ,0 ,0 ,0 ,0 ,0 ,0 ,0 ,0 ,0 ,0 ,0 ,0 ,0.0,0.0
479,478,422,3 ,2 ,2 ,1 ,0 ,1 ,1 ,0 ,2 ,2 ,0 ,0 ,1 ,0 ,0.37,0.16
480,653,308,43 ,11 ,39 ,9 ,2 ,2 ,2 ,0 ,8 ,6 ,9 ,3 ,26 ,2 ,0.47,0.37
481,778,1148,26 ,26 ,17 ,18 ,4 ,4 ,5 ,4 ,9 ,8 ,12 ,15 ,5 ,3 ,0.41,0.41
482,1207,370,21 ,23 ,7 ,2 ,1 ,6 ,13 ,15 ,13 ,22 ,3 ,1 ,5 ,0 ,0.33,0.34
483,498,354,6 ,12 ,3 ,8 ,1 ,4 ,2 ,0 ,4 ,0 ,2 ,3 ,0 ,9 ,0.85,0.92
484,267,366,54 ,9 ,21 ,4 ,11 ,5 ,22 ,0 ,6 ,4 ,36 ,5 ,12 ,0 ,0.77,0.47
485,250,529,19 ,8 ,14 ,4 ,5 ,3 ,0 ,1 ,5 ,4 ,1 ,4 ,13 ,0 ,0.44,0.53
486,1204,468,25 ,1 ,25 ,1 ,0 ,0 ,0 ,0 ,4 ,1 ,0 ,0 ,21 ,0 ,0.78,0.33
487,1502,251,35 ,3 ,35 ,1 ,0 ,1 ,0 ,1 ,1 ,2 ,0 ,1 ,34 ,0 ,0.54,0.5
488,557,262,27 ,8 ,10 ,7 ,16 ,0 ,1 ,1 ,3 ,5 ,5 ,3 ,19 ,0 ,0.58,0.2
489,356,252,31 ,13 ,22 ,9 ,2 ,1 ,7 ,3 ,28 ,13 ,3 ,0 ,0 ,0 ,0.44,0.32
490,492,407,64 ,31 ,58 ,19 ,2 ,3 ,4 ,9 ,53 ,31 ,0 ,0 ,11 ,0 ,0.33,0.35
491,484,681,14 ,10 ,7 ,5 ,3 ,3 ,4 ,2 ,7 ,5 ,7 ,1 ,0 ,4 ,0.33,0.38
492,682,455,25 ,14 ,19 ,1 ,4 ,2 ,2 ,11 ,5 ,1 ,4 ,13 ,16 ,0 ,0.51,0.7
493,625,1445,13 ,19 ,9 ,12 ,3 ,5 ,1 ,2 ,9 ,4 ,3 ,6 ,1 ,9 ,0.36,0.35
494,310,893,5 ,8 ,3 ,8 ,0 ,0 ,2 ,0 ,3 ,2 ,2 ,0 ,0 ,6 ,0.29,0.5
495,747,273,28 ,10 ,4 ,7 ,13 ,1 ,11 ,2 ,12 ,5 ,15 ,1 ,1 ,4 ,0.68,0.31
496,778,296,5 ,5 ,3 ,1 ,2 ,2 ,0 ,2 ,1 ,3 ,1 ,2 ,3 ,0 ,0.71,0.71
497,491,374,13 ,15 ,13 ,3 ,0 ,8 ,0 ,4 ,1 ,5 ,1 ,2 ,11 ,8 ,0.38,0.62
498,766,253,46 ,2 ,44 ,0 ,2 ,1 ,0 ,1 ,9 ,2 ,4 ,0 ,33 ,0 ,0.57,0.4
499,305,254,12 ,1 ,2 ,1 ,1 ,0 ,9 ,0 ,11 ,0 ,1 ,0 ,0 ,1 ,0.42,0.1
500,599,592,51 ,12 ,31 ,7 ,11 ,4 ,9 ,1 ,12 ,3 ,20 ,9 ,19 ,0 ,0.55,0.41
501,1025,570,15 ,3 ,15 ,3 ,0 ,0 ,0 ,0 ,1 ,1 ,1 ,0 ,13 ,2 ,0.6,0.37
502,333,769,11 ,12 ,6 ,10 ,3 ,1 ,2 ,1 ,4 ,2 ,5 ,2 ,2 ,8 ,0.64,0.5
503,633,317,30 ,18 ,22 ,9 ,1 ,1 ,7 ,8 ,24 ,15 ,5 ,3 ,1 ,0 ,0.36,0.38
504,278,255,27 ,0 ,20 ,0 ,7 ,0 ,0 ,0 ,0 ,0 ,2 ,0 ,25 ,0 ,0.71,0.0
505,1904,472,2 ,1 ,2 ,1 ,0 ,0 ,0 ,0 ,2 ,1 ,0 ,0 ,0 ,0 ,0.33,0.33
506,496,256,41 ,8 ,19 ,7 ,6 ,0 ,16 ,1 ,41 ,8 ,0 ,0 ,0 ,0 ,0.36,0.11
507,795,533,19 ,3 ,16 ,3 ,1 ,0 ,2 ,0 ,5 ,1 ,0 ,0 ,14 ,2 ,0.48,0.18
508,1240,282,4 ,1 ,3 ,0 ,0 ,1 ,1 ,0 ,1 ,0 ,0 ,1 ,3 ,0 ,0.8,0.5
509,576,257,10 ,8 ,6 ,6 ,3 ,1 ,1 ,1 ,1 ,1 ,3 ,5 ,6 ,2 ,0.5,0.53
510,566,377,20 ,20 ,15 ,17 ,5 ,3 ,0 ,0 ,2 ,8 ,2 ,3 ,16 ,9 ,0.6,0.51
511,1264,313,48 ,42 ,46 ,34 ,2 ,8 ,0 ,0 ,33 ,27 ,10 ,12 ,5 ,3 ,0.5,0.25
512,1502,1602,41 ,13 ,29 ,13 ,12 ,0 ,0 ,0 ,3 ,6 ,3 ,5 ,35 ,2 ,0.43,0.38
513,271,749,48 ,14 ,31 ,9 ,14 ,4 ,3 ,1 ,13 ,7 ,6 ,3 ,29 ,4 ,0.44,0.35
514,1445,268,8 ,2 ,5 ,1 ,2 ,0 ,1 ,1 ,2 ,0 ,2 ,1 ,4 ,1 ,0.72,1.0
515,308,258,10 ,2 ,10 ,2 ,0 ,0 ,0 ,0 ,0 ,2 ,0 ,0 ,10 ,0 ,0.47,0.2
516,407,267,38 ,38 ,19 ,17 ,12 ,7 ,7 ,14 ,18 ,11 ,19 ,21 ,1 ,6 ,0.53,0.48
517,1204,507,58 ,20 ,45 ,5 ,11 ,6 ,2 ,9 ,34 ,13 ,7 ,7 ,17 ,0 ,0.52,0.36
518,575,1025,8 ,1 ,1 ,0 ,7 ,1 ,0 ,0 ,2 ,0 ,1 ,1 ,5 ,0 ,0.61,0.2
519,1044,259,23 ,18 ,13 ,15 ,1 ,2 ,9 ,1 ,11 ,17 ,1 ,1 ,11 ,0 ,0.41,0.33
520,658,478,13 ,4 ,10 ,3 ,2 ,1 ,1 ,0 ,8 ,2 ,3 ,2 ,2 ,0 ,0.38,0.2
521,284,260,28 ,18 ,18 ,14 ,10 ,2 ,0 ,2 ,13 ,6 ,15 ,10 ,0 ,2 ,0.41,0.3
522,625,732,25 ,9 ,13 ,2 ,10 ,4 ,2 ,3 ,18 ,1 ,7 ,7 ,0 ,1 ,0.38,0.39
523,646,484,1 ,0 ,1 ,0 ,0 ,0 ,0 ,0 ,1 ,0 ,0 ,0 ,0 ,0 ,1.0,0.0
524,697,795,3 ,11 ,2 ,5 ,0 ,1 ,1 ,5 ,2 ,6 ,0 ,1 ,1 ,4 ,0.33,0.21
525,778,599,10 ,5 ,6 ,3 ,4 ,2 ,0 ,0 ,0 ,2 ,5 ,3 ,5 ,0 ,0.58,0.5
526,1240,310,7 ,2 ,1 ,1 ,0 ,1 ,6 ,0 ,3 ,1 ,4 ,1 ,0 ,0 ,0.77,0.25
527,653,498,2 ,5 ,2 ,1 ,0 ,3 ,0 ,1 ,0 ,2 ,0 ,3 ,2 ,0 ,0.4,0.83
528,356,316,85 ,36 ,51 ,9 ,21 ,16 ,13 ,11 ,69 ,32 ,14 ,4 ,2 ,0 ,0.37,0.45
529,496,261,44 ,27 ,35 ,15 ,2 ,8 ,7 ,4 ,38 ,22 ,6 ,3 ,0 ,2 ,0.33,0.36
530,299,278,10 ,5 ,3 ,3 ,6 ,2 ,1 ,0 ,0 ,0 ,3 ,2 ,7 ,3 ,0.9,0.62
531,472,279,49 ,28 ,33 ,19 ,12 ,5 ,4 ,4 ,10 ,6 ,33 ,19 ,6 ,3 ,0.69,0.51
532,766,317,70 ,13 ,61 ,3 ,8 ,0 ,1 ,10 ,21 ,11 ,2 ,2 ,47 ,0 ,0.47,0.35
533,1025,1602,51 ,38 ,42 ,23 ,9 ,10 ,0 ,5 ,28 ,15 ,21 ,21 ,2 ,2 ,0.43,0.35
534,333,262,9 ,1 ,1 ,1 ,1 ,0 ,7 ,0 ,2 ,1 ,6 ,0 ,1 ,0 ,0.75,0.25
535,305,1038,31 ,3 ,22 ,0 ,9 ,3 ,0 ,0 ,1 ,0 ,0 ,2 ,30 ,1 ,0.7,0.5
536,747,263,7 ,4 ,3 ,0 ,2 ,0 ,2 ,4 ,4 ,0 ,2 ,4 ,1 ,0 ,0.7,0.57
537,492,557,19 ,7 ,18 ,6 ,0 ,0 ,1 ,1 ,14 ,6 ,1 ,1 ,4 ,0 ,0.37,0.29
538,265,264,30 ,2 ,30 ,1 ,0 ,1 ,0 ,0 ,0 ,0 ,4 ,2 ,26 ,0 ,0.71,0.15
539,379,288,7 ,3 ,5 ,3 ,1 ,0 ,1 ,0 ,2 ,1 ,4 ,2 ,1 ,0 ,0.43,0.33
540,958,625,62 ,53 ,38 ,31 ,15 ,15 ,9 ,7 ,40 ,36 ,19 ,12 ,3 ,5 ,0.33,0.35
541,660,854,22 ,20 ,13 ,10 ,6 ,5 ,3 ,5 ,11 ,17 ,11 ,3 ,0 ,0 ,0.37,0.27
542,1207,529,56 ,26 ,36 ,19 ,7 ,5 ,13 ,2 ,44 ,21 ,5 ,2 ,7 ,3 ,0.54,0.32
543,1204,1376,59 ,37 ,38 ,28 ,7 ,8 ,14 ,1 ,46 ,28 ,7 ,9 ,6 ,0 ,0.43,0.43
544,933,266,13 ,6 ,4 ,1 ,0 ,1 ,9 ,4 ,4 ,1 ,9 ,5 ,0 ,0 ,0.59,0.46
545,658,491,127 ,21 ,82 ,11 ,42 ,10 ,3 ,0 ,74 ,17 ,32 ,4 ,21 ,0 ,0.52,0.29
546,769,267,25 ,7 ,17 ,5 ,6 ,2 ,2 ,0 ,3 ,5 ,5 ,1 ,17 ,1 ,0.42,0.31
547,893,268,2 ,2 ,2 ,2 ,0 ,0 ,0 ,0 ,0 ,2 ,0 ,0 ,2 ,0 ,0.18,0.5
548,281,313,73 ,58 ,39 ,48 ,10 ,8 ,24 ,2 ,56 ,31 ,16 ,16 ,1 ,11 ,0.49,0.36
549,682,1240,25 ,20 ,18 ,3 ,4 ,0 ,3 ,17 ,7 ,4 ,9 ,16 ,9 ,0 ,0.5,0.57
550,377,284,43 ,17 ,18 ,9 ,13 ,5 ,12 ,3 ,22 ,10 ,13 ,7 ,8 ,0 ,0.39,0.29
551,778,414,36 ,20 ,26 ,9 ,8 ,3 ,2 ,8 ,4 ,5 ,20 ,15 ,12 ,0 ,0.4,0.51
552,697,566,46 ,31 ,46 ,17 ,0 ,5 ,0 ,9 ,12 ,19 ,1 ,4 ,33 ,8 ,0.36,0.55
553,1264,308,23 ,18 ,19 ,8 ,4 ,9 ,0 ,1 ,17 ,14 ,5 ,4 ,1 ,0 ,0.31,0.25
554,653,496,33 ,64 ,20 ,34 ,10 ,15 ,3 ,15 ,24 ,46 ,9 ,18 ,0 ,0 ,0.35,0.54
555,1445,269,11 ,18 ,5 ,10 ,4 ,4 ,2 ,4 ,5 ,7 ,4 ,11 ,2 ,0 ,0.4,0.4
556,379,354,31 ,15 ,16 ,6 ,9 ,1 ,6 ,8 ,0 ,2 ,17 ,9 ,14 ,4 ,0.79,0.57
557,270,322,10 ,3 ,6 ,1 ,1 ,1 ,3 ,1 ,1 ,2 ,4 ,0 ,5 ,1 ,0.71,0.5
558,519,271,18 ,2 ,16 ,1 ,2 ,0 ,0 ,1 ,1 ,1 ,0 ,1 ,17 ,0 ,0.6,0.28
559,299,305,32 ,40 ,16 ,14 ,11 ,5 ,5 ,21 ,16 ,34 ,10 ,6 ,6 ,0 ,0.29,0.37
560,374,276,10 ,2 ,6 ,0 ,2 ,1 ,2 ,1 ,1 ,1 ,3 ,1 ,6 ,0 ,0.58,0.5
561,632,633,61 ,58 ,57 ,52 ,2 ,2 ,2 ,4 ,35 ,58 ,0 ,0 ,26 ,0 ,0.48,0.34
562,507,1602,39 ,57 ,30 ,47 ,5 ,9 ,4 ,1 ,17 ,45 ,22 ,11 ,0 ,1 ,0.25,0.41
563,356,1904,13 ,11 ,13 ,7 ,0 ,3 ,0 ,1 ,7 ,9 ,0 ,2 ,6 ,0 ,0.43,0.45
564,795,272,10 ,5 ,7 ,2 ,2 ,2 ,1 ,1 ,6 ,5 ,4 ,0 ,0 ,0 ,0.35,0.5
565,1044,273,16 ,8 ,11 ,6 ,3 ,2 ,2 ,0 ,8 ,5 ,4 ,3 ,4 ,0 ,0.53,0.32
566,625,1526,27 ,10 ,10 ,7 ,12 ,2 ,5 ,1 ,6 ,1 ,14 ,4 ,7 ,5 ,0.69,0.52
567,407,769,3 ,6 ,3 ,5 ,0 ,1 ,0 ,0 ,1 ,1 ,0 ,0 ,2 ,5 ,0.6,0.33
568,933,1025,5 ,1 ,1 ,0 ,2 ,0 ,2 ,1 ,2 ,0 ,3 ,1 ,0 ,0 ,0.41,0.25
569,747,316,8 ,9 ,3 ,1 ,2 ,5 ,3 ,3 ,8 ,6 ,0 ,1 ,0 ,2 ,0.27,0.52
570,1502,631,9 ,17 ,8 ,15 ,1 ,0 ,0 ,2 ,7 ,16 ,2 ,1 ,0 ,0 ,0.13,0.29
571,401,766,1 ,1 ,1 ,1 ,0 ,0 ,0 ,0 ,1 ,1 ,0 ,0 ,0 ,0 ,0.5,0.33
572,575,274,32 ,7 ,22 ,0 ,8 ,2 ,2 ,5 ,3 ,5 ,1 ,2 ,28 ,0 ,0.8,0.63
573,332,287,22 ,4 ,12 ,3 ,10 ,0 ,0 ,1 ,1 ,2 ,8 ,2 ,13 ,0 ,0.59,0.33
574,758,487,33 ,9 ,30 ,4 ,1 ,3 ,2 ,2 ,9 ,8 ,16 ,1 ,8 ,0 ,0.68,0.42
575,414,275,11 ,11 ,7 ,5 ,3 ,5 ,1 ,1 ,4 ,5 ,5 ,6 ,2 ,0 ,0.35,0.39
576,365,289,21 ,3 ,10 ,2 ,11 ,1 ,0 ,0 ,2 ,1 ,5 ,2 ,14 ,0 ,0.72,0.33
577,323,306,2 ,4 ,1 ,4 ,1 ,0 ,0 ,0 ,2 ,4 ,0 ,0 ,0 ,0 ,0.5,0.2
578,496,463,67 ,48 ,41 ,21 ,4 ,1 ,22 ,26 ,61 ,46 ,1 ,0 ,5 ,2 ,0.32,0.41
579,558,1781,25 ,33 ,12 ,20 ,10 ,13 ,3 ,0 ,5 ,3 ,11 ,2 ,9 ,28 ,0.64,0.57
580,1216,312,41 ,8 ,25 ,5 ,13 ,3 ,3 ,0 ,9 ,3 ,19 ,5 ,13 ,0 ,0.67,0.36
581,576,958,5 ,0 ,5 ,0 ,0 ,0 ,0 ,0 ,0 ,0 ,0 ,0 ,5 ,0 ,0.62,0.0
582,690,276,9 ,0 ,8 ,0 ,1 ,0 ,0 ,0 ,1 ,0 ,3 ,0 ,5 ,0 ,0.6,0.0
583,288,277,10 ,3 ,9 ,1 ,0 ,0 ,1 ,2 ,1 ,2 ,0 ,1 ,9 ,0 ,0.58,0.5
584,682,1445,51 ,1 ,43 ,0 ,6 ,0 ,2 ,1 ,1 ,1 ,7 ,0 ,43 ,0 ,0.7,1.0
585,379,278,44 ,4 ,31 ,0 ,9 ,3 ,4 ,1 ,0 ,0 ,8 ,4 ,36 ,0 ,0.74,0.66
586,893,302,45 ,13 ,29 ,4 ,16 ,1 ,0 ,8 ,6 ,10 ,0 ,2 ,39 ,1 ,0.66,0.38
587,660,388,43 ,36 ,26 ,14 ,14 ,1 ,3 ,21 ,43 ,36 ,0 ,0 ,0 ,0 ,0.27,0.17
588,1264,653,17 ,12 ,12 ,7 ,5 ,4 ,0 ,1 ,3 ,7 ,1 ,3 ,13 ,2 ,0.45,0.33
589,1516,778,17 ,1 ,17 ,1 ,0 ,0 ,0 ,0 ,13 ,1 ,1 ,0 ,3 ,0 ,0.85,0.12
590,484,377,18 ,13 ,14 ,9 ,3 ,3 ,1 ,1 ,2 ,6 ,0 ,4 ,16 ,3 ,0.52,0.61
591,310,547,18 ,25 ,11 ,13 ,4 ,10 ,3 ,2 ,9 ,5 ,3 ,7 ,6 ,13 ,0.51,0.53
592,717,279,24 ,6 ,15 ,5 ,7 ,1 ,2 ,0 ,1 ,0 ,20 ,0 ,3 ,6 ,0.85,0.75
593,299,987,18 ,8 ,14 ,3 ,2 ,3 ,2 ,2 ,1 ,4 ,9 ,4 ,8 ,0 ,0.69,0.47
594,449,280,46 ,20 ,33 ,6 ,8 ,0 ,5 ,14 ,38 ,12 ,7 ,6 ,1 ,2 ,0.4,0.25
595,566,854,28 ,18 ,27 ,13 ,0 ,4 ,1 ,1 ,3 ,15 ,1 ,1 ,24 ,2 ,0.49,0.34
596,1038,281,53 ,48 ,19 ,26 ,30 ,8 ,4 ,14 ,7 ,22 ,25 ,20 ,21 ,6 ,0.59,0.56
597,632,292,11 ,0 ,10 ,0 ,1 ,0 ,0 ,0 ,0 ,0 ,3 ,0 ,8 ,0 ,1.0,0.0
598,1240,697,35 ,19 ,22 ,17 ,9 ,1 ,4 ,1 ,14 ,7 ,16 ,5 ,5 ,7 ,0.39,0.48
599,356,1904,97 ,66 ,68 ,39 ,7 ,8 ,22 ,19 ,88 ,64 ,9 ,2 ,0 ,0 ,0.36,0.2
600,334,817,11 ,13 ,10 ,8 ,1 ,3 ,0 ,2 ,5 ,9 ,3 ,4 ,3 ,0 ,0.47,0.5
601,502,282,45 ,8 ,27 ,3 ,17 ,4 ,1 ,1 ,21 ,7 ,10 ,1 ,14 ,0 ,0.54,0.18
602,441,283,25 ,2 ,25 ,2 ,0 ,0 ,0 ,0 ,0 ,0 ,0 ,2 ,25 ,0 ,0.48,0.2
603,1025,284,1 ,0 ,1 ,0 ,0 ,0 ,0 ,0 ,1 ,0 ,0 ,0 ,0 ,0 ,0.25,0.0
604,743,291,19 ,1 ,19 ,0 ,0 ,0 ,0 ,1 ,3 ,1 ,1 ,0 ,15 ,0 ,0.73,0.11
605,893,484,23 ,1 ,22 ,0 ,0 ,1 ,1 ,0 ,3 ,1 ,0 ,0 ,20 ,0 ,0.76,0.5
606,401,285,24 ,26 ,19 ,19 ,2 ,2 ,3 ,5 ,13 ,22 ,3 ,4 ,8 ,0 ,0.47,0.39
607,778,690,9 ,6 ,6 ,5 ,3 ,0 ,0 ,1 ,3 ,5 ,3 ,0 ,3 ,1 ,0.4,0.5
608,1502,519,66 ,36 ,36 ,36 ,30 ,0 ,0 ,0 ,19 ,21 ,15 ,6 ,32 ,9 ,0.61,0.39
609,1336,718,12 ,8 ,9 ,5 ,0 ,0 ,3 ,3 ,7 ,7 ,0 ,1 ,5 ,0 ,0.25,0.14
610,355,286,3 ,2 ,3 ,1 ,0 ,1 ,0 ,0 ,0 ,1 ,0 ,1 ,3 ,0 ,0.5,1.0
611,463,287,9 ,10 ,5 ,0 ,0 ,1 ,4 ,9 ,8 ,10 ,0 ,0 ,1 ,0 ,0.45,0.58
612,598,288,7 ,2 ,2 ,1 ,1 ,0 ,4 ,1 ,4 ,2 ,1 ,0 ,2 ,0 ,0.7,0.5
613,449,861,22 ,18 ,13 ,14 ,4 ,1 ,5 ,3 ,14 ,1 ,6 ,1 ,2 ,16 ,0.47,0.16
614,717,409,17 ,0 ,12 ,0 ,4 ,0 ,1 ,0 ,3 ,0 ,14 ,0 ,0 ,0 ,0.77,0.0
615,1602,697,75 ,25 ,49 ,15 ,23 ,6 ,3 ,4 ,35 ,12 ,39 ,13 ,1 ,0 ,0.37,0.4
616,633,653,83 ,41 ,50 ,32 ,6 ,4 ,27 ,5 ,75 ,41 ,8 ,0 ,0 ,0 ,0.4,0.25
617,492,333,17 ,1 ,15 ,0 ,2 ,0 ,0 ,1 ,8 ,1 ,0 ,0 ,9 ,0 ,0.68,0.11
618,579,315,0 ,1 ,0 ,1 ,0 ,0 ,0 ,0 ,0 ,1 ,0 ,0 ,0 ,0 ,0.0,0.5
619,388,289,58 ,56 ,49 ,49 ,6 ,7 ,3 ,0 ,44 ,41 ,12 ,12 ,2 ,3 ,0.36,0.38
620,390,290,10 ,10 ,8 ,4 ,0 ,0 ,2 ,6 ,3 ,5 ,1 ,4 ,6 ,1 ,0.29,0.5
621,447,454,71 ,38 ,56 ,27 ,13 ,7 ,2 ,4 ,27 ,27 ,9 ,7 ,35 ,4 ,0.4,0.47
622,1432,330,9 ,0 ,9 ,0 ,0 ,0 ,0 ,0 ,3 ,0 ,1 ,0 ,5 ,0 ,0.81,0.0
623,1264,379,25 ,6 ,18 ,1 ,7 ,5 ,0 ,0 ,0 ,1 ,5 ,5 ,20 ,0 ,0.56,0.33
624,795,538,20 ,7 ,15 ,5 ,4 ,2 ,1 ,0 ,10 ,0 ,1 ,3 ,9 ,4 ,0.5,0.3
625,933,491,32 ,36 ,12 ,21 ,9 ,4 ,11 ,11 ,17 ,12 ,13 ,19 ,2 ,5 ,0.34,0.52
626,575,1376,35 ,17 ,28 ,10 ,5 ,7 ,2 ,0 ,20 ,8 ,4 ,7 ,11 ,2 ,0.39,0.45
627,533,502,33 ,5 ,17 ,2 ,8 ,2 ,8 ,1 ,5 ,1 ,20 ,4 ,8 ,0 ,0.66,0.27
628,1445,631,63 ,13 ,27 ,12 ,11 ,0 ,25 ,1 ,41 ,10 ,15 ,2 ,7 ,1 ,0.44,0.15
629,323,312,50 ,23 ,44 ,15 ,5 ,4 ,1 ,4 ,38 ,12 ,12 ,2 ,0 ,9 ,0.4,0.22
630,348,528,5 ,1 ,5 ,1 ,0 ,0 ,0 ,0 ,0 ,1 ,0 ,0 ,5 ,0 ,1.0,0.25
631,1207,291,13 ,4 ,7 ,3 ,2 ,0 ,4 ,1 ,7 ,4 ,0 ,0 ,6 ,0 ,0.48,0.22
632,758,514,14 ,25 ,11 ,11 ,0 ,8 ,3 ,6 ,8 ,21 ,3 ,3 ,3 ,1 ,0.35,0.43
633,614,1781,5 ,2 ,4 ,0 ,0 ,0 ,1 ,2 ,2 ,2 ,0 ,0 ,3 ,0 ,0.71,1.0
634,558,307,13 ,5 ,12 ,2 ,1 ,3 ,0 ,0 ,1 ,2 ,1 ,3 ,11 ,0 ,0.5,0.5
635,632,292,18 ,0 ,15 ,0 ,1 ,0 ,2 ,0 ,0 ,0 ,3 ,0 ,15 ,0 ,0.62,0.0
636,547,595,5 ,1 ,5 ,1 ,0 ,0 ,0 ,0 ,0 ,1 ,0 ,0 ,5 ,0 ,0.55,0.16
637,1976,293,26 ,13 ,23 ,8 ,2 ,5 ,1 ,0 ,2 ,3 ,1 ,8 ,23 ,2 ,0.5,0.36
638,1336,365,39 ,19 ,30 ,4 ,7 ,1 ,2 ,14 ,17 ,8 ,9 ,11 ,13 ,0 ,0.51,0.52
639,625,489,13 ,8 ,12 ,7 ,1 ,0 ,0 ,1 ,3 ,0 ,7 ,1 ,3 ,7 ,0.76,0.32
640,429,717,16 ,18 ,6 ,4 ,10 ,4 ,0 ,10 ,0 ,13 ,0 ,5 ,16 ,0 ,0.51,0.42
641,682,363,44 ,4 ,36 ,2 ,4 ,2 ,4 ,0 ,15 ,3 ,1 ,1 ,28 ,0 ,0.56,0.23
642,507,576,60 ,23 ,55 ,12 ,1 ,10 ,4 ,1 ,8 ,12 ,3 ,0 ,49 ,11 ,0.57,0.57
643,1516,658,31 ,10 ,5 ,4 ,23 ,1 ,3 ,5 ,5 ,8 ,26 ,2 ,0 ,0 ,0.86,0.43
644,743,1312,101 ,46 ,74 ,37 ,14 ,7 ,13 ,2 ,79 ,36 ,20 ,7 ,2 ,3 ,0.5,0.26
645,364,294,2 ,9 ,1 ,4 ,1 ,1 ,0 ,4 ,1 ,9 ,1 ,0 ,0 ,0 ,0.16,0.34
646,322,422,26 ,32 ,23 ,19 ,0 ,4 ,3 ,9 ,24 ,29 ,2 ,3 ,0 ,0 ,0.27,0.35
647,320,295,12 ,5 ,7 ,0 ,2 ,1 ,3 ,4 ,4 ,0 ,3 ,5 ,5 ,0 ,0.8,0.35
648,599,296,24 ,6 ,16 ,4 ,4 ,1 ,4 ,1 ,7 ,4 ,10 ,2 ,7 ,0 ,0.55,0.24
649,362,413,33 ,22 ,23 ,9 ,9 ,7 ,1 ,6 ,17 ,13 ,14 ,9 ,2 ,0 ,0.44,0.3
650,366,1148,0 ,0 ,0 ,0 ,0 ,0 ,0 ,0 ,0 ,0 ,0 ,0 ,0 ,0 ,0.0,0.0
651,508,570,20 ,42 ,7 ,7 ,7 ,30 ,6 ,5 ,3 ,3 ,15 ,34 ,2 ,5 ,0.51,0.72
652,441,297,13 ,13 ,12 ,1 ,1 ,2 ,0 ,10 ,0 ,13 ,0 ,0 ,13 ,0 ,0.41,0.32
653,498,324,17 ,33 ,4 ,24 ,2 ,5 ,11 ,4 ,13 ,15 ,1 ,10 ,3 ,8 ,0.5,0.68
654,451,298,10 ,4 ,5 ,4 ,2 ,0 ,3 ,0 ,7 ,0 ,3 ,0 ,0 ,4 ,0.83,0.36
655,1602,1262,24 ,0 ,24 ,0 ,0 ,0 ,0 ,0 ,1 ,0 ,0 ,0 ,23 ,0 ,0.47,0.0
656,566,311,1 ,1 ,0 ,0 ,1 ,1 ,0 ,0 ,0 ,0 ,1 ,0 ,0 ,1 ,1.0,0.2
657,747,1038,15 ,2 ,13 ,2 ,1 ,0 ,1 ,0 ,5 ,2 ,2 ,0 ,8 ,0 ,0.71,0.28
658,448,766,30 ,32 ,21 ,28 ,7 ,4 ,2 ,0 ,13 ,15 ,5 ,17 ,12 ,0 ,0.52,0.55
659,356,299,49 ,12 ,27 ,10 ,2 ,2 ,20 ,0 ,28 ,6 ,0 ,0 ,21 ,6 ,0.28,0.24
660,1204,575,45 ,10 ,32 ,6 ,3 ,3 ,10 ,1 ,33 ,8 ,4 ,2 ,8 ,0 ,0.48,0.25
661,301,300,40 ,18 ,27 ,16 ,11 ,2 ,2 ,0 ,2 ,1 ,14 ,3 ,24 ,14 ,0.72,0.51
662,455,1366,22 ,16 ,20 ,14 ,2 ,2 ,0 ,0 ,11 ,13 ,4 ,2 ,7 ,1 ,0.4,0.36
663,414,302,23 ,8 ,14 ,2 ,5 ,2 ,4 ,4 ,14 ,8 ,7 ,0 ,2 ,0 ,0.46,0.19
664,718,690,29 ,14 ,11 ,11 ,1 ,1 ,17 ,2 ,14 ,12 ,5 ,1 ,10 ,1 ,0.38,0.23
665,355,314,44 ,66 ,24 ,46 ,9 ,8 ,11 ,12 ,36 ,53 ,7 ,8 ,1 ,5 ,0.33,0.31
666,533,303,54 ,27 ,38 ,9 ,7 ,3 ,9 ,15 ,44 ,22 ,9 ,2 ,1 ,3 ,0.5,0.31
667,519,310,56 ,47 ,55 ,21 ,1 ,11 ,0 ,15 ,33 ,27 ,10 ,9 ,13 ,11 ,0.38,0.36
668,893,304,14 ,18 ,12 ,8 ,1 ,1 ,1 ,9 ,3 ,18 ,0 ,0 ,11 ,0 ,0.31,0.33
669,1502,1025,6 ,3 ,5 ,2 ,1 ,1 ,0 ,0 ,3 ,3 ,0 ,0 ,3 ,0 ,0.6,0.5
670,409,987,61 ,48 ,56 ,40 ,1 ,0 ,4 ,8 ,37 ,25 ,16 ,16 ,8 ,7 ,0.29,0.44
671,1336,323,35 ,28 ,24 ,5 ,5 ,5 ,6 ,18 ,10 ,10 ,7 ,18 ,18 ,0 ,0.42,0.3
672,1044,429,4 ,1 ,4 ,1 ,0 ,0 ,0 ,0 ,1 ,0 ,0 ,0 ,3 ,1 ,0.4,0.5
673,1445,348,26 ,1 ,26 ,0 ,0 ,1 ,0 ,0 ,3 ,0 ,0 ,1 ,23 ,0 ,0.53,0.1
674,1216,598,19 ,3 ,15 ,1 ,3 ,2 ,1 ,0 ,7 ,0 ,2 ,2 ,10 ,1 ,0.57,0.5
675,1904,305,7 ,0 ,5 ,0 ,0 ,0 ,2 ,0 ,2 ,0 ,0 ,0 ,5 ,0 ,0.63,0.0
676,614,778,9 ,15 ,2 ,13 ,4 ,2 ,3 ,0 ,4 ,3 ,5 ,10 ,0 ,2 ,0.33,0.44
677,496,633,36 ,17 ,28 ,8 ,2 ,0 ,6 ,9 ,24 ,16 ,4 ,1 ,8 ,0 ,0.57,0.3
678,492,632,49 ,21 ,40 ,7 ,5 ,5 ,4 ,9 ,33 ,19 ,1 ,2 ,15 ,0 ,0.37,0.27
679,413,306,23 ,23 ,8 ,6 ,5 ,2 ,10 ,15 ,23 ,21 ,0 ,2 ,0 ,0 ,0.36,0.22
680,362,1976,33 ,33 ,28 ,29 ,1 ,1 ,4 ,3 ,27 ,13 ,4 ,1 ,2 ,19 ,0.29,0.31
681,1781,307,5 ,5 ,5 ,1 ,0 ,4 ,0 ,0 ,0 ,1 ,1 ,4 ,4 ,0 ,0.55,1.0
682,1240,319,27 ,6 ,16 ,3 ,3 ,2 ,8 ,1 ,4 ,3 ,9 ,3 ,14 ,0 ,0.55,0.2
683,1207,401,53 ,18 ,42 ,9 ,5 ,0 ,6 ,9 ,24 ,17 ,12 ,0 ,17 ,1 ,0.54,0.41
684,449,625,25 ,24 ,23 ,10 ,2 ,8 ,0 ,6 ,12 ,22 ,5 ,1 ,8 ,1 ,0.31,0.39
685,441,378,13 ,11 ,12 ,9 ,1 ,2 ,0 ,0 ,2 ,4 ,0 ,0 ,11 ,7 ,0.31,0.18
686,1264,318,13 ,10 ,10 ,10 ,3 ,0 ,0 ,0 ,6 ,2 ,6 ,2 ,1 ,6 ,0.37,0.35
687,528,337,44 ,14 ,39 ,12 ,2 ,1 ,3 ,1 ,18 ,10 ,5 ,0 ,21 ,4 ,0.41,0.43
688,1254,308,62 ,11 ,42 ,6 ,6 ,3 ,14 ,2 ,35 ,11 ,5 ,0 ,22 ,0 ,0.65,0.23
689,1743,579,55 ,38 ,43 ,18 ,11 ,10 ,1 ,10 ,13 ,33 ,24 ,4 ,18 ,1 ,0.55,0.33
690,354,599,4 ,1 ,4 ,0 ,0 ,0 ,0 ,1 ,1 ,1 ,0 ,0 ,3 ,0 ,1.0,0.5
691,1148,322,50 ,34 ,24 ,28 ,10 ,2 ,16 ,4 ,28 ,19 ,19 ,15 ,3 ,0 ,0.58,0.37
692,905,372,45 ,15 ,31 ,9 ,12 ,5 ,2 ,1 ,13 ,5 ,31 ,10 ,1 ,0 ,0.6,0.27
693,447,357,13 ,1 ,13 ,0 ,0 ,1 ,0 ,0 ,0 ,1 ,0 ,0 ,13 ,0 ,0.72,0.5
694,900,390,20 ,5 ,16 ,4 ,3 ,1 ,1 ,0 ,12 ,3 ,1 ,2 ,7 ,0 ,0.51,0.12
695,1516,366,9 ,8 ,8 ,7 ,0 ,1 ,1 ,0 ,2 ,0 ,0 ,0 ,7 ,8 ,0.81,0.5
696,861,331,7 ,0 ,6 ,0 ,0 ,0 ,1 ,0 ,1 ,0 ,0 ,0 ,6 ,0 ,0.53,0.0
697,1262,454,36 ,12 ,33 ,4 ,1 ,4 ,2 ,4 ,6 ,10 ,0 ,1 ,30 ,1 ,0.43,0.28
698,682,414,19 ,14 ,7 ,3 ,7 ,3 ,5 ,8 ,6 ,4 ,6 ,10 ,7 ,0 ,0.45,0.56
699,758,309,29 ,11 ,28 ,3 ,1 ,1 ,0 ,7 ,10 ,10 ,4 ,1 ,15 ,0 ,0.59,0.34
700,379,333,19 ,5 ,15 ,4 ,3 ,1 ,1 ,0 ,3 ,2 ,8 ,2 ,8 ,1 ,0.63,0.22
701,575,570,13 ,5 ,11 ,1 ,2 ,4 ,0 ,0 ,0 ,1 ,0 ,0 ,13 ,4 ,0.61,0.31
702,658,614,49 ,16 ,44 ,0 ,3 ,3 ,2 ,13 ,10 ,4 ,9 ,11 ,30 ,1 ,0.55,0.59
703,743,448,15 ,16 ,9 ,16 ,6 ,0 ,0 ,0 ,9 ,11 ,2 ,1 ,4 ,4 ,0.46,0.48
704,557,356,73 ,25 ,57 ,22 ,13 ,3 ,3 ,0 ,40 ,15 ,2 ,5 ,31 ,5 ,0.52,0.23
705,1060,963,21 ,12 ,13 ,3 ,7 ,1 ,1 ,8 ,5 ,8 ,0 ,3 ,16 ,1 ,0.75,0.4
706,1138,413,22 ,9 ,16 ,5 ,4 ,2 ,2 ,2 ,7 ,6 ,9 ,3 ,6 ,0 ,0.61,0.33
707,363,502,26 ,7 ,20 ,4 ,4 ,1 ,2 ,2 ,4 ,4 ,3 ,3 ,19 ,0 ,0.57,0.2
708,547,402,4 ,6 ,3 ,4 ,1 ,2 ,0 ,0 ,0 ,1 ,0 ,3 ,4 ,2 ,0.57,0.54
709,310,1366,79 ,32 ,36 ,29 ,37 ,2 ,6 ,1 ,16 ,18 ,34 ,8 ,29 ,6 ,0.45,0.36
710,463,514,17 ,8 ,10 ,4 ,1 ,0 ,6 ,4 ,6 ,7 ,2 ,1 ,9 ,0 ,0.43,0.26
711,576,311,38 ,6 ,25 ,4 ,2 ,1 ,11 ,1 ,15 ,3 ,4 ,2 ,19 ,1 ,0.52,0.16
712,445,451,21 ,26 ,19 ,10 ,0 ,14 ,2 ,2 ,2 ,3 ,1 ,23 ,18 ,0 ,0.52,0.74
713,566,795,2 ,1 ,2 ,1 ,0 ,0 ,0 ,0 ,2 ,1 ,0 ,0 ,0 ,0 ,0.66,0.14
714,377,312,38 ,9 ,19 ,4 ,16 ,3 ,3 ,2 ,31 ,7 ,7 ,2 ,0 ,0 ,0.42,0.16
715,533,320,6 ,7 ,6 ,3 ,0 ,1 ,0 ,3 ,5 ,5 ,0 ,2 ,1 ,0 ,0.3,0.33
716,1312,422,56 ,3 ,48 ,1 ,3 ,2 ,5 ,0 ,12 ,2 ,3 ,0 ,41 ,1 ,0.66,0.21
717,378,313,64 ,19 ,53 ,15 ,7 ,3 ,4 ,1 ,26 ,10 ,5 ,5 ,33 ,4 ,0.52,0.36
718,558,718,41 ,8 ,25 ,0 ,10 ,5 ,6 ,3 ,13 ,7 ,20 ,0 ,8 ,1 ,0.55,0.61
719,1336,933,28 ,28 ,24 ,14 ,2 ,3 ,2 ,11 ,12 ,16 ,4 ,11 ,12 ,1 ,0.5,0.28
720,447,716,85 ,29 ,79 ,23 ,6 ,3 ,0 ,3 ,19 ,17 ,17 ,9 ,49 ,3 ,0.41,0.32
721,893,1502,30 ,12 ,23 ,6 ,3 ,0 ,4 ,6 ,30 ,12 ,0 ,0 ,0 ,0 ,0.25,0.1
722,508,1204,20 ,6 ,13 ,4 ,3 ,0 ,4 ,2 ,13 ,6 ,0 ,0 ,7 ,0 ,0.5,0.26
723,539,335,78 ,46 ,44 ,20 ,6 ,15 ,28 ,11 ,71 ,45 ,4 ,1 ,3 ,0 ,0.39,0.32
724,383,1170,1 ,2 ,0 ,0 ,0 ,2 ,1 ,0 ,1 ,2 ,0 ,0 ,0 ,0 ,0.2,0.66
725,766,314,6 ,0 ,6 ,0 ,0 ,0 ,0 ,0 ,5 ,0 ,1 ,0 ,0 ,0 ,0.26,0.0
726,595,315,29 ,12 ,21 ,3 ,7 ,7 ,1 ,2 ,9 ,5 ,15 ,7 ,5 ,0 ,0.59,0.5
727,687,694,5 ,26 ,2 ,20 ,2 ,6 ,1 ,0 ,4 ,0 ,1 ,0 ,0 ,26 ,0.55,0.68
728,717,316,64 ,13 ,40 ,4 ,16 ,2 ,8 ,7 ,37 ,11 ,23 ,1 ,4 ,1 ,0.56,0.54
729,1254,355,67 ,8 ,34 ,3 ,16 ,3 ,17 ,2 ,38 ,7 ,11 ,1 ,18 ,0 ,0.66,0.17
730,1216,317,36 ,8 ,30 ,2 ,6 ,2 ,0 ,4 ,7 ,4 ,0 ,3 ,29 ,1 ,0.46,0.4
731,1904,1485,28 ,23 ,9 ,15 ,0 ,3 ,19 ,5 ,19 ,16 ,5 ,7 ,4 ,0 ,0.34,0.29
732,1044,900,19 ,1 ,18 ,0 ,0 ,1 ,1 ,0 ,2 ,1 ,0 ,0 ,17 ,0 ,0.41,0.33
733,463,429,18 ,1 ,11 ,0 ,0 ,0 ,7 ,1 ,12 ,1 ,3 ,0 ,3 ,0 ,0.58,0.14
734,362,2663,10 ,7 ,5 ,5 ,1 ,1 ,4 ,1 ,8 ,5 ,0 ,0 ,2 ,2 ,0.27,0.2
735,718,318,0 ,1 ,0 ,0 ,0 ,1 ,0 ,0 ,0 ,0 ,0 ,0 ,0 ,1 ,0.0,1.0
736,759,498,1 ,3 ,0 ,2 ,1 ,0 ,0 ,1 ,1 ,1 ,0 ,0 ,0 ,2 ,1.0,0.75
737,365,778,47 ,44 ,21 ,20 ,21 ,11 ,5 ,13 ,22 ,26 ,12 ,15 ,13 ,3 ,0.59,0.32
738,460,496,17 ,5 ,14 ,4 ,2 ,1 ,1 ,0 ,1 ,3 ,13 ,2 ,3 ,0 ,0.85,0.62
739,354,370,7 ,5 ,5 ,0 ,0 ,1 ,2 ,4 ,1 ,5 ,2 ,0 ,4 ,0 ,0.35,0.55
740,519,1240,54 ,16 ,38 ,10 ,7 ,2 ,9 ,4 ,36 ,13 ,16 ,2 ,2 ,1 ,0.42,0.17
741,905,492,6 ,4 ,6 ,2 ,0 ,1 ,0 ,1 ,3 ,4 ,0 ,0 ,3 ,0 ,0.75,0.36
742,402,339,70 ,28 ,60 ,19 ,3 ,5 ,7 ,4 ,66 ,27 ,4 ,1 ,0 ,0 ,0.37,0.21
743,1150,319,3 ,2 ,3 ,1 ,0 ,0 ,0 ,1 ,3 ,2 ,0 ,0 ,0 ,0 ,0.42,0.22
744,1262,360,3 ,0 ,3 ,0 ,0 ,0 ,0 ,0 ,3 ,0 ,0 ,0 ,0 ,0 ,0.6,0.0
745,1095,320,8 ,19 ,5 ,16 ,3 ,1 ,0 ,2 ,3 ,5 ,1 ,0 ,4 ,14 ,0.57,0.55
746,502,414,40 ,45 ,21 ,14 ,17 ,4 ,2 ,27 ,39 ,41 ,1 ,4 ,0 ,0 ,0.14,0.37
747,1060,338,11 ,0 ,10 ,0 ,1 ,0 ,0 ,0 ,2 ,0 ,0 ,0 ,9 ,0 ,0.61,0.0
748,448,349,6 ,1 ,6 ,0 ,0 ,0 ,0 ,1 ,4 ,1 ,0 ,0 ,2 ,0 ,0.6,0.5
749,682,1138,18 ,4 ,14 ,1 ,1 ,3 ,3 ,0 ,5 ,1 ,4 ,2 ,9 ,1 ,0.52,0.4
750,625,958,88 ,76 ,57 ,40 ,22 ,30 ,9 ,6 ,81 ,64 ,7 ,12 ,0 ,0 ,0.36,0.26
751,528,321,20 ,7 ,16 ,5 ,1 ,1 ,3 ,1 ,14 ,7 ,0 ,0 ,6 ,0 ,0.58,0.25
752,390,351,41 ,36 ,38 ,26 ,3 ,10 ,0 ,0 ,1 ,0 ,15 ,16 ,25 ,20 ,0.61,0.72
753,533,367,9 ,6 ,9 ,0 ,0 ,0 ,0 ,6 ,5 ,6 ,0 ,0 ,4 ,0 ,0.64,0.46
754,1781,322,24 ,3 ,24 ,3 ,0 ,0 ,0 ,0 ,1 ,0 ,4 ,0 ,19 ,3 ,0.55,0.5
755,579,1976,50 ,36 ,31 ,22 ,16 ,12 ,3 ,2 ,27 ,11 ,6 ,5 ,17 ,20 ,0.57,0.55
756,614,323,30 ,17 ,19 ,10 ,3 ,5 ,8 ,2 ,2 ,0 ,8 ,15 ,20 ,2 ,0.61,0.68
757,633,324,113 ,20 ,53 ,19 ,19 ,1 ,41 ,0 ,77 ,17 ,36 ,2 ,0 ,1 ,0.45,0.27
758,658,1336,36 ,17 ,13 ,9 ,10 ,3 ,13 ,5 ,28 ,12 ,7 ,2 ,1 ,3 ,0.35,0.28
759,1526,325,21 ,1 ,19 ,1 ,1 ,0 ,1 ,0 ,1 ,0 ,0 ,1 ,20 ,0 ,0.63,0.25
760,716,326,4 ,4 ,3 ,4 ,0 ,0 ,1 ,0 ,2 ,0 ,0 ,0 ,2 ,4 ,0.66,0.8
761,1315,476,20 ,3 ,13 ,3 ,7 ,0 ,0 ,0 ,4 ,2 ,3 ,1 ,13 ,0 ,0.55,0.27
762,1130,327,12 ,4 ,11 ,3 ,1 ,1 ,0 ,0 ,3 ,1 ,1 ,3 ,8 ,0 ,0.37,0.36
763,1432,328,4 ,6 ,3 ,5 ,1 ,1 ,0 ,0 ,0 ,5 ,0 ,0 ,4 ,1 ,0.36,0.26
764,447,347,34 ,20 ,21 ,12 ,10 ,4 ,3 ,4 ,16 ,8 ,5 ,10 ,13 ,2 ,0.43,0.39
765,1312,329,6 ,3 ,2 ,1 ,1 ,1 ,3 ,1 ,2 ,2 ,0 ,1 ,4 ,0 ,0.6,0.42
766,1715,1108,2 ,16 ,2 ,12 ,0 ,0 ,0 ,4 ,2 ,1 ,0 ,5 ,0 ,10 ,0.4,0.47
767,1376,330,23 ,6 ,21 ,5 ,2 ,1 ,0 ,0 ,8 ,2 ,2 ,2 ,13 ,2 ,0.74,0.33
768,1743,802,31 ,6 ,28 ,6 ,2 ,0 ,1 ,0 ,14 ,6 ,5 ,0 ,12 ,0 ,0.57,0.15
769,570,331,5 ,3 ,2 ,0 ,2 ,3 ,1 ,0 ,3 ,2 ,0 ,1 ,2 ,0 ,0.62,0.42
770,388,337,67 ,49 ,57 ,42 ,4 ,4 ,6 ,3 ,40 ,43 ,11 ,4 ,16 ,2 ,0.29,0.29
771,653,332,2 ,2 ,1 ,1 ,0 ,0 ,1 ,1 ,2 ,2 ,0 ,0 ,0 ,0 ,0.4,0.22
772,951,378,55 ,31 ,44 ,19 ,11 ,3 ,0 ,9 ,45 ,21 ,8 ,5 ,2 ,5 ,0.45,0.24
773,507,449,35 ,6 ,24 ,5 ,10 ,0 ,1 ,1 ,2 ,4 ,1 ,1 ,32 ,1 ,0.63,0.26
774,1264,632,19 ,24 ,13 ,10 ,6 ,8 ,0 ,6 ,9 ,12 ,10 ,12 ,0 ,0 ,0.29,0.42
775,1516,1207,10 ,3 ,9 ,1 ,1 ,1 ,0 ,1 ,4 ,2 ,0 ,0 ,6 ,1 ,0.66,0.27
776,576,387,20 ,6 ,16 ,4 ,2 ,2 ,2 ,0 ,1 ,3 ,2 ,3 ,17 ,0 ,0.62,0.37
777,1976,444,44 ,40 ,27 ,39 ,6 ,0 ,11 ,1 ,35 ,40 ,2 ,0 ,7 ,0 ,0.24,0.29
778,1312,555,10 ,11 ,1 ,8 ,1 ,2 ,8 ,1 ,9 ,6 ,0 ,2 ,1 ,3 ,0.55,0.42
779,1038,451,4 ,1 ,2 ,0 ,0 ,0 ,2 ,1 ,2 ,1 ,0 ,0 ,2 ,0 ,0.8,0.33
780,333,355,60 ,6 ,45 ,6 ,14 ,0 ,1 ,0 ,2 ,1 ,1 ,0 ,57 ,5 ,0.63,0.54
781,1148,558,20 ,12 ,15 ,3 ,1 ,7 ,4 ,2 ,7 ,3 ,2 ,9 ,11 ,0 ,0.64,0.44
782,566,547,42 ,27 ,40 ,25 ,2 ,2 ,0 ,0 ,13 ,17 ,3 ,0 ,26 ,10 ,0.5,0.29
783,447,353,26 ,4 ,20 ,0 ,4 ,2 ,2 ,2 ,3 ,4 ,0 ,0 ,23 ,0 ,0.4,0.66
784,1204,893,38 ,4 ,17 ,4 ,3 ,0 ,18 ,0 ,24 ,2 ,0 ,0 ,14 ,2 ,0.62,0.09
785,557,1044,63 ,11 ,50 ,6 ,2 ,4 ,11 ,1 ,5 ,4 ,43 ,7 ,15 ,0 ,0.72,0.28
786,383,334,38 ,13 ,31 ,7 ,3 ,3 ,4 ,3 ,18 ,9 ,17 ,4 ,3 ,0 ,0.56,0.5
787,1170,963,28 ,9 ,25 ,4 ,1 ,0 ,2 ,5 ,10 ,9 ,2 ,0 ,16 ,0 ,0.42,0.3
788,759,503,48 ,43 ,31 ,29 ,13 ,7 ,4 ,7 ,27 ,26 ,21 ,15 ,0 ,2 ,0.45,0.33
789,1262,687,14 ,18 ,12 ,8 ,2 ,3 ,0 ,7 ,0 ,18 ,0 ,0 ,14 ,0 ,0.6,0.52
790,460,766,18 ,1 ,17 ,1 ,1 ,0 ,0 ,0 ,1 ,1 ,4 ,0 ,13 ,0 ,0.5,0.2
791,533,539,24 ,16 ,22 ,12 ,2 ,2 ,0 ,2 ,7 ,6 ,1 ,3 ,16 ,7 ,0.6,0.53
792,717,900,63 ,15 ,11 ,8 ,26 ,5 ,26 ,2 ,26 ,9 ,31 ,3 ,6 ,3 ,0.61,0.45
793,1216,758,47 ,56 ,35 ,55 ,6 ,1 ,6 ,0 ,47 ,52 ,0 ,1 ,0 ,3 ,0.29,0.45
794,905,1098,74 ,60 ,34 ,22 ,28 ,18 ,12 ,20 ,26 ,12 ,23 ,35 ,25 ,13 ,0.68,0.63
795,528,484,3 ,0 ,3 ,0 ,0 ,0 ,0 ,0 ,3 ,0 ,0 ,0 ,0 ,0 ,0.6,0.0
796,1445,363,48 ,15 ,28 ,7 ,2 ,3 ,18 ,5 ,28 ,10 ,14 ,3 ,6 ,2 ,0.49,0.38
797,1315,352,3 ,0 ,3 ,0 ,0 ,0 ,0 ,0 ,1 ,0 ,0 ,0 ,2 ,0 ,0.75,0.0
798,1130,716,21 ,16 ,20 ,11 ,1 ,2 ,0 ,3 ,4 ,5 ,0 ,0 ,17 ,11 ,0.43,0.5
799,377,335,6 ,5 ,4 ,1 ,2 ,0 ,0 ,4 ,5 ,5 ,0 ,0 ,1 ,0 ,0.31,0.31
800,478,422,64 ,53 ,29 ,42 ,12 ,8 ,23 ,3 ,51 ,40 ,10 ,11 ,3 ,2 ,0.49,0.46
801,1715,595,10 ,7 ,6 ,2 ,0 ,3 ,4 ,2 ,1 ,2 ,9 ,3 ,0 ,2 ,0.9,0.5
802,778,354,53 ,45 ,24 ,32 ,11 ,12 ,18 ,1 ,22 ,22 ,29 ,18 ,2 ,5 ,0.52,0.43
803,576,362,27 ,3 ,21 ,3 ,4 ,0 ,2 ,0 ,5 ,0 ,0 ,1 ,22 ,2 ,0.47,0.2
804,1526,637,59 ,33 ,53 ,32 ,2 ,0 ,4 ,1 ,10 ,7 ,6 ,21 ,43 ,5 ,0.54,0.51
805,409,336,6 ,17 ,0 ,8 ,4 ,3 ,2 ,6 ,0 ,5 ,6 ,12 ,0 ,0 ,0.54,0.6
806,2663,337,50 ,11 ,39 ,8 ,7 ,1 ,4 ,2 ,11 ,6 ,0 ,0 ,39 ,5 ,0.55,0.37
807,413,1150,12 ,22 ,9 ,15 ,0 ,5 ,3 ,2 ,5 ,7 ,1 ,4 ,6 ,11 ,0.5,0.44
808,579,1060,29 ,6 ,15 ,1 ,3 ,5 ,11 ,0 ,5 ,2 ,15 ,4 ,9 ,0 ,0.43,0.28
809,1254,369,70 ,15 ,36 ,6 ,26 ,5 ,8 ,4 ,17 ,3 ,32 ,12 ,21 ,0 ,0.78,0.48
810,682,1502,25 ,11 ,18 ,3 ,6 ,7 ,1 ,1 ,6 ,3 ,6 ,7 ,13 ,1 ,0.62,0.61
811,633,1756,66 ,27 ,44 ,21 ,13 ,3 ,9 ,3 ,21 ,14 ,4 ,3 ,41 ,10 ,0.5,0.36
812,496,492,83 ,31 ,38 ,25 ,15 ,6 ,30 ,0 ,82 ,30 ,1 ,1 ,0 ,0 ,0.47,0.22
813,694,338,44 ,10 ,38 ,7 ,6 ,3 ,0 ,0 ,8 ,2 ,5 ,3 ,31 ,5 ,0.6,0.5
814,1240,502,44 ,65 ,34 ,30 ,5 ,33 ,5 ,2 ,33 ,40 ,5 ,24 ,6 ,1 ,0.5,0.47
815,1571,555,3 ,2 ,1 ,2 ,1 ,0 ,1 ,0 ,1 ,0 ,0 ,0 ,2 ,2 ,1.0,0.66
816,1336,614,41 ,25 ,33 ,0 ,6 ,2 ,2 ,23 ,12 ,2 ,10 ,23 ,19 ,0 ,0.5,0.51
817,718,365,57 ,40 ,37 ,34 ,8 ,5 ,12 ,1 ,34 ,29 ,23 ,11 ,0 ,0 ,0.57,0.44
818,653,598,30 ,13 ,26 ,3 ,4 ,5 ,0 ,5 ,2 ,5 ,4 ,6 ,24 ,2 ,0.55,0.76
819,387,388,44 ,3 ,42 ,3 ,1 ,0 ,1 ,0 ,5 ,0 ,2 ,0 ,37 ,3 ,0.56,0.25
820,356,747,68 ,58 ,31 ,16 ,23 ,13 ,14 ,29 ,12 ,17 ,56 ,37 ,0 ,4 ,0.56,0.8
821,1516,658,39 ,22 ,24 ,8 ,11 ,7 ,4 ,7 ,12 ,17 ,27 ,5 ,0 ,0 ,0.82,0.39
822,410,1095,27 ,31 ,4 ,14 ,9 ,10 ,14 ,7 ,20 ,17 ,3 ,14 ,4 ,0 ,0.61,0.5
823,444,339,20 ,6 ,15 ,3 ,5 ,3 ,0 ,0 ,4 ,2 ,4 ,4 ,12 ,0 ,0.74,0.46
824,1432,568,5 ,1 ,3 ,1 ,2 ,0 ,0 ,0 ,1 ,0 ,2 ,1 ,2 ,0 ,0.71,0.33
825,1445,570,39 ,42 ,14 ,23 ,7 ,14 ,18 ,5 ,28 ,29 ,9 ,12 ,2 ,1 ,0.43,0.32
826,1743,625,42 ,6 ,39 ,3 ,3 ,2 ,0 ,1 ,3 ,3 ,2 ,2 ,37 ,1 ,0.53,0.28
827,1781,529,43 ,9 ,31 ,5 ,12 ,3 ,0 ,1 ,6 ,7 ,9 ,2 ,28 ,0 ,0.58,0.47
828,519,430,49 ,35 ,45 ,15 ,1 ,13 ,3 ,7 ,19 ,18 ,5 ,17 ,25 ,0 ,0.44,0.4
829,759,460,22 ,2 ,16 ,0 ,5 ,1 ,1 ,1 ,4 ,0 ,3 ,2 ,15 ,0 ,0.62,0.25
830,1264,1216,23 ,40 ,22 ,23 ,1 ,11 ,0 ,6 ,18 ,25 ,1 ,15 ,4 ,0 ,0.26,0.41
831,484,340,11 ,12 ,10 ,9 ,1 ,1 ,0 ,2 ,4 ,8 ,0 ,1 ,7 ,3 ,0.64,0.4
832,359,341,0 ,0 ,0 ,0 ,0 ,0 ,0 ,0 ,0 ,0 ,0 ,0 ,0 ,0 ,0.0,0.0
833,408,342,4 ,1 ,4 ,1 ,0 ,0 ,0 ,0 ,0 ,0 ,0 ,0 ,4 ,1 ,0.5,0.2
834,415,343,30 ,20 ,16 ,14 ,1 ,4 ,13 ,2 ,15 ,14 ,12 ,6 ,3 ,0 ,0.78,0.35
835,1447,344,18 ,12 ,10 ,6 ,7 ,0 ,1 ,6 ,5 ,0 ,4 ,6 ,9 ,6 ,0.72,0.7
836,763,345,2 ,0 ,2 ,0 ,0 ,0 ,0 ,0 ,0 ,0 ,0 ,0 ,2 ,0 ,0.66,0.0
837,368,346,29 ,40 ,27 ,40 ,2 ,0 ,0 ,0 ,3 ,3 ,0 ,5 ,26 ,32 ,0.6,0.57
838,777,358,10 ,4 ,5 ,0 ,5 ,2 ,0 ,2 ,0 ,0 ,5 ,4 ,5 ,0 ,0.71,0.57
839,447,1976,31 ,47 ,28 ,32 ,3 ,14 ,0 ,1 ,29 ,30 ,0 ,0 ,2 ,17 ,0.3,0.55
840,802,347,26 ,22 ,16 ,14 ,5 ,7 ,5 ,1 ,3 ,14 ,12 ,8 ,11 ,0 ,0.44,0.33
841,1138,348,24 ,9 ,19 ,6 ,0 ,3 ,5 ,0 ,6 ,0 ,4 ,5 ,14 ,4 ,0.88,0.6
842,401,349,31 ,20 ,17 ,12 ,9 ,2 ,5 ,6 ,24 ,16 ,1 ,3 ,6 ,1 ,0.31,0.22
843,1108,402,3 ,2 ,2 ,2 ,0 ,0 ,1 ,0 ,2 ,1 ,0 ,0 ,1 ,1 ,0.5,0.66
844,498,651,5 ,9 ,2 ,6 ,1 ,2 ,2 ,1 ,5 ,8 ,0 ,0 ,0 ,1 ,0.26,0.45
845,413,795,6 ,5 ,1 ,5 ,1 ,0 ,4 ,0 ,6 ,5 ,0 ,0 ,0 ,0 ,0.66,0.27
846,1254,385,21 ,6 ,12 ,4 ,3 ,0 ,6 ,2 ,10 ,4 ,0 ,1 ,11 ,1 ,0.43,0.25
847,390,950,52 ,21 ,39 ,6 ,9 ,8 ,4 ,7 ,28 ,5 ,24 ,16 ,0 ,0 ,0.45,0.56
848,492,700,58 ,44 ,51 ,31 ,3 ,6 ,4 ,7 ,52 ,40 ,6 ,4 ,0 ,0 ,0.33,0.24
849,1204,575,28 ,5 ,18 ,3 ,8 ,2 ,2 ,0 ,4 ,0 ,2 ,2 ,22 ,3 ,0.7,0.38
850,958,417,33 ,20 ,10 ,5 ,7 ,11 ,16 ,4 ,7 ,14 ,9 ,6 ,17 ,0 ,0.25,0.46
851,766,350,8 ,0 ,8 ,0 ,0 ,0 ,0 ,0 ,0 ,0 ,0 ,0 ,8 ,0 ,0.8,0.0
852,540,539,70 ,43 ,57 ,29 ,13 ,7 ,0 ,7 ,13 ,13 ,11 ,17 ,46 ,13 ,0.5,0.53
853,451,351,5 ,0 ,2 ,0 ,1 ,0 ,2 ,0 ,4 ,0 ,1 ,0 ,0 ,0 ,0.71,0.0
854,599,558,28 ,0 ,27 ,0 ,0 ,0 ,1 ,0 ,9 ,0 ,0 ,0 ,19 ,0 ,0.73,0.0
855,463,379,5 ,27 ,5 ,16 ,0 ,10 ,0 ,1 ,4 ,3 ,0 ,2 ,1 ,22 ,0.35,0.48
856,533,383,5 ,4 ,4 ,0 ,1 ,0 ,0 ,4 ,3 ,4 ,0 ,0 ,2 ,0 ,1.0,0.5
857,1485,1044,46 ,19 ,43 ,5 ,1 ,4 ,2 ,10 ,14 ,14 ,10 ,2 ,22 ,3 ,0.51,0.57
858,1376,566,41 ,17 ,38 ,11 ,3 ,6 ,0 ,0 ,22 ,7 ,1 ,2 ,18 ,8 ,0.59,0.47
859,1526,467,6 ,3 ,5 ,3 ,0 ,0 ,1 ,0 ,1 ,3 ,0 ,0 ,5 ,0 ,0.66,0.3
860,391,352,29 ,0 ,19 ,0 ,10 ,0 ,0 ,0 ,5 ,0 ,4 ,0 ,20 ,0 ,0.72,0.0
861,2663,1130,30 ,5 ,24 ,4 ,5 ,0 ,1 ,1 ,6 ,0 ,0 ,2 ,24 ,3 ,0.55,0.17
862,1315,1170,26 ,16 ,23 ,11 ,3 ,2 ,0 ,3 ,4 ,14 ,2 ,1 ,20 ,1 ,0.39,0.4
863,547,353,23 ,4 ,19 ,3 ,1 ,1 ,3 ,0 ,16 ,4 ,1 ,0 ,6 ,0 ,0.45,0.15
864,1715,387,3 ,2 ,3 ,2 ,0 ,0 ,0 ,0 ,1 ,0 ,0 ,0 ,2 ,2 ,0.37,0.4
865,1060,637,19 ,11 ,14 ,6 ,3 ,0 ,2 ,5 ,11 ,1 ,4 ,1 ,4 ,9 ,0.44,0.34
866,1148,448,14 ,8 ,13 ,2 ,1 ,1 ,0 ,5 ,5 ,7 ,3 ,1 ,6 ,0 ,0.45,0.53
867,933,1240,54 ,39 ,11 ,9 ,18 ,3 ,25 ,27 ,20 ,13 ,34 ,26 ,0 ,0 ,0.53,0.46
868,476,1366,81 ,57 ,44 ,53 ,9 ,4 ,28 ,0 ,75 ,47 ,4 ,10 ,2 ,0 ,0.38,0.29
869,372,354,40 ,50 ,16 ,11 ,15 ,26 ,9 ,13 ,5 ,7 ,35 ,43 ,0 ,0 ,0.44,0.58
870,1356,355,42 ,7 ,25 ,5 ,14 ,0 ,3 ,2 ,20 ,7 ,18 ,0 ,4 ,0 ,0.7,0.22
871,570,464,12 ,0 ,11 ,0 ,0 ,0 ,1 ,0 ,6 ,0 ,3 ,0 ,3 ,0 ,0.7,0.0
872,579,1262,60 ,23 ,26 ,19 ,21 ,4 ,13 ,0 ,51 ,14 ,9 ,3 ,0 ,6 ,0.5,0.24
873,548,371,4 ,2 ,2 ,2 ,2 ,0 ,0 ,0 ,3 ,1 ,0 ,0 ,1 ,1 ,0.66,0.18
874,1207,407,22 ,5 ,16 ,4 ,3 ,1 ,3 ,0 ,3 ,1 ,9 ,1 ,10 ,3 ,0.73,0.45
875,1038,1062,2 ,16 ,0 ,16 ,0 ,0 ,2 ,0 ,2 ,1 ,0 ,0 ,0 ,15 ,0.66,0.66
876,951,356,28 ,53 ,22 ,51 ,2 ,2 ,4 ,0 ,27 ,42 ,1 ,2 ,0 ,9 ,0.4,0.4
877,388,357,68 ,44 ,43 ,29 ,2 ,11 ,23 ,4 ,26 ,28 ,9 ,13 ,33 ,3 ,0.49,0.43
878,1502,431,24 ,1 ,21 ,0 ,3 ,1 ,0 ,0 ,0 ,0 ,0 ,1 ,24 ,0 ,0.48,1.0
879,893,528,24 ,20 ,14 ,12 ,5 ,5 ,5 ,3 ,20 ,16 ,2 ,3 ,2 ,1 ,0.4,0.33
880,414,377,32 ,16 ,26 ,9 ,2 ,7 ,4 ,0 ,2 ,6 ,4 ,7 ,26 ,3 ,0.42,0.41
881,1904,441,14 ,4 ,8 ,3 ,1 ,1 ,5 ,0 ,7 ,1 ,0 ,1 ,7 ,2 ,0.4,0.33
882,682,446,40 ,22 ,19 ,10 ,8 ,9 ,13 ,3 ,21 ,16 ,1 ,6 ,18 ,0 ,0.52,0.42
883,1336,374,26 ,19 ,14 ,6 ,8 ,2 ,4 ,11 ,15 ,12 ,11 ,7 ,0 ,0 ,0.44,0.43
884,778,766,24 ,13 ,15 ,12 ,4 ,1 ,5 ,0 ,13 ,6 ,7 ,7 ,4 ,0 ,0.48,0.39
885,378,717,57 ,45 ,9 ,17 ,46 ,16 ,2 ,12 ,3 ,4 ,2 ,11 ,52 ,30 ,0.71,0.75
886,1516,1098,47 ,20 ,28 ,11 ,16 ,1 ,3 ,8 ,14 ,6 ,5 ,7 ,28 ,7 ,0.79,0.5
887,1150,358,15 ,0 ,14 ,0 ,0 ,0 ,1 ,0 ,9 ,0 ,4 ,0 ,2 ,0 ,0.6,0.0
888,763,359,21 ,2 ,20 ,0 ,1 ,0 ,0 ,2 ,3 ,2 ,1 ,0 ,17 ,0 ,0.6,0.16
889,1976,381,11 ,4 ,10 ,4 ,1 ,0 ,0 ,0 ,2 ,4 ,0 ,0 ,9 ,0 ,0.42,0.18
890,1108,360,3 ,2 ,0 ,0 ,3 ,0 ,0 ,2 ,1 ,0 ,2 ,2 ,0 ,0 ,0.75,0.5
891,444,361,6 ,0 ,6 ,0 ,0 ,0 ,0 ,0 ,1 ,0 ,0 ,0 ,5 ,0 ,0.54,0.0
892,697,362,80 ,20 ,60 ,17 ,6 ,2 ,14 ,1 ,26 ,13 ,12 ,7 ,42 ,0 ,0.48,0.23
893,498,460,3 ,0 ,3 ,0 ,0 ,0 ,0 ,0 ,1 ,0 ,0 ,0 ,2 ,0 ,0.75,0.0
894,1715,547,6 ,20 ,0 ,19 ,2 ,1 ,4 ,0 ,0 ,0 ,5 ,0 ,1 ,20 ,0.35,0.58
895,758,1356,31 ,18 ,30 ,9 ,0 ,5 ,1 ,4 ,18 ,11 ,0 ,7 ,13 ,0 ,0.43,0.31
896,1445,519,17 ,10 ,12 ,7 ,2 ,2 ,3 ,1 ,12 ,7 ,2 ,1 ,3 ,2 ,0.35,0.22
897,1315,1743,19 ,26 ,15 ,20 ,4 ,3 ,0 ,3 ,12 ,18 ,4 ,8 ,3 ,0 ,0.29,0.34
898,576,1432,35 ,5 ,26 ,5 ,7 ,0 ,2 ,0 ,6 ,3 ,0 ,0 ,29 ,2 ,0.47,0.41
899,484,363,31 ,21 ,18 ,19 ,5 ,0 ,8 ,2 ,22 ,9 ,9 ,0 ,0 ,12 ,0.39,0.42
900,1353,380,36 ,1 ,33 ,1 ,3 ,0 ,0 ,0 ,5 ,1 ,5 ,0 ,26 ,0 ,0.65,0.25
901,413,958,40 ,48 ,29 ,24 ,2 ,9 ,9 ,15 ,34 ,46 ,3 ,2 ,3 ,0 ,0.39,0.27
902,1571,1781,15 ,15 ,12 ,11 ,2 ,3 ,1 ,1 ,3 ,0 ,0 ,4 ,12 ,11 ,0.71,0.46
903,420,718,29 ,3 ,24 ,1 ,4 ,2 ,1 ,0 ,12 ,2 ,17 ,0 ,0 ,1 ,0.67,0.37
904,614,529,13 ,4 ,9 ,1 ,3 ,1 ,1 ,2 ,0 ,2 ,1 ,0 ,12 ,2 ,0.76,0.66
905,777,802,46 ,22 ,42 ,15 ,1 ,7 ,3 ,0 ,21 ,8 ,3 ,4 ,22 ,10 ,0.52,0.28
906,1216,364,39 ,1 ,19 ,0 ,20 ,0 ,0 ,1 ,12 ,1 ,25 ,0 ,2 ,0 ,0.43,0.08
907,478,365,84 ,12 ,31 ,7 ,16 ,4 ,37 ,1 ,69 ,8 ,15 ,4 ,0 ,0 ,0.51,0.22
908,658,366,28 ,1 ,18 ,1 ,9 ,0 ,1 ,0 ,14 ,0 ,10 ,0 ,4 ,1 ,0.65,0.11
909,1204,508,42 ,3 ,23 ,1 ,19 ,1 ,0 ,1 ,10 ,2 ,2 ,1 ,30 ,0 ,0.77,0.16
910,563,409,5 ,2 ,5 ,2 ,0 ,0 ,0 ,0 ,3 ,2 ,0 ,0 ,2 ,0 ,0.35,0.18
911,1167,367,77 ,2 ,74 ,1 ,3 ,0 ,0 ,1 ,3 ,2 ,21 ,0 ,53 ,0 ,0.83,0.14
912,483,368,1 ,1 ,1 ,0 ,0 ,0 ,0 ,1 ,1 ,1 ,0 ,0 ,0 ,0 ,0.33,0.5
913,413,687,20 ,23 ,14 ,13 ,2 ,3 ,4 ,7 ,10 ,18 ,3 ,4 ,7 ,1 ,0.42,0.37
914,385,369,26 ,6 ,7 ,1 ,6 ,5 ,13 ,0 ,20 ,6 ,4 ,0 ,2 ,0 ,0.56,0.26
915,756,370,0 ,1 ,0 ,0 ,0 ,1 ,0 ,0 ,0 ,1 ,0 ,0 ,0 ,0 ,0.0,1.0
916,759,404,19 ,5 ,14 ,1 ,5 ,4 ,0 ,0 ,1 ,2 ,3 ,3 ,15 ,0 ,0.82,0.41
917,1254,632,41 ,16 ,18 ,2 ,6 ,11 ,17 ,3 ,34 ,5 ,1 ,11 ,6 ,0 ,0.68,0.3
918,518,463,33 ,33 ,27 ,22 ,5 ,4 ,1 ,7 ,22 ,17 ,0 ,9 ,11 ,7 ,0.52,0.45
919,700,496,11 ,1 ,11 ,0 ,0 ,0 ,0 ,1 ,5 ,1 ,0 ,0 ,6 ,0 ,0.61,0.25
920,1376,507,122 ,46 ,109 ,26 ,11 ,3 ,2 ,17 ,110 ,41 ,9 ,5 ,3 ,0 ,0.69,0.28
921,451,390,48 ,33 ,32 ,32 ,8 ,1 ,8 ,0 ,24 ,18 ,24 ,14 ,0 ,1 ,0.64,0.49
922,539,383,45 ,35 ,24 ,27 ,12 ,6 ,9 ,2 ,13 ,16 ,22 ,14 ,10 ,5 ,0.52,0.5
923,651,379,15 ,8 ,14 ,4 ,0 ,2 ,1 ,2 ,10 ,4 ,3 ,4 ,2 ,0 ,0.53,0.34
924,461,1138,8 ,12 ,7 ,10 ,0 ,1 ,1 ,1 ,4 ,2 ,1 ,0 ,3 ,10 ,0.61,0.4
925,1526,1060,18 ,13 ,12 ,11 ,6 ,2 ,0 ,0 ,8 ,4 ,7 ,6 ,3 ,3 ,0.52,0.37
926,743,599,4 ,2 ,2 ,0 ,2 ,0 ,0 ,2 ,1 ,2 ,1 ,0 ,2 ,0 ,0.44,0.33
927,1485,747,15 ,15 ,10 ,6 ,2 ,5 ,3 ,4 ,2 ,3 ,5 ,10 ,8 ,2 ,0.41,0.68
928,1312,1207,13 ,35 ,12 ,23 ,1 ,8 ,0 ,4 ,8 ,11 ,1 ,8 ,4 ,16 ,0.28,0.48
929,933,533,32 ,31 ,14 ,20 ,13 ,3 ,5 ,8 ,6 ,13 ,9 ,14 ,17 ,4 ,0.37,0.56
930,1216,420,25 ,7 ,18 ,3 ,3 ,0 ,4 ,4 ,4 ,7 ,4 ,0 ,17 ,0 ,0.58,0.58
931,1445,575,10 ,9 ,8 ,2 ,2 ,0 ,0 ,7 ,3 ,0 ,2 ,0 ,5 ,9 ,0.62,0.69
932,546,371,9 ,5 ,9 ,0 ,0 ,5 ,0 ,0 ,1 ,1 ,0 ,0 ,8 ,4 ,0.69,0.83
933,401,407,6 ,2 ,5 ,2 ,0 ,0 ,1 ,0 ,5 ,2 ,0 ,0 ,1 ,0 ,0.27,0.07
934,1791,408,32 ,26 ,22 ,18 ,9 ,3 ,1 ,5 ,12 ,14 ,9 ,9 ,11 ,3 ,0.49,0.4
935,448,372,19 ,3 ,15 ,3 ,3 ,0 ,1 ,0 ,3 ,0 ,15 ,3 ,1 ,0 ,0.59,0.5
936,528,1240,13 ,34 ,9 ,20 ,4 ,7 ,0 ,7 ,11 ,19 ,2 ,6 ,0 ,9 ,0.3,0.56
937,688,373,60 ,34 ,15 ,11 ,26 ,19 ,19 ,4 ,1 ,9 ,42 ,24 ,17 ,1 ,0.75,0.53
938,625,2663,56 ,23 ,32 ,15 ,15 ,6 ,9 ,2 ,23 ,9 ,14 ,8 ,19 ,6 ,0.53,0.41
939,1502,414,51 ,27 ,41 ,18 ,8 ,5 ,2 ,4 ,24 ,14 ,13 ,13 ,14 ,0 ,0.43,0.33
940,837,1308,2 ,6 ,0 ,4 ,2 ,0 ,0 ,2 ,2 ,2 ,0 ,0 ,0 ,4 ,0.4,0.37
941,558,374,59 ,27 ,47 ,15 ,10 ,5 ,2 ,7 ,22 ,9 ,37 ,15 ,0 ,3 ,0.61,0.57
942,467,391,24 ,34 ,13 ,27 ,8 ,6 ,3 ,1 ,15 ,21 ,9 ,12 ,0 ,1 ,0.3,0.38
943,795,1170,10 ,0 ,10 ,0 ,0 ,0 ,0 ,0 ,4 ,0 ,0 ,0 ,6 ,0 ,0.66,0.0
944,1130,388,41 ,54 ,24 ,34 ,12 ,0 ,5 ,20 ,24 ,38 ,7 ,13 ,10 ,3 ,0.29,0.42
945,1044,445,6 ,2 ,1 ,0 ,2 ,0 ,3 ,2 ,3 ,2 ,0 ,0 ,3 ,0 ,0.75,0.22
946,579,444,92 ,20 ,47 ,13 ,24 ,6 ,21 ,1 ,64 ,13 ,8 ,7 ,20 ,0 ,0.52,0.25
947,893,570,38 ,16 ,33 ,11 ,3 ,3 ,2 ,2 ,5 ,14 ,4 ,2 ,29 ,0 ,0.65,0.24
948,566,1262,12 ,4 ,8 ,4 ,3 ,0 ,1 ,0 ,6 ,3 ,4 ,0 ,2 ,1 ,0.44,0.16
949,1148,548,24 ,26 ,13 ,15 ,3 ,11 ,8 ,0 ,16 ,9 ,5 ,2 ,3 ,15 ,0.37,0.41
950,633,905,77 ,50 ,31 ,38 ,11 ,9 ,35 ,3 ,56 ,30 ,8 ,13 ,13 ,7 ,0.27,0.36
951,471,437,3 ,1 ,1 ,0 ,0 ,0 ,2 ,1 ,2 ,1 ,0 ,0 ,1 ,0 ,0.37,0.16
952,481,375,53 ,9 ,46 ,4 ,4 ,3 ,3 ,2 ,30 ,9 ,5 ,0 ,18 ,0 ,0.6,0.27
953,394,392,1 ,7 ,0 ,6 ,0 ,1 ,1 ,0 ,1 ,2 ,0 ,0 ,0 ,5 ,0.33,0.46
954,473,393,6 ,18 ,5 ,16 ,1 ,0 ,0 ,2 ,5 ,17 ,1 ,1 ,0 ,0 ,0.27,0.56
955,561,376,19 ,6 ,19 ,2 ,0 ,2 ,0 ,2 ,17 ,6 ,0 ,0 ,2 ,0 ,0.27,0.27
956,1308,1174,4 ,4 ,2 ,2 ,1 ,1 ,1 ,1 ,0 ,0 ,3 ,3 ,1 ,1 ,0.57,0.3
957,461,1150,37 ,51 ,12 ,27 ,9 ,15 ,16 ,9 ,25 ,33 ,11 ,13 ,1 ,5 ,0.44,0.52
958,1353,441,24 ,1 ,23 ,1 ,1 ,0 ,0 ,0 ,0 ,1 ,1 ,0 ,23 ,0 ,0.92,1.0
959,1743,449,69 ,18 ,51 ,13 ,11 ,2 ,7 ,3 ,10 ,14 ,5 ,4 ,54 ,0 ,0.61,0.47
960,747,399,38 ,30 ,17 ,8 ,12 ,2 ,9 ,20 ,12 ,19 ,22 ,10 ,4 ,1 ,0.51,0.56
961,1516,498,13 ,0 ,11 ,0 ,0 ,0 ,2 ,0 ,5 ,0 ,0 ,0 ,8 ,0 ,1.0,0.0
962,1447,386,41 ,12 ,22 ,7 ,16 ,2 ,3 ,3 ,31 ,9 ,4 ,3 ,6 ,0 ,0.7,0.22
963,446,411,47 ,5 ,28 ,2 ,17 ,1 ,2 ,2 ,20 ,5 ,6 ,0 ,21 ,0 ,0.65,0.27
964,1970,434,42 ,34 ,25 ,11 ,16 ,11 ,1 ,12 ,13 ,19 ,26 ,15 ,3 ,0 ,0.41,0.4
965,717,398,23 ,2 ,9 ,0 ,3 ,2 ,11 ,0 ,6 ,0 ,5 ,2 ,12 ,0 ,0.67,0.22
966,1095,377,26 ,11 ,22 ,2 ,4 ,6 ,0 ,3 ,2 ,4 ,8 ,5 ,16 ,2 ,0.59,0.44
967,1571,614,30 ,7 ,26 ,4 ,3 ,0 ,1 ,3 ,2 ,2 ,3 ,2 ,25 ,3 ,0.5,0.46
968,576,447,51 ,33 ,38 ,19 ,6 ,2 ,7 ,12 ,29 ,23 ,10 ,5 ,12 ,5 ,0.51,0.32
969,476,1108,3 ,0 ,3 ,0 ,0 ,0 ,0 ,0 ,2 ,0 ,0 ,0 ,1 ,0 ,1.0,0.0
970,1062,378,45 ,9 ,15 ,3 ,27 ,5 ,3 ,1 ,5 ,1 ,7 ,7 ,33 ,1 ,0.86,0.42
971,1204,682,131 ,37 ,103 ,22 ,13 ,12 ,15 ,3 ,77 ,26 ,5 ,6 ,49 ,5 ,0.57,0.28
972,430,1138,23 ,18 ,11 ,16 ,7 ,1 ,5 ,1 ,6 ,6 ,2 ,2 ,15 ,10 ,0.39,0.47
973,614,379,10 ,1 ,10 ,1 ,0 ,0 ,0 ,0 ,3 ,1 ,1 ,0 ,6 ,0 ,0.55,0.2
974,1356,419,15 ,9 ,11 ,3 ,3 ,1 ,1 ,5 ,8 ,7 ,1 ,2 ,6 ,0 ,0.48,0.42
975,547,1060,61 ,18 ,50 ,13 ,8 ,3 ,3 ,2 ,22 ,12 ,9 ,0 ,30 ,6 ,0.62,0.25
976,1167,1791,12 ,48 ,11 ,11 ,1 ,27 ,0 ,10 ,4 ,20 ,4 ,19 ,4 ,9 ,0.42,0.6
977,1207,743,22 ,1 ,19 ,1 ,3 ,0 ,0 ,0 ,3 ,0 ,17 ,1 ,2 ,0 ,0.61,0.14
978,1098,756,42 ,27 ,42 ,23 ,0 ,2 ,0 ,2 ,24 ,22 ,4 ,4 ,14 ,1 ,0.51,0.42
979,658,758,71 ,13 ,36 ,7 ,10 ,2 ,25 ,4 ,64 ,8 ,4 ,4 ,3 ,1 ,0.52,0.22
980,1264,492,13 ,10 ,9 ,7 ,1 ,1 ,3 ,2 ,13 ,9 ,0 ,1 ,0 ,0 ,0.37,0.2
981,935,546,0 ,0 ,0 ,0 ,0 ,0 ,0 ,0 ,0 ,0 ,0 ,0 ,0 ,0 ,0.0,0.0
982,609,448,0 ,3 ,0 ,3 ,0 ,0 ,0 ,0 ,0 ,0 ,0 ,0 ,0 ,3 ,0.0,0.75
983,588,380,34 ,4 ,29 ,3 ,5 ,0 ,0 ,1 ,0 ,4 ,0 ,0 ,34 ,0 ,0.8,1.0
984,1432,464,23 ,18 ,22 ,10 ,1 ,7 ,0 ,1 ,6 ,14 ,6 ,4 ,11 ,0 ,0.42,0.37
985,463,555,8 ,30 ,3 ,28 ,1 ,0 ,4 ,2 ,7 ,5 ,1 ,1 ,0 ,24 ,0.42,0.41
986,766,424,7 ,7 ,3 ,5 ,3 ,2 ,1 ,0 ,4 ,0 ,2 ,7 ,1 ,0 ,0.7,0.77
987,598,460,24 ,12 ,21 ,7 ,3 ,3 ,0 ,2 ,0 ,3 ,3 ,4 ,21 ,5 ,0.63,0.57
988,718,1781,54 ,43 ,29 ,33 ,8 ,9 ,17 ,1 ,39 ,24 ,15 ,9 ,0 ,10 ,0.6,0.33
989,1976,777,43 ,36 ,19 ,31 ,7 ,2 ,17 ,3 ,17 ,27 ,20 ,9 ,6 ,0 ,0.4,0.33
990,1715,697,40 ,26 ,21 ,20 ,13 ,3 ,6 ,3 ,4 ,4 ,21 ,16 ,15 ,6 ,0.55,0.52
991,417,381,31 ,23 ,14 ,16 ,14 ,1 ,3 ,6 ,3 ,10 ,19 ,6 ,9 ,7 ,0.73,0.41
992,2656,382,15 ,7 ,10 ,5 ,2 ,2 ,3 ,0 ,3 ,5 ,1 ,2 ,11 ,0 ,0.53,0.43
993,687,958,69 ,55 ,35 ,15 ,4 ,18 ,30 ,22 ,66 ,53 ,3 ,2 ,0 ,0 ,0.35,0.19
994,431,383,36 ,12 ,32 ,12 ,4 ,0 ,0 ,0 ,0 ,1 ,16 ,4 ,20 ,7 ,0.67,0.48
995,563,384,13 ,4 ,11 ,4 ,2 ,0 ,0 ,0 ,0 ,3 ,2 ,1 ,11 ,0 ,0.56,0.5
996,647,410,57 ,56 ,24 ,28 ,12 ,14 ,21 ,14 ,53 ,50 ,4 ,4 ,0 ,2 ,0.3,0.52
997,533,540,25 ,3 ,12 ,2 ,3 ,1 ,10 ,0 ,24 ,3 ,0 ,0 ,1 ,0 ,0.39,0.05
998,570,539,102 ,85 ,54 ,42 ,42 ,15 ,6 ,28 ,56 ,48 ,43 ,37 ,3 ,0 ,0.52,0.53
999,651,385,41 ,28 ,37 ,16 ,3 ,8 ,1 ,4 ,28 ,27 ,2 ,1 ,11 ,0 ,0.52,0.34
1000,496,747,50 ,48 ,35 ,27 ,5 ,12 ,10 ,9 ,27 ,35 ,13 ,4 ,10 ,9 ,0.38,0.55
1001,1216,778,70 ,51 ,52 ,22 ,14 ,12 ,4 ,17 ,65 ,43 ,5 ,8 ,0 ,0 ,0.43,0.31
1002,422,1240,65 ,50 ,52 ,37 ,10 ,8 ,3 ,5 ,61 ,28 ,4 ,9 ,0 ,13 ,0.52,0.44
1003,449,444,60 ,40 ,24 ,34 ,1 ,2 ,35 ,4 ,60 ,37 ,0 ,1 ,0 ,2 ,0.49,0.38
1004,935,427,31 ,15 ,26 ,10 ,4 ,5 ,1 ,0 ,7 ,4 ,5 ,4 ,19 ,7 ,0.63,0.62
1005,625,471,30 ,28 ,13 ,7 ,10 ,10 ,7 ,11 ,10 ,16 ,18 ,10 ,2 ,2 ,0.55,0.6
1006,1312,448,0 ,1 ,0 ,1 ,0 ,0 ,0 ,0 ,0 ,1 ,0 ,0 ,0 ,0 ,0.0,0.5
1007,507,579,92 ,74 ,66 ,50 ,11 ,16 ,15 ,8 ,78 ,67 ,14 ,7 ,0 ,0 ,0.36,0.3
1008,1528,1485,7 ,6 ,5 ,1 ,1 ,0 ,1 ,5 ,3 ,5 ,0 ,1 ,4 ,0 ,0.63,1.0
1009,1315,413,22 ,7 ,17 ,3 ,5 ,0 ,0 ,4 ,14 ,5 ,2 ,0 ,6 ,2 ,0.36,0.16
1010,1445,893,80 ,39 ,43 ,25 ,2 ,9 ,35 ,5 ,68 ,34 ,10 ,5 ,2 ,0 ,0.44,0.3
1011,1516,1148,29 ,16 ,11 ,3 ,9 ,2 ,9 ,11 ,21 ,13 ,7 ,1 ,1 ,2 ,0.72,0.32
1012,1791,386,15 ,15 ,7 ,8 ,7 ,5 ,1 ,2 ,5 ,3 ,7 ,2 ,3 ,10 ,0.65,0.68
1013,802,387,21 ,5 ,15 ,5 ,6 ,0 ,0 ,0 ,2 ,5 ,1 ,0 ,18 ,0 ,0.47,0.35
1014,2663,1952,22 ,9 ,13 ,4 ,5 ,0 ,4 ,5 ,9 ,8 ,1 ,1 ,12 ,0 ,0.47,0.5
1015,732,388,98 ,70 ,63 ,46 ,21 ,21 ,14 ,3 ,69 ,56 ,21 ,14 ,8 ,0 ,0.44,0.35
1016,1571,478,2 ,0 ,2 ,0 ,0 ,0 ,0 ,0 ,0 ,0 ,0 ,0 ,2 ,0 ,0.5,0.0
1017,1044,389,12 ,1 ,7 ,1 ,5 ,0 ,0 ,0 ,3 ,0 ,7 ,1 ,2 ,0 ,0.7,0.2
1018,528,1095,10 ,15 ,5 ,6 ,3 ,4 ,2 ,5 ,9 ,11 ,0 ,4 ,1 ,0 ,0.47,0.53
1019,576,566,17 ,6 ,13 ,3 ,3 ,2 ,1 ,1 ,10 ,3 ,2 ,3 ,5 ,0 ,0.45,0.33
1020,1062,557,31 ,11 ,21 ,6 ,6 ,1 ,4 ,4 ,5 ,3 ,12 ,8 ,14 ,0 ,0.73,0.57
1021,445,390,40 ,42 ,29 ,28 ,4 ,11 ,7 ,3 ,24 ,18 ,16 ,22 ,0 ,2 ,0.45,0.42
1022,437,391,8 ,8 ,0 ,4 ,1 ,2 ,7 ,2 ,8 ,7 ,0 ,0 ,0 ,1 ,0.44,0.32
1023,1447,433,42 ,0 ,35 ,0 ,6 ,0 ,1 ,0 ,7 ,0 ,35 ,0 ,0 ,0 ,0.82,0.0
1024,411,392,10 ,36 ,5 ,15 ,2 ,15 ,3 ,6 ,2 ,4 ,5 ,27 ,3 ,5 ,0.55,0.69
1025,414,393,30 ,10 ,15 ,2 ,3 ,6 ,12 ,2 ,12 ,3 ,6 ,6 ,12 ,1 ,0.54,0.34
1026,2656,1526,61 ,20 ,50 ,13 ,9 ,4 ,2 ,3 ,18 ,15 ,19 ,5 ,24 ,0 ,0.44,0.35
1027,561,394,52 ,25 ,39 ,6 ,10 ,12 ,3 ,7 ,44 ,24 ,6 ,1 ,2 ,0 ,0.39,0.4
1028,603,450,15 ,13 ,9 ,5 ,4 ,2 ,2 ,6 ,12 ,12 ,1 ,1 ,2 ,0 ,0.51,0.23
1029,933,484,7 ,1 ,7 ,1 ,0 ,0 ,0 ,0 ,2 ,1 ,0 ,0 ,5 ,0 ,0.87,0.33
1030,893,483,6 ,6 ,6 ,1 ,0 ,2 ,0 ,3 ,5 ,5 ,1 ,1 ,0 ,0 ,0.37,0.35
1031,452,395,15 ,1 ,8 ,1 ,7 ,0 ,0 ,0 ,9 ,1 ,0 ,0 ,6 ,0 ,0.55,0.04
1032,462,965,10 ,21 ,10 ,10 ,0 ,8 ,0 ,3 ,1 ,8 ,1 ,9 ,8 ,4 ,0.31,0.28
1033,1033,823,14 ,10 ,14 ,6 ,0 ,3 ,0 ,1 ,0 ,1 ,2 ,5 ,12 ,4 ,0.63,0.45
1034,578,396,8 ,1 ,8 ,0 ,0 ,0 ,0 ,1 ,5 ,0 ,2 ,1 ,1 ,0 ,0.53,0.5
1035,593,397,19 ,7 ,16 ,2 ,2 ,4 ,1 ,1 ,9 ,1 ,4 ,6 ,6 ,0 ,0.38,0.26
1036,428,432,31 ,12 ,21 ,5 ,5 ,3 ,5 ,4 ,25 ,8 ,3 ,4 ,3 ,0 ,0.49,0.41
1037,463,614,18 ,6 ,17 ,0 ,0 ,1 ,1 ,5 ,4 ,2 ,0 ,4 ,14 ,0 ,0.64,0.46
1038,1150,461,35 ,17 ,15 ,7 ,9 ,1 ,11 ,9 ,23 ,17 ,0 ,0 ,12 ,0 ,0.54,0.37
1039,1109,737,15 ,4 ,9 ,1 ,2 ,3 ,4 ,0 ,12 ,4 ,0 ,0 ,3 ,0 ,0.5,0.2
1040,1045,1139,27 ,20 ,9 ,9 ,4 ,4 ,14 ,7 ,4 ,11 ,6 ,7 ,17 ,2 ,0.6,0.36
1041,773,398,6 ,0 ,1 ,0 ,1 ,0 ,4 ,0 ,6 ,0 ,0 ,0 ,0 ,0 ,0.46,0.0
1042,481,430,79 ,63 ,48 ,31 ,10 ,20 ,21 ,12 ,76 ,62 ,1 ,0 ,2 ,1 ,0.26,0.34
1043,758,399,40 ,34 ,34 ,20 ,5 ,3 ,1 ,11 ,28 ,28 ,4 ,6 ,8 ,0 ,0.34,0.46
1044,451,400,46 ,13 ,34 ,8 ,8 ,5 ,4 ,0 ,4 ,2 ,17 ,8 ,25 ,3 ,0.77,0.56
1045,1336,401,39 ,6 ,32 ,2 ,6 ,0 ,1 ,4 ,16 ,6 ,6 ,0 ,17 ,0 ,0.5,0.15
1046,717,479,34 ,4 ,23 ,0 ,2 ,1 ,9 ,3 ,6 ,1 ,6 ,3 ,22 ,0 ,0.77,0.44
1047,905,700,11 ,7 ,10 ,4 ,0 ,0 ,1 ,3 ,9 ,6 ,0 ,1 ,2 ,0 ,0.55,0.26
1048,1308,609,9 ,3 ,8 ,3 ,1 ,0 ,0 ,0 ,3 ,3 ,0 ,0 ,6 ,0 ,0.47,0.5
1049,1038,951,37 ,10 ,30 ,8 ,2 ,0 ,5 ,2 ,25 ,9 ,2 ,0 ,10 ,1 ,0.36,0.26
1050,1264,633,49 ,50 ,44 ,16 ,1 ,10 ,4 ,24 ,24 ,44 ,0 ,6 ,25 ,0 ,0.47,0.33
1051,1170,402,48 ,48 ,28 ,17 ,2 ,10 ,18 ,21 ,42 ,42 ,6 ,2 ,0 ,4 ,0.25,0.47
1052,503,403,14 ,3 ,11 ,2 ,1 ,0 ,2 ,1 ,5 ,1 ,2 ,2 ,7 ,0 ,0.63,0.27
1053,598,404,22 ,3 ,22 ,2 ,0 ,0 ,0 ,1 ,0 ,2 ,0 ,0 ,22 ,1 ,0.73,0.6
1054,743,405,33 ,8 ,26 ,1 ,6 ,1 ,1 ,6 ,4 ,4 ,6 ,3 ,23 ,1 ,0.63,0.4
1055,793,406,18 ,0 ,14 ,0 ,2 ,0 ,2 ,0 ,2 ,0 ,2 ,0 ,14 ,0 ,0.5,0.0
1056,533,570,59 ,73 ,29 ,34 ,27 ,14 ,3 ,25 ,53 ,58 ,6 ,15 ,0 ,0 ,0.35,0.36
1057,718,453,9 ,26 ,3 ,17 ,2 ,7 ,4 ,2 ,8 ,16 ,1 ,3 ,0 ,7 ,0.32,0.47
1058,756,407,18 ,7 ,17 ,5 ,1 ,1 ,0 ,1 ,5 ,6 ,1 ,0 ,12 ,1 ,0.51,0.19
1059,1756,469,62 ,31 ,34 ,26 ,19 ,4 ,9 ,1 ,39 ,12 ,17 ,7 ,6 ,12 ,0.6,0.44
1060,1098,658,36 ,39 ,18 ,14 ,3 ,22 ,15 ,3 ,21 ,31 ,4 ,8 ,11 ,0 ,0.4,0.4
1061,443,408,24 ,16 ,22 ,10 ,1 ,4 ,1 ,2 ,2 ,4 ,0 ,0 ,22 ,12 ,0.35,0.64
1062,441,409,25 ,46 ,25 ,31 ,0 ,3 ,0 ,12 ,17 ,44 ,5 ,2 ,3 ,0 ,0.29,0.25
1063,999,446,21 ,45 ,13 ,18 ,4 ,19 ,4 ,8 ,10 ,23 ,2 ,6 ,9 ,16 ,0.51,0.54
1064,1060,1108,27 ,26 ,24 ,18 ,3 ,3 ,0 ,5 ,17 ,18 ,1 ,3 ,9 ,5 ,0.42,0.3
1065,682,410,40 ,7 ,15 ,1 ,18 ,3 ,7 ,3 ,11 ,4 ,16 ,2 ,13 ,1 ,0.57,0.35
1066,1976,1715,49 ,49 ,15 ,39 ,4 ,7 ,30 ,3 ,21 ,36 ,19 ,12 ,9 ,1 ,0.49,0.36
1067,519,1167,24 ,19 ,13 ,5 ,1 ,3 ,10 ,11 ,7 ,1 ,15 ,16 ,2 ,2 ,0.51,0.54
1068,1970,653,45 ,37 ,24 ,15 ,16 ,10 ,5 ,12 ,13 ,8 ,22 ,28 ,10 ,1 ,0.72,0.48
1069,1254,759,24 ,2 ,16 ,1 ,4 ,1 ,4 ,0 ,10 ,0 ,2 ,2 ,12 ,0 ,0.6,0.2
1070,1204,1376,92 ,16 ,51 ,8 ,28 ,4 ,13 ,4 ,30 ,8 ,23 ,8 ,39 ,0 ,0.75,0.43
1071,688,411,48 ,22 ,18 ,11 ,24 ,1 ,6 ,10 ,3 ,18 ,17 ,4 ,28 ,0 ,0.59,0.62
1072,786,412,21 ,2 ,21 ,0 ,0 ,2 ,0 ,0 ,1 ,0 ,3 ,2 ,17 ,0 ,0.87,1.0
1073,1262,413,7 ,1 ,5 ,0 ,0 ,1 ,2 ,0 ,2 ,0 ,3 ,1 ,2 ,0 ,0.7,0.11
1074,480,694,12 ,29 ,11 ,26 ,0 ,2 ,1 ,1 ,5 ,6 ,5 ,9 ,2 ,14 ,0.41,0.6
1075,935,456,2 ,2 ,2 ,2 ,0 ,0 ,0 ,0 ,0 ,1 ,1 ,0 ,1 ,1 ,0.33,0.5
1076,547,476,16 ,21 ,10 ,13 ,4 ,1 ,2 ,7 ,12 ,17 ,1 ,1 ,3 ,3 ,0.27,0.27
1077,1150,414,21 ,12 ,10 ,6 ,2 ,2 ,9 ,4 ,12 ,11 ,4 ,1 ,5 ,0 ,0.44,0.52
1078,697,777,46 ,33 ,29 ,23 ,12 ,7 ,5 ,3 ,12 ,20 ,22 ,11 ,12 ,2 ,0.47,0.5
1079,1353,436,88 ,7 ,47 ,5 ,17 ,0 ,24 ,2 ,30 ,4 ,48 ,3 ,10 ,0 ,0.62,0.17
1080,1432,2663,11 ,15 ,10 ,12 ,1 ,2 ,0 ,1 ,2 ,4 ,1 ,2 ,8 ,9 ,0.64,0.4
1081,540,415,71 ,38 ,43 ,31 ,16 ,4 ,12 ,3 ,34 ,26 ,22 ,9 ,15 ,3 ,0.37,0.46
1082,440,416,0 ,0 ,0 ,0 ,0 ,0 ,0 ,0 ,0 ,0 ,0 ,0 ,0 ,0 ,0.0,0.0
1083,1466,417,13 ,9 ,13 ,5 ,0 ,3 ,0 ,1 ,7 ,8 ,0 ,0 ,6 ,1 ,0.48,0.69
1084,1528,1510,12 ,0 ,9 ,0 ,2 ,0 ,1 ,0 ,6 ,0 ,4 ,0 ,2 ,0 ,0.66,0.0
1085,687,418,19 ,0 ,8 ,0 ,1 ,0 ,10 ,0 ,17 ,0 ,0 ,0 ,2 ,0 ,0.44,0.0
1086,833,893,7 ,8 ,4 ,6 ,1 ,0 ,2 ,2 ,7 ,8 ,0 ,0 ,0 ,0 ,0.29,0.27
1087,1571,769,6 ,8 ,5 ,5 ,1 ,1 ,0 ,2 ,5 ,7 ,0 ,0 ,1 ,1 ,0.35,0.33
1088,1207,463,67 ,16 ,37 ,12 ,16 ,1 ,14 ,3 ,38 ,15 ,16 ,0 ,13 ,1 ,0.65,0.21
1089,647,473,5 ,2 ,3 ,2 ,0 ,0 ,2 ,0 ,4 ,2 ,0 ,0 ,1 ,0 ,0.41,0.28
1090,1502,566,91 ,41 ,75 ,34 ,16 ,6 ,0 ,1 ,89 ,35 ,2 ,5 ,0 ,1 ,0.47,0.28
1091,462,732,5 ,4 ,4 ,0 ,1 ,1 ,0 ,3 ,2 ,4 ,0 ,0 ,3 ,0 ,0.41,0.44
1092,747,419,32 ,5 ,11 ,3 ,2 ,0 ,19 ,2 ,32 ,5 ,0 ,0 ,0 ,0 ,0.42,0.17
1093,588,1356,34 ,27 ,16 ,22 ,7 ,3 ,11 ,2 ,9 ,21 ,16 ,6 ,9 ,0 ,0.33,0.41
1094,558,420,10 ,6 ,8 ,4 ,1 ,0 ,1 ,2 ,5 ,3 ,1 ,3 ,4 ,0 ,0.4,0.24
1095,1095,421,12 ,0 ,12 ,0 ,0 ,0 ,0 ,0 ,1 ,0 ,0 ,0 ,11 ,0 ,0.52,0.0
1096,1315,2656,37 ,25 ,25 ,9 ,11 ,7 ,1 ,9 ,28 ,20 ,5 ,5 ,4 ,0 ,0.39,0.25
1097,758,916,23 ,14 ,18 ,11 ,0 ,3 ,5 ,0 ,20 ,10 ,2 ,4 ,1 ,0 ,0.48,0.37
1098,1791,422,24 ,0 ,20 ,0 ,4 ,0 ,0 ,0 ,8 ,0 ,7 ,0 ,9 ,0 ,0.77,0.0
1099,563,1044,4 ,5 ,4 ,5 ,0 ,0 ,0 ,0 ,2 ,3 ,0 ,1 ,2 ,1 ,0.4,0.62
1100,905,496,56 ,64 ,44 ,32 ,4 ,12 ,8 ,20 ,43 ,53 ,9 ,11 ,4 ,0 ,0.37,0.34
1101,650,423,16 ,1 ,11 ,1 ,3 ,0 ,2 ,0 ,3 ,1 ,2 ,0 ,11 ,0 ,0.59,0.25
1102,546,424,7 ,4 ,5 ,4 ,1 ,0 ,1 ,0 ,4 ,3 ,3 ,1 ,0 ,0 ,0.46,0.33
1103,599,425,29 ,35 ,13 ,11 ,10 ,14 ,6 ,10 ,7 ,10 ,17 ,19 ,5 ,6 ,0.6,0.5
1104,561,786,9 ,19 ,6 ,14 ,2 ,4 ,1 ,1 ,7 ,8 ,2 ,0 ,0 ,11 ,0.23,0.51
1105,455,426,13 ,0 ,13 ,0 ,0 ,0 ,0 ,0 ,0 ,0 ,0 ,0 ,13 ,0 ,0.65,0.0
1106,548,427,41 ,25 ,32 ,3 ,9 ,13 ,0 ,9 ,25 ,11 ,5 ,14 ,11 ,0 ,0.61,0.64
1107,1262,2663,7 ,23 ,5 ,8 ,1 ,9 ,1 ,6 ,3 ,5 ,2 ,14 ,2 ,4 ,0.35,0.57
1108,1130,428,3 ,1 ,1 ,0 ,2 ,1 ,0 ,0 ,2 ,1 ,1 ,0 ,0 ,0 ,0.18,0.33
1109,579,1952,69 ,26 ,40 ,18 ,14 ,4 ,15 ,4 ,56 ,23 ,4 ,3 ,9 ,0 ,0.32,0.19
1110,1109,429,24 ,9 ,17 ,6 ,1 ,0 ,6 ,3 ,9 ,8 ,1 ,0 ,14 ,1 ,0.42,0.2
1111,743,1580,26 ,35 ,20 ,20 ,6 ,13 ,0 ,2 ,8 ,21 ,7 ,6 ,11 ,8 ,0.42,0.4
1112,578,737,44 ,34 ,23 ,21 ,6 ,10 ,15 ,3 ,44 ,25 ,0 ,0 ,0 ,9 ,0.26,0.22
1113,724,430,34 ,31 ,24 ,27 ,5 ,1 ,5 ,3 ,15 ,13 ,13 ,1 ,6 ,17 ,0.44,0.41
1114,802,431,20 ,4 ,17 ,0 ,2 ,1 ,1 ,3 ,0 ,1 ,4 ,3 ,16 ,0 ,0.46,0.8
1115,1781,491,71 ,6 ,25 ,4 ,46 ,2 ,0 ,0 ,0 ,5 ,18 ,1 ,53 ,0 ,0.84,0.37
1116,478,614,16 ,1 ,15 ,0 ,1 ,0 ,0 ,1 ,0 ,0 ,1 ,1 ,15 ,0 ,0.47,1.0
1117,453,435,31 ,23 ,25 ,8 ,6 ,12 ,0 ,3 ,9 ,18 ,3 ,4 ,19 ,1 ,0.47,0.43
1118,651,603,87 ,69 ,66 ,37 ,19 ,16 ,2 ,16 ,82 ,68 ,5 ,1 ,0 ,0 ,0.39,0.36
1119,717,451,53 ,9 ,24 ,1 ,9 ,2 ,20 ,6 ,16 ,9 ,13 ,0 ,24 ,0 ,0.63,0.45
1120,593,699,3 ,8 ,0 ,4 ,2 ,1 ,1 ,3 ,3 ,4 ,0 ,4 ,0 ,0 ,0.27,0.44
1121,1756,492,24 ,8 ,14 ,8 ,2 ,0 ,8 ,0 ,13 ,7 ,4 ,1 ,7 ,0 ,0.75,0.21
1122,958,1526,62 ,46 ,31 ,30 ,22 ,6 ,9 ,10 ,52 ,41 ,6 ,2 ,4 ,3 ,0.33,0.44
1123,1516,1312,94 ,10 ,35 ,3 ,8 ,1 ,51 ,6 ,66 ,10 ,4 ,0 ,24 ,0 ,0.67,0.18
1124,965,432,62 ,50 ,47 ,10 ,7 ,5 ,8 ,35 ,57 ,48 ,3 ,1 ,2 ,1 ,0.27,0.47
1125,483,433,4 ,2 ,0 ,0 ,4 ,2 ,0 ,0 ,0 ,1 ,4 ,1 ,0 ,0 ,0.66,0.4
1126,593,434,18 ,17 ,15 ,3 ,0 ,8 ,3 ,6 ,14 ,13 ,2 ,4 ,2 ,0 ,0.36,0.51
1127,464,1139,7 ,3 ,4 ,1 ,3 ,1 ,0 ,1 ,3 ,2 ,1 ,1 ,3 ,0 ,0.63,0.27
1128,537,773,0 ,3 ,0 ,3 ,0 ,0 ,0 ,0 ,0 ,3 ,0 ,0 ,0 ,0 ,0.0,0.27
1129,455,1244,4 ,1 ,2 ,1 ,2 ,0 ,0 ,0 ,0 ,0 ,0 ,1 ,4 ,0 ,0.4,0.25
1130,1743,507,74 ,27 ,44 ,22 ,22 ,3 ,8 ,2 ,68 ,25 ,6 ,2 ,0 ,0 ,0.38,0.13
1131,769,935,36 ,9 ,26 ,6 ,2 ,2 ,8 ,1 ,8 ,6 ,0 ,3 ,28 ,0 ,0.59,0.42
1132,448,435,8 ,0 ,8 ,0 ,0 ,0 ,0 ,0 ,2 ,0 ,3 ,0 ,3 ,0 ,0.66,0.0
1133,575,508,34 ,14 ,14 ,9 ,18 ,3 ,2 ,2 ,11 ,10 ,5 ,1 ,18 ,3 ,0.58,0.34
1134,1254,1264,28 ,4 ,17 ,2 ,5 ,1 ,6 ,1 ,24 ,4 ,2 ,0 ,2 ,0 ,0.6,0.16
1135,793,1076,31 ,21 ,9 ,9 ,12 ,11 ,10 ,1 ,14 ,11 ,14 ,5 ,3 ,5 ,0.36,0.31
1136,1510,436,4 ,16 ,1 ,14 ,3 ,2 ,0 ,0 ,3 ,0 ,1 ,0 ,0 ,16 ,0.66,0.26
1137,540,452,32 ,14 ,27 ,6 ,2 ,6 ,3 ,2 ,2 ,10 ,0 ,2 ,30 ,2 ,0.43,0.5
1138,539,1484,46 ,18 ,16 ,5 ,1 ,4 ,29 ,9 ,42 ,17 ,1 ,1 ,3 ,0 ,0.45,0.46
1139,1170,437,8 ,5 ,4 ,1 ,0 ,0 ,4 ,4 ,6 ,5 ,0 ,0 ,2 ,0 ,0.34,0.31
1140,687,467,27 ,23 ,13 ,18 ,4 ,3 ,10 ,2 ,16 ,9 ,11 ,7 ,0 ,7 ,0.54,0.34
1141,647,533,28 ,19 ,14 ,11 ,7 ,4 ,7 ,4 ,12 ,12 ,10 ,3 ,6 ,4 ,0.45,0.46
1142,625,475,62 ,24 ,12 ,12 ,41 ,3 ,9 ,9 ,10 ,7 ,40 ,9 ,12 ,8 ,0.72,0.51
1143,933,1447,10 ,17 ,8 ,1 ,2 ,11 ,0 ,5 ,4 ,5 ,4 ,12 ,2 ,0 ,0.28,0.54
1144,900,479,16 ,7 ,15 ,2 ,1 ,0 ,0 ,5 ,11 ,7 ,3 ,0 ,2 ,0 ,0.45,0.28
1145,1353,717,29 ,21 ,23 ,11 ,6 ,8 ,0 ,2 ,2 ,8 ,1 ,9 ,26 ,4 ,0.54,0.61
1146,658,700,52 ,38 ,32 ,26 ,13 ,4 ,7 ,8 ,45 ,28 ,4 ,8 ,3 ,2 ,0.34,0.27
1147,454,438,14 ,24 ,4 ,18 ,3 ,6 ,7 ,0 ,13 ,24 ,1 ,0 ,0 ,0 ,0.38,0.38
1148,517,439,14 ,8 ,3 ,1 ,3 ,3 ,8 ,4 ,1 ,2 ,13 ,6 ,0 ,0 ,0.46,0.36
1149,503,440,27 ,3 ,26 ,3 ,0 ,0 ,1 ,0 ,6 ,3 ,9 ,0 ,12 ,0 ,0.44,0.5
1150,481,1008,66 ,39 ,36 ,29 ,11 ,7 ,19 ,3 ,63 ,36 ,3 ,3 ,0 ,0 ,0.4,0.21
1151,795,1262,13 ,14 ,4 ,8 ,4 ,3 ,5 ,3 ,9 ,5 ,4 ,5 ,0 ,4 ,0.26,0.28
1152,566,1715,27 ,6 ,5 ,4 ,4 ,0 ,18 ,2 ,2 ,4 ,5 ,1 ,20 ,1 ,0.57,0.2
1153,1361,567,74 ,46 ,37 ,21 ,27 ,15 ,10 ,10 ,23 ,6 ,51 ,40 ,0 ,0 ,0.57,0.53
1154,570,461,101 ,69 ,65 ,36 ,36 ,18 ,0 ,15 ,93 ,59 ,8 ,9 ,0 ,1 ,0.4,0.35
1155,512,645,17 ,13 ,11 ,11 ,2 ,1 ,4 ,1 ,6 ,3 ,9 ,4 ,2 ,6 ,0.58,0.61
1156,1502,1976,68 ,29 ,63 ,20 ,3 ,3 ,2 ,6 ,44 ,17 ,7 ,2 ,17 ,10 ,0.47,0.3
1157,471,694,1 ,4 ,1 ,0 ,0 ,0 ,0 ,4 ,0 ,1 ,0 ,3 ,1 ,0 ,0.1,0.5
1158,1033,1308,0 ,1 ,0 ,1 ,0 ,0 ,0 ,0 ,0 ,1 ,0 ,0 ,0 ,0 ,0.0,0.2
1159,1167,724,29 ,22 ,25 ,7 ,3 ,12 ,1 ,3 ,5 ,8 ,4 ,11 ,20 ,3 ,0.49,0.5
1160,1970,441,25 ,11 ,11 ,11 ,6 ,0 ,8 ,0 ,24 ,11 ,1 ,0 ,0 ,0 ,0.28,0.16
1161,2656,777,37 ,20 ,24 ,13 ,5 ,7 ,8 ,0 ,15 ,11 ,4 ,2 ,18 ,7 ,0.4,0.35
1162,469,653,20 ,26 ,18 ,23 ,2 ,3 ,0 ,0 ,4 ,2 ,0 ,4 ,16 ,20 ,0.55,0.43
1163,995,718,55 ,76 ,50 ,39 ,2 ,11 ,3 ,26 ,48 ,67 ,1 ,7 ,6 ,2 ,0.35,0.48
1164,1098,1216,29 ,22 ,17 ,16 ,7 ,2 ,5 ,4 ,20 ,20 ,8 ,2 ,1 ,0 ,0.29,0.2
1165,1204,1445,59 ,30 ,35 ,14 ,9 ,4 ,15 ,12 ,44 ,19 ,1 ,4 ,14 ,7 ,0.46,0.18
1166,1062,1038,47 ,4 ,41 ,2 ,4 ,1 ,2 ,1 ,3 ,1 ,0 ,3 ,44 ,0 ,0.92,0.33
1167,682,833,15 ,5 ,9 ,3 ,2 ,1 ,4 ,1 ,4 ,2 ,3 ,2 ,8 ,1 ,0.44,0.45
1168,490,442,37 ,43 ,24 ,18 ,11 ,12 ,2 ,13 ,24 ,30 ,5 ,4 ,8 ,9 ,0.32,0.37
1169,763,965,14 ,5 ,10 ,2 ,4 ,2 ,0 ,1 ,11 ,5 ,1 ,0 ,2 ,0 ,0.42,0.1
1170,688,443,47 ,5 ,29 ,4 ,14 ,1 ,4 ,0 ,2 ,1 ,9 ,3 ,36 ,1 ,0.7,0.17
1171,766,1312,24 ,22 ,18 ,15 ,6 ,1 ,0 ,6 ,22 ,14 ,0 ,0 ,2 ,8 ,0.28,0.21
1172,999,1095,19 ,11 ,5 ,8 ,5 ,2 ,9 ,1 ,8 ,5 ,0 ,3 ,11 ,3 ,0.51,0.23
1173,547,697,21 ,24 ,17 ,20 ,4 ,2 ,0 ,2 ,10 ,8 ,0 ,6 ,11 ,10 ,0.43,0.5
1174,548,558,38 ,25 ,23 ,13 ,10 ,8 ,5 ,4 ,12 ,4 ,4 ,14 ,22 ,7 ,0.61,0.4
1175,1203,837,7 ,2 ,7 ,1 ,0 ,0 ,0 ,1 ,2 ,2 ,5 ,0 ,0 ,0 ,0.46,0.22
1176,732,462,50 ,28 ,28 ,13 ,18 ,14 ,4 ,1 ,16 ,15 ,24 ,13 ,10 ,0 ,0.4,0.37
1177,1516,633,13 ,3 ,12 ,1 ,1 ,0 ,0 ,2 ,7 ,3 ,1 ,0 ,5 ,0 ,0.52,0.07
1178,1376,576,57 ,19 ,32 ,7 ,16 ,7 ,9 ,5 ,13 ,9 ,29 ,8 ,15 ,2 ,0.6,0.32
1179,1466,444,58 ,27 ,52 ,24 ,2 ,1 ,4 ,2 ,51 ,22 ,2 ,3 ,5 ,2 ,0.36,0.26
1180,916,786,53 ,38 ,34 ,21 ,11 ,14 ,8 ,3 ,19 ,14 ,21 ,11 ,13 ,13 ,0.51,0.46
1181,1412,537,4 ,0 ,4 ,0 ,0 ,0 ,0 ,0 ,1 ,0 ,0 ,0 ,3 ,0 ,0.8,0.0
1182,677,445,21 ,11 ,17 ,9 ,4 ,0 ,0 ,2 ,2 ,5 ,0 ,6 ,19 ,0 ,0.58,0.18
1183,1044,543,22 ,0 ,20 ,0 ,1 ,0 ,1 ,0 ,2 ,0 ,0 ,0 ,20 ,0 ,0.81,0.0
1184,650,1781,25 ,7 ,21 ,5 ,2 ,2 ,2 ,0 ,8 ,3 ,3 ,3 ,14 ,1 ,0.5,0.21
1185,747,593,62 ,41 ,16 ,18 ,10 ,8 ,36 ,15 ,35 ,20 ,26 ,21 ,1 ,0 ,0.46,0.32
1186,1207,1571,1 ,0 ,1 ,0 ,0 ,0 ,0 ,0 ,1 ,0 ,0 ,0 ,0 ,0 ,1.0,0.0
1187,456,778,21 ,14 ,16 ,6 ,0 ,0 ,5 ,8 ,11 ,12 ,1 ,0 ,9 ,2 ,0.5,0.32
1188,759,496,5 ,3 ,4 ,1 ,0 ,1 ,1 ,1 ,2 ,3 ,0 ,0 ,3 ,0 ,0.62,0.17
1189,951,557,27 ,42 ,21 ,40 ,4 ,0 ,2 ,2 ,25 ,25 ,1 ,10 ,1 ,7 ,0.28,0.4
1190,555,497,9 ,7 ,7 ,6 ,1 ,1 ,1 ,0 ,4 ,7 ,0 ,0 ,5 ,0 ,0.52,0.36
1191,1001,455,27 ,11 ,1 ,7 ,10 ,4 ,16 ,0 ,1 ,6 ,9 ,5 ,17 ,0 ,0.5,0.33
1192,2663,467,28 ,9 ,22 ,5 ,1 ,1 ,5 ,3 ,13 ,9 ,9 ,0 ,6 ,0 ,0.56,0.18
1193,1308,465,32 ,19 ,20 ,14 ,12 ,5 ,0 ,0 ,6 ,13 ,7 ,3 ,19 ,3 ,0.58,0.43
1194,1244,446,12 ,19 ,8 ,9 ,1 ,7 ,3 ,3 ,5 ,11 ,0 ,8 ,7 ,0 ,0.29,0.34
1195,699,603,44 ,35 ,16 ,16 ,11 ,14 ,17 ,5 ,41 ,34 ,3 ,1 ,0 ,0 ,0.24,0.22
1196,478,561,53 ,40 ,37 ,31 ,6 ,7 ,10 ,2 ,37 ,38 ,1 ,0 ,15 ,2 ,0.4,0.24
1197,1580,1300,27 ,28 ,21 ,23 ,5 ,3 ,1 ,2 ,4 ,11 ,4 ,5 ,19 ,12 ,0.38,0.47
1198,1315,447,23 ,40 ,19 ,22 ,4 ,5 ,0 ,13 ,19 ,31 ,3 ,8 ,1 ,1 ,0.29,0.24
1199,1715,795,21 ,11 ,13 ,5 ,4 ,5 ,4 ,1 ,15 ,8 ,6 ,3 ,0 ,0 ,0.28,0.26
1200,1952,476,52 ,27 ,21 ,16 ,3 ,1 ,28 ,10 ,43 ,23 ,4 ,3 ,5 ,1 ,0.31,0.15
1201,678,1043,44 ,17 ,38 ,11 ,3 ,2 ,3 ,4 ,32 ,13 ,3 ,3 ,9 ,1 ,0.41,0.26
1202,578,588,29 ,27 ,24 ,17 ,3 ,2 ,2 ,8 ,27 ,19 ,2 ,8 ,0 ,0 ,0.24,0.25
1203,1076,520,18 ,6 ,13 ,4 ,4 ,2 ,1 ,0 ,9 ,5 ,2 ,1 ,7 ,0 ,0.3,0.12
1204,1537,788,67 ,29 ,35 ,24 ,24 ,3 ,8 ,2 ,36 ,18 ,13 ,7 ,18 ,4 ,0.49,0.26
1205,2656,506,30 ,6 ,23 ,4 ,0 ,2 ,7 ,0 ,18 ,6 ,1 ,0 ,11 ,0 ,0.34,0.12
1206,503,448,31 ,17 ,24 ,12 ,0 ,2 ,7 ,3 ,22 ,16 ,6 ,1 ,3 ,0 ,0.42,0.36
1207,1045,1130,10 ,6 ,8 ,3 ,0 ,2 ,2 ,1 ,8 ,6 ,0 ,0 ,2 ,0 ,0.31,0.11
1208,579,449,67 ,11 ,38 ,5 ,7 ,1 ,22 ,5 ,52 ,10 ,2 ,1 ,13 ,0 ,0.44,0.15
1209,893,468,9 ,1 ,8 ,1 ,1 ,0 ,0 ,0 ,3 ,1 ,0 ,0 ,6 ,0 ,0.52,0.11
1210,486,743,27 ,12 ,25 ,9 ,2 ,3 ,0 ,0 ,19 ,8 ,8 ,4 ,0 ,0 ,0.42,0.34
1211,1528,900,70 ,22 ,28 ,13 ,39 ,5 ,3 ,4 ,54 ,18 ,16 ,4 ,0 ,0 ,0.44,0.44
1212,1255,658,9 ,4 ,7 ,0 ,0 ,2 ,2 ,2 ,5 ,4 ,0 ,0 ,4 ,0 ,0.4,0.21
1213,1510,470,12 ,8 ,7 ,4 ,0 ,4 ,5 ,0 ,5 ,1 ,0 ,2 ,7 ,5 ,0.75,0.34
1214,823,450,25 ,31 ,8 ,13 ,6 ,7 ,11 ,11 ,17 ,26 ,5 ,5 ,3 ,0 ,0.25,0.39
1215,599,546,66 ,23 ,53 ,13 ,13 ,8 ,0 ,2 ,15 ,5 ,23 ,17 ,28 ,1 ,0.48,0.42
1216,769,1336,91 ,25 ,38 ,23 ,6 ,1 ,47 ,1 ,64 ,25 ,25 ,0 ,2 ,0 ,0.32,0.16
1217,773,451,29 ,29 ,23 ,6 ,3 ,2 ,3 ,21 ,26 ,29 ,0 ,0 ,3 ,0 ,0.45,0.4
1218,1109,598,52 ,25 ,46 ,23 ,1 ,1 ,5 ,1 ,33 ,23 ,5 ,2 ,14 ,0 ,0.31,0.21
1219,1150,483,10 ,0 ,9 ,0 ,1 ,0 ,0 ,0 ,5 ,0 ,5 ,0 ,0 ,0 ,0.5,0.0
1220,566,625,28 ,14 ,28 ,3 ,0 ,4 ,0 ,7 ,3 ,13 ,1 ,1 ,24 ,0 ,0.52,0.31
1221,1262,697,22 ,24 ,21 ,12 ,1 ,5 ,0 ,7 ,19 ,22 ,2 ,1 ,1 ,1 ,0.18,0.24
1222,1353,1623,62 ,3 ,56 ,3 ,3 ,0 ,3 ,0 ,10 ,3 ,0 ,0 ,52 ,0 ,0.65,0.14
1223,1254,1756,35 ,80 ,11 ,15 ,21 ,16 ,3 ,49 ,25 ,48 ,10 ,32 ,0 ,0 ,0.32,0.54
1224,567,452,14 ,11 ,8 ,5 ,2 ,5 ,4 ,1 ,10 ,6 ,2 ,5 ,2 ,0 ,0.5,0.24
1225,1697,744,6 ,6 ,6 ,3 ,0 ,0 ,0 ,3 ,2 ,6 ,0 ,0 ,4 ,0 ,0.26,0.35
1226,1170,540,38 ,12 ,28 ,9 ,4 ,2 ,6 ,1 ,32 ,7 ,4 ,5 ,2 ,0 ,0.23,0.14
1227,517,688,46 ,28 ,35 ,11 ,6 ,5 ,5 ,12 ,13 ,13 ,4 ,10 ,29 ,5 ,0.45,0.51
1228,687,471,17 ,11 ,5 ,4 ,0 ,1 ,12 ,6 ,15 ,10 ,2 ,0 ,0 ,1 ,0.29,0.26
1229,793,539,80 ,5 ,59 ,1 ,19 ,1 ,2 ,3 ,4 ,3 ,1 ,2 ,75 ,0 ,0.54,0.26
1230,1361,732,59 ,15 ,38 ,6 ,17 ,7 ,4 ,2 ,32 ,8 ,27 ,7 ,0 ,0 ,0.48,0.2
1231,1791,512,45 ,19 ,36 ,13 ,8 ,1 ,1 ,5 ,20 ,16 ,6 ,3 ,19 ,0 ,0.6,0.35
1232,1216,453,29 ,11 ,24 ,8 ,3 ,2 ,2 ,1 ,12 ,6 ,2 ,0 ,15 ,5 ,0.34,0.2
1233,647,933,55 ,38 ,21 ,17 ,22 ,15 ,12 ,6 ,15 ,17 ,36 ,21 ,4 ,0 ,0.49,0.38
1234,557,747,39 ,27 ,19 ,10 ,9 ,10 ,11 ,7 ,6 ,15 ,33 ,10 ,0 ,2 ,0.53,0.52
1235,763,454,33 ,25 ,29 ,18 ,3 ,3 ,1 ,4 ,18 ,20 ,0 ,3 ,15 ,2 ,0.27,0.36
1236,475,842,28 ,22 ,11 ,17 ,2 ,5 ,15 ,0 ,12 ,12 ,4 ,9 ,12 ,1 ,0.47,0.3
1237,520,455,28 ,6 ,22 ,5 ,3 ,1 ,3 ,0 ,7 ,2 ,2 ,3 ,19 ,1 ,0.44,0.42
1238,558,456,3 ,5 ,1 ,2 ,2 ,2 ,0 ,1 ,0 ,0 ,2 ,4 ,1 ,1 ,0.37,0.41
1239,1447,533,22 ,8 ,9 ,3 ,12 ,2 ,1 ,3 ,4 ,3 ,17 ,5 ,1 ,0 ,0.56,0.33
1240,837,532,134 ,51 ,53 ,40 ,52 ,11 ,29 ,0 ,70 ,21 ,64 ,30 ,0 ,0 ,0.6,0.36
1241,1486,651,14 ,3 ,11 ,1 ,0 ,0 ,3 ,2 ,14 ,3 ,0 ,0 ,0 ,0 ,0.5,0.21
1242,833,680,34 ,16 ,21 ,11 ,9 ,2 ,4 ,3 ,11 ,2 ,8 ,6 ,15 ,8 ,0.44,0.42
1243,893,1150,19 ,16 ,15 ,9 ,2 ,0 ,2 ,7 ,10 ,15 ,0 ,0 ,9 ,1 ,0.35,0.22
1244,633,632,70 ,24 ,44 ,21 ,11 ,2 ,15 ,1 ,62 ,11 ,5 ,1 ,3 ,12 ,0.33,0.32
1245,802,488,6 ,3 ,1 ,0 ,4 ,0 ,1 ,3 ,1 ,3 ,5 ,0 ,0 ,0 ,0.37,0.15
1246,999,592,14 ,8 ,7 ,2 ,4 ,6 ,3 ,0 ,7 ,1 ,0 ,1 ,7 ,6 ,0.63,0.33
1247,699,499,36 ,15 ,15 ,9 ,6 ,6 ,15 ,0 ,11 ,6 ,19 ,5 ,6 ,4 ,0.53,0.42
1248,553,457,26 ,17 ,20 ,5 ,6 ,9 ,0 ,3 ,23 ,12 ,3 ,5 ,0 ,0 ,0.26,0.1
1249,509,458,58 ,16 ,40 ,13 ,14 ,2 ,4 ,1 ,17 ,6 ,10 ,7 ,31 ,3 ,0.61,0.33
1250,1014,459,14 ,10 ,6 ,6 ,4 ,1 ,4 ,3 ,5 ,6 ,6 ,4 ,3 ,0 ,0.41,0.52
1251,1743,480,25 ,7 ,19 ,5 ,5 ,2 ,1 ,0 ,11 ,5 ,2 ,2 ,12 ,0 ,0.4,0.16
1252,485,460,27 ,43 ,23 ,11 ,4 ,0 ,0 ,32 ,12 ,40 ,4 ,1 ,11 ,2 ,0.4,0.54
1253,758,1970,5 ,44 ,2 ,33 ,0 ,7 ,3 ,4 ,5 ,9 ,0 ,2 ,0 ,33 ,0.29,0.5
1254,1154,857,8 ,12 ,8 ,12 ,0 ,0 ,0 ,0 ,7 ,9 ,0 ,3 ,1 ,0 ,0.22,0.25
1255,724,461,28 ,14 ,10 ,11 ,8 ,0 ,10 ,3 ,14 ,3 ,8 ,3 ,6 ,8 ,0.7,0.37
1256,645,1008,10 ,17 ,6 ,15 ,3 ,1 ,1 ,1 ,8 ,6 ,2 ,3 ,0 ,8 ,0.27,0.35
1257,756,474,6 ,8 ,5 ,8 ,1 ,0 ,0 ,0 ,2 ,0 ,0 ,0 ,4 ,8 ,0.42,0.29
1258,1203,623,49 ,16 ,36 ,6 ,6 ,6 ,7 ,4 ,10 ,6 ,30 ,10 ,9 ,0 ,0.59,0.61
1259,1526,462,55 ,20 ,39 ,12 ,6 ,5 ,10 ,3 ,23 ,18 ,15 ,1 ,17 ,1 ,0.42,0.23
1260,718,463,21 ,29 ,19 ,28 ,2 ,0 ,0 ,1 ,17 ,29 ,2 ,0 ,2 ,0 ,0.37,0.32
1261,1510,472,54 ,37 ,23 ,28 ,10 ,9 ,21 ,0 ,40 ,24 ,12 ,7 ,2 ,6 ,0.46,0.41
1262,576,1976,22 ,13 ,20 ,7 ,2 ,0 ,0 ,6 ,15 ,9 ,5 ,2 ,2 ,2 ,0.28,0.18
1263,682,1001,55 ,54 ,37 ,34 ,12 ,12 ,6 ,8 ,40 ,26 ,13 ,28 ,2 ,0 ,0.33,0.31
1264,1038,717,2 ,0 ,2 ,0 ,0 ,0 ,0 ,0 ,1 ,0 ,0 ,0 ,1 ,0 ,0.4,0.0
1265,1376,1502,70 ,8 ,66 ,7 ,2 ,1 ,2 ,0 ,34 ,6 ,27 ,2 ,9 ,0 ,0.53,0.07
1266,788,504,21 ,1 ,18 ,1 ,0 ,0 ,3 ,0 ,3 ,0 ,0 ,0 ,18 ,1 ,0.46,0.03
1267,1300,1244,15 ,5 ,13 ,3 ,2 ,1 ,0 ,1 ,2 ,2 ,3 ,2 ,10 ,1 ,0.38,0.62
1268,916,555,16 ,9 ,8 ,5 ,8 ,1 ,0 ,3 ,0 ,7 ,0 ,2 ,16 ,0 ,0.57,0.56
1269,1130,489,15 ,10 ,12 ,8 ,2 ,2 ,1 ,0 ,5 ,6 ,10 ,4 ,0 ,0 ,0.44,0.41
1270,743,680,14 ,13 ,14 ,12 ,0 ,1 ,0 ,0 ,7 ,11 ,0 ,2 ,7 ,0 ,0.41,0.36
1271,1528,513,14 ,3 ,9 ,3 ,4 ,0 ,1 ,0 ,10 ,3 ,0 ,0 ,4 ,0 ,0.42,0.16
1272,2656,646,6 ,2 ,3 ,2 ,1 ,0 ,2 ,0 ,5 ,2 ,0 ,0 ,1 ,0 ,0.26,0.07
1273,958,1432,94 ,26 ,60 ,23 ,19 ,1 ,15 ,2 ,84 ,17 ,8 ,4 ,2 ,5 ,0.35,0.32
1274,486,528,8 ,4 ,4 ,1 ,0 ,3 ,4 ,0 ,5 ,4 ,0 ,0 ,3 ,0 ,0.4,0.36
1275,1264,759,12 ,31 ,11 ,15 ,1 ,10 ,0 ,6 ,6 ,20 ,5 ,11 ,1 ,0 ,0.18,0.36
1276,786,487,32 ,32 ,15 ,18 ,9 ,14 ,8 ,0 ,19 ,14 ,12 ,18 ,1 ,0 ,0.31,0.2
1277,522,500,21 ,7 ,19 ,7 ,1 ,0 ,1 ,0 ,13 ,7 ,1 ,0 ,7 ,0 ,0.25,0.09
1278,1952,464,42 ,21 ,37 ,4 ,1 ,9 ,4 ,8 ,15 ,19 ,2 ,2 ,25 ,0 ,0.37,0.39
1279,1053,536,8 ,6 ,7 ,2 ,1 ,3 ,0 ,1 ,5 ,3 ,1 ,0 ,2 ,3 ,0.42,0.33
1280,1060,1537,55 ,71 ,38 ,36 ,11 ,18 ,6 ,17 ,46 ,60 ,9 ,9 ,0 ,2 ,0.37,0.34
1281,1076,490,47 ,22 ,31 ,13 ,12 ,7 ,4 ,2 ,36 ,21 ,7 ,1 ,4 ,0 ,0.27,0.17
1282,778,465,60 ,15 ,48 ,13 ,5 ,2 ,7 ,0 ,9 ,11 ,7 ,4 ,44 ,0 ,0.6,0.27
1283,837,481,87 ,37 ,40 ,19 ,29 ,7 ,18 ,11 ,57 ,31 ,12 ,6 ,18 ,0 ,0.53,0.24
1284,650,1033,36 ,52 ,22 ,50 ,12 ,2 ,2 ,0 ,14 ,22 ,19 ,30 ,3 ,0 ,0.33,0.4
1285,1466,1045,22 ,26 ,19 ,20 ,3 ,3 ,0 ,3 ,10 ,20 ,0 ,5 ,12 ,1 ,0.27,0.35
1286,1315,1715,41 ,70 ,29 ,49 ,11 ,9 ,1 ,12 ,34 ,67 ,7 ,3 ,0 ,0 ,0.28,0.27
1287,757,466,22 ,15 ,22 ,12 ,0 ,3 ,0 ,0 ,10 ,9 ,1 ,5 ,11 ,1 ,0.44,0.32
1288,543,537,24 ,34 ,13 ,24 ,2 ,8 ,9 ,2 ,17 ,10 ,7 ,14 ,0 ,10 ,0.37,0.48
1289,874,699,48 ,5 ,26 ,0 ,21 ,2 ,1 ,3 ,5 ,4 ,4 ,1 ,39 ,0 ,0.46,0.18
1290,476,1139,26 ,19 ,9 ,7 ,8 ,8 ,9 ,4 ,8 ,12 ,7 ,7 ,11 ,0 ,0.49,0.39
1291,795,477,34 ,6 ,23 ,6 ,6 ,0 ,5 ,0 ,24 ,5 ,2 ,1 ,8 ,0 ,0.41,0.12
1292,777,467,62 ,30 ,45 ,24 ,9 ,2 ,8 ,4 ,45 ,20 ,4 ,7 ,13 ,3 ,0.49,0.23
1293,508,468,12 ,6 ,7 ,6 ,3 ,0 ,2 ,0 ,8 ,6 ,0 ,0 ,4 ,0 ,0.33,0.28
1294,1571,935,30 ,20 ,22 ,6 ,6 ,5 ,2 ,9 ,20 ,15 ,8 ,2 ,2 ,3 ,0.38,0.21
1295,833,933,9 ,7 ,5 ,3 ,1 ,0 ,3 ,4 ,9 ,7 ,0 ,0 ,0 ,0 ,0.36,0.11
1296,769,1207,39 ,11 ,31 ,7 ,2 ,4 ,6 ,0 ,6 ,6 ,4 ,1 ,29 ,4 ,0.69,0.45
1297,557,469,44 ,10 ,41 ,8 ,2 ,1 ,1 ,1 ,20 ,9 ,16 ,1 ,8 ,0 ,0.65,0.47
1298,1037,1043,22 ,25 ,15 ,24 ,4 ,1 ,3 ,0 ,7 ,10 ,6 ,10 ,9 ,5 ,0.42,0.46
1299,1308,518,25 ,20 ,12 ,7 ,12 ,10 ,1 ,3 ,9 ,17 ,7 ,1 ,9 ,2 ,0.34,0.4
1300,570,520,2 ,5 ,2 ,5 ,0 ,0 ,0 ,0 ,2 ,4 ,0 ,0 ,0 ,1 ,0.14,0.22
1301,593,653,48 ,36 ,37 ,19 ,4 ,10 ,7 ,7 ,37 ,19 ,11 ,17 ,0 ,0 ,0.39,0.3
1302,900,987,29 ,9 ,23 ,2 ,5 ,0 ,1 ,7 ,17 ,8 ,3 ,1 ,9 ,0 ,0.46,0.36
1303,1109,496,29 ,15 ,17 ,9 ,5 ,2 ,7 ,4 ,14 ,13 ,10 ,2 ,5 ,0 ,0.46,0.2
1304,763,566,20 ,7 ,18 ,4 ,2 ,0 ,0 ,3 ,18 ,6 ,1 ,1 ,1 ,0 ,0.22,0.22
1305,700,1216,42 ,32 ,16 ,21 ,4 ,7 ,22 ,4 ,33 ,29 ,2 ,3 ,7 ,0 ,0.25,0.23
1306,1353,951,23 ,3 ,16 ,3 ,1 ,0 ,6 ,0 ,16 ,3 ,2 ,0 ,5 ,0 ,0.51,0.13
1307,598,588,27 ,70 ,22 ,54 ,5 ,7 ,0 ,9 ,17 ,38 ,8 ,26 ,2 ,6 ,0.33,0.48
1308,1001,505,39 ,17 ,29 ,11 ,3 ,5 ,7 ,1 ,15 ,14 ,2 ,3 ,22 ,0 ,0.51,0.27
1309,857,470,25 ,2 ,25 ,2 ,0 ,0 ,0 ,0 ,9 ,2 ,11 ,0 ,5 ,0 ,0.69,0.33
1310,999,597,6 ,7 ,4 ,7 ,0 ,0 ,2 ,0 ,2 ,1 ,0 ,0 ,4 ,6 ,0.75,0.41
1311,646,2037,1 ,0 ,1 ,0 ,0 ,0 ,0 ,0 ,1 ,0 ,0 ,0 ,0 ,0 ,0.2,0.0
1312,578,678,19 ,28 ,11 ,13 ,5 ,0 ,3 ,15 ,19 ,27 ,0 ,1 ,0 ,0 ,0.19,0.3
1313,1976,471,14 ,1 ,9 ,1 ,3 ,0 ,2 ,0 ,1 ,0 ,1 ,0 ,12 ,1 ,0.42,0.14
1314,766,498,13 ,6 ,7 ,2 ,4 ,0 ,2 ,4 ,12 ,6 ,0 ,0 ,1 ,0 ,0.44,0.37
1315,717,472,53 ,3 ,25 ,3 ,19 ,0 ,9 ,0 ,10 ,2 ,17 ,1 ,26 ,0 ,0.56,0.1
1316,1528,1044,20 ,9 ,14 ,2 ,5 ,1 ,1 ,6 ,10 ,9 ,0 ,0 ,10 ,0 ,0.57,0.47
1317,747,1970,5 ,11 ,3 ,9 ,1 ,1 ,1 ,1 ,1 ,1 ,1 ,1 ,3 ,9 ,0.62,0.64
1318,688,531,47 ,21 ,13 ,11 ,11 ,4 ,23 ,6 ,5 ,10 ,35 ,10 ,7 ,1 ,0.53,0.53
1319,499,744,34 ,60 ,31 ,38 ,3 ,19 ,0 ,3 ,15 ,5 ,12 ,11 ,7 ,44 ,0.51,0.48
1320,756,503,0 ,0 ,0 ,0 ,0 ,0 ,0 ,0 ,0 ,0 ,0 ,0 ,0 ,0 ,0.0,0.0
1321,548,1791,15 ,6 ,13 ,0 ,2 ,3 ,0 ,3 ,1 ,3 ,10 ,3 ,4 ,0 ,0.55,0.6
1322,1715,473,34 ,3 ,27 ,1 ,2 ,1 ,5 ,1 ,14 ,1 ,2 ,2 ,18 ,0 ,0.56,0.13
1323,2656,802,23 ,17 ,12 ,7 ,5 ,7 ,6 ,3 ,14 ,6 ,6 ,8 ,3 ,3 ,0.34,0.37
1324,1447,682,17 ,72 ,4 ,41 ,6 ,17 ,7 ,14 ,4 ,11 ,13 ,23 ,0 ,38 ,0.56,0.72
1325,547,842,16 ,8 ,16 ,6 ,0 ,1 ,0 ,1 ,0 ,3 ,2 ,4 ,14 ,1 ,0.55,0.72
1326,1038,563,3 ,49 ,2 ,31 ,1 ,1 ,0 ,17 ,2 ,1 ,1 ,33 ,0 ,15 ,0.3,0.77
1327,1204,647,59 ,4 ,35 ,3 ,17 ,0 ,7 ,1 ,10 ,1 ,0 ,0 ,49 ,3 ,0.74,0.14
1328,849,809,33 ,12 ,13 ,9 ,18 ,3 ,2 ,0 ,6 ,8 ,2 ,3 ,25 ,1 ,0.62,0.38
1329,522,550,17 ,16 ,17 ,8 ,0 ,1 ,0 ,7 ,14 ,12 ,0 ,1 ,3 ,3 ,0.45,0.4
1330,1336,474,50 ,8 ,48 ,3 ,2 ,0 ,0 ,5 ,41 ,8 ,0 ,0 ,9 ,0 ,0.69,0.18
1331,475,1262,6 ,22 ,2 ,21 ,0 ,0 ,4 ,1 ,6 ,6 ,0 ,1 ,0 ,15 ,0.21,0.37
1332,476,1537,24 ,46 ,16 ,26 ,2 ,16 ,6 ,4 ,11 ,12 ,11 ,12 ,2 ,22 ,0.32,0.47
1333,680,477,24 ,20 ,19 ,13 ,5 ,2 ,0 ,5 ,3 ,8 ,1 ,7 ,20 ,5 ,0.42,0.4
1334,567,788,61 ,52 ,32 ,28 ,13 ,5 ,16 ,19 ,47 ,45 ,13 ,7 ,1 ,0 ,0.3,0.35
1335,1361,1170,54 ,39 ,36 ,28 ,4 ,5 ,14 ,6 ,49 ,35 ,3 ,3 ,2 ,1 ,0.33,0.17
1336,478,599,19 ,29 ,4 ,24 ,2 ,3 ,13 ,2 ,17 ,15 ,2 ,10 ,0 ,4 ,0.26,0.44
1337,1154,1510,9 ,2 ,9 ,0 ,0 ,0 ,0 ,2 ,3 ,2 ,0 ,0 ,6 ,0 ,0.6,0.4
1338,576,1196,51 ,20 ,40 ,11 ,6 ,9 ,5 ,0 ,42 ,20 ,3 ,0 ,6 ,0 ,0.27,0.17
1339,553,479,32 ,20 ,26 ,11 ,5 ,2 ,1 ,7 ,31 ,20 ,0 ,0 ,1 ,0 ,0.32,0.15
1340,540,480,47 ,4 ,41 ,4 ,6 ,0 ,0 ,0 ,9 ,2 ,2 ,0 ,36 ,2 ,0.64,0.44
1341,645,481,34 ,59 ,31 ,32 ,3 ,12 ,0 ,15 ,29 ,55 ,2 ,1 ,3 ,3 ,0.31,0.44
1342,517,1076,28 ,31 ,9 ,21 ,15 ,10 ,4 ,0 ,8 ,5 ,20 ,6 ,0 ,20 ,0.68,0.43
1343,1697,874,0 ,14 ,0 ,4 ,0 ,4 ,0 ,6 ,0 ,1 ,0 ,6 ,0 ,7 ,0.0,0.77
1344,558,916,9 ,25 ,7 ,17 ,2 ,8 ,0 ,0 ,3 ,3 ,3 ,1 ,3 ,21 ,0.34,0.41
1345,687,1952,7 ,25 ,3 ,16 ,0 ,3 ,4 ,6 ,6 ,2 ,1 ,5 ,0 ,18 ,0.35,0.55
1346,575,482,70 ,34 ,32 ,16 ,6 ,14 ,32 ,4 ,50 ,29 ,19 ,5 ,1 ,0 ,0.56,0.31
1347,1376,1743,71 ,61 ,60 ,39 ,7 ,14 ,4 ,8 ,63 ,58 ,8 ,2 ,0 ,1 ,0.27,0.26
1348,1516,1571,61 ,10 ,29 ,9 ,6 ,0 ,26 ,1 ,57 ,8 ,0 ,2 ,4 ,0 ,0.54,0.19
1349,614,500,5 ,3 ,1 ,2 ,2 ,1 ,2 ,0 ,2 ,1 ,3 ,2 ,0 ,0 ,0.71,0.42
1350,483,536,7 ,59 ,6 ,43 ,1 ,12 ,0 ,4 ,3 ,9 ,1 ,13 ,3 ,37 ,0.3,0.74
1351,757,537,97 ,60 ,93 ,57 ,0 ,1 ,4 ,2 ,74 ,38 ,18 ,10 ,5 ,12 ,0.6,0.5
1352,724,1203,67 ,53 ,38 ,36 ,22 ,2 ,7 ,15 ,41 ,34 ,26 ,10 ,0 ,9 ,0.6,0.65
1353,533,484,11 ,5 ,9 ,5 ,2 ,0 ,0 ,0 ,5 ,1 ,3 ,0 ,3 ,4 ,0.64,0.31
1354,1033,529,42 ,44 ,40 ,34 ,2 ,7 ,0 ,3 ,25 ,38 ,16 ,6 ,1 ,0 ,0.45,0.46
1355,1148,718,22 ,27 ,19 ,9 ,0 ,13 ,3 ,5 ,19 ,22 ,2 ,3 ,1 ,2 ,0.59,0.52
1356,485,1014,5 ,44 ,4 ,28 ,1 ,5 ,0 ,11 ,4 ,18 ,0 ,4 ,1 ,22 ,0.23,0.78
1357,958,2663,70 ,55 ,40 ,41 ,13 ,7 ,17 ,7 ,59 ,47 ,4 ,5 ,7 ,3 ,0.38,0.46
1358,893,486,19 ,11 ,11 ,10 ,7 ,1 ,1 ,0 ,2 ,7 ,0 ,1 ,17 ,3 ,0.65,0.39
1359,1254,1756,9 ,17 ,6 ,11 ,3 ,1 ,0 ,5 ,5 ,7 ,3 ,4 ,1 ,6 ,0.81,0.6
1360,487,555,3 ,3 ,3 ,3 ,0 ,0 ,0 ,0 ,2 ,3 ,0 ,0 ,1 ,0 ,0.33,0.5
1361,732,488,46 ,37 ,17 ,20 ,11 ,14 ,18 ,3 ,27 ,29 ,16 ,8 ,3 ,0 ,0.44,0.34
1362,651,794,4 ,17 ,3 ,13 ,0 ,2 ,1 ,2 ,3 ,14 ,1 ,1 ,0 ,2 ,0.25,0.8
1363,795,549,14 ,1 ,11 ,1 ,1 ,0 ,2 ,0 ,4 ,0 ,5 ,1 ,5 ,0 ,0.66,0.16
1364,1045,489,64 ,17 ,40 ,10 ,4 ,3 ,20 ,4 ,41 ,15 ,23 ,2 ,0 ,0 ,0.34,0.23
1365,837,1167,10 ,30 ,7 ,26 ,2 ,0 ,1 ,4 ,8 ,5 ,2 ,4 ,0 ,21 ,0.26,0.75
1366,1502,793,24 ,84 ,22 ,63 ,0 ,9 ,2 ,12 ,24 ,57 ,0 ,6 ,0 ,21 ,0.26,0.48
1367,588,1486,18 ,23 ,16 ,16 ,2 ,4 ,0 ,3 ,7 ,18 ,5 ,1 ,6 ,4 ,0.36,0.34
1368,1412,677,51 ,14 ,43 ,14 ,7 ,0 ,1 ,0 ,48 ,14 ,3 ,0 ,0 ,0 ,0.28,0.31
1369,1216,935,76 ,50 ,75 ,21 ,0 ,11 ,1 ,18 ,75 ,49 ,1 ,1 ,0 ,0 ,0.33,0.23
1370,905,1264,17 ,29 ,7 ,21 ,9 ,1 ,1 ,7 ,2 ,7 ,11 ,12 ,4 ,10 ,0.36,0.55
1371,1244,490,49 ,37 ,34 ,14 ,3 ,10 ,12 ,13 ,41 ,32 ,2 ,2 ,6 ,3 ,0.4,0.3
1372,623,594,5 ,13 ,1 ,11 ,1 ,1 ,3 ,1 ,2 ,0 ,2 ,3 ,1 ,10 ,1.0,0.72
1373,512,1484,38 ,15 ,21 ,8 ,11 ,4 ,6 ,3 ,16 ,7 ,14 ,7 ,8 ,1 ,0.47,0.26
1374,491,550,2 ,42 ,1 ,35 ,1 ,6 ,0 ,1 ,1 ,2 ,1 ,4 ,0 ,36 ,0.2,0.66
1375,777,1526,4 ,4 ,3 ,1 ,0 ,1 ,1 ,2 ,3 ,3 ,0 ,0 ,1 ,1 ,0.5,0.33
1376,579,1466,26 ,28 ,10 ,17 ,0 ,9 ,16 ,2 ,25 ,24 ,1 ,4 ,0 ,0 ,0.37,0.38
1377,1580,1053,72 ,29 ,43 ,22 ,10 ,4 ,19 ,3 ,32 ,20 ,11 ,7 ,29 ,2 ,0.42,0.41
1378,1623,513,44 ,33 ,32 ,30 ,12 ,2 ,0 ,1 ,3 ,5 ,6 ,5 ,35 ,23 ,0.61,0.54
1379,833,743,13 ,24 ,8 ,19 ,2 ,3 ,3 ,2 ,9 ,14 ,2 ,5 ,2 ,5 ,0.32,0.4
1380,900,773,42 ,25 ,26 ,11 ,10 ,0 ,6 ,14 ,26 ,24 ,12 ,1 ,4 ,0 ,0.42,0.37
1381,492,658,17 ,24 ,12 ,14 ,2 ,4 ,3 ,6 ,14 ,20 ,2 ,2 ,1 ,2 ,0.41,0.46
1382,509,1175,6 ,19 ,2 ,18 ,1 ,1 ,3 ,0 ,6 ,3 ,0 ,0 ,0 ,16 ,0.54,0.43
1383,1160,493,62 ,29 ,17 ,21 ,21 ,2 ,24 ,6 ,39 ,14 ,23 ,13 ,0 ,2 ,0.55,0.3
1384,494,1117,9 ,50 ,7 ,28 ,1 ,4 ,1 ,18 ,9 ,43 ,0 ,4 ,0 ,3 ,0.2,0.56
1385,2451,899,18 ,22 ,13 ,16 ,4 ,3 ,1 ,3 ,6 ,6 ,1 ,7 ,11 ,9 ,0.52,0.5
1386,504,510,31 ,2 ,24 ,0 ,5 ,1 ,2 ,1 ,8 ,1 ,1 ,1 ,22 ,0 ,0.52,0.12
1387,495,591,29 ,24 ,17 ,21 ,1 ,1 ,11 ,2 ,24 ,12 ,4 ,1 ,1 ,11 ,0.39,0.36
1388,625,1170,52 ,77 ,21 ,31 ,12 ,15 ,19 ,31 ,51 ,76 ,1 ,1 ,0 ,0 ,0.36,0.3
1389,778,650,42 ,43 ,31 ,28 ,2 ,9 ,9 ,6 ,21 ,19 ,17 ,20 ,4 ,4 ,0.45,0.55
1390,496,758,65 ,77 ,45 ,67 ,4 ,1 ,16 ,9 ,62 ,64 ,3 ,13 ,0 ,0 ,0.28,0.38
1391,2081,552,22 ,19 ,16 ,11 ,4 ,7 ,2 ,1 ,9 ,10 ,6 ,9 ,7 ,0 ,0.37,0.28
1392,553,725,37 ,16 ,14 ,2 ,5 ,10 ,18 ,4 ,4 ,4 ,26 ,12 ,7 ,0 ,0.69,0.38
1393,502,597,21 ,5 ,6 ,4 ,3 ,1 ,12 ,0 ,17 ,2 ,3 ,1 ,1 ,2 ,0.3,0.11
1394,522,1363,10 ,20 ,10 ,10 ,0 ,6 ,0 ,4 ,5 ,8 ,2 ,12 ,3 ,0 ,0.27,0.51
1395,558,518,28 ,14 ,17 ,2 ,8 ,6 ,3 ,6 ,9 ,9 ,15 ,3 ,4 ,2 ,0.31,0.25
1396,514,574,30 ,19 ,26 ,13 ,3 ,6 ,1 ,0 ,12 ,6 ,7 ,0 ,11 ,13 ,0.48,0.63
1397,857,543,10 ,1 ,10 ,0 ,0 ,0 ,0 ,1 ,2 ,1 ,2 ,0 ,6 ,0 ,0.83,0.2
1398,763,547,48 ,39 ,46 ,33 ,1 ,3 ,1 ,3 ,32 ,27 ,3 ,8 ,13 ,4 ,0.29,0.36
1399,593,653,32 ,48 ,27 ,39 ,0 ,5 ,5 ,4 ,20 ,15 ,12 ,22 ,0 ,11 ,0.35,0.42
1400,570,1791,19 ,25 ,12 ,14 ,7 ,8 ,0 ,3 ,13 ,18 ,6 ,7 ,0 ,0 ,0.38,0.59
1401,778,995,46 ,27 ,31 ,24 ,3 ,1 ,12 ,2 ,37 ,21 ,4 ,1 ,5 ,5 ,0.43,0.39
1402,1062,563,8 ,40 ,2 ,39 ,5 ,1 ,1 ,0 ,0 ,3 ,3 ,6 ,5 ,31 ,0.53,0.47
1403,546,497,38 ,85 ,20 ,16 ,15 ,60 ,3 ,9 ,6 ,20 ,21 ,65 ,11 ,0 ,0.58,0.65
1404,2037,2442,0 ,3 ,0 ,2 ,0 ,0 ,0 ,1 ,0 ,1 ,0 ,0 ,0 ,2 ,0.0,0.75
1405,699,609,43 ,5 ,26 ,3 ,14 ,1 ,3 ,1 ,3 ,1 ,9 ,1 ,31 ,3 ,0.59,0.45
1406,498,1043,11 ,18 ,11 ,18 ,0 ,0 ,0 ,0 ,1 ,10 ,0 ,2 ,10 ,6 ,0.5,0.66
1407,645,688,9 ,42 ,5 ,37 ,2 ,5 ,2 ,0 ,3 ,5 ,3 ,4 ,3 ,33 ,0.33,0.5
1408,540,680,24 ,32 ,19 ,25 ,2 ,2 ,3 ,5 ,6 ,7 ,3 ,1 ,15 ,24 ,0.39,0.4
1409,579,1196,3 ,5 ,2 ,3 ,0 ,2 ,1 ,0 ,3 ,3 ,0 ,0 ,0 ,2 ,0.21,0.33
1410,999,1300,17 ,38 ,9 ,22 ,5 ,16 ,3 ,0 ,7 ,8 ,9 ,15 ,1 ,15 ,0.5,0.56
1411,916,1336,16 ,22 ,13 ,16 ,2 ,6 ,1 ,0 ,13 ,18 ,3 ,1 ,0 ,3 ,0.36,0.26
1412,1970,678,15 ,0 ,12 ,0 ,2 ,0 ,1 ,0 ,3 ,0 ,0 ,0 ,12 ,0 ,0.93,0.0
1413,1447,592,30 ,28 ,17 ,24 ,13 ,1 ,0 ,3 ,20 ,3 ,10 ,4 ,0 ,21 ,0.66,0.5
1414,1510,600,11 ,36 ,10 ,33 ,0 ,3 ,1 ,0 ,5 ,4 ,0 ,1 ,6 ,31 ,0.57,0.5
1415,545,1356,28 ,60 ,8 ,35 ,8 ,17 ,12 ,8 ,18 ,35 ,10 ,15 ,0 ,10 ,0.38,0.53
1416,1203,849,28 ,9 ,21 ,7 ,5 ,2 ,2 ,0 ,10 ,3 ,4 ,6 ,14 ,0 ,0.66,0.27
1417,499,874,2 ,59 ,1 ,40 ,1 ,19 ,0 ,0 ,1 ,7 ,1 ,7 ,0 ,45 ,0.22,0.64
1418,528,1076,7 ,75 ,3 ,45 ,4 ,30 ,0 ,0 ,4 ,17 ,3 ,26 ,0 ,32 ,0.41,0.68
1419,1154,1528,40 ,130 ,38 ,96 ,1 ,33 ,1 ,1 ,35 ,109 ,5 ,20 ,0 ,1 ,0.39,0.46
1420,575,548,2 ,10 ,1 ,5 ,0 ,2 ,1 ,3 ,2 ,9 ,0 ,1 ,0 ,0 ,0.12,0.35
1421,1976,1952,19 ,17 ,10 ,11 ,3 ,3 ,6 ,3 ,11 ,13 ,4 ,3 ,4 ,1 ,0.21,0.26
1422,682,1445,29 ,22 ,15 ,13 ,8 ,2 ,6 ,7 ,13 ,18 ,5 ,2 ,11 ,2 ,0.43,0.27
1423,1516,769,29 ,89 ,21 ,68 ,7 ,8 ,1 ,13 ,12 ,14 ,0 ,3 ,17 ,72 ,0.5,0.52
1424,1001,534,31 ,4 ,11 ,3 ,9 ,0 ,11 ,1 ,0 ,1 ,4 ,0 ,27 ,3 ,0.65,0.4
1425,517,531,29 ,70 ,21 ,44 ,7 ,24 ,1 ,2 ,12 ,10 ,12 ,10 ,5 ,50 ,0.43,0.7
1426,935,500,23 ,21 ,17 ,18 ,3 ,2 ,3 ,1 ,23 ,17 ,0 ,3 ,0 ,1 ,0.31,0.4
1427,567,1537,20 ,23 ,11 ,10 ,9 ,11 ,0 ,2 ,5 ,9 ,15 ,11 ,0 ,3 ,0.57,0.71
1428,1432,538,19 ,1 ,19 ,1 ,0 ,0 ,0 ,0 ,3 ,1 ,1 ,0 ,15 ,0 ,0.67,0.12
1429,1715,533,94 ,52 ,76 ,36 ,9 ,5 ,9 ,11 ,85 ,45 ,7 ,6 ,2 ,1 ,0.28,0.25
1430,576,1315,14 ,15 ,7 ,12 ,4 ,3 ,3 ,0 ,11 ,4 ,2 ,0 ,1 ,11 ,0.22,0.28
1431,1571,550,30 ,14 ,21 ,5 ,5 ,2 ,4 ,7 ,6 ,9 ,3 ,1 ,21 ,4 ,0.61,0.34
1432,557,501,8 ,0 ,7 ,0 ,1 ,0 ,0 ,0 ,0 ,0 ,0 ,0 ,8 ,0 ,0.72,0.0
1433,1743,1376,94 ,36 ,59 ,29 ,22 ,7 ,13 ,0 ,67 ,32 ,11 ,3 ,16 ,1 ,0.4,0.24
1434,520,502,17 ,1 ,15 ,1 ,1 ,0 ,1 ,0 ,6 ,1 ,0 ,0 ,11 ,0 ,0.62,0.14
1435,789,755,37 ,13 ,32 ,9 ,1 ,2 ,4 ,2 ,3 ,3 ,3 ,4 ,31 ,6 ,0.63,0.72
1436,591,1184,25 ,28 ,15 ,14 ,2 ,5 ,8 ,9 ,14 ,26 ,1 ,1 ,10 ,1 ,0.31,0.27
1437,503,1363,10 ,15 ,7 ,8 ,2 ,4 ,1 ,3 ,9 ,7 ,1 ,2 ,0 ,6 ,0.23,0.48
1438,744,823,88 ,79 ,65 ,48 ,14 ,10 ,9 ,21 ,77 ,72 ,8 ,5 ,3 ,2 ,0.36,0.36
1439,854,504,54 ,15 ,42 ,5 ,9 ,5 ,3 ,5 ,20 ,12 ,4 ,3 ,30 ,0 ,0.43,0.18
1440,1130,1361,24 ,26 ,18 ,10 ,3 ,2 ,3 ,14 ,23 ,24 ,0 ,1 ,1 ,1 ,0.3,0.36
1441,2656,1262,29 ,23 ,13 ,21 ,7 ,1 ,9 ,1 ,25 ,20 ,4 ,3 ,0 ,0 ,0.25,0.23
1442,1045,2442,13 ,35 ,10 ,9 ,1 ,9 ,2 ,17 ,7 ,31 ,4 ,4 ,2 ,0 ,0.17,0.38
1443,1207,756,13 ,1 ,12 ,1 ,0 ,0 ,1 ,0 ,4 ,1 ,0 ,0 ,9 ,0 ,0.37,0.16
1444,1337,551,2 ,0 ,2 ,0 ,0 ,0 ,0 ,0 ,1 ,0 ,0 ,0 ,1 ,0 ,0.25,0.0
1445,724,505,17 ,12 ,9 ,5 ,6 ,6 ,2 ,1 ,2 ,4 ,6 ,4 ,9 ,4 ,0.51,0.28
1446,506,549,23 ,26 ,6 ,25 ,3 ,1 ,14 ,0 ,21 ,16 ,0 ,0 ,2 ,10 ,0.32,0.42
1447,1060,527,7 ,3 ,5 ,1 ,2 ,2 ,0 ,0 ,1 ,3 ,0 ,0 ,6 ,0 ,0.63,0.37
1448,1014,757,76 ,52 ,61 ,35 ,7 ,13 ,8 ,4 ,73 ,29 ,3 ,14 ,0 ,9 ,0.5,0.33
1449,1308,529,1 ,1 ,0 ,0 ,1 ,0 ,0 ,1 ,1 ,1 ,0 ,0 ,0 ,0 ,0.5,1.0
1450,795,2663,73 ,62 ,42 ,18 ,23 ,18 ,8 ,26 ,72 ,62 ,1 ,0 ,0 ,0 ,0.43,0.4
1451,507,1466,38 ,75 ,31 ,65 ,3 ,9 ,4 ,1 ,31 ,69 ,2 ,6 ,5 ,0 ,0.33,0.45
1452,508,570,124 ,153 ,64 ,133 ,48 ,20 ,12 ,0 ,123 ,150 ,1 ,3 ,0 ,0 ,0.41,0.51
1453,1486,1109,28 ,42 ,21 ,30 ,4 ,8 ,3 ,4 ,25 ,24 ,3 ,7 ,0 ,11 ,0.22,0.33
1454,1038,900,25 ,19 ,11 ,12 ,7 ,4 ,7 ,3 ,13 ,13 ,12 ,6 ,0 ,0 ,0.31,0.27
1455,509,981,49 ,89 ,20 ,50 ,16 ,39 ,13 ,0 ,38 ,65 ,11 ,5 ,0 ,19 ,0.49,0.72
1456,625,564,68 ,45 ,14 ,8 ,30 ,19 ,24 ,18 ,24 ,24 ,35 ,17 ,9 ,4 ,0.73,0.56
1457,686,510,2 ,3 ,1 ,1 ,1 ,1 ,0 ,1 ,2 ,1 ,0 ,0 ,0 ,2 ,0.5,0.3
1458,580,511,67 ,47 ,46 ,36 ,9 ,8 ,12 ,3 ,57 ,33 ,2 ,2 ,8 ,12 ,0.67,0.45
1459,794,1697,11 ,28 ,6 ,23 ,3 ,2 ,2 ,3 ,10 ,7 ,1 ,7 ,0 ,14 ,0.5,0.5
1460,512,594,12 ,23 ,3 ,17 ,4 ,3 ,5 ,3 ,3 ,3 ,9 ,3 ,0 ,17 ,0.42,0.57
1461,717,1175,58 ,22 ,19 ,7 ,7 ,8 ,32 ,7 ,31 ,15 ,27 ,7 ,0 ,0 ,0.53,0.29
1462,793,1244,18 ,46 ,13 ,37 ,5 ,6 ,0 ,3 ,18 ,16 ,0 ,6 ,0 ,24 ,0.18,0.47
1463,647,1580,9 ,26 ,5 ,10 ,0 ,3 ,4 ,13 ,9 ,24 ,0 ,0 ,0 ,2 ,0.21,0.44
1464,1216,995,118 ,50 ,89 ,35 ,11 ,7 ,18 ,8 ,115 ,49 ,3 ,1 ,0 ,0 ,0.44,0.28
1465,553,513,18 ,0 ,18 ,0 ,0 ,0 ,0 ,0 ,0 ,0 ,0 ,0 ,18 ,0 ,0.58,0.0
1466,1160,994,74 ,51 ,32 ,36 ,25 ,7 ,17 ,8 ,58 ,45 ,16 ,4 ,0 ,2 ,0.56,0.52
1467,958,539,107 ,140 ,58 ,88 ,16 ,25 ,33 ,27 ,105 ,135 ,2 ,5 ,0 ,0 ,0.36,0.47
1468,536,597,0 ,2 ,0 ,1 ,0 ,0 ,0 ,1 ,0 ,2 ,0 ,0 ,0 ,0 ,0.0,0.2
1469,1148,1033,6 ,49 ,5 ,33 ,1 ,6 ,0 ,10 ,0 ,5 ,4 ,11 ,2 ,33 ,0.27,0.65
1470,2081,555,60 ,36 ,34 ,27 ,11 ,6 ,15 ,3 ,49 ,32 ,0 ,2 ,11 ,2 ,0.36,0.34
1471,857,1044,53 ,37 ,50 ,21 ,3 ,4 ,0 ,12 ,44 ,33 ,8 ,4 ,1 ,0 ,0.26,0.33
1472,632,758,37 ,41 ,19 ,33 ,9 ,2 ,9 ,6 ,35 ,35 ,1 ,0 ,1 ,6 ,0.28,0.3
1473,1502,833,48 ,36 ,33 ,28 ,14 ,8 ,1 ,0 ,8 ,15 ,1 ,19 ,39 ,2 ,0.42,0.55
1474,799,743,25 ,35 ,9 ,18 ,9 ,17 ,7 ,0 ,21 ,8 ,2 ,20 ,2 ,7 ,0.54,0.64
1475,1062,1353,9 ,31 ,7 ,30 ,2 ,1 ,0 ,0 ,5 ,11 ,4 ,4 ,0 ,16 ,0.47,0.46
1476,552,622,3 ,2 ,1 ,1 ,2 ,0 ,0 ,1 ,1 ,2 ,0 ,0 ,2 ,0 ,0.37,0.5
1477,514,725,3 ,18 ,2 ,17 ,1 ,1 ,0 ,0 ,2 ,4 ,1 ,0 ,0 ,14 ,0.3,0.42
1478,1117,546,25 ,16 ,14 ,13 ,7 ,3 ,4 ,0 ,2 ,9 ,4 ,4 ,19 ,3 ,0.65,0.53
1479,746,515,50 ,33 ,24 ,28 ,21 ,2 ,5 ,3 ,11 ,26 ,14 ,3 ,25 ,4 ,0.51,0.35
1480,678,516,19 ,6 ,19 ,1 ,0 ,3 ,0 ,2 ,3 ,3 ,0 ,3 ,16 ,0 ,0.57,0.6
1481,646,517,99 ,60 ,49 ,30 ,38 ,9 ,12 ,21 ,70 ,46 ,28 ,6 ,1 ,8 ,0.42,0.54
1482,593,518,57 ,23 ,35 ,14 ,6 ,7 ,16 ,2 ,34 ,23 ,9 ,0 ,14 ,0 ,0.5,0.31
1483,837,1484,90 ,34 ,27 ,25 ,14 ,4 ,49 ,5 ,75 ,31 ,13 ,3 ,2 ,0 ,0.43,0.26
1484,1170,567,30 ,13 ,15 ,2 ,4 ,5 ,11 ,6 ,25 ,13 ,1 ,0 ,4 ,0 ,0.42,0.29
1485,1207,1336,21 ,25 ,12 ,23 ,5 ,2 ,4 ,0 ,16 ,22 ,5 ,2 ,0 ,1 ,0.34,0.3
1486,579,1537,31 ,34 ,19 ,19 ,5 ,9 ,7 ,6 ,23 ,27 ,6 ,4 ,2 ,3 ,0.51,0.57
1487,540,569,44 ,32 ,37 ,17 ,2 ,5 ,5 ,10 ,17 ,28 ,2 ,0 ,25 ,4 ,0.42,0.46
1488,572,2286,12 ,43 ,9 ,16 ,1 ,3 ,2 ,24 ,12 ,43 ,0 ,0 ,0 ,0 ,0.26,0.62
1489,519,592,2 ,10 ,2 ,6 ,0 ,4 ,0 ,0 ,2 ,2 ,0 ,6 ,0 ,2 ,0.33,0.71
1490,650,916,43 ,76 ,21 ,35 ,18 ,19 ,4 ,22 ,27 ,29 ,14 ,43 ,2 ,4 ,0.36,0.48
1491,1791,520,13 ,25 ,4 ,15 ,3 ,8 ,6 ,2 ,8 ,11 ,1 ,2 ,4 ,12 ,0.61,0.56
1492,763,1432,19 ,16 ,13 ,14 ,6 ,2 ,0 ,0 ,14 ,6 ,3 ,6 ,2 ,4 ,0.27,0.2
1493,874,1356,33 ,7 ,10 ,3 ,15 ,1 ,8 ,3 ,14 ,7 ,7 ,0 ,12 ,0 ,0.44,0.36
1494,522,521,8 ,25 ,5 ,18 ,3 ,6 ,0 ,1 ,6 ,9 ,2 ,5 ,0 ,11 ,0.13,0.55
1495,575,1376,3 ,7 ,2 ,7 ,1 ,0 ,0 ,0 ,3 ,4 ,0 ,0 ,0 ,3 ,0.5,0.77
1496,905,1254,16 ,33 ,9 ,13 ,3 ,6 ,4 ,14 ,6 ,26 ,10 ,6 ,0 ,1 ,0.32,0.64
1497,591,1363,6 ,16 ,2 ,2 ,4 ,6 ,0 ,8 ,2 ,0 ,4 ,14 ,0 ,2 ,0.4,0.59
1498,523,708,1 ,3 ,0 ,2 ,0 ,0 ,1 ,1 ,1 ,2 ,0 ,0 ,0 ,1 ,1.0,0.42
1499,797,587,16 ,18 ,12 ,6 ,3 ,4 ,1 ,8 ,12 ,17 ,0 ,0 ,4 ,1 ,0.31,0.4
1500,524,554,36 ,72 ,26 ,28 ,6 ,31 ,4 ,13 ,25 ,54 ,11 ,18 ,0 ,0 ,0.27,0.53
1501,571,525,44 ,21 ,39 ,10 ,4 ,4 ,1 ,7 ,31 ,20 ,3 ,0 ,10 ,1 ,0.39,0.26
1502,776,526,0 ,0 ,0 ,0 ,0 ,0 ,0 ,0 ,0 ,0 ,0 ,0 ,0 ,0 ,0.0,0.0
1503,791,716,102 ,64 ,80 ,40 ,17 ,16 ,5 ,8 ,93 ,58 ,3 ,6 ,6 ,0 ,0.44,0.22
1504,1203,1076,24 ,55 ,18 ,20 ,1 ,24 ,5 ,11 ,19 ,33 ,5 ,21 ,0 ,1 ,0.41,0.44
1505,558,1571,18 ,42 ,17 ,29 ,1 ,11 ,0 ,2 ,13 ,12 ,4 ,1 ,1 ,29 ,0.26,0.53
1506,653,1043,44 ,23 ,19 ,16 ,23 ,5 ,2 ,2 ,10 ,10 ,16 ,9 ,18 ,4 ,0.55,0.41
1507,668,2436,32 ,30 ,32 ,24 ,0 ,2 ,0 ,4 ,7 ,18 ,2 ,10 ,23 ,2 ,0.47,0.48
1508,527,1831,19 ,74 ,9 ,42 ,8 ,9 ,2 ,23 ,19 ,71 ,0 ,2 ,0 ,1 ,0.11,0.58
1509,724,548,6 ,48 ,2 ,41 ,1 ,5 ,3 ,2 ,3 ,8 ,1 ,1 ,2 ,39 ,0.33,0.56
1510,688,728,35 ,112 ,31 ,86 ,1 ,15 ,3 ,11 ,31 ,86 ,1 ,15 ,3 ,11 ,0.13,0.44
1511,562,1184,53 ,13 ,38 ,10 ,8 ,1 ,7 ,2 ,13 ,2 ,6 ,6 ,34 ,5 ,0.65,0.56
1512,802,528,9 ,0 ,7 ,0 ,2 ,0 ,0 ,0 ,0 ,0 ,0 ,0 ,9 ,0 ,0.5,0.0
1513,529,935,12 ,18 ,9 ,17 ,2 ,1 ,1 ,0 ,7 ,2 ,0 ,0 ,5 ,16 ,0.41,0.38
1514,1445,999,73 ,37 ,36 ,15 ,5 ,6 ,32 ,16 ,66 ,30 ,4 ,7 ,3 ,0 ,0.39,0.29
1515,566,777,6 ,9 ,4 ,7 ,1 ,0 ,1 ,2 ,6 ,8 ,0 ,0 ,0 ,1 ,0.31,0.39
1516,2656,2442,1 ,5 ,1 ,2 ,0 ,2 ,0 ,1 ,0 ,3 ,0 ,0 ,1 ,2 ,0.16,0.62
1517,1510,551,11 ,4 ,11 ,4 ,0 ,0 ,0 ,0 ,1 ,0 ,0 ,0 ,10 ,4 ,0.57,0.44
1518,1204,893,110 ,16 ,65 ,12 ,5 ,4 ,40 ,0 ,102 ,10 ,8 ,5 ,0 ,1 ,0.42,0.11
1519,680,530,10 ,25 ,3 ,14 ,2 ,8 ,5 ,3 ,7 ,17 ,0 ,4 ,3 ,4 ,0.21,0.45
1520,597,531,3 ,6 ,3 ,5 ,0 ,1 ,0 ,0 ,3 ,2 ,0 ,2 ,0 ,2 ,0.23,0.46
1521,738,674,68 ,65 ,26 ,27 ,9 ,25 ,33 ,13 ,13 ,41 ,32 ,23 ,23 ,1 ,0.58,0.58
1522,532,2451,11 ,22 ,6 ,15 ,4 ,4 ,1 ,3 ,2 ,8 ,2 ,8 ,7 ,6 ,0.68,0.7
1523,2105,685,77 ,16 ,55 ,7 ,11 ,5 ,11 ,4 ,29 ,11 ,41 ,4 ,7 ,1 ,0.52,0.37
1524,2663,533,25 ,17 ,9 ,13 ,8 ,1 ,8 ,3 ,15 ,17 ,8 ,0 ,2 ,0 ,0.36,0.22
1525,1976,1196,12 ,14 ,10 ,11 ,2 ,3 ,0 ,0 ,11 ,13 ,0 ,1 ,1 ,0 ,0.19,0.17
1526,1715,1167,36 ,19 ,22 ,9 ,10 ,1 ,4 ,9 ,16 ,13 ,19 ,1 ,1 ,5 ,0.42,0.41
1527,747,759,19 ,51 ,5 ,36 ,7 ,12 ,7 ,3 ,12 ,7 ,7 ,7 ,0 ,37 ,0.43,0.51
1528,778,699,7 ,30 ,2 ,22 ,3 ,7 ,2 ,1 ,3 ,10 ,4 ,12 ,0 ,8 ,0.28,0.6
1529,1743,1315,95 ,71 ,62 ,62 ,20 ,8 ,13 ,1 ,86 ,56 ,6 ,7 ,3 ,8 ,0.42,0.33
1530,797,967,62 ,67 ,37 ,48 ,23 ,13 ,2 ,6 ,54 ,63 ,6 ,4 ,2 ,0 ,0.39,0.38
1531,849,534,26 ,10 ,6 ,5 ,6 ,4 ,14 ,1 ,2 ,6 ,1 ,3 ,23 ,1 ,0.74,0.5
1532,549,535,15 ,23 ,11 ,16 ,4 ,3 ,0 ,4 ,11 ,7 ,1 ,2 ,3 ,14 ,0.53,0.46
1533,1889,738,40 ,15 ,18 ,7 ,10 ,2 ,12 ,6 ,16 ,1 ,5 ,7 ,19 ,7 ,0.68,0.48
1534,645,536,2 ,1 ,2 ,0 ,0 ,0 ,0 ,1 ,0 ,1 ,0 ,0 ,2 ,0 ,0.5,1.0
1535,776,854,16 ,33 ,12 ,15 ,2 ,11 ,2 ,7 ,11 ,27 ,1 ,3 ,4 ,3 ,0.22,0.44
1536,1130,1526,22 ,76 ,10 ,62 ,12 ,1 ,0 ,13 ,7 ,22 ,14 ,7 ,1 ,47 ,0.41,0.46
1537,773,757,46 ,55 ,14 ,35 ,2 ,7 ,30 ,13 ,43 ,26 ,1 ,29 ,2 ,0 ,0.51,0.31
1538,660,965,9 ,12 ,8 ,4 ,1 ,1 ,0 ,7 ,8 ,12 ,0 ,0 ,1 ,0 ,0.56,0.37
1539,1014,537,16 ,3 ,11 ,0 ,0 ,0 ,5 ,3 ,10 ,3 ,1 ,0 ,5 ,0 ,0.59,0.37
1540,795,1466,17 ,2 ,15 ,0 ,2 ,2 ,0 ,0 ,8 ,2 ,6 ,0 ,3 ,0 ,0.51,0.2
1541,1001,1089,19 ,12 ,15 ,3 ,3 ,9 ,1 ,0 ,6 ,1 ,4 ,11 ,9 ,0 ,0.51,0.33
1542,823,574,9 ,1 ,5 ,1 ,3 ,0 ,1 ,0 ,2 ,1 ,5 ,0 ,2 ,0 ,0.69,0.33
1543,539,538,37 ,17 ,31 ,10 ,3 ,5 ,3 ,2 ,25 ,11 ,11 ,6 ,1 ,0 ,0.6,0.34
1544,884,1293,16 ,38 ,12 ,17 ,3 ,12 ,1 ,9 ,14 ,23 ,2 ,12 ,0 ,3 ,0.24,0.37
1545,1343,637,56 ,18 ,39 ,15 ,4 ,2 ,13 ,1 ,38 ,15 ,1 ,3 ,17 ,0 ,0.45,0.19
1546,1689,540,37 ,22 ,14 ,16 ,13 ,4 ,10 ,2 ,26 ,21 ,2 ,1 ,9 ,0 ,0.5,0.29
1547,608,541,73 ,10 ,61 ,9 ,5 ,0 ,7 ,1 ,72 ,8 ,1 ,2 ,0 ,0 ,0.38,0.07
1548,1300,622,25 ,21 ,16 ,8 ,6 ,2 ,3 ,11 ,17 ,19 ,6 ,1 ,2 ,1 ,0.32,0.27
1549,1970,1109,20 ,5 ,4 ,3 ,10 ,0 ,6 ,2 ,10 ,5 ,0 ,0 ,10 ,0 ,0.47,0.2
1550,633,658,50 ,33 ,28 ,21 ,12 ,10 ,10 ,2 ,33 ,30 ,3 ,3 ,14 ,0 ,0.32,0.31
1551,1516,1255,6 ,6 ,4 ,4 ,0 ,0 ,2 ,2 ,3 ,5 ,1 ,1 ,2 ,0 ,0.6,0.4
1552,542,564,30 ,18 ,19 ,13 ,9 ,1 ,2 ,4 ,26 ,14 ,4 ,1 ,0 ,3 ,0.44,0.31
1553,1337,543,14 ,9 ,14 ,8 ,0 ,1 ,0 ,0 ,13 ,7 ,1 ,1 ,0 ,1 ,0.32,0.24
1554,657,568,4 ,2 ,4 ,1 ,0 ,0 ,0 ,1 ,4 ,2 ,0 ,0 ,0 ,0 ,0.36,0.33
1555,544,987,8 ,7 ,6 ,7 ,1 ,0 ,1 ,0 ,4 ,3 ,0 ,0 ,4 ,4 ,0.61,0.53
1556,771,698,41 ,28 ,13 ,20 ,6 ,4 ,22 ,4 ,36 ,19 ,5 ,8 ,0 ,1 ,0.32,0.34
1557,1697,1037,4 ,6 ,4 ,6 ,0 ,0 ,0 ,0 ,0 ,0 ,0 ,0 ,4 ,6 ,0.44,1.0
1558,1361,625,59 ,38 ,38 ,21 ,10 ,4 ,11 ,13 ,50 ,33 ,8 ,4 ,1 ,1 ,0.29,0.25
1559,1160,1117,4 ,4 ,0 ,2 ,2 ,1 ,2 ,1 ,4 ,3 ,0 ,0 ,0 ,1 ,0.57,0.4
1560,925,570,32 ,24 ,17 ,13 ,9 ,11 ,6 ,0 ,15 ,19 ,8 ,5 ,9 ,0 ,0.52,0.36
1561,763,1170,38 ,74 ,28 ,40 ,6 ,12 ,4 ,22 ,38 ,67 ,0 ,4 ,0 ,3 ,0.18,0.32
1562,1216,599,50 ,8 ,40 ,6 ,5 ,0 ,5 ,2 ,28 ,8 ,15 ,0 ,7 ,0 ,0.4,0.15
1563,1376,682,12 ,47 ,9 ,29 ,1 ,9 ,2 ,9 ,1 ,5 ,8 ,16 ,3 ,26 ,0.41,0.65
1564,1043,545,17 ,15 ,17 ,6 ,0 ,3 ,0 ,6 ,14 ,7 ,3 ,8 ,0 ,0 ,0.44,0.65
1565,1363,756,6 ,2 ,2 ,2 ,2 ,0 ,2 ,0 ,3 ,2 ,0 ,0 ,3 ,0 ,0.26,0.66
1566,546,994,1 ,57 ,1 ,46 ,0 ,9 ,0 ,2 ,1 ,8 ,0 ,0 ,0 ,49 ,0.06,0.8
1567,1128,701,43 ,67 ,20 ,43 ,7 ,15 ,16 ,9 ,30 ,49 ,5 ,17 ,8 ,1 ,0.46,0.46
1568,1060,648,22 ,26 ,13 ,13 ,6 ,4 ,3 ,9 ,21 ,23 ,1 ,1 ,0 ,2 ,0.31,0.24
1569,566,1006,12 ,55 ,9 ,30 ,3 ,17 ,0 ,8 ,8 ,28 ,3 ,12 ,1 ,15 ,0.26,0.53
1570,603,794,28 ,146 ,6 ,90 ,13 ,30 ,9 ,26 ,25 ,125 ,2 ,12 ,1 ,9 ,0.26,0.73
1571,722,636,19 ,17 ,17 ,8 ,2 ,2 ,0 ,7 ,16 ,16 ,0 ,1 ,3 ,0 ,0.31,0.34
1572,766,1977,27 ,45 ,11 ,39 ,11 ,0 ,5 ,6 ,20 ,25 ,5 ,2 ,2 ,18 ,0.38,0.42
1573,1308,916,2 ,4 ,0 ,4 ,1 ,0 ,1 ,0 ,1 ,1 ,0 ,1 ,1 ,2 ,0.4,0.57
1574,1502,743,51 ,77 ,41 ,72 ,8 ,4 ,2 ,1 ,31 ,59 ,20 ,18 ,0 ,0 ,0.25,0.38
1575,1395,1773,4 ,9 ,2 ,3 ,1 ,3 ,1 ,3 ,4 ,9 ,0 ,0 ,0 ,0 ,0.22,0.45
1576,917,786,23 ,31 ,13 ,22 ,8 ,4 ,2 ,5 ,15 ,11 ,6 ,9 ,2 ,11 ,0.46,0.52
1577,1546,571,48 ,45 ,18 ,32 ,25 ,11 ,5 ,2 ,41 ,39 ,5 ,4 ,2 ,2 ,0.4,0.5
1578,547,1262,47 ,44 ,30 ,29 ,12 ,15 ,5 ,0 ,31 ,37 ,6 ,5 ,10 ,2 ,0.39,0.42
1579,548,1244,48 ,36 ,13 ,12 ,20 ,16 ,15 ,8 ,33 ,21 ,8 ,14 ,7 ,1 ,0.57,0.49
1580,2286,840,46 ,72 ,26 ,34 ,10 ,16 ,10 ,22 ,44 ,66 ,2 ,2 ,0 ,4 ,0.3,0.38
1581,651,578,29 ,2 ,27 ,2 ,0 ,0 ,2 ,0 ,5 ,2 ,0 ,0 ,24 ,0 ,0.46,0.28
1582,900,857,21 ,40 ,12 ,23 ,8 ,16 ,1 ,1 ,5 ,3 ,15 ,22 ,1 ,15 ,0.53,0.48
1583,935,1207,10 ,47 ,7 ,41 ,2 ,2 ,1 ,4 ,8 ,24 ,2 ,3 ,0 ,20 ,0.26,0.6
1584,2656,613,43 ,26 ,30 ,14 ,9 ,6 ,4 ,6 ,30 ,25 ,5 ,0 ,8 ,1 ,0.32,0.2
1585,1448,1681,49 ,11 ,36 ,8 ,12 ,1 ,1 ,2 ,24 ,7 ,6 ,3 ,19 ,1 ,0.44,0.15
1586,1756,1970,9 ,75 ,6 ,50 ,2 ,15 ,1 ,10 ,8 ,26 ,1 ,10 ,0 ,39 ,0.22,0.66
1587,549,1537,46 ,51 ,43 ,30 ,3 ,13 ,0 ,8 ,39 ,42 ,5 ,2 ,2 ,7 ,0.75,0.56
1588,550,650,14 ,59 ,6 ,12 ,4 ,4 ,4 ,43 ,3 ,3 ,11 ,36 ,0 ,20 ,0.93,0.78
1589,1203,789,7 ,3 ,3 ,0 ,4 ,2 ,0 ,1 ,2 ,2 ,2 ,1 ,3 ,0 ,0.87,0.33
1590,551,600,8 ,22 ,6 ,16 ,2 ,3 ,0 ,3 ,5 ,4 ,0 ,3 ,3 ,15 ,0.57,0.47
1591,1066,768,51 ,45 ,35 ,24 ,9 ,16 ,7 ,5 ,43 ,39 ,5 ,1 ,3 ,5 ,0.47,0.45
1592,793,552,43 ,48 ,28 ,15 ,12 ,20 ,3 ,13 ,23 ,19 ,10 ,16 ,10 ,13 ,0.5,0.6
1593,1890,604,2 ,9 ,2 ,7 ,0 ,1 ,0 ,1 ,2 ,2 ,0 ,1 ,0 ,6 ,0.28,0.9
1594,553,677,27 ,14 ,22 ,12 ,2 ,2 ,3 ,0 ,22 ,11 ,5 ,3 ,0 ,0 ,0.45,0.46
1595,1827,716,30 ,15 ,22 ,10 ,2 ,2 ,6 ,3 ,20 ,13 ,2 ,2 ,8 ,0 ,0.3,0.17
1596,645,837,27 ,62 ,23 ,44 ,3 ,13 ,1 ,5 ,18 ,22 ,7 ,14 ,2 ,26 ,0.47,0.52
1597,1150,647,20 ,2 ,17 ,1 ,0 ,1 ,3 ,0 ,3 ,1 ,4 ,1 ,13 ,0 ,0.55,0.15
1598,874,1486,42 ,8 ,18 ,7 ,16 ,0 ,8 ,1 ,17 ,8 ,5 ,0 ,20 ,0 ,0.41,0.14
1599,957,708,16 ,26 ,6 ,10 ,1 ,8 ,9 ,8 ,16 ,11 ,0 ,7 ,0 ,8 ,0.43,0.54
1600,1831,554,50 ,25 ,31 ,12 ,9 ,6 ,10 ,7 ,43 ,22 ,7 ,3 ,0 ,0 ,0.51,0.17
1601,614,555,0 ,0 ,0 ,0 ,0 ,0 ,0 ,0 ,0 ,0 ,0 ,0 ,0 ,0 ,0.0,0.0
1602,792,556,8 ,5 ,5 ,1 ,2 ,3 ,1 ,1 ,0 ,2 ,4 ,3 ,4 ,0 ,0.33,0.5
1603,597,594,6 ,29 ,0 ,13 ,3 ,8 ,3 ,8 ,5 ,13 ,1 ,15 ,0 ,1 ,0.07,0.46
1604,1300,728,9 ,3 ,6 ,3 ,1 ,0 ,2 ,0 ,7 ,3 ,1 ,0 ,1 ,0 ,0.47,0.21
1605,1715,1053,26 ,42 ,10 ,22 ,6 ,6 ,10 ,14 ,8 ,22 ,18 ,6 ,0 ,14 ,0.41,0.42
1606,802,996,11 ,56 ,6 ,26 ,3 ,19 ,2 ,11 ,4 ,13 ,4 ,30 ,3 ,13 ,0.32,0.44
1607,678,588,8 ,1 ,8 ,1 ,0 ,0 ,0 ,0 ,5 ,1 ,0 ,0 ,3 ,0 ,0.88,1.0
1608,1254,557,15 ,5 ,9 ,4 ,3 ,1 ,3 ,0 ,13 ,5 ,1 ,0 ,1 ,0 ,0.31,0.21
1609,2060,660,94 ,71 ,72 ,50 ,4 ,17 ,18 ,4 ,66 ,50 ,0 ,1 ,28 ,20 ,0.43,0.39
1610,1204,799,85 ,78 ,54 ,34 ,21 ,27 ,10 ,17 ,82 ,78 ,1 ,0 ,2 ,0 ,0.34,0.19
1611,584,1442,29 ,46 ,10 ,20 ,14 ,17 ,5 ,9 ,27 ,42 ,1 ,1 ,1 ,3 ,0.44,0.52
1612,1066,967,32 ,44 ,19 ,12 ,4 ,17 ,9 ,15 ,30 ,43 ,0 ,1 ,2 ,0 ,0.47,0.51
1613,1262,788,19 ,12 ,18 ,4 ,1 ,6 ,0 ,2 ,8 ,11 ,2 ,1 ,9 ,0 ,0.33,0.25
1614,558,1356,20 ,17 ,1 ,4 ,12 ,8 ,7 ,5 ,7 ,6 ,12 ,8 ,1 ,3 ,0.44,0.77
1615,608,1293,10 ,13 ,3 ,2 ,7 ,6 ,0 ,5 ,1 ,9 ,8 ,4 ,1 ,0 ,0.52,0.56
1616,699,690,47 ,14 ,26 ,10 ,4 ,2 ,17 ,2 ,32 ,13 ,0 ,1 ,15 ,0 ,0.47,0.32
1617,1445,1076,41 ,62 ,34 ,30 ,3 ,13 ,4 ,19 ,35 ,34 ,6 ,27 ,0 ,1 ,0.36,0.36
1618,1510,1175,10 ,17 ,4 ,9 ,4 ,4 ,2 ,4 ,8 ,10 ,2 ,4 ,0 ,3 ,0.43,0.47
1619,1038,1154,46 ,21 ,28 ,13 ,16 ,3 ,2 ,5 ,14 ,9 ,22 ,12 ,10 ,0 ,0.7,0.41
1620,905,758,55 ,32 ,30 ,17 ,21 ,1 ,4 ,14 ,33 ,29 ,22 ,3 ,0 ,0 ,0.42,0.37
1621,701,1070,42 ,22 ,14 ,10 ,17 ,5 ,11 ,7 ,18 ,11 ,13 ,8 ,11 ,3 ,0.59,0.57
1622,991,640,15 ,18 ,12 ,10 ,2 ,5 ,1 ,3 ,8 ,16 ,2 ,2 ,5 ,0 ,0.53,0.42
1623,585,924,57 ,42 ,34 ,26 ,22 ,10 ,1 ,6 ,24 ,27 ,22 ,14 ,11 ,1 ,0.52,0.46
1624,559,586,19 ,33 ,17 ,21 ,2 ,9 ,0 ,3 ,18 ,20 ,0 ,8 ,1 ,5 ,0.2,0.47
1625,685,965,11 ,91 ,4 ,64 ,1 ,22 ,6 ,5 ,8 ,27 ,0 ,17 ,3 ,47 ,0.39,0.64
1626,577,2663,32 ,55 ,9 ,39 ,16 ,10 ,7 ,6 ,17 ,30 ,15 ,16 ,0 ,9 ,0.36,0.62
1627,560,602,47 ,66 ,18 ,29 ,9 ,19 ,20 ,18 ,41 ,57 ,6 ,9 ,0 ,0 ,0.37,0.27
1628,981,823,78 ,95 ,45 ,43 ,32 ,24 ,1 ,28 ,63 ,66 ,14 ,26 ,1 ,3 ,0.54,0.49
1629,1781,561,11 ,11 ,11 ,9 ,0 ,0 ,0 ,2 ,6 ,11 ,1 ,0 ,4 ,0 ,0.57,0.45
1630,1976,1530,19 ,14 ,8 ,12 ,2 ,0 ,9 ,2 ,8 ,11 ,5 ,1 ,6 ,2 ,0.29,0.27
1631,948,1916,12 ,21 ,10 ,19 ,2 ,1 ,0 ,1 ,12 ,14 ,0 ,2 ,0 ,5 ,0.21,0.55
1632,2037,637,78 ,65 ,70 ,51 ,8 ,12 ,0 ,2 ,78 ,64 ,0 ,0 ,0 ,1 ,0.27,0.46
1633,757,605,88 ,73 ,53 ,56 ,16 ,13 ,19 ,4 ,59 ,62 ,22 ,11 ,7 ,0 ,0.46,0.4
1634,2105,644,77 ,57 ,56 ,24 ,6 ,16 ,15 ,17 ,70 ,44 ,7 ,8 ,0 ,5 ,0.52,0.35
1635,771,740,58 ,30 ,31 ,21 ,10 ,8 ,17 ,1 ,30 ,21 ,5 ,8 ,23 ,1 ,0.59,0.53
1636,609,593,17 ,66 ,11 ,18 ,2 ,43 ,4 ,5 ,16 ,22 ,1 ,6 ,0 ,38 ,0.43,0.52
1637,562,1977,5 ,7 ,1 ,5 ,3 ,1 ,1 ,1 ,2 ,1 ,3 ,2 ,0 ,4 ,0.41,0.41
1638,854,958,14 ,13 ,8 ,5 ,4 ,5 ,2 ,3 ,14 ,13 ,0 ,0 ,0 ,0 ,0.43,0.24
1639,846,1689,46 ,86 ,31 ,25 ,5 ,11 ,10 ,50 ,44 ,83 ,1 ,2 ,1 ,1 ,0.43,0.59
1640,729,601,55 ,34 ,33 ,28 ,11 ,4 ,11 ,2 ,27 ,23 ,13 ,11 ,15 ,0 ,0.57,0.48
1641,916,1571,44 ,32 ,19 ,19 ,12 ,8 ,13 ,5 ,18 ,20 ,3 ,12 ,23 ,0 ,0.54,0.41
1642,576,674,42 ,31 ,28 ,14 ,9 ,10 ,5 ,7 ,20 ,19 ,6 ,8 ,16 ,4 ,0.37,0.29
1643,563,1528,20 ,88 ,17 ,73 ,0 ,10 ,3 ,5 ,20 ,67 ,0 ,2 ,0 ,19 ,0.23,0.46
1644,2436,581,27 ,17 ,17 ,3 ,10 ,5 ,0 ,9 ,9 ,10 ,11 ,7 ,7 ,0 ,0.36,0.39
1645,1492,694,16 ,6 ,9 ,4 ,1 ,1 ,6 ,1 ,12 ,6 ,3 ,0 ,1 ,0 ,0.5,0.2
1646,1537,2442,14 ,31 ,9 ,23 ,1 ,6 ,4 ,2 ,12 ,11 ,0 ,12 ,2 ,8 ,0.42,0.52
1647,597,591,23 ,66 ,9 ,40 ,11 ,15 ,3 ,11 ,18 ,29 ,5 ,6 ,0 ,31 ,0.34,0.65
1648,1432,564,12 ,5 ,11 ,4 ,1 ,1 ,0 ,0 ,5 ,5 ,0 ,0 ,7 ,0 ,0.36,0.21
1649,566,565,27 ,62 ,18 ,54 ,6 ,8 ,3 ,0 ,27 ,56 ,0 ,1 ,0 ,5 ,0.35,0.38
1650,579,1108,67 ,32 ,22 ,17 ,17 ,8 ,28 ,7 ,43 ,21 ,21 ,9 ,3 ,2 ,0.53,0.45
1651,600,1014,17 ,37 ,12 ,25 ,1 ,1 ,4 ,11 ,16 ,33 ,1 ,2 ,0 ,2 ,0.18,0.46
1652,1791,999,38 ,20 ,26 ,3 ,7 ,2 ,5 ,15 ,30 ,17 ,5 ,1 ,3 ,2 ,0.45,0.57
1653,849,1076,11 ,17 ,9 ,9 ,1 ,6 ,1 ,2 ,3 ,7 ,3 ,5 ,5 ,5 ,0.42,0.36
1654,717,773,10 ,8 ,5 ,6 ,0 ,0 ,5 ,2 ,8 ,4 ,0 ,0 ,2 ,4 ,0.62,0.5
1655,656,573,61 ,31 ,36 ,14 ,9 ,4 ,16 ,13 ,49 ,26 ,4 ,2 ,8 ,3 ,0.52,0.37
1656,840,567,116 ,15 ,61 ,8 ,31 ,6 ,24 ,1 ,75 ,10 ,41 ,5 ,0 ,0 ,0.54,0.13
1657,2451,650,13 ,43 ,5 ,13 ,5 ,7 ,3 ,23 ,9 ,8 ,4 ,32 ,0 ,3 ,0.39,0.65
1658,722,1128,29 ,14 ,14 ,10 ,15 ,0 ,0 ,4 ,17 ,13 ,12 ,1 ,0 ,0 ,0.33,0.15
1659,763,1952,2 ,2 ,0 ,1 ,1 ,0 ,1 ,1 ,2 ,2 ,0 ,0 ,0 ,0 ,0.08,0.2
1660,795,648,17 ,1 ,11 ,1 ,3 ,0 ,3 ,0 ,11 ,1 ,2 ,0 ,4 ,0 ,0.4,0.07
1661,1580,1167,8 ,1 ,7 ,1 ,0 ,0 ,1 ,0 ,3 ,1 ,0 ,0 ,5 ,0 ,0.38,0.16
1662,632,1109,6 ,4 ,4 ,1 ,1 ,0 ,1 ,3 ,5 ,4 ,0 ,0 ,1 ,0 ,0.37,0.19
1663,1170,1526,31 ,26 ,14 ,18 ,5 ,1 ,12 ,7 ,28 ,13 ,3 ,1 ,0 ,12 ,0.27,0.35
1664,700,778,3 ,9 ,3 ,7 ,0 ,0 ,0 ,2 ,3 ,3 ,0 ,2 ,0 ,4 ,0.37,0.9
1665,1704,1448,90 ,50 ,50 ,31 ,27 ,12 ,13 ,7 ,82 ,36 ,8 ,14 ,0 ,0 ,0.37,0.29
1666,1184,583,43 ,13 ,17 ,11 ,6 ,1 ,20 ,1 ,38 ,10 ,5 ,2 ,0 ,1 ,0.34,0.19
1667,738,791,60 ,38 ,48 ,26 ,7 ,11 ,5 ,1 ,25 ,38 ,6 ,0 ,29 ,0 ,0.48,0.31
1668,1203,1001,54 ,37 ,31 ,25 ,15 ,9 ,8 ,3 ,24 ,13 ,30 ,21 ,0 ,3 ,0.44,0.37
1669,792,587,61 ,31 ,25 ,23 ,15 ,3 ,21 ,5 ,56 ,28 ,5 ,2 ,0 ,1 ,0.33,0.26
1670,1343,1889,35 ,15 ,20 ,8 ,3 ,3 ,12 ,4 ,24 ,15 ,1 ,0 ,10 ,0 ,0.48,0.17
1671,758,1697,13 ,37 ,12 ,30 ,1 ,4 ,0 ,3 ,12 ,19 ,1 ,5 ,0 ,13 ,0.38,0.37
1672,1053,1244,24 ,3 ,21 ,1 ,0 ,0 ,3 ,2 ,4 ,1 ,1 ,2 ,19 ,0 ,0.64,0.17
1673,599,917,25 ,35 ,15 ,29 ,6 ,5 ,4 ,1 ,11 ,12 ,7 ,9 ,7 ,14 ,0.35,0.39
1674,592,925,0 ,19 ,0 ,18 ,0 ,1 ,0 ,0 ,0 ,0 ,0 ,0 ,0 ,19 ,0.0,0.79
1675,1255,995,12 ,1 ,11 ,0 ,0 ,0 ,1 ,1 ,3 ,1 ,3 ,0 ,6 ,0 ,0.48,0.11
1676,1264,632,48 ,5 ,42 ,4 ,5 ,1 ,1 ,0 ,8 ,1 ,12 ,4 ,28 ,0 ,0.49,0.18
1677,768,568,23 ,1 ,15 ,1 ,5 ,0 ,3 ,0 ,4 ,1 ,1 ,0 ,18 ,0 ,0.58,1.0
1678,680,1006,6 ,22 ,4 ,2 ,1 ,9 ,1 ,11 ,3 ,7 ,0 ,3 ,3 ,12 ,0.37,0.73
1679,1130,569,32 ,28 ,17 ,11 ,1 ,4 ,14 ,13 ,23 ,28 ,0 ,0 ,9 ,0 ,0.42,0.45
1680,901,1890,2 ,13 ,2 ,8 ,0 ,4 ,0 ,1 ,0 ,3 ,0 ,3 ,2 ,7 ,0.28,0.52
1681,801,725,40 ,8 ,10 ,6 ,17 ,2 ,13 ,0 ,9 ,8 ,23 ,0 ,8 ,0 ,0.76,0.33
1682,1781,1117,2 ,12 ,2 ,6 ,0 ,5 ,0 ,1 ,1 ,3 ,0 ,0 ,1 ,9 ,0.33,0.92
1683,1546,1681,66 ,24 ,28 ,12 ,16 ,9 ,22 ,3 ,55 ,21 ,10 ,3 ,1 ,0 ,0.45,0.33
1684,1308,744,19 ,53 ,14 ,41 ,4 ,9 ,1 ,3 ,14 ,24 ,0 ,0 ,5 ,29 ,0.47,0.46
1685,837,646,95 ,123 ,45 ,96 ,20 ,22 ,30 ,5 ,88 ,102 ,7 ,20 ,0 ,1 ,0.37,0.37
1686,1689,2442,30 ,10 ,22 ,5 ,2 ,3 ,6 ,2 ,14 ,10 ,1 ,0 ,15 ,0 ,0.5,0.34
1687,2656,996,14 ,65 ,10 ,40 ,3 ,19 ,1 ,6 ,10 ,20 ,3 ,7 ,1 ,38 ,0.31,0.49
1688,647,570,61 ,127 ,53 ,81 ,5 ,45 ,3 ,1 ,57 ,119 ,4 ,8 ,0 ,0 ,0.25,0.46
1689,957,571,37 ,33 ,11 ,28 ,14 ,5 ,12 ,0 ,36 ,21 ,0 ,6 ,1 ,6 ,0.34,0.32
1690,1297,1272,22 ,29 ,12 ,14 ,9 ,7 ,1 ,8 ,13 ,20 ,3 ,3 ,6 ,6 ,0.42,0.61
1691,1225,624,4 ,4 ,4 ,2 ,0 ,0 ,0 ,2 ,1 ,4 ,0 ,0 ,3 ,0 ,0.44,0.57
1692,1773,1603,53 ,28 ,32 ,15 ,7 ,7 ,14 ,6 ,31 ,26 ,11 ,2 ,11 ,0 ,0.52,0.32
1693,833,755,19 ,23 ,13 ,14 ,3 ,1 ,3 ,8 ,17 ,22 ,0 ,0 ,2 ,1 ,0.27,0.19
1694,756,935,67 ,42 ,45 ,37 ,7 ,3 ,15 ,2 ,46 ,42 ,4 ,0 ,17 ,0 ,0.6,0.43
1695,1060,625,10 ,3 ,8 ,1 ,2 ,1 ,0 ,1 ,4 ,2 ,0 ,1 ,6 ,0 ,0.38,0.33
1696,651,871,15 ,29 ,7 ,29 ,2 ,0 ,6 ,0 ,15 ,18 ,0 ,4 ,0 ,7 ,0.32,0.56
1697,951,857,15 ,11 ,12 ,7 ,3 ,3 ,0 ,1 ,11 ,8 ,3 ,3 ,1 ,0 ,0.42,0.24
1698,1361,2286,60 ,55 ,47 ,29 ,7 ,22 ,6 ,4 ,59 ,49 ,1 ,6 ,0 ,0 ,0.32,0.28
1699,1756,633,16 ,3 ,16 ,1 ,0 ,0 ,0 ,2 ,8 ,3 ,0 ,0 ,8 ,0 ,0.55,0.15
1700,1516,1336,43 ,16 ,29 ,11 ,11 ,5 ,3 ,0 ,21 ,10 ,8 ,6 ,14 ,0 ,0.7,0.37
1701,924,615,41 ,42 ,20 ,34 ,17 ,5 ,4 ,3 ,10 ,8 ,20 ,13 ,11 ,21 ,0.56,0.66
1702,895,572,80 ,51 ,20 ,7 ,24 ,9 ,36 ,35 ,61 ,34 ,19 ,17 ,0 ,0 ,0.58,0.39
1703,789,679,4 ,0 ,2 ,0 ,1 ,0 ,1 ,0 ,1 ,0 ,1 ,0 ,2 ,0 ,0.57,0.0
1704,585,899,12 ,41 ,2 ,25 ,5 ,10 ,5 ,6 ,8 ,14 ,4 ,19 ,0 ,8 ,0.44,0.38
1705,640,573,7 ,1 ,1 ,1 ,4 ,0 ,2 ,0 ,3 ,1 ,3 ,0 ,1 ,0 ,0.58,0.33
1706,688,807,26 ,39 ,10 ,18 ,15 ,14 ,1 ,7 ,1 ,12 ,8 ,9 ,17 ,18 ,0.5,0.59
1707,1466,586,92 ,35 ,87 ,19 ,3 ,5 ,2 ,11 ,90 ,33 ,2 ,2 ,0 ,0 ,0.26,0.16
1708,776,846,15 ,18 ,10 ,14 ,2 ,1 ,3 ,3 ,12 ,9 ,3 ,0 ,0 ,9 ,0.34,0.37
1709,718,614,25 ,2 ,24 ,0 ,1 ,2 ,0 ,0 ,0 ,0 ,1 ,2 ,24 ,0 ,0.64,0.28
1710,668,1395,23 ,40 ,11 ,23 ,9 ,6 ,3 ,11 ,4 ,24 ,19 ,16 ,0 ,0 ,0.38,0.36
1711,2081,994,62 ,50 ,36 ,35 ,6 ,6 ,20 ,9 ,53 ,49 ,5 ,1 ,4 ,0 ,0.3,0.37
1712,799,1300,1 ,9 ,0 ,7 ,1 ,1 ,0 ,1 ,1 ,2 ,0 ,2 ,0 ,5 ,0.07,0.56
1713,1037,574,5 ,0 ,5 ,0 ,0 ,0 ,0 ,0 ,1 ,0 ,0 ,0 ,4 ,0 ,0.71,0.0
1714,1128,584,70 ,29 ,50 ,10 ,13 ,16 ,7 ,3 ,46 ,15 ,21 ,14 ,3 ,0 ,0.54,0.56
1715,595,607,63 ,10 ,40 ,9 ,11 ,0 ,12 ,1 ,17 ,9 ,2 ,1 ,44 ,0 ,0.7,0.38
1716,771,1356,29 ,46 ,13 ,31 ,13 ,10 ,3 ,5 ,15 ,20 ,7 ,17 ,7 ,9 ,0.35,0.54
1717,1916,732,31 ,11 ,22 ,3 ,6 ,4 ,3 ,4 ,29 ,11 ,2 ,0 ,0 ,0 ,0.37,0.22
1718,1715,1196,36 ,4 ,34 ,1 ,2 ,3 ,0 ,0 ,34 ,3 ,2 ,0 ,0 ,1 ,0.49,0.17
1719,1175,580,45 ,22 ,24 ,12 ,3 ,2 ,18 ,8 ,25 ,17 ,8 ,5 ,12 ,0 ,0.48,0.38
1720,1623,1337,19 ,47 ,19 ,44 ,0 ,1 ,0 ,2 ,9 ,26 ,0 ,2 ,10 ,19 ,0.38,0.49
1721,575,893,14 ,26 ,14 ,23 ,0 ,3 ,0 ,0 ,14 ,10 ,0 ,5 ,0 ,11 ,0.26,0.5
1722,1970,905,61 ,16 ,18 ,6 ,13 ,5 ,30 ,5 ,42 ,13 ,12 ,3 ,7 ,0 ,0.52,0.36
1723,643,596,9 ,0 ,6 ,0 ,0 ,0 ,3 ,0 ,8 ,0 ,0 ,0 ,1 ,0 ,0.32,0.0
1724,697,749,93 ,41 ,73 ,22 ,15 ,19 ,5 ,0 ,50 ,18 ,43 ,23 ,0 ,0 ,0.58,0.49
1725,648,724,10 ,24 ,10 ,20 ,0 ,0 ,0 ,4 ,9 ,17 ,1 ,2 ,0 ,5 ,0.16,0.37
1726,810,670,31 ,17 ,11 ,9 ,6 ,2 ,14 ,6 ,15 ,16 ,12 ,1 ,4 ,0 ,0.36,0.22
1727,2436,686,8 ,2 ,6 ,2 ,0 ,0 ,2 ,0 ,7 ,2 ,0 ,0 ,1 ,0 ,0.3,0.12
1728,854,788,42 ,22 ,29 ,14 ,10 ,4 ,3 ,4 ,21 ,21 ,9 ,1 ,12 ,0 ,0.38,0.18
1729,1526,777,93 ,66 ,58 ,54 ,19 ,12 ,16 ,0 ,44 ,44 ,44 ,21 ,5 ,1 ,0.65,0.61
1730,1150,849,16 ,1 ,10 ,0 ,4 ,1 ,2 ,0 ,3 ,1 ,0 ,0 ,13 ,0 ,0.8,0.5
1731,773,1510,30 ,31 ,8 ,10 ,4 ,10 ,18 ,11 ,29 ,30 ,0 ,1 ,1 ,0 ,0.66,0.37
1732,1704,1293,60 ,63 ,26 ,28 ,27 ,24 ,7 ,11 ,30 ,45 ,25 ,18 ,5 ,0 ,0.5,0.35
1733,603,609,56 ,78 ,21 ,69 ,33 ,7 ,2 ,2 ,38 ,73 ,10 ,5 ,8 ,0 ,0.34,0.47
1734,650,598,58 ,14 ,41 ,13 ,17 ,1 ,0 ,0 ,43 ,11 ,13 ,3 ,2 ,0 ,0.41,0.13
1735,657,2037,2 ,27 ,2 ,24 ,0 ,3 ,0 ,0 ,2 ,2 ,0 ,0 ,0 ,25 ,0.11,0.55
1736,757,1969,52 ,68 ,36 ,38 ,11 ,9 ,5 ,21 ,36 ,44 ,9 ,12 ,7 ,12 ,0.34,0.47
1737,1530,2663,21 ,17 ,9 ,5 ,1 ,5 ,11 ,7 ,16 ,14 ,5 ,2 ,0 ,1 ,0.44,0.36
1738,1571,690,24 ,18 ,16 ,9 ,5 ,2 ,3 ,7 ,10 ,16 ,5 ,2 ,9 ,0 ,0.35,0.32
1739,795,1432,3 ,2 ,2 ,2 ,1 ,0 ,0 ,0 ,3 ,2 ,0 ,0 ,0 ,0 ,0.5,0.33
1740,716,791,100 ,174 ,56 ,131 ,19 ,43 ,25 ,0 ,99 ,173 ,1 ,0 ,0 ,1 ,0.26,0.51
1741,769,699,28 ,2 ,14 ,0 ,14 ,1 ,0 ,1 ,0 ,1 ,6 ,1 ,22 ,0 ,0.73,0.25
1742,2060,576,51 ,40 ,38 ,11 ,5 ,13 ,8 ,16 ,37 ,25 ,8 ,15 ,6 ,0 ,0.44,0.31
1743,1743,1315,61 ,42 ,39 ,36 ,9 ,4 ,13 ,2 ,57 ,32 ,1 ,8 ,3 ,2 ,0.34,0.24
1744,2361,715,18 ,26 ,14 ,23 ,4 ,3 ,0 ,0 ,17 ,19 ,1 ,0 ,0 ,7 ,0.25,0.31
1745,1160,831,22 ,51 ,9 ,23 ,4 ,20 ,9 ,8 ,13 ,16 ,9 ,23 ,0 ,12 ,0.46,0.68
1746,948,577,59 ,6 ,50 ,4 ,4 ,2 ,5 ,0 ,21 ,5 ,7 ,1 ,31 ,0 ,0.76,0.22
1747,747,578,33 ,21 ,8 ,13 ,6 ,8 ,19 ,0 ,18 ,8 ,9 ,9 ,6 ,4 ,0.5,0.38
1748,579,711,6 ,17 ,1 ,16 ,1 ,0 ,4 ,1 ,6 ,17 ,0 ,0 ,0 ,0 ,0.28,0.25
1749,1170,1689,12 ,9 ,6 ,5 ,3 ,2 ,3 ,2 ,10 ,7 ,2 ,1 ,0 ,1 ,0.57,0.39
1750,910,965,24 ,35 ,13 ,20 ,6 ,11 ,5 ,4 ,11 ,22 ,6 ,9 ,7 ,4 ,0.48,0.33
1751,991,612,42 ,41 ,27 ,22 ,6 ,13 ,9 ,6 ,24 ,31 ,11 ,6 ,7 ,4 ,0.4,0.32
1752,900,1154,30 ,32 ,23 ,28 ,7 ,4 ,0 ,0 ,14 ,11 ,16 ,3 ,0 ,18 ,0.5,0.42
1753,717,1014,44 ,21 ,23 ,15 ,7 ,2 ,14 ,4 ,26 ,20 ,6 ,1 ,12 ,0 ,0.34,0.38
1754,1376,1602,88 ,178 ,76 ,136 ,12 ,39 ,0 ,3 ,71 ,150 ,15 ,28 ,2 ,0 ,0.53,0.5
1755,967,943,52 ,29 ,35 ,10 ,14 ,9 ,3 ,10 ,21 ,11 ,17 ,15 ,14 ,3 ,0.58,0.51
1756,602,689,1 ,11 ,0 ,9 ,0 ,0 ,1 ,2 ,1 ,6 ,0 ,2 ,0 ,3 ,0.1,0.68
1757,637,644,25 ,32 ,20 ,23 ,2 ,3 ,3 ,6 ,8 ,24 ,5 ,7 ,12 ,1 ,0.42,0.27
1758,580,709,29 ,14 ,15 ,13 ,11 ,1 ,3 ,0 ,4 ,6 ,4 ,0 ,21 ,8 ,0.72,0.6
1759,727,924,27 ,28 ,18 ,13 ,6 ,12 ,3 ,3 ,9 ,11 ,9 ,12 ,9 ,5 ,0.71,0.43
1760,687,581,5 ,0 ,3 ,0 ,1 ,0 ,1 ,0 ,5 ,0 ,0 ,0 ,0 ,0 ,0.83,0.0
1761,794,987,17 ,17 ,9 ,17 ,8 ,0 ,0 ,0 ,13 ,2 ,0 ,0 ,4 ,15 ,0.45,0.44
1762,1445,741,25 ,14 ,17 ,9 ,3 ,4 ,5 ,1 ,12 ,9 ,1 ,5 ,12 ,0 ,0.55,0.36
1763,1146,1442,10 ,37 ,9 ,29 ,1 ,3 ,0 ,5 ,10 ,33 ,0 ,0 ,0 ,4 ,0.17,0.37
1764,778,916,12 ,39 ,8 ,22 ,3 ,16 ,1 ,1 ,4 ,5 ,6 ,5 ,2 ,29 ,0.34,0.52
1765,605,582,59 ,19 ,25 ,19 ,29 ,0 ,5 ,0 ,18 ,14 ,41 ,4 ,0 ,1 ,0.59,0.48
1766,1001,583,75 ,63 ,51 ,46 ,14 ,10 ,10 ,7 ,59 ,51 ,13 ,12 ,3 ,0 ,0.52,0.43
1767,1890,584,102 ,24 ,59 ,8 ,31 ,11 ,12 ,5 ,93 ,24 ,6 ,0 ,3 ,0 ,0.58,0.41
1768,604,895,50 ,39 ,12 ,23 ,19 ,9 ,19 ,7 ,33 ,20 ,11 ,6 ,6 ,13 ,0.54,0.39
1769,884,774,15 ,15 ,7 ,7 ,6 ,6 ,2 ,2 ,10 ,5 ,3 ,3 ,2 ,7 ,0.53,0.83
1770,645,585,6 ,6 ,6 ,2 ,0 ,0 ,0 ,4 ,5 ,6 ,0 ,0 ,1 ,0 ,0.3,0.28
1771,2562,1492,17 ,9 ,10 ,2 ,2 ,6 ,5 ,1 ,15 ,3 ,0 ,0 ,2 ,6 ,0.39,0.3
1772,2105,708,17 ,14 ,14 ,1 ,1 ,5 ,2 ,8 ,9 ,13 ,3 ,1 ,5 ,0 ,0.36,0.41
1773,1976,996,11 ,40 ,4 ,16 ,5 ,23 ,2 ,1 ,6 ,7 ,5 ,21 ,0 ,12 ,0.27,0.44
1774,1353,1528,7 ,8 ,3 ,6 ,0 ,2 ,4 ,0 ,7 ,4 ,0 ,0 ,0 ,4 ,0.5,0.61
1775,1006,586,22 ,3 ,17 ,3 ,4 ,0 ,1 ,0 ,2 ,0 ,0 ,1 ,20 ,2 ,0.64,0.75
1776,1791,899,19 ,17 ,4 ,14 ,13 ,3 ,2 ,0 ,8 ,8 ,11 ,7 ,0 ,2 ,0.55,0.34
1777,608,587,64 ,31 ,23 ,7 ,20 ,14 ,21 ,10 ,41 ,17 ,23 ,13 ,0 ,1 ,0.52,0.44
1778,1262,1952,56 ,25 ,45 ,13 ,10 ,6 ,1 ,6 ,53 ,18 ,3 ,7 ,0 ,0 ,0.43,0.26
1779,1033,1977,2 ,3 ,2 ,2 ,0 ,1 ,0 ,0 ,2 ,3 ,0 ,0 ,0 ,0 ,0.28,0.5
1780,1066,611,12 ,6 ,11 ,3 ,1 ,1 ,0 ,2 ,6 ,6 ,0 ,0 ,6 ,0 ,0.5,0.75
1781,1109,588,6 ,1 ,6 ,1 ,0 ,0 ,0 ,0 ,6 ,1 ,0 ,0 ,0 ,0 ,0.42,0.07
1782,653,823,36 ,31 ,18 ,15 ,11 ,7 ,7 ,9 ,12 ,19 ,15 ,12 ,9 ,0 ,0.48,0.58
1783,1076,743,61 ,38 ,39 ,34 ,22 ,4 ,0 ,0 ,47 ,29 ,14 ,5 ,0 ,4 ,0.35,0.25
1784,1448,722,36 ,13 ,31 ,7 ,3 ,5 ,2 ,1 ,17 ,12 ,1 ,1 ,18 ,0 ,0.59,0.19
1785,700,830,43 ,32 ,31 ,13 ,8 ,12 ,4 ,7 ,30 ,32 ,13 ,0 ,0 ,0 ,0.41,0.39
1786,1756,1098,96 ,77 ,80 ,55 ,8 ,16 ,8 ,6 ,43 ,33 ,19 ,27 ,34 ,17 ,0.49,0.54
1787,1330,589,23 ,18 ,13 ,10 ,2 ,4 ,8 ,4 ,22 ,15 ,0 ,0 ,1 ,3 ,0.43,0.32
1788,821,735,72 ,43 ,36 ,18 ,30 ,13 ,6 ,12 ,22 ,17 ,50 ,20 ,0 ,6 ,0.54,0.69
1789,826,635,36 ,34 ,16 ,25 ,15 ,7 ,5 ,2 ,21 ,27 ,8 ,2 ,7 ,5 ,0.67,0.58
1790,760,731,3 ,21 ,1 ,19 ,1 ,1 ,1 ,1 ,3 ,7 ,0 ,0 ,0 ,14 ,0.3,0.61
1791,940,590,88 ,73 ,61 ,39 ,13 ,24 ,14 ,10 ,79 ,59 ,9 ,13 ,0 ,1 ,0.44,0.52
1792,867,832,6 ,82 ,3 ,50 ,0 ,29 ,3 ,3 ,2 ,10 ,4 ,19 ,0 ,53 ,0.2,0.58
1793,1916,854,61 ,45 ,38 ,28 ,6 ,7 ,17 ,10 ,54 ,45 ,7 ,0 ,0 ,0 ,0.26,0.3
1794,1729,1488,2 ,7 ,0 ,6 ,1 ,0 ,1 ,1 ,2 ,5 ,0 ,0 ,0 ,2 ,0.09,0.29
1795,1012,1345,19 ,25 ,10 ,22 ,7 ,3 ,2 ,0 ,15 ,11 ,2 ,4 ,2 ,10 ,0.48,0.32
1796,1216,616,102 ,27 ,86 ,17 ,12 ,8 ,4 ,2 ,65 ,20 ,11 ,4 ,26 ,3 ,0.53,0.22
1797,1190,721,17 ,55 ,10 ,42 ,2 ,3 ,5 ,10 ,14 ,35 ,3 ,3 ,0 ,17 ,0.12,0.68
1798,591,620,17 ,33 ,13 ,27 ,3 ,3 ,1 ,3 ,4 ,6 ,0 ,1 ,13 ,26 ,0.62,0.7
1799,802,1537,46 ,10 ,23 ,9 ,16 ,1 ,7 ,0 ,12 ,5 ,7 ,4 ,27 ,1 ,0.54,0.32
1800,643,957,47 ,33 ,21 ,9 ,11 ,5 ,15 ,19 ,41 ,32 ,3 ,1 ,3 ,0 ,0.28,0.36
1801,1831,592,0 ,20 ,0 ,20 ,0 ,0 ,0 ,0 ,0 ,0 ,0 ,0 ,0 ,20 ,0.0,0.62
1802,744,917,9 ,21 ,0 ,20 ,2 ,1 ,7 ,0 ,8 ,14 ,1 ,3 ,0 ,4 ,0.36,0.65
1803,593,1043,4 ,21 ,3 ,20 ,1 ,0 ,0 ,1 ,4 ,7 ,0 ,5 ,0 ,9 ,0.5,0.67
1804,660,1827,0 ,6 ,0 ,6 ,0 ,0 ,0 ,0 ,0 ,1 ,0 ,0 ,0 ,5 ,0.0,0.6
1805,594,925,28 ,23 ,13 ,14 ,14 ,2 ,1 ,7 ,3 ,9 ,25 ,10 ,0 ,4 ,0.59,0.58
1806,632,1486,9 ,54 ,7 ,26 ,2 ,28 ,0 ,0 ,4 ,2 ,5 ,15 ,0 ,37 ,0.52,0.6
1807,1038,951,6 ,21 ,1 ,16 ,3 ,5 ,2 ,0 ,0 ,6 ,6 ,12 ,0 ,3 ,0.75,0.77
1808,1970,1254,24 ,13 ,6 ,7 ,6 ,2 ,12 ,4 ,14 ,13 ,7 ,0 ,3 ,0 ,0.45,0.34
1809,1108,674,19 ,42 ,12 ,9 ,3 ,13 ,4 ,20 ,7 ,34 ,9 ,8 ,3 ,0 ,0.33,0.46
1810,680,1045,17 ,7 ,13 ,5 ,3 ,1 ,1 ,1 ,3 ,2 ,1 ,4 ,13 ,1 ,0.48,0.38
1811,1167,728,53 ,32 ,28 ,18 ,5 ,4 ,20 ,10 ,50 ,25 ,2 ,5 ,1 ,2 ,0.42,0.26
1812,840,1006,44 ,33 ,22 ,11 ,15 ,4 ,7 ,18 ,34 ,8 ,10 ,24 ,0 ,1 ,0.44,0.46
1813,1361,595,52 ,43 ,28 ,32 ,16 ,8 ,8 ,3 ,39 ,32 ,13 ,10 ,0 ,1 ,0.58,0.62
1814,791,901,16 ,81 ,11 ,69 ,4 ,11 ,1 ,1 ,14 ,13 ,1 ,8 ,1 ,60 ,0.38,0.7
1815,678,1697,5 ,10 ,4 ,7 ,1 ,1 ,0 ,2 ,5 ,6 ,0 ,0 ,0 ,4 ,0.62,0.47
1816,682,1203,0 ,2 ,0 ,2 ,0 ,0 ,0 ,0 ,0 ,1 ,0 ,0 ,0 ,1 ,0.0,1.0
1817,1715,1689,238 ,96 ,199 ,56 ,37 ,23 ,2 ,17 ,228 ,84 ,10 ,12 ,0 ,0 ,0.65,0.52
1818,1062,1540,6 ,19 ,3 ,11 ,1 ,8 ,2 ,0 ,5 ,4 ,1 ,11 ,0 ,4 ,0.33,0.79
1819,1272,703,53 ,37 ,36 ,21 ,9 ,8 ,8 ,8 ,47 ,30 ,2 ,4 ,4 ,3 ,0.43,0.24
1820,623,1244,2 ,11 ,1 ,6 ,0 ,3 ,1 ,2 ,2 ,6 ,0 ,2 ,0 ,3 ,0.25,0.45
1821,1297,637,60 ,24 ,46 ,20 ,13 ,4 ,1 ,0 ,44 ,23 ,2 ,1 ,14 ,0 ,0.43,0.5
1822,1044,734,2 ,0 ,0 ,0 ,2 ,0 ,0 ,0 ,1 ,0 ,0 ,0 ,1 ,0 ,0.28,0.0
1823,1060,958,50 ,45 ,22 ,18 ,24 ,22 ,4 ,5 ,49 ,40 ,1 ,5 ,0 ,0 ,0.39,0.26
1824,2286,687,47 ,26 ,14 ,15 ,10 ,3 ,23 ,8 ,43 ,24 ,4 ,2 ,0 ,0 ,0.36,0.24
1825,1225,649,8 ,0 ,7 ,0 ,1 ,0 ,0 ,0 ,1 ,0 ,0 ,0 ,7 ,0 ,0.8,0.0
1826,756,609,4 ,0 ,0 ,0 ,0 ,0 ,4 ,0 ,4 ,0 ,0 ,0 ,0 ,0 ,0.5,0.0
1827,1255,1150,14 ,4 ,14 ,3 ,0 ,1 ,0 ,0 ,2 ,3 ,1 ,0 ,11 ,1 ,0.48,0.25
1828,2060,1343,11 ,13 ,6 ,1 ,1 ,1 ,4 ,11 ,7 ,9 ,1 ,4 ,3 ,0 ,0.47,0.56
1829,596,610,3 ,11 ,3 ,11 ,0 ,0 ,0 ,0 ,3 ,7 ,0 ,4 ,0 ,0 ,0.75,0.47
1830,1949,619,19 ,4 ,16 ,3 ,1 ,0 ,2 ,1 ,8 ,4 ,0 ,0 ,11 ,0 ,0.79,0.57
1831,842,641,6 ,7 ,5 ,5 ,0 ,1 ,1 ,1 ,2 ,6 ,0 ,1 ,4 ,0 ,0.46,0.33
1832,849,597,24 ,3 ,8 ,2 ,13 ,1 ,3 ,0 ,4 ,3 ,1 ,0 ,19 ,0 ,0.92,0.27
1833,613,1512,13 ,35 ,9 ,32 ,2 ,3 ,2 ,0 ,11 ,15 ,2 ,3 ,0 ,17 ,0.29,0.45
1834,599,598,6 ,6 ,6 ,3 ,0 ,1 ,0 ,2 ,0 ,1 ,0 ,0 ,6 ,5 ,0.35,0.66
1835,773,600,12 ,3 ,10 ,3 ,0 ,0 ,2 ,0 ,8 ,2 ,0 ,0 ,4 ,1 ,0.92,0.15
1836,810,666,85 ,68 ,37 ,43 ,30 ,16 ,18 ,9 ,60 ,55 ,25 ,13 ,0 ,0 ,0.55,0.4
1837,646,697,24 ,5 ,11 ,3 ,12 ,2 ,1 ,0 ,14 ,5 ,10 ,0 ,0 ,0 ,0.52,0.25
1838,795,2656,16 ,4 ,12 ,2 ,4 ,2 ,0 ,0 ,7 ,4 ,4 ,0 ,5 ,0 ,0.61,0.33
1839,1160,2361,44 ,30 ,24 ,16 ,4 ,7 ,16 ,7 ,42 ,29 ,2 ,1 ,0 ,0 ,0.34,0.23
1840,757,696,22 ,65 ,11 ,49 ,7 ,10 ,4 ,6 ,19 ,51 ,3 ,14 ,0 ,0 ,0.3,0.7
1841,2436,648,64 ,56 ,44 ,49 ,5 ,6 ,15 ,1 ,42 ,26 ,19 ,5 ,3 ,25 ,0.47,0.6
1842,2442,606,6 ,2 ,2 ,0 ,1 ,1 ,3 ,1 ,3 ,2 ,0 ,0 ,3 ,0 ,0.5,0.5
1843,2562,965,43 ,35 ,24 ,15 ,9 ,12 ,10 ,8 ,28 ,28 ,5 ,6 ,10 ,1 ,0.65,0.35
1844,677,601,21 ,31 ,16 ,18 ,5 ,9 ,0 ,4 ,12 ,17 ,0 ,12 ,9 ,2 ,0.56,0.72
1845,1466,1537,68 ,39 ,65 ,28 ,3 ,8 ,0 ,3 ,42 ,25 ,17 ,14 ,9 ,0 ,0.7,0.51
1846,1571,1977,51 ,58 ,35 ,43 ,14 ,10 ,2 ,5 ,39 ,49 ,12 ,7 ,0 ,2 ,0.3,0.34
1847,769,1216,40 ,30 ,24 ,17 ,12 ,11 ,4 ,2 ,14 ,14 ,15 ,14 ,11 ,2 ,0.41,0.34
1848,1264,874,62 ,51 ,56 ,21 ,5 ,17 ,1 ,13 ,34 ,37 ,14 ,14 ,14 ,0 ,0.38,0.25
1849,634,2099,8 ,22 ,0 ,9 ,1 ,7 ,7 ,6 ,8 ,20 ,0 ,0 ,0 ,2 ,0.36,0.57
1850,1184,764,36 ,30 ,25 ,24 ,5 ,3 ,6 ,3 ,24 ,8 ,11 ,4 ,1 ,18 ,0.5,0.48
1851,688,662,74 ,67 ,30 ,50 ,30 ,3 ,14 ,14 ,63 ,67 ,1 ,0 ,10 ,0 ,0.46,0.39
1852,1791,602,48 ,20 ,24 ,8 ,15 ,5 ,9 ,7 ,35 ,16 ,9 ,4 ,4 ,0 ,0.67,0.24
1853,1890,768,55 ,41 ,35 ,24 ,13 ,9 ,7 ,8 ,52 ,26 ,2 ,5 ,1 ,10 ,0.61,0.5
1854,2105,2443,11 ,11 ,6 ,8 ,0 ,2 ,5 ,1 ,7 ,11 ,2 ,0 ,2 ,0 ,0.44,0.34
1855,1781,715,28 ,16 ,10 ,16 ,14 ,0 ,4 ,0 ,13 ,13 ,15 ,3 ,0 ,0 ,0.49,0.44
1856,1442,991,104 ,73 ,68 ,52 ,16 ,14 ,20 ,7 ,102 ,72 ,2 ,1 ,0 ,0 ,0.34,0.35
1857,893,1001,33 ,41 ,22 ,30 ,11 ,8 ,0 ,3 ,21 ,32 ,11 ,9 ,1 ,0 ,0.34,0.34
1858,1154,1485,26 ,91 ,18 ,47 ,5 ,24 ,3 ,20 ,21 ,78 ,4 ,13 ,1 ,0 ,0.37,0.66
1859,1602,1580,105 ,151 ,57 ,52 ,42 ,31 ,6 ,68 ,103 ,150 ,1 ,1 ,1 ,0 ,0.42,0.47
1860,1936,621,83 ,28 ,49 ,15 ,31 ,5 ,3 ,8 ,46 ,28 ,21 ,0 ,16 ,0 ,0.48,0.41
1861,695,1031,38 ,50 ,16 ,24 ,19 ,13 ,3 ,13 ,29 ,32 ,9 ,8 ,0 ,10 ,0.33,0.45
1862,668,846,18 ,7 ,13 ,4 ,4 ,2 ,1 ,1 ,9 ,7 ,0 ,0 ,9 ,0 ,0.64,0.43
1863,792,731,25 ,31 ,21 ,17 ,4 ,12 ,0 ,2 ,4 ,17 ,0 ,13 ,21 ,1 ,0.71,0.56
1864,1729,643,85 ,11 ,76 ,10 ,5 ,1 ,4 ,0 ,9 ,7 ,0 ,0 ,76 ,4 ,0.74,0.33
1865,1969,709,8 ,7 ,8 ,7 ,0 ,0 ,0 ,0 ,5 ,6 ,0 ,1 ,3 ,0 ,0.47,0.38
1866,650,801,55 ,62 ,34 ,28 ,11 ,4 ,10 ,30 ,24 ,36 ,13 ,14 ,18 ,12 ,0.65,0.63
1867,1510,729,47 ,51 ,26 ,16 ,5 ,13 ,16 ,22 ,39 ,51 ,0 ,0 ,8 ,0 ,0.58,0.68
1868,1502,1300,29 ,62 ,17 ,44 ,9 ,10 ,3 ,8 ,27 ,51 ,0 ,7 ,2 ,4 ,0.25,0.5
1869,657,702,6 ,15 ,3 ,15 ,0 ,0 ,3 ,0 ,6 ,7 ,0 ,0 ,0 ,8 ,0.31,0.62
1870,1128,967,28 ,37 ,20 ,21 ,6 ,15 ,2 ,1 ,6 ,14 ,8 ,23 ,14 ,0 ,0.31,0.48
1871,698,603,124 ,47 ,86 ,29 ,15 ,12 ,23 ,6 ,99 ,33 ,19 ,14 ,6 ,0 ,0.51,0.31
1872,884,943,21 ,14 ,19 ,9 ,2 ,4 ,0 ,1 ,17 ,7 ,4 ,7 ,0 ,0 ,0.42,0.46
1873,1196,639,48 ,32 ,34 ,31 ,11 ,0 ,3 ,1 ,31 ,32 ,10 ,0 ,7 ,0 ,0.44,0.48
1874,1530,1432,9 ,0 ,8 ,0 ,0 ,0 ,1 ,0 ,6 ,0 ,0 ,0 ,3 ,0 ,0.45,0.0
1875,910,711,67 ,26 ,48 ,10 ,15 ,6 ,4 ,10 ,31 ,25 ,2 ,1 ,34 ,0 ,0.6,0.33
1876,1336,1356,29 ,42 ,26 ,36 ,2 ,3 ,1 ,3 ,19 ,26 ,0 ,11 ,10 ,5 ,0.38,0.45
1877,995,799,33 ,91 ,29 ,49 ,2 ,24 ,2 ,18 ,28 ,79 ,5 ,11 ,0 ,1 ,0.34,0.45
1878,1337,717,10 ,5 ,8 ,2 ,0 ,2 ,2 ,1 ,9 ,4 ,0 ,1 ,1 ,0 ,0.62,0.41
1879,905,1109,16 ,55 ,8 ,27 ,6 ,9 ,2 ,19 ,9 ,20 ,6 ,10 ,1 ,25 ,0.41,0.54
1880,1743,996,68 ,87 ,33 ,50 ,18 ,25 ,17 ,12 ,57 ,71 ,6 ,8 ,5 ,8 ,0.35,0.32
1881,638,970,29 ,64 ,15 ,57 ,6 ,7 ,8 ,0 ,28 ,56 ,1 ,6 ,0 ,2 ,0.46,0.56
1882,604,1949,9 ,14 ,4 ,11 ,2 ,2 ,3 ,1 ,6 ,10 ,3 ,3 ,0 ,1 ,0.75,0.66
1883,789,620,3 ,2 ,2 ,1 ,0 ,1 ,1 ,0 ,3 ,2 ,0 ,0 ,0 ,0 ,1.0,0.4
1884,1117,936,36 ,36 ,20 ,30 ,9 ,4 ,7 ,2 ,29 ,24 ,1 ,3 ,6 ,9 ,0.57,0.45
1885,1130,821,72 ,81 ,44 ,50 ,11 ,20 ,17 ,11 ,54 ,64 ,16 ,17 ,2 ,0 ,0.47,0.36
1886,987,663,25 ,5 ,24 ,4 ,0 ,1 ,1 ,0 ,2 ,3 ,2 ,1 ,21 ,1 ,0.55,0.22
1887,1037,605,22 ,0 ,20 ,0 ,0 ,0 ,2 ,0 ,11 ,0 ,4 ,0 ,7 ,0 ,0.66,0.0
1888,2081,917,58 ,60 ,31 ,55 ,15 ,4 ,12 ,1 ,54 ,60 ,4 ,0 ,0 ,0 ,0.34,0.38
1889,1293,877,75 ,61 ,44 ,31 ,11 ,16 ,20 ,14 ,68 ,36 ,7 ,12 ,0 ,13 ,0.51,0.42
1890,1546,655,18 ,8 ,8 ,5 ,6 ,2 ,4 ,1 ,12 ,8 ,2 ,0 ,4 ,0 ,0.36,0.44
1891,1445,743,62 ,47 ,42 ,34 ,11 ,13 ,9 ,0 ,60 ,39 ,1 ,8 ,1 ,0 ,0.52,0.39
1892,644,606,44 ,36 ,19 ,15 ,6 ,11 ,19 ,10 ,18 ,33 ,8 ,3 ,18 ,0 ,0.51,0.52
1893,676,705,37 ,28 ,19 ,22 ,18 ,5 ,0 ,1 ,12 ,16 ,18 ,10 ,7 ,2 ,0.55,0.51
1894,1159,630,1 ,36 ,0 ,17 ,0 ,12 ,1 ,7 ,0 ,30 ,1 ,4 ,0 ,2 ,1.0,0.56
1895,831,1107,28 ,11 ,27 ,10 ,1 ,0 ,0 ,1 ,2 ,4 ,0 ,0 ,26 ,7 ,0.93,0.78
1896,794,654,48 ,1 ,31 ,1 ,15 ,0 ,2 ,0 ,12 ,1 ,0 ,0 ,36 ,0 ,0.96,0.16
1897,741,740,11 ,21 ,7 ,16 ,2 ,5 ,2 ,0 ,6 ,9 ,2 ,10 ,3 ,2 ,0.61,0.48
1898,1146,636,36 ,23 ,34 ,18 ,1 ,4 ,1 ,1 ,11 ,16 ,1 ,4 ,24 ,3 ,0.53,0.4
1899,645,727,15 ,6 ,8 ,4 ,2 ,2 ,5 ,0 ,6 ,1 ,1 ,0 ,8 ,5 ,0.6,0.85
1900,1170,674,68 ,49 ,31 ,11 ,17 ,15 ,20 ,23 ,58 ,35 ,10 ,14 ,0 ,0 ,0.33,0.39
1901,833,1419,0 ,3 ,0 ,3 ,0 ,0 ,0 ,0 ,0 ,3 ,0 ,0 ,0 ,0 ,0.0,0.75
1902,699,766,18 ,7 ,14 ,5 ,1 ,2 ,3 ,0 ,7 ,5 ,5 ,2 ,6 ,0 ,0.54,0.5
1903,1697,759,76 ,38 ,50 ,21 ,7 ,4 ,19 ,13 ,72 ,36 ,3 ,2 ,1 ,0 ,0.26,0.35
1904,940,1088,24 ,18 ,15 ,9 ,2 ,4 ,7 ,5 ,24 ,17 ,0 ,1 ,0 ,0 ,0.17,0.23
1905,749,903,28 ,68 ,26 ,38 ,2 ,14 ,0 ,16 ,18 ,49 ,0 ,8 ,10 ,11 ,0.6,0.55
1906,777,1045,67 ,56 ,24 ,24 ,27 ,15 ,16 ,17 ,46 ,44 ,21 ,12 ,0 ,0 ,0.56,0.42
1907,1831,840,39 ,73 ,14 ,29 ,14 ,23 ,11 ,21 ,38 ,71 ,1 ,2 ,0 ,0 ,0.33,0.48
1908,1791,2099,36 ,67 ,20 ,53 ,6 ,12 ,10 ,2 ,17 ,61 ,3 ,3 ,16 ,3 ,0.46,0.5
1909,1175,659,4 ,0 ,2 ,0 ,1 ,0 ,1 ,0 ,2 ,0 ,2 ,0 ,0 ,0 ,0.5,0.0
1910,802,631,74 ,33 ,50 ,25 ,2 ,3 ,22 ,5 ,20 ,27 ,16 ,6 ,38 ,0 ,0.69,0.37
1911,660,607,110 ,84 ,96 ,69 ,12 ,3 ,2 ,12 ,110 ,73 ,0 ,0 ,0 ,11 ,0.52,0.29
1912,608,1066,8 ,16 ,6 ,13 ,1 ,3 ,1 ,0 ,8 ,14 ,0 ,0 ,0 ,2 ,0.27,0.27
1913,857,1623,9 ,8 ,9 ,6 ,0 ,2 ,0 ,0 ,7 ,5 ,2 ,2 ,0 ,1 ,0.52,0.47
1914,1053,689,47 ,6 ,45 ,2 ,2 ,0 ,0 ,4 ,3 ,4 ,0 ,2 ,44 ,0 ,0.68,0.27
1915,1970,1264,105 ,45 ,68 ,16 ,19 ,13 ,18 ,16 ,86 ,39 ,18 ,6 ,1 ,0 ,0.49,0.29
1916,609,725,11 ,16 ,9 ,13 ,2 ,0 ,0 ,3 ,7 ,8 ,4 ,2 ,0 ,6 ,0.4,0.41
1917,826,610,26 ,24 ,14 ,15 ,9 ,6 ,3 ,3 ,18 ,8 ,7 ,13 ,1 ,3 ,0.61,0.55
1918,1345,708,45 ,27 ,33 ,17 ,5 ,9 ,7 ,1 ,7 ,8 ,6 ,5 ,32 ,14 ,0.52,0.45
1919,1006,721,52 ,29 ,29 ,20 ,9 ,2 ,14 ,7 ,31 ,27 ,18 ,2 ,3 ,0 ,0.38,0.34
1920,867,1370,65 ,96 ,52 ,65 ,11 ,25 ,2 ,6 ,51 ,90 ,2 ,3 ,12 ,3 ,0.49,0.45
1921,793,746,68 ,33 ,55 ,20 ,10 ,5 ,3 ,8 ,47 ,28 ,7 ,2 ,14 ,3 ,0.44,0.34
1922,1488,2642,80 ,79 ,54 ,64 ,17 ,11 ,9 ,4 ,78 ,67 ,2 ,12 ,0 ,0 ,0.34,0.35
1923,1916,2436,45 ,67 ,23 ,28 ,7 ,22 ,15 ,17 ,45 ,66 ,0 ,1 ,0 ,0 ,0.25,0.36
1924,773,696,15 ,39 ,11 ,32 ,1 ,6 ,3 ,1 ,9 ,2 ,5 ,37 ,1 ,0 ,0.68,0.54
1925,756,718,0 ,20 ,0 ,19 ,0 ,1 ,0 ,0 ,0 ,0 ,0 ,0 ,0 ,20 ,0.0,0.54
1926,893,1203,33 ,55 ,23 ,32 ,10 ,2 ,0 ,21 ,18 ,28 ,6 ,27 ,9 ,0 ,0.37,0.45
1927,1715,2656,46 ,25 ,29 ,11 ,11 ,7 ,6 ,7 ,23 ,13 ,22 ,12 ,1 ,0 ,0.46,0.35
1928,611,1070,41 ,68 ,16 ,48 ,20 ,13 ,5 ,7 ,35 ,58 ,4 ,9 ,2 ,1 ,0.23,0.39
1929,612,1603,31 ,51 ,21 ,25 ,5 ,4 ,5 ,22 ,30 ,49 ,1 ,2 ,0 ,0 ,0.2,0.33
1930,1952,613,5 ,2 ,4 ,1 ,1 ,1 ,0 ,0 ,2 ,1 ,0 ,1 ,3 ,0 ,0.5,0.16
1931,724,649,68 ,27 ,30 ,14 ,27 ,3 ,11 ,10 ,34 ,25 ,24 ,2 ,10 ,0 ,0.6,0.44
1932,776,661,1 ,7 ,1 ,6 ,0 ,0 ,0 ,1 ,1 ,3 ,0 ,1 ,0 ,3 ,0.14,0.5
1933,2451,994,39 ,32 ,13 ,17 ,10 ,4 ,16 ,11 ,35 ,28 ,4 ,3 ,0 ,1 ,0.24,0.38
1934,614,1033,1 ,5 ,1 ,5 ,0 ,0 ,0 ,0 ,1 ,4 ,0 ,0 ,0 ,1 ,0.12,0.45
1935,1043,981,36 ,98 ,30 ,72 ,1 ,26 ,5 ,0 ,24 ,61 ,10 ,37 ,2 ,0 ,0.45,0.71
1936,957,656,50 ,18 ,30 ,2 ,17 ,4 ,3 ,12 ,30 ,18 ,1 ,0 ,19 ,0 ,0.53,0.34
1937,1689,2663,87 ,46 ,35 ,24 ,20 ,11 ,32 ,11 ,85 ,44 ,2 ,2 ,0 ,0 ,0.45,0.4
1938,837,615,36 ,32 ,14 ,19 ,13 ,6 ,9 ,7 ,23 ,27 ,13 ,4 ,0 ,1 ,0.43,0.52
1939,1827,2105,74 ,56 ,59 ,44 ,12 ,1 ,3 ,11 ,60 ,55 ,5 ,1 ,9 ,0 ,0.48,0.44
1940,738,1949,38 ,28 ,23 ,22 ,15 ,2 ,0 ,4 ,17 ,21 ,15 ,2 ,6 ,5 ,0.56,0.35
1941,823,1757,5 ,15 ,1 ,14 ,2 ,1 ,2 ,0 ,4 ,11 ,1 ,0 ,0 ,4 ,0.26,0.5
1942,680,686,2 ,1 ,1 ,1 ,1 ,0 ,0 ,0 ,2 ,1 ,0 ,0 ,0 ,0 ,0.4,0.25
1943,647,646,18 ,17 ,15 ,8 ,1 ,5 ,2 ,4 ,10 ,7 ,4 ,10 ,4 ,0 ,0.62,0.44
1944,616,1308,14 ,29 ,11 ,25 ,3 ,2 ,0 ,2 ,12 ,10 ,1 ,5 ,1 ,14 ,0.41,0.54
1945,2286,861,11 ,20 ,1 ,17 ,0 ,3 ,10 ,0 ,11 ,11 ,0 ,0 ,0 ,9 ,0.64,0.57
1946,1012,2037,23 ,36 ,20 ,27 ,2 ,9 ,1 ,0 ,9 ,14 ,1 ,0 ,13 ,22 ,0.48,0.4
1947,1510,696,0 ,4 ,0 ,2 ,0 ,2 ,0 ,0 ,0 ,4 ,0 ,0 ,0 ,0 ,0.0,0.57
1948,1969,669,32 ,32 ,26 ,10 ,4 ,14 ,2 ,8 ,21 ,31 ,0 ,1 ,11 ,0 ,0.38,0.65
1949,1154,729,2 ,3 ,1 ,0 ,1 ,3 ,0 ,0 ,2 ,3 ,0 ,0 ,0 ,0 ,0.5,0.37
1950,1353,1092,28 ,1 ,28 ,0 ,0 ,0 ,0 ,1 ,0 ,1 ,0 ,0 ,28 ,0 ,0.56,0.5
1951,1528,1038,59 ,17 ,44 ,5 ,15 ,2 ,0 ,10 ,56 ,17 ,0 ,0 ,3 ,0 ,0.66,0.45
1952,731,1102,6 ,18 ,3 ,8 ,2 ,7 ,1 ,3 ,4 ,11 ,2 ,2 ,0 ,5 ,0.25,0.69
1953,1155,761,10 ,13 ,8 ,8 ,1 ,5 ,1 ,0 ,7 ,13 ,1 ,0 ,2 ,0 ,0.35,0.44
1954,787,1142,39 ,33 ,32 ,23 ,6 ,10 ,1 ,0 ,39 ,23 ,0 ,2 ,0 ,8 ,0.43,0.35
1955,1352,617,12 ,6 ,5 ,1 ,2 ,0 ,5 ,5 ,12 ,6 ,0 ,0 ,0 ,0 ,0.24,0.22
1956,1013,618,17 ,16 ,11 ,11 ,3 ,3 ,3 ,2 ,8 ,11 ,0 ,1 ,9 ,4 ,0.56,0.4
1957,710,667,54 ,36 ,44 ,20 ,8 ,11 ,2 ,5 ,46 ,31 ,5 ,5 ,3 ,0 ,0.34,0.35
1958,2443,619,118 ,27 ,86 ,19 ,30 ,5 ,2 ,3 ,105 ,27 ,8 ,0 ,5 ,0 ,0.44,0.25
1959,668,2442,27 ,42 ,22 ,21 ,4 ,10 ,1 ,11 ,22 ,32 ,5 ,8 ,0 ,2 ,0.36,0.55
1960,2516,1618,9 ,8 ,5 ,6 ,1 ,1 ,3 ,1 ,9 ,8 ,0 ,0 ,0 ,0 ,0.6,0.5
1961,1300,743,19 ,13 ,15 ,10 ,2 ,3 ,2 ,0 ,13 ,6 ,4 ,6 ,2 ,1 ,0.38,0.41
1962,620,728,37 ,41 ,17 ,20 ,19 ,17 ,1 ,4 ,17 ,20 ,18 ,18 ,2 ,3 ,0.37,0.37
1963,662,621,18 ,26 ,13 ,12 ,1 ,4 ,4 ,10 ,18 ,26 ,0 ,0 ,0 ,0 ,0.12,0.19
1964,642,1084,35 ,22 ,26 ,8 ,7 ,2 ,2 ,12 ,28 ,20 ,6 ,1 ,1 ,1 ,0.31,0.23
1965,1936,1031,26 ,5 ,25 ,3 ,1 ,1 ,0 ,1 ,9 ,3 ,8 ,2 ,9 ,0 ,0.61,0.62
1966,760,666,6 ,7 ,2 ,6 ,1 ,1 ,3 ,0 ,4 ,6 ,1 ,1 ,1 ,0 ,0.66,0.41
1967,716,694,2 ,61 ,1 ,59 ,1 ,1 ,0 ,1 ,2 ,8 ,0 ,1 ,0 ,52 ,0.02,0.53
1968,899,807,25 ,35 ,19 ,15 ,6 ,17 ,0 ,3 ,11 ,19 ,8 ,7 ,6 ,9 ,0.35,0.54
1969,1001,622,32 ,17 ,18 ,3 ,3 ,8 ,11 ,6 ,5 ,6 ,13 ,11 ,14 ,0 ,0.62,0.45
1970,1681,991,61 ,48 ,54 ,32 ,5 ,7 ,2 ,9 ,54 ,45 ,4 ,3 ,3 ,0 ,0.32,0.33
1971,1244,697,18 ,19 ,12 ,10 ,5 ,9 ,1 ,0 ,10 ,10 ,6 ,9 ,2 ,0 ,0.64,0.54
1972,1225,849,10 ,3 ,1 ,2 ,9 ,1 ,0 ,0 ,7 ,2 ,3 ,1 ,0 ,0 ,0.71,0.25
1973,1293,877,90 ,57 ,23 ,16 ,41 ,27 ,26 ,14 ,45 ,26 ,45 ,31 ,0 ,0 ,0.58,0.43
1974,640,760,63 ,41 ,31 ,14 ,5 ,9 ,27 ,18 ,44 ,37 ,19 ,4 ,0 ,0 ,0.52,0.45
1975,935,623,57 ,72 ,40 ,26 ,15 ,7 ,2 ,39 ,31 ,25 ,17 ,30 ,9 ,17 ,0.61,0.67
1976,1791,624,52 ,20 ,30 ,7 ,14 ,2 ,8 ,11 ,26 ,20 ,26 ,0 ,0 ,0 ,0.59,0.32
1977,786,1160,14 ,34 ,10 ,19 ,2 ,4 ,2 ,11 ,8 ,26 ,4 ,8 ,2 ,0 ,0.32,0.49
1978,821,652,12 ,5 ,9 ,2 ,3 ,1 ,0 ,2 ,2 ,4 ,6 ,1 ,4 ,0 ,0.75,0.33
1979,1076,692,51 ,18 ,13 ,11 ,27 ,6 ,11 ,1 ,27 ,18 ,3 ,0 ,21 ,0 ,0.4,0.3
1980,948,671,5 ,5 ,5 ,3 ,0 ,0 ,0 ,2 ,2 ,2 ,0 ,2 ,3 ,1 ,0.33,0.71
1981,910,1492,17 ,36 ,6 ,15 ,10 ,11 ,1 ,10 ,12 ,28 ,3 ,3 ,2 ,5 ,0.37,0.49
1982,1361,2562,38 ,45 ,24 ,39 ,11 ,2 ,3 ,4 ,30 ,40 ,1 ,1 ,7 ,4 ,0.35,0.43
1983,925,789,39 ,18 ,29 ,9 ,6 ,6 ,4 ,3 ,14 ,13 ,6 ,4 ,19 ,1 ,0.66,0.43
1984,958,625,64 ,65 ,28 ,43 ,20 ,13 ,16 ,9 ,63 ,60 ,1 ,5 ,0 ,0 ,0.33,0.41
1985,1315,1976,49 ,45 ,35 ,40 ,7 ,1 ,7 ,4 ,33 ,45 ,10 ,0 ,6 ,0 ,0.21,0.14
1986,1272,675,38 ,30 ,21 ,17 ,5 ,10 ,12 ,3 ,31 ,24 ,0 ,1 ,7 ,5 ,0.55,0.38
1987,751,626,28 ,17 ,20 ,5 ,6 ,4 ,2 ,8 ,21 ,17 ,6 ,0 ,1 ,0 ,0.48,0.41
1988,800,944,68 ,33 ,42 ,19 ,21 ,5 ,5 ,9 ,38 ,30 ,4 ,3 ,26 ,0 ,0.72,0.4
1989,627,949,52 ,65 ,19 ,31 ,19 ,29 ,14 ,5 ,39 ,60 ,13 ,5 ,0 ,0 ,0.37,0.46
1990,628,1723,3 ,21 ,1 ,9 ,1 ,12 ,1 ,0 ,1 ,2 ,2 ,8 ,0 ,11 ,0.75,0.8
1991,629,866,8 ,11 ,2 ,7 ,0 ,2 ,6 ,2 ,8 ,11 ,0 ,0 ,0 ,0 ,0.44,0.52
1992,1297,1202,19 ,19 ,10 ,8 ,6 ,2 ,3 ,9 ,11 ,8 ,4 ,0 ,4 ,11 ,0.38,0.43
1993,1485,677,31 ,3 ,26 ,3 ,2 ,0 ,3 ,0 ,18 ,3 ,0 ,0 ,13 ,0 ,0.53,0.18
1994,1232,1144,32 ,36 ,16 ,13 ,6 ,16 ,10 ,7 ,24 ,25 ,1 ,2 ,7 ,9 ,0.38,0.47
1995,1392,1443,42 ,38 ,27 ,25 ,14 ,6 ,1 ,7 ,35 ,32 ,3 ,6 ,4 ,0 ,0.37,0.52
1996,700,658,58 ,122 ,51 ,97 ,3 ,22 ,4 ,3 ,47 ,118 ,1 ,0 ,10 ,4 ,0.31,0.36
1997,788,630,29 ,27 ,9 ,14 ,13 ,9 ,7 ,4 ,12 ,24 ,0 ,3 ,17 ,0 ,0.72,0.47
1998,631,648,35 ,31 ,28 ,20 ,7 ,3 ,0 ,8 ,29 ,20 ,5 ,2 ,1 ,9 ,0.33,0.44
1999,917,698,42 ,44 ,37 ,20 ,5 ,6 ,0 ,18 ,40 ,43 ,2 ,1 ,0 ,0 ,0.25,0.45
2000,1262,1512,28 ,25 ,15 ,13 ,13 ,7 ,0 ,5 ,19 ,15 ,9 ,10 ,0 ,0 ,0.32,0.24
2001,795,842,37 ,18 ,27 ,7 ,8 ,2 ,2 ,9 ,28 ,16 ,1 ,1 ,8 ,1 ,0.36,0.24
2002,792,810,40 ,46 ,10 ,14 ,15 ,12 ,15 ,20 ,38 ,43 ,2 ,2 ,0 ,1 ,0.27,0.27
2003,1343,776,8 ,1 ,5 ,0 ,2 ,0 ,1 ,1 ,4 ,1 ,0 ,0 ,4 ,0 ,1.0,0.16
2004,1167,1571,8 ,1 ,7 ,1 ,0 ,0 ,1 ,0 ,1 ,0 ,4 ,0 ,3 ,1 ,1.0,1.0
2005,830,1148,55 ,51 ,27 ,19 ,22 ,17 ,6 ,15 ,46 ,43 ,9 ,8 ,0 ,0 ,0.48,0.38
2006,633,632,85 ,49 ,54 ,47 ,20 ,2 ,11 ,0 ,81 ,40 ,4 ,4 ,0 ,5 ,0.32,0.38
2007,1516,769,15 ,22 ,11 ,16 ,4 ,6 ,0 ,0 ,3 ,4 ,3 ,4 ,9 ,14 ,0.5,0.61
2008,1773,702,39 ,5 ,14 ,5 ,11 ,0 ,14 ,0 ,31 ,5 ,1 ,0 ,7 ,0 ,0.65,0.35
2009,1032,634,63 ,49 ,11 ,16 ,8 ,11 ,44 ,22 ,32 ,38 ,31 ,11 ,0 ,0 ,0.64,0.48
2010,1184,936,73 ,23 ,47 ,10 ,10 ,2 ,16 ,11 ,49 ,21 ,11 ,0 ,13 ,2 ,0.66,0.31
2011,967,635,70 ,20 ,48 ,12 ,18 ,7 ,4 ,1 ,34 ,15 ,20 ,5 ,16 ,0 ,0.67,0.3
2012,636,1890,7 ,9 ,3 ,4 ,3 ,4 ,1 ,1 ,2 ,7 ,1 ,1 ,4 ,1 ,0.31,0.75
2013,1952,840,51 ,32 ,19 ,13 ,0 ,14 ,32 ,5 ,25 ,31 ,21 ,1 ,5 ,0 ,0.6,0.36
2014,1729,943,3 ,8 ,2 ,3 ,1 ,4 ,0 ,1 ,3 ,8 ,0 ,0 ,0 ,0 ,0.18,0.42
2015,725,831,3 ,4 ,0 ,2 ,0 ,2 ,3 ,0 ,3 ,1 ,0 ,1 ,0 ,2 ,0.42,0.5
2016,650,1089,48 ,29 ,27 ,10 ,10 ,12 ,11 ,7 ,5 ,9 ,18 ,18 ,25 ,2 ,0.68,0.58
2017,1037,757,122 ,73 ,80 ,45 ,23 ,11 ,19 ,17 ,109 ,59 ,3 ,13 ,10 ,1 ,0.49,0.26
2018,916,1977,0 ,28 ,0 ,20 ,0 ,2 ,0 ,6 ,0 ,3 ,0 ,8 ,0 ,17 ,0.0,0.75
2019,1190,695,6 ,29 ,6 ,24 ,0 ,4 ,0 ,1 ,5 ,10 ,1 ,3 ,0 ,16 ,0.25,0.54
2020,703,1949,10 ,7 ,8 ,6 ,1 ,1 ,1 ,0 ,8 ,5 ,0 ,2 ,2 ,0 ,0.43,0.35
2021,1330,1372,11 ,27 ,8 ,23 ,3 ,3 ,0 ,1 ,4 ,12 ,4 ,9 ,3 ,6 ,0.24,0.41
2022,987,921,0 ,2 ,0 ,2 ,0 ,0 ,0 ,0 ,0 ,1 ,0 ,0 ,0 ,1 ,0.0,1.0
2023,826,1070,16 ,52 ,6 ,39 ,3 ,1 ,7 ,12 ,15 ,48 ,1 ,2 ,0 ,2 ,0.26,0.65
2024,2081,771,108 ,68 ,70 ,41 ,16 ,12 ,22 ,15 ,106 ,66 ,2 ,2 ,0 ,0 ,0.36,0.49
2025,903,688,38 ,28 ,21 ,19 ,12 ,7 ,5 ,2 ,22 ,11 ,9 ,6 ,7 ,11 ,0.5,0.44
2026,925,740,35 ,37 ,13 ,22 ,9 ,13 ,13 ,2 ,32 ,19 ,1 ,17 ,2 ,1 ,0.39,0.44
2027,717,970,38 ,15 ,13 ,6 ,21 ,3 ,4 ,6 ,12 ,2 ,26 ,12 ,0 ,1 ,0.67,0.36
2028,1311,1356,26 ,54 ,18 ,11 ,6 ,20 ,2 ,23 ,22 ,42 ,2 ,12 ,2 ,0 ,0.33,0.55
2029,1448,1442,60 ,85 ,38 ,55 ,12 ,10 ,10 ,20 ,57 ,81 ,3 ,4 ,0 ,0 ,0.33,0.29
2030,1299,683,34 ,16 ,12 ,7 ,13 ,3 ,9 ,6 ,24 ,13 ,9 ,3 ,1 ,0 ,0.53,0.37
2031,1108,637,52 ,41 ,37 ,30 ,7 ,4 ,8 ,7 ,47 ,37 ,5 ,4 ,0 ,0 ,0.44,0.43
2032,709,638,35 ,18 ,29 ,4 ,5 ,11 ,1 ,3 ,15 ,8 ,13 ,10 ,7 ,0 ,0.45,0.51
2033,685,1889,6 ,3 ,3 ,2 ,2 ,0 ,1 ,1 ,5 ,1 ,0 ,0 ,1 ,2 ,0.6,0.33
2034,874,672,4 ,2 ,3 ,2 ,1 ,0 ,0 ,0 ,4 ,2 ,0 ,0 ,0 ,0 ,0.33,0.12
2035,1130,791,143 ,129 ,120 ,96 ,18 ,26 ,5 ,7 ,143 ,129 ,0 ,0 ,0 ,0 ,0.33,0.35
2036,933,645,19 ,17 ,18 ,13 ,1 ,3 ,0 ,1 ,15 ,8 ,1 ,0 ,3 ,9 ,0.46,0.32
2037,1432,861,44 ,82 ,42 ,53 ,1 ,26 ,1 ,3 ,35 ,78 ,1 ,2 ,8 ,2 ,0.37,0.46
2038,1254,1109,21 ,7 ,8 ,2 ,9 ,1 ,4 ,4 ,19 ,7 ,0 ,0 ,2 ,0 ,0.67,0.21
2039,1756,747,68 ,67 ,51 ,28 ,9 ,27 ,8 ,12 ,38 ,51 ,16 ,14 ,14 ,2 ,0.66,0.63
2040,1537,639,33 ,5 ,22 ,4 ,4 ,1 ,7 ,0 ,3 ,4 ,12 ,0 ,18 ,1 ,0.89,0.5
2041,760,966,22 ,32 ,21 ,26 ,1 ,3 ,0 ,3 ,7 ,8 ,0 ,1 ,15 ,23 ,0.59,0.71
2042,640,1102,2 ,9 ,1 ,7 ,1 ,0 ,0 ,2 ,2 ,3 ,0 ,0 ,0 ,6 ,0.66,0.81
2043,744,764,61 ,56 ,49 ,43 ,8 ,3 ,4 ,10 ,60 ,47 ,1 ,9 ,0 ,0 ,0.4,0.58
2044,1345,641,12 ,6 ,12 ,6 ,0 ,0 ,0 ,0 ,6 ,5 ,1 ,0 ,5 ,1 ,0.44,0.22
2045,710,2443,32 ,29 ,26 ,18 ,3 ,8 ,3 ,3 ,32 ,23 ,0 ,0 ,0 ,6 ,0.35,0.23
2046,1336,642,26 ,15 ,23 ,10 ,2 ,3 ,1 ,2 ,6 ,14 ,1 ,1 ,19 ,0 ,0.38,0.42
2047,799,1781,33 ,21 ,15 ,8 ,15 ,9 ,3 ,4 ,11 ,3 ,10 ,15 ,12 ,3 ,0.7,0.42
2048,1689,795,4 ,10 ,3 ,8 ,0 ,2 ,1 ,0 ,4 ,4 ,0 ,6 ,0 ,0 ,0.44,0.35
2049,996,1743,64 ,66 ,33 ,29 ,14 ,17 ,17 ,20 ,62 ,61 ,2 ,3 ,0 ,2 ,0.38,0.36
2050,1117,849,7 ,0 ,7 ,0 ,0 ,0 ,0 ,0 ,3 ,0 ,0 ,0 ,4 ,0 ,0.46,0.0
2051,1372,643,5 ,1 ,5 ,0 ,0 ,1 ,0 ,0 ,1 ,1 ,0 ,0 ,4 ,0 ,0.45,0.12
2052,899,676,15 ,17 ,12 ,9 ,3 ,4 ,0 ,4 ,12 ,15 ,2 ,2 ,1 ,0 ,0.19,0.31
2053,901,940,87 ,111 ,81 ,52 ,4 ,49 ,2 ,10 ,78 ,105 ,4 ,5 ,5 ,1 ,0.49,0.39
2054,728,807,74 ,91 ,51 ,56 ,17 ,20 ,6 ,15 ,65 ,73 ,6 ,7 ,3 ,11 ,0.46,0.45
2055,724,1466,164 ,160 ,99 ,132 ,54 ,21 ,11 ,7 ,146 ,156 ,18 ,3 ,0 ,1 ,0.54,0.42
2056,1043,737,8 ,15 ,3 ,2 ,4 ,11 ,1 ,2 ,2 ,1 ,4 ,12 ,2 ,2 ,0.61,0.78
2057,2562,2442,9 ,6 ,6 ,5 ,2 ,0 ,1 ,1 ,9 ,4 ,0 ,0 ,0 ,2 ,0.42,0.33
2058,758,720,94 ,26 ,86 ,9 ,0 ,14 ,8 ,3 ,23 ,25 ,1 ,0 ,70 ,1 ,0.65,0.36
2059,1216,699,64 ,57 ,46 ,27 ,7 ,10 ,11 ,20 ,50 ,46 ,13 ,9 ,1 ,2 ,0.45,0.4
2060,1546,1293,44 ,77 ,23 ,29 ,12 ,33 ,9 ,15 ,34 ,45 ,9 ,23 ,1 ,9 ,0.17,0.49
2061,1970,1255,65 ,16 ,46 ,8 ,5 ,3 ,14 ,5 ,23 ,11 ,0 ,4 ,42 ,1 ,0.59,0.44
2062,644,895,2 ,7 ,1 ,6 ,0 ,1 ,1 ,0 ,2 ,2 ,0 ,0 ,0 ,5 ,1.0,0.41
2063,645,2027,1 ,9 ,0 ,7 ,1 ,0 ,0 ,2 ,0 ,3 ,1 ,0 ,0 ,6 ,0.25,0.9
2064,955,2451,65 ,83 ,32 ,62 ,20 ,12 ,13 ,9 ,52 ,71 ,11 ,11 ,2 ,1 ,0.51,0.47
2065,872,873,52 ,45 ,36 ,29 ,8 ,12 ,8 ,4 ,33 ,41 ,2 ,4 ,17 ,0 ,0.49,0.48
2066,823,1383,28 ,53 ,4 ,32 ,9 ,14 ,15 ,7 ,11 ,35 ,17 ,16 ,0 ,2 ,0.63,0.68
2067,689,646,8 ,2 ,6 ,2 ,2 ,0 ,0 ,0 ,1 ,1 ,2 ,1 ,5 ,0 ,0.61,0.2
2068,793,727,41 ,13 ,20 ,11 ,7 ,0 ,14 ,2 ,28 ,11 ,1 ,0 ,12 ,2 ,0.3,0.31
2069,686,1526,6 ,3 ,4 ,2 ,2 ,0 ,0 ,1 ,0 ,1 ,0 ,0 ,6 ,2 ,0.6,0.75
2070,1146,957,14 ,26 ,8 ,15 ,3 ,7 ,3 ,4 ,12 ,26 ,0 ,0 ,2 ,0 ,0.29,0.45
2071,647,837,65 ,61 ,51 ,31 ,5 ,13 ,9 ,17 ,38 ,42 ,10 ,18 ,17 ,1 ,0.46,0.45
2072,1510,1969,57 ,48 ,41 ,24 ,5 ,16 ,11 ,8 ,57 ,46 ,0 ,1 ,0 ,1 ,0.44,0.5
2073,774,820,7 ,10 ,4 ,3 ,0 ,2 ,3 ,5 ,7 ,3 ,0 ,6 ,0 ,1 ,0.16,0.17
2074,711,674,37 ,61 ,16 ,36 ,4 ,6 ,17 ,19 ,33 ,41 ,3 ,3 ,1 ,17 ,0.31,0.44
2075,680,648,8 ,0 ,6 ,0 ,2 ,0 ,0 ,0 ,3 ,0 ,0 ,0 ,5 ,0 ,0.32,0.0
2076,661,649,53 ,42 ,10 ,0 ,9 ,29 ,34 ,13 ,10 ,5 ,42 ,37 ,1 ,0 ,0.68,0.53
2077,650,1001,28 ,10 ,23 ,8 ,4 ,1 ,1 ,1 ,10 ,6 ,14 ,2 ,4 ,2 ,0.63,0.47
2078,2436,1006,17 ,17 ,8 ,14 ,2 ,0 ,7 ,3 ,13 ,5 ,0 ,0 ,4 ,12 ,0.47,0.48
2079,697,924,0 ,6 ,0 ,4 ,0 ,1 ,0 ,1 ,0 ,6 ,0 ,0 ,0 ,0 ,0.0,0.85
2080,1488,1467,33 ,9 ,20 ,8 ,8 ,1 ,5 ,0 ,23 ,9 ,0 ,0 ,10 ,0 ,0.29,0.24
2081,1300,681,25 ,32 ,18 ,17 ,1 ,3 ,6 ,12 ,19 ,31 ,1 ,1 ,5 ,0 ,0.3,0.25
2082,1175,1092,8 ,15 ,2 ,8 ,2 ,1 ,4 ,6 ,6 ,7 ,2 ,4 ,0 ,4 ,0.42,0.75
2083,787,1159,72 ,77 ,52 ,70 ,12 ,5 ,8 ,2 ,68 ,64 ,4 ,13 ,0 ,0 ,0.29,0.5
2084,651,1160,55 ,97 ,42 ,67 ,6 ,11 ,7 ,19 ,49 ,93 ,4 ,4 ,2 ,0 ,0.41,0.36
2085,1443,798,16 ,26 ,13 ,12 ,3 ,7 ,0 ,7 ,14 ,16 ,1 ,5 ,1 ,5 ,0.35,0.34
2086,1012,652,33 ,39 ,22 ,22 ,4 ,9 ,7 ,8 ,20 ,33 ,3 ,2 ,10 ,4 ,0.42,0.35
2087,1262,1723,36 ,45 ,26 ,27 ,6 ,14 ,4 ,4 ,13 ,19 ,17 ,15 ,6 ,11 ,0.57,0.46
2088,1144,1142,46 ,39 ,33 ,28 ,12 ,10 ,1 ,1 ,36 ,31 ,2 ,1 ,8 ,7 ,0.47,0.4
2089,1571,1076,5 ,3 ,4 ,1 ,1 ,2 ,0 ,0 ,1 ,2 ,0 ,1 ,4 ,0 ,0.62,0.6
2090,874,672,29 ,2 ,16 ,0 ,11 ,2 ,2 ,0 ,3 ,1 ,5 ,1 ,21 ,0 ,0.59,0.18
2091,682,1225,82 ,19 ,69 ,12 ,10 ,4 ,3 ,3 ,5 ,4 ,16 ,7 ,61 ,8 ,0.62,0.57
2092,1757,981,85 ,10 ,84 ,9 ,1 ,1 ,0 ,0 ,19 ,10 ,0 ,0 ,66 ,0 ,0.58,0.27
2093,951,729,20 ,13 ,19 ,3 ,0 ,5 ,1 ,5 ,17 ,11 ,0 ,1 ,3 ,1 ,0.4,0.4
2094,1516,653,19 ,12 ,15 ,9 ,4 ,2 ,0 ,1 ,4 ,6 ,10 ,6 ,5 ,0 ,0.7,0.27
2095,698,654,85 ,44 ,35 ,26 ,18 ,9 ,32 ,9 ,45 ,35 ,32 ,9 ,8 ,0 ,0.51,0.36
2096,655,1370,62 ,77 ,34 ,38 ,13 ,28 ,15 ,11 ,62 ,74 ,0 ,1 ,0 ,2 ,0.39,0.34
2097,1890,684,64 ,22 ,40 ,8 ,14 ,1 ,10 ,13 ,55 ,21 ,6 ,1 ,3 ,0 ,0.51,0.29
2098,1128,656,63 ,14 ,53 ,5 ,7 ,8 ,3 ,1 ,10 ,8 ,6 ,5 ,47 ,1 ,0.56,0.56
2099,657,1294,40 ,36 ,33 ,24 ,2 ,10 ,5 ,2 ,40 ,35 ,0 ,1 ,0 ,0 ,0.43,0.43
2100,1196,777,54 ,64 ,31 ,48 ,11 ,9 ,12 ,7 ,43 ,51 ,10 ,9 ,1 ,4 ,0.38,0.52
2101,1167,833,22 ,2 ,18 ,0 ,1 ,1 ,3 ,1 ,0 ,1 ,0 ,1 ,22 ,0 ,0.55,0.2
2102,759,871,62 ,18 ,20 ,10 ,12 ,1 ,30 ,7 ,26 ,5 ,30 ,13 ,6 ,0 ,0.65,0.25
2103,658,830,12 ,8 ,6 ,4 ,0 ,2 ,6 ,2 ,12 ,8 ,0 ,0 ,0 ,0 ,0.57,0.5
2104,821,2037,15 ,44 ,8 ,36 ,4 ,5 ,3 ,3 ,9 ,10 ,5 ,11 ,1 ,23 ,0.31,0.48
2105,792,719,6 ,4 ,3 ,3 ,1 ,0 ,2 ,1 ,4 ,2 ,0 ,0 ,2 ,2 ,0.6,0.3
2106,688,727,45 ,37 ,22 ,30 ,6 ,0 ,17 ,7 ,30 ,35 ,15 ,2 ,0 ,0 ,0.27,0.33
2107,703,866,48 ,50 ,9 ,30 ,0 ,8 ,39 ,12 ,48 ,50 ,0 ,0 ,0 ,0 ,0.32,0.31
2108,958,1831,63 ,84 ,31 ,66 ,16 ,9 ,16 ,9 ,62 ,82 ,0 ,2 ,1 ,0 ,0.17,0.53
2109,794,659,6 ,2 ,6 ,0 ,0 ,1 ,0 ,1 ,1 ,2 ,3 ,0 ,2 ,0 ,0.85,0.66
2110,1148,766,14 ,24 ,9 ,19 ,3 ,5 ,2 ,0 ,8 ,3 ,6 ,12 ,0 ,9 ,0.42,0.7
2111,660,708,39 ,83 ,18 ,54 ,14 ,19 ,7 ,10 ,26 ,39 ,1 ,4 ,12 ,40 ,0.59,0.42
2112,802,1952,19 ,54 ,4 ,33 ,3 ,14 ,12 ,7 ,12 ,26 ,7 ,20 ,0 ,8 ,0.32,0.4
2113,831,1033,34 ,20 ,15 ,14 ,15 ,0 ,4 ,6 ,16 ,18 ,17 ,2 ,1 ,0 ,0.4,0.26
2114,1203,743,3 ,0 ,3 ,0 ,0 ,0 ,0 ,0 ,2 ,0 ,0 ,0 ,1 ,0 ,0.42,0.0
2115,1204,1580,71 ,36 ,52 ,27 ,14 ,4 ,5 ,5 ,26 ,23 ,0 ,0 ,45 ,13 ,0.53,0.24
2116,991,731,12 ,5 ,8 ,5 ,3 ,0 ,1 ,0 ,1 ,3 ,0 ,0 ,11 ,2 ,0.66,0.5
2117,1170,791,128 ,24 ,91 ,17 ,15 ,2 ,22 ,5 ,87 ,24 ,2 ,0 ,39 ,0 ,0.46,0.2
2118,661,1227,9 ,57 ,3 ,22 ,1 ,28 ,5 ,7 ,3 ,1 ,6 ,28 ,0 ,28 ,0.56,0.76
2119,1013,662,52 ,21 ,28 ,16 ,21 ,1 ,3 ,4 ,30 ,17 ,22 ,4 ,0 ,0 ,0.57,0.2
2120,948,1155,49 ,21 ,35 ,17 ,9 ,2 ,5 ,2 ,32 ,17 ,9 ,3 ,8 ,1 ,0.41,0.3
2121,1773,810,57 ,30 ,28 ,7 ,6 ,3 ,23 ,20 ,45 ,29 ,12 ,1 ,0 ,0 ,0.36,0.19
2122,854,2663,8 ,5 ,5 ,3 ,1 ,1 ,2 ,1 ,6 ,4 ,0 ,1 ,2 ,0 ,0.38,0.23
2123,933,1791,9 ,25 ,9 ,13 ,0 ,12 ,0 ,0 ,5 ,8 ,3 ,15 ,1 ,2 ,0.31,0.64
2124,1376,1053,24 ,116 ,20 ,78 ,4 ,29 ,0 ,9 ,21 ,105 ,3 ,10 ,0 ,1 ,0.26,0.57
2125,1756,1697,41 ,72 ,23 ,57 ,7 ,9 ,11 ,6 ,27 ,47 ,14 ,10 ,0 ,15 ,0.43,0.46
2126,996,1715,124 ,30 ,63 ,8 ,29 ,12 ,32 ,10 ,26 ,5 ,31 ,25 ,67 ,0 ,0.62,0.36
2127,663,818,7 ,19 ,6 ,9 ,1 ,9 ,0 ,1 ,5 ,6 ,1 ,8 ,1 ,5 ,0.38,0.7
2128,664,1030,75 ,54 ,36 ,29 ,11 ,9 ,28 ,16 ,67 ,45 ,8 ,7 ,0 ,2 ,0.63,0.33
2129,739,665,16 ,4 ,10 ,4 ,3 ,0 ,3 ,0 ,9 ,4 ,2 ,0 ,5 ,0 ,0.61,0.33
2130,1001,899,16 ,34 ,16 ,24 ,0 ,7 ,0 ,3 ,10 ,33 ,3 ,1 ,3 ,0 ,0.33,0.32
2131,1043,757,48 ,65 ,39 ,32 ,6 ,22 ,3 ,11 ,34 ,20 ,14 ,45 ,0 ,0 ,0.51,0.46
2132,1343,1028,10 ,2 ,4 ,0 ,2 ,1 ,4 ,1 ,8 ,2 ,0 ,0 ,2 ,0 ,0.76,0.13
2133,1311,756,24 ,6 ,23 ,0 ,1 ,2 ,0 ,4 ,15 ,6 ,2 ,0 ,7 ,0 ,0.52,0.46
2134,704,1027,56 ,42 ,21 ,29 ,10 ,6 ,25 ,7 ,54 ,35 ,2 ,1 ,0 ,6 ,0.39,0.42
2135,2115,1259,83 ,55 ,64 ,29 ,15 ,18 ,4 ,8 ,60 ,42 ,17 ,11 ,6 ,2 ,0.41,0.32
2136,763,1361,34 ,50 ,27 ,32 ,6 ,12 ,1 ,6 ,31 ,40 ,3 ,9 ,0 ,1 ,0.3,0.5
2137,666,2642,36 ,36 ,28 ,26 ,5 ,7 ,3 ,3 ,30 ,27 ,4 ,4 ,2 ,5 ,0.37,0.52
2138,784,667,30 ,31 ,15 ,19 ,5 ,9 ,10 ,3 ,19 ,20 ,10 ,7 ,1 ,4 ,0.44,0.52
2139,701,949,8 ,22 ,4 ,18 ,3 ,4 ,1 ,0 ,5 ,17 ,3 ,0 ,0 ,5 ,0.26,0.56
2140,789,786,13 ,10 ,10 ,6 ,2 ,1 ,1 ,3 ,3 ,1 ,3 ,4 ,7 ,5 ,0.76,0.62
2141,2029,1439,0 ,13 ,0 ,12 ,0 ,1 ,0 ,0 ,0 ,0 ,0 ,2 ,0 ,11 ,0.0,0.68
2142,832,751,34 ,4 ,27 ,2 ,4 ,0 ,3 ,2 ,16 ,3 ,3 ,1 ,15 ,0 ,0.56,0.26
2143,1244,740,9 ,13 ,7 ,7 ,1 ,6 ,1 ,0 ,2 ,5 ,2 ,8 ,5 ,0 ,0.52,0.52
2144,2105,668,35 ,26 ,28 ,20 ,4 ,6 ,3 ,0 ,13 ,12 ,22 ,14 ,0 ,0 ,0.47,0.48
2145,773,669,11 ,14 ,8 ,1 ,0 ,8 ,3 ,5 ,11 ,4 ,0 ,10 ,0 ,0 ,0.73,0.56
2146,812,753,15 ,9 ,3 ,6 ,1 ,2 ,11 ,1 ,4 ,5 ,4 ,0 ,7 ,4 ,0.83,0.6
2147,1154,1014,23 ,13 ,22 ,9 ,0 ,3 ,1 ,1 ,19 ,10 ,0 ,3 ,4 ,0 ,0.43,0.46
2148,967,1299,39 ,26 ,19 ,15 ,10 ,8 ,10 ,3 ,34 ,21 ,5 ,5 ,0 ,0 ,0.31,0.35
2149,716,2443,89 ,120 ,64 ,68 ,10 ,38 ,15 ,14 ,82 ,114 ,7 ,6 ,0 ,0 ,0.24,0.44
2150,709,1412,7 ,20 ,7 ,14 ,0 ,5 ,0 ,1 ,0 ,13 ,7 ,7 ,0 ,0 ,0.53,0.64
2151,2436,1352,6 ,56 ,2 ,48 ,1 ,0 ,3 ,8 ,5 ,10 ,1 ,2 ,0 ,44 ,0.14,0.46
2152,795,861,57 ,32 ,31 ,23 ,10 ,7 ,16 ,2 ,49 ,27 ,3 ,5 ,5 ,0 ,0.5,0.32
2153,1102,670,40 ,8 ,23 ,3 ,13 ,4 ,4 ,1 ,3 ,3 ,16 ,5 ,21 ,0 ,0.68,0.72
2154,1146,1681,67 ,90 ,33 ,83 ,16 ,7 ,18 ,0 ,67 ,90 ,0 ,0 ,0 ,0 ,0.31,0.3
2155,778,1770,40 ,41 ,20 ,30 ,2 ,4 ,18 ,7 ,36 ,29 ,4 ,2 ,0 ,10 ,0.42,0.31
2156,1336,718,20 ,6 ,14 ,4 ,5 ,0 ,1 ,2 ,5 ,6 ,2 ,0 ,13 ,0 ,0.45,0.21
2157,1356,917,25 ,28 ,8 ,27 ,13 ,1 ,4 ,0 ,13 ,5 ,11 ,6 ,1 ,17 ,0.47,0.37
2158,2656,1432,91 ,35 ,61 ,25 ,19 ,6 ,11 ,4 ,57 ,26 ,27 ,7 ,7 ,2 ,0.44,0.28
2159,1528,1353,57 ,111 ,32 ,82 ,25 ,25 ,0 ,4 ,43 ,35 ,14 ,39 ,0 ,37 ,0.41,0.49
2160,1723,671,12 ,3 ,5 ,2 ,5 ,0 ,2 ,1 ,1 ,1 ,4 ,0 ,7 ,2 ,0.63,0.33
2161,672,937,28 ,24 ,14 ,10 ,14 ,12 ,0 ,2 ,25 ,22 ,3 ,2 ,0 ,0 ,0.52,0.43
2162,1297,673,20 ,3 ,17 ,1 ,3 ,1 ,0 ,1 ,6 ,3 ,0 ,0 ,14 ,0 ,0.64,0.3
2163,2286,1039,26 ,12 ,15 ,9 ,3 ,2 ,8 ,1 ,20 ,12 ,0 ,0 ,6 ,0 ,0.57,0.38
2164,674,1537,18 ,56 ,12 ,34 ,4 ,7 ,2 ,15 ,13 ,9 ,3 ,16 ,2 ,31 ,0.56,0.75
2165,801,936,5 ,20 ,3 ,12 ,1 ,7 ,1 ,1 ,3 ,5 ,1 ,6 ,1 ,9 ,0.55,0.68
2166,1232,675,36 ,17 ,18 ,8 ,5 ,6 ,13 ,3 ,26 ,12 ,4 ,3 ,6 ,2 ,0.47,0.5
2167,1060,1512,2 ,22 ,0 ,22 ,1 ,0 ,1 ,0 ,2 ,5 ,0 ,0 ,0 ,17 ,0.2,0.7
2168,1044,1623,17 ,12 ,11 ,10 ,5 ,2 ,1 ,0 ,9 ,9 ,8 ,3 ,0 ,0 ,0.6,0.44
2169,1024,1308,38 ,62 ,26 ,47 ,12 ,9 ,0 ,6 ,35 ,43 ,2 ,2 ,1 ,17 ,0.38,0.4
2170,1255,1216,18 ,14 ,12 ,8 ,6 ,0 ,0 ,6 ,12 ,14 ,1 ,0 ,5 ,0 ,0.33,0.21
2171,676,755,49 ,60 ,36 ,52 ,6 ,7 ,7 ,1 ,39 ,41 ,10 ,6 ,0 ,13 ,0.42,0.37
2172,1184,1083,64 ,12 ,47 ,11 ,6 ,1 ,11 ,0 ,25 ,11 ,1 ,1 ,38 ,0 ,0.57,0.14
2173,677,970,25 ,42 ,25 ,39 ,0 ,3 ,0 ,0 ,15 ,11 ,10 ,9 ,0 ,22 ,0.55,0.58
2174,1109,678,3 ,0 ,2 ,0 ,0 ,0 ,1 ,0 ,3 ,0 ,0 ,0 ,0 ,0 ,0.5,0.0
2175,679,746,63 ,163 ,26 ,115 ,16 ,19 ,21 ,29 ,51 ,116 ,12 ,44 ,0 ,3 ,0.44,0.52
2176,1976,910,26 ,41 ,14 ,29 ,2 ,9 ,10 ,3 ,22 ,36 ,1 ,2 ,3 ,3 ,0.23,0.41
2177,724,1526,54 ,18 ,37 ,9 ,15 ,2 ,2 ,7 ,25 ,16 ,20 ,2 ,9 ,0 ,0.58,0.31
2178,1395,1492,14 ,32 ,9 ,18 ,2 ,7 ,3 ,7 ,12 ,10 ,2 ,7 ,0 ,15 ,0.31,0.57
2179,1530,1689,18 ,4 ,13 ,2 ,4 ,1 ,1 ,1 ,16 ,4 ,0 ,0 ,2 ,0 ,0.64,0.33
2180,905,1757,53 ,80 ,45 ,70 ,5 ,9 ,3 ,1 ,49 ,48 ,4 ,9 ,0 ,23 ,0.31,0.44
2181,1293,1488,127 ,57 ,70 ,25 ,29 ,23 ,28 ,9 ,51 ,40 ,73 ,16 ,3 ,1 ,0.51,0.36
2182,768,1070,24 ,51 ,18 ,25 ,4 ,8 ,2 ,18 ,19 ,44 ,1 ,2 ,4 ,5 ,0.24,0.4
2183,966,858,23 ,16 ,12 ,13 ,4 ,3 ,7 ,0 ,15 ,9 ,3 ,2 ,5 ,5 ,0.56,0.28
2184,854,855,58 ,76 ,32 ,47 ,14 ,18 ,12 ,11 ,46 ,52 ,12 ,24 ,0 ,0 ,0.5,0.34
2185,680,2664,6 ,54 ,4 ,34 ,1 ,14 ,1 ,6 ,3 ,17 ,0 ,9 ,3 ,28 ,0.11,0.6
2186,1550,681,15 ,0 ,13 ,0 ,2 ,0 ,0 ,0 ,2 ,0 ,0 ,0 ,13 ,0 ,0.68,0.0
2187,1262,1466,37 ,91 ,28 ,76 ,6 ,10 ,3 ,5 ,31 ,73 ,6 ,18 ,0 ,0 ,0.21,0.38
2188,1546,877,57 ,40 ,33 ,18 ,12 ,13 ,12 ,9 ,52 ,30 ,5 ,8 ,0 ,2 ,0.3,0.35
2189,682,1571,6 ,12 ,3 ,7 ,1 ,1 ,2 ,4 ,5 ,1 ,0 ,3 ,1 ,8 ,0.37,0.7
2190,1540,1092,51 ,21 ,22 ,18 ,27 ,2 ,2 ,1 ,14 ,11 ,18 ,9 ,19 ,1 ,0.71,0.43
2191,1264,1486,22 ,40 ,16 ,28 ,4 ,10 ,2 ,2 ,17 ,37 ,5 ,3 ,0 ,0 ,0.27,0.26
2192,2060,1743,76 ,60 ,65 ,24 ,2 ,14 ,9 ,22 ,76 ,55 ,0 ,5 ,0 ,0 ,0.3,0.22
2193,820,683,33 ,35 ,12 ,8 ,3 ,0 ,18 ,27 ,29 ,35 ,4 ,0 ,0 ,0 ,0.22,0.22
2194,943,684,20 ,4 ,7 ,1 ,9 ,0 ,4 ,3 ,6 ,4 ,12 ,0 ,2 ,0 ,0.41,0.11
2195,955,871,56 ,39 ,31 ,26 ,23 ,13 ,2 ,0 ,3 ,5 ,50 ,19 ,3 ,15 ,0.54,0.5
2196,872,685,19 ,7 ,10 ,0 ,8 ,2 ,1 ,5 ,8 ,6 ,0 ,1 ,11 ,0 ,0.45,0.26
2197,686,1006,4 ,38 ,2 ,35 ,1 ,1 ,1 ,2 ,4 ,1 ,0 ,0 ,0 ,37 ,0.17,0.56
2198,687,798,13 ,47 ,5 ,38 ,4 ,5 ,4 ,4 ,10 ,16 ,3 ,12 ,0 ,19 ,0.2,0.39
2199,689,688,28 ,23 ,12 ,14 ,4 ,3 ,12 ,6 ,11 ,7 ,10 ,5 ,7 ,11 ,0.56,0.57
2200,1037,921,49 ,34 ,34 ,28 ,7 ,1 ,8 ,5 ,1 ,6 ,14 ,5 ,34 ,23 ,0.62,0.65
2201,2027,690,42 ,43 ,32 ,19 ,4 ,22 ,6 ,2 ,21 ,20 ,6 ,22 ,15 ,1 ,0.52,0.34
2202,1383,794,18 ,9 ,10 ,1 ,1 ,7 ,7 ,1 ,9 ,2 ,8 ,7 ,1 ,0 ,0.5,0.64
2203,2562,2105,58 ,58 ,40 ,33 ,11 ,3 ,7 ,22 ,45 ,52 ,5 ,5 ,8 ,1 ,0.46,0.41
2204,1442,1066,36 ,26 ,28 ,26 ,2 ,0 ,6 ,0 ,25 ,18 ,6 ,7 ,5 ,1 ,0.32,0.28
2205,723,748,121 ,48 ,95 ,24 ,16 ,8 ,10 ,16 ,80 ,43 ,13 ,2 ,28 ,3 ,0.56,0.42
2206,691,2304,17 ,65 ,12 ,42 ,2 ,15 ,3 ,8 ,12 ,33 ,5 ,22 ,0 ,10 ,0.2,0.54
2207,1089,692,9 ,1 ,8 ,0 ,0 ,0 ,1 ,1 ,1 ,1 ,0 ,0 ,8 ,0 ,0.69,0.33
2208,958,693,46 ,47 ,21 ,24 ,20 ,12 ,5 ,11 ,24 ,32 ,18 ,15 ,4 ,0 ,0.38,0.51
2209,1345,694,120 ,82 ,89 ,49 ,16 ,17 ,15 ,16 ,42 ,39 ,37 ,41 ,41 ,2 ,0.57,0.5
2210,2516,695,5 ,18 ,3 ,11 ,2 ,7 ,0 ,0 ,3 ,13 ,2 ,5 ,0 ,0 ,0.1,0.32
2211,857,696,18 ,36 ,16 ,18 ,2 ,10 ,0 ,8 ,1 ,1 ,5 ,17 ,12 ,18 ,0.58,0.69
2212,893,1807,2 ,9 ,1 ,7 ,1 ,2 ,0 ,0 ,0 ,0 ,0 ,2 ,2 ,7 ,0.5,0.6
2213,2081,697,166 ,63 ,116 ,45 ,34 ,11 ,16 ,7 ,129 ,52 ,15 ,11 ,22 ,0 ,0.49,0.41
2214,1448,792,17 ,3 ,16 ,3 ,1 ,0 ,0 ,0 ,1 ,1 ,1 ,2 ,15 ,0 ,0.7,0.42
2215,1254,1098,27 ,20 ,17 ,5 ,9 ,5 ,1 ,10 ,23 ,14 ,0 ,5 ,4 ,1 ,0.5,0.31
2216,1132,1403,7 ,4 ,6 ,4 ,1 ,0 ,0 ,0 ,1 ,3 ,2 ,1 ,4 ,0 ,0.5,0.66
2217,1032,1193,47 ,62 ,21 ,41 ,9 ,10 ,17 ,11 ,47 ,60 ,0 ,0 ,0 ,2 ,0.47,0.46
2218,1890,1903,30 ,16 ,18 ,11 ,9 ,2 ,3 ,3 ,10 ,11 ,1 ,1 ,19 ,4 ,0.53,0.37
2219,787,835,33 ,33 ,21 ,20 ,7 ,8 ,5 ,5 ,24 ,22 ,8 ,3 ,1 ,8 ,0.43,0.42
2220,1128,1330,67 ,37 ,42 ,31 ,18 ,3 ,7 ,3 ,58 ,33 ,9 ,3 ,0 ,1 ,0.57,0.41
2221,698,2451,69 ,116 ,35 ,86 ,11 ,18 ,23 ,12 ,66 ,113 ,3 ,3 ,0 ,0 ,0.4,0.45
2222,1167,1419,23 ,5 ,16 ,4 ,6 ,0 ,1 ,1 ,6 ,4 ,0 ,0 ,17 ,1 ,0.39,0.2
2223,1333,1889,4 ,13 ,3 ,11 ,1 ,2 ,0 ,0 ,4 ,3 ,0 ,1 ,0 ,9 ,0.28,0.44
2224,1336,1311,37 ,45 ,24 ,30 ,9 ,12 ,4 ,3 ,25 ,40 ,8 ,4 ,4 ,1 ,0.41,0.5
2225,1196,1502,81 ,65 ,48 ,29 ,29 ,24 ,4 ,12 ,81 ,65 ,0 ,0 ,0 ,0 ,0.45,0.44
2226,1510,1337,24 ,47 ,19 ,37 ,4 ,8 ,1 ,2 ,21 ,45 ,0 ,0 ,3 ,2 ,0.35,0.57
2227,700,699,43 ,43 ,37 ,23 ,5 ,9 ,1 ,11 ,30 ,31 ,8 ,12 ,5 ,0 ,0.51,0.56
2228,965,701,33 ,30 ,15 ,15 ,14 ,11 ,4 ,4 ,8 ,12 ,14 ,11 ,11 ,7 ,0.44,0.53
2229,1729,702,30 ,11 ,13 ,4 ,3 ,4 ,14 ,3 ,8 ,4 ,14 ,7 ,8 ,0 ,0.52,0.55
2230,1076,780,20 ,9 ,10 ,8 ,7 ,1 ,3 ,0 ,15 ,9 ,1 ,0 ,4 ,0 ,0.4,0.18
2231,1831,1013,86 ,51 ,58 ,32 ,17 ,7 ,11 ,12 ,85 ,50 ,1 ,0 ,0 ,1 ,0.44,0.25
2232,935,1289,11 ,29 ,4 ,25 ,4 ,4 ,3 ,0 ,11 ,16 ,0 ,13 ,0 ,0 ,0.29,0.54
2233,703,2037,9 ,14 ,7 ,8 ,0 ,4 ,2 ,2 ,6 ,6 ,3 ,8 ,0 ,0 ,0.33,0.25
2234,1148,808,72 ,83 ,52 ,55 ,9 ,14 ,11 ,14 ,55 ,38 ,15 ,30 ,2 ,15 ,0.53,0.47
2235,753,704,47 ,37 ,34 ,11 ,12 ,10 ,1 ,16 ,36 ,32 ,3 ,3 ,8 ,2 ,0.34,0.29
2236,771,1160,86 ,64 ,33 ,48 ,10 ,5 ,43 ,11 ,84 ,60 ,2 ,4 ,0 ,0 ,0.38,0.25
2237,1300,1207,13 ,13 ,8 ,2 ,2 ,1 ,3 ,10 ,11 ,13 ,0 ,0 ,2 ,0 ,0.52,0.56
2238,1580,1203,42 ,30 ,26 ,25 ,10 ,4 ,6 ,1 ,34 ,20 ,2 ,5 ,6 ,5 ,0.28,0.42
2239,1204,1602,105 ,41 ,69 ,19 ,22 ,19 ,14 ,3 ,62 ,24 ,11 ,17 ,32 ,0 ,0.62,0.3
2240,741,705,53 ,43 ,14 ,22 ,35 ,18 ,4 ,3 ,10 ,8 ,27 ,35 ,16 ,0 ,0.66,0.54
2241,764,1033,14 ,7 ,11 ,4 ,3 ,3 ,0 ,0 ,1 ,2 ,4 ,5 ,9 ,0 ,0.48,0.53
2242,739,1314,9 ,37 ,7 ,23 ,1 ,12 ,1 ,2 ,8 ,12 ,0 ,17 ,1 ,8 ,0.32,0.41
2243,940,1581,12 ,21 ,7 ,20 ,2 ,1 ,3 ,0 ,12 ,16 ,0 ,0 ,0 ,5 ,0.29,0.6
2244,706,762,5 ,38 ,1 ,12 ,1 ,5 ,3 ,21 ,4 ,26 ,1 ,10 ,0 ,2 ,0.08,0.38
2245,839,707,6 ,2 ,5 ,1 ,0 ,0 ,1 ,1 ,2 ,2 ,0 ,0 ,4 ,0 ,0.54,0.16
2246,1159,2436,34 ,20 ,33 ,13 ,1 ,6 ,0 ,1 ,2 ,10 ,0 ,5 ,32 ,5 ,0.73,0.31
2247,873,895,48 ,67 ,18 ,29 ,9 ,20 ,21 ,18 ,38 ,28 ,10 ,34 ,0 ,5 ,0.55,0.46
2248,1012,708,9 ,4 ,4 ,2 ,2 ,1 ,3 ,1 ,7 ,3 ,0 ,1 ,2 ,0 ,0.5,0.28
2249,1146,810,68 ,71 ,50 ,44 ,8 ,14 ,10 ,13 ,47 ,52 ,21 ,18 ,0 ,1 ,0.33,0.45
2250,1014,709,7 ,0 ,7 ,0 ,0 ,0 ,0 ,0 ,1 ,0 ,0 ,0 ,6 ,0 ,0.77,0.0
2251,745,1361,29 ,28 ,7 ,22 ,12 ,6 ,10 ,0 ,15 ,22 ,14 ,3 ,0 ,3 ,0.37,0.68
2252,1149,1794,80 ,18 ,62 ,11 ,7 ,3 ,11 ,4 ,79 ,16 ,0 ,0 ,1 ,2 ,0.53,0.16
2253,710,1949,0 ,1 ,0 ,0 ,0 ,1 ,0 ,0 ,0 ,0 ,0 ,1 ,0 ,0 ,0.0,0.5
2254,1142,1088,26 ,52 ,19 ,39 ,2 ,3 ,5 ,10 ,16 ,43 ,9 ,9 ,1 ,0 ,0.26,0.35
2255,1130,711,5 ,18 ,1 ,7 ,1 ,2 ,3 ,9 ,5 ,17 ,0 ,0 ,0 ,1 ,0.11,0.29
2256,733,1046,21 ,66 ,17 ,50 ,2 ,9 ,2 ,7 ,17 ,40 ,4 ,13 ,0 ,13 ,0.25,0.46
2257,908,712,20 ,7 ,20 ,5 ,0 ,2 ,0 ,0 ,4 ,7 ,4 ,0 ,12 ,0 ,0.83,0.7
2258,915,713,113 ,95 ,93 ,67 ,13 ,11 ,7 ,17 ,94 ,75 ,17 ,20 ,2 ,0 ,0.48,0.44
2259,1065,1078,36 ,14 ,13 ,9 ,21 ,5 ,2 ,0 ,1 ,0 ,30 ,3 ,5 ,11 ,0.58,0.63
2260,796,714,35 ,14 ,26 ,6 ,5 ,6 ,4 ,2 ,18 ,12 ,6 ,2 ,11 ,0 ,0.64,0.41
2261,1175,1044,9 ,1 ,7 ,0 ,1 ,1 ,1 ,0 ,0 ,0 ,9 ,1 ,0 ,0 ,0.9,1.0
2262,2054,1342,23 ,35 ,21 ,23 ,2 ,8 ,0 ,4 ,16 ,16 ,2 ,8 ,5 ,11 ,0.54,0.83
2263,1688,2550,44 ,31 ,23 ,7 ,13 ,14 ,8 ,10 ,28 ,18 ,8 ,10 ,8 ,3 ,0.57,0.41
2264,1448,991,93 ,73 ,57 ,45 ,32 ,8 ,4 ,20 ,87 ,65 ,5 ,8 ,1 ,0 ,0.57,0.43
2265,715,1461,3 ,12 ,1 ,6 ,1 ,1 ,1 ,5 ,3 ,8 ,0 ,0 ,0 ,4 ,0.16,1.0
2266,840,775,26 ,27 ,15 ,15 ,7 ,6 ,4 ,6 ,22 ,22 ,4 ,2 ,0 ,3 ,0.56,0.35
2267,1729,949,21 ,11 ,16 ,8 ,3 ,1 ,2 ,2 ,17 ,8 ,1 ,3 ,3 ,0 ,0.47,0.32
2268,1936,1779,43 ,50 ,33 ,38 ,7 ,10 ,3 ,2 ,24 ,21 ,2 ,2 ,17 ,27 ,0.32,0.37
2269,1546,774,57 ,11 ,35 ,6 ,8 ,3 ,14 ,2 ,49 ,8 ,2 ,2 ,6 ,1 ,0.37,0.33
2270,948,1352,6 ,5 ,3 ,3 ,2 ,1 ,1 ,1 ,5 ,3 ,0 ,0 ,1 ,2 ,0.21,0.2
2271,831,1074,12 ,32 ,8 ,11 ,1 ,1 ,3 ,20 ,11 ,22 ,1 ,9 ,0 ,1 ,0.16,0.39
2272,1343,2037,7 ,2 ,5 ,1 ,0 ,1 ,2 ,0 ,5 ,2 ,0 ,0 ,2 ,0 ,0.5,0.06
2273,1791,1289,40 ,24 ,27 ,18 ,13 ,5 ,0 ,1 ,17 ,17 ,12 ,1 ,11 ,6 ,0.47,0.41
2274,1715,939,21 ,36 ,17 ,23 ,2 ,7 ,2 ,6 ,15 ,13 ,4 ,13 ,2 ,10 ,0.28,0.5
2275,1038,1489,24 ,59 ,5 ,27 ,14 ,23 ,5 ,9 ,13 ,10 ,10 ,49 ,1 ,0 ,0.4,0.61
2276,996,1389,68 ,43 ,20 ,16 ,20 ,16 ,28 ,11 ,58 ,34 ,8 ,8 ,2 ,1 ,0.4,0.22
2277,821,2069,50 ,41 ,36 ,13 ,13 ,18 ,1 ,10 ,22 ,15 ,15 ,16 ,13 ,10 ,0.45,0.44
2278,716,776,15 ,30 ,10 ,27 ,4 ,2 ,1 ,1 ,11 ,16 ,2 ,4 ,2 ,10 ,0.19,0.55
2279,1330,832,43 ,50 ,38 ,30 ,5 ,16 ,0 ,4 ,41 ,45 ,1 ,5 ,1 ,0 ,0.39,0.38
2280,1653,736,8 ,7 ,7 ,1 ,1 ,6 ,0 ,0 ,1 ,1 ,0 ,6 ,7 ,0 ,0.88,0.58
2281,1616,1938,28 ,47 ,5 ,33 ,3 ,5 ,20 ,9 ,25 ,45 ,3 ,2 ,0 ,0 ,0.56,0.55
2282,1439,1575,3 ,4 ,2 ,1 ,0 ,1 ,1 ,2 ,3 ,4 ,0 ,0 ,0 ,0 ,0.17,0.22
2283,2656,817,27 ,53 ,18 ,41 ,3 ,10 ,6 ,2 ,11 ,20 ,4 ,16 ,12 ,17 ,0.47,0.55
2284,874,737,79 ,29 ,72 ,14 ,5 ,1 ,2 ,14 ,77 ,29 ,2 ,0 ,0 ,0 ,0.29,0.19
2285,1154,717,2 ,4 ,2 ,0 ,0 ,2 ,0 ,2 ,1 ,2 ,0 ,2 ,1 ,0 ,0.4,0.66
2286,1216,718,93 ,29 ,64 ,11 ,3 ,7 ,26 ,11 ,92 ,29 ,1 ,0 ,0 ,0 ,0.41,0.19
2287,1970,769,20 ,6 ,16 ,0 ,4 ,6 ,0 ,0 ,0 ,0 ,5 ,6 ,15 ,0 ,0.74,0.4
2288,1039,761,39 ,52 ,28 ,48 ,5 ,1 ,6 ,3 ,33 ,38 ,4 ,10 ,2 ,4 ,0.35,0.48
2289,1467,967,10 ,26 ,5 ,15 ,1 ,11 ,4 ,0 ,5 ,6 ,0 ,11 ,5 ,9 ,0.38,0.28
2290,1370,719,36 ,7 ,21 ,5 ,14 ,1 ,1 ,1 ,21 ,5 ,4 ,0 ,11 ,2 ,0.45,0.18
2291,981,720,100 ,29 ,44 ,14 ,56 ,10 ,0 ,5 ,26 ,12 ,66 ,16 ,8 ,1 ,0.66,0.65
2292,1297,754,19 ,3 ,16 ,0 ,3 ,0 ,0 ,3 ,11 ,2 ,2 ,1 ,6 ,0 ,0.51,0.3
2293,833,1577,46 ,30 ,22 ,15 ,16 ,4 ,8 ,11 ,20 ,25 ,18 ,4 ,8 ,1 ,0.5,0.47
2294,1262,721,21 ,9 ,15 ,2 ,5 ,3 ,1 ,4 ,14 ,9 ,6 ,0 ,1 ,0 ,0.31,0.34
2295,1723,784,5 ,5 ,3 ,1 ,2 ,4 ,0 ,0 ,3 ,1 ,2 ,4 ,0 ,0 ,0.62,0.45
2296,1202,1537,40 ,42 ,36 ,34 ,1 ,4 ,3 ,4 ,25 ,17 ,11 ,6 ,4 ,19 ,0.46,0.44
2297,1184,750,29 ,14 ,17 ,12 ,5 ,1 ,7 ,1 ,8 ,14 ,5 ,0 ,16 ,0 ,0.43,0.35
2298,1952,1466,66 ,68 ,35 ,60 ,15 ,5 ,16 ,3 ,56 ,55 ,10 ,11 ,0 ,2 ,0.36,0.25
2299,1568,1160,8 ,4 ,8 ,3 ,0 ,0 ,0 ,1 ,2 ,3 ,0 ,1 ,6 ,0 ,0.5,0.28
2300,1255,1710,9 ,6 ,8 ,2 ,0 ,0 ,1 ,4 ,4 ,6 ,0 ,0 ,5 ,0 ,0.45,0.4
2301,2663,803,49 ,25 ,24 ,14 ,11 ,5 ,14 ,6 ,24 ,16 ,1 ,9 ,24 ,0 ,0.55,0.26
2302,722,965,24 ,44 ,20 ,32 ,4 ,9 ,0 ,3 ,21 ,32 ,0 ,2 ,3 ,10 ,0.33,0.44
2303,2099,723,65 ,56 ,30 ,26 ,28 ,29 ,7 ,1 ,49 ,24 ,16 ,32 ,0 ,0 ,0.48,0.46
2304,1512,1227,23 ,11 ,16 ,8 ,3 ,3 ,4 ,0 ,6 ,4 ,2 ,4 ,15 ,3 ,0.57,0.36
2305,812,2115,33 ,53 ,18 ,53 ,6 ,0 ,9 ,0 ,26 ,40 ,7 ,11 ,0 ,2 ,0.36,0.46
2306,1345,2443,73 ,75 ,47 ,64 ,10 ,9 ,16 ,2 ,51 ,70 ,6 ,5 ,16 ,0 ,0.32,0.38
2307,1244,1076,33 ,57 ,24 ,31 ,4 ,20 ,5 ,6 ,24 ,21 ,7 ,18 ,2 ,18 ,0.44,0.51
2308,1689,1020,78 ,42 ,51 ,17 ,15 ,13 ,12 ,12 ,51 ,41 ,5 ,1 ,22 ,0 ,0.51,0.34
2309,1315,724,13 ,26 ,13 ,22 ,0 ,4 ,0 ,0 ,12 ,10 ,1 ,12 ,0 ,4 ,0.46,0.5
2310,1757,1037,12 ,8 ,11 ,4 ,1 ,1 ,0 ,3 ,7 ,7 ,1 ,1 ,4 ,0 ,0.54,0.38
2311,1528,1337,74 ,29 ,54 ,20 ,14 ,3 ,6 ,6 ,65 ,29 ,3 ,0 ,6 ,0 ,0.56,0.29
2312,1353,1092,18 ,1 ,16 ,1 ,1 ,0 ,1 ,0 ,6 ,1 ,1 ,0 ,11 ,0 ,0.64,0.33
2313,1223,2049,6 ,5 ,5 ,2 ,0 ,2 ,1 ,1 ,4 ,3 ,2 ,2 ,0 ,0 ,0.4,0.26
2314,1084,725,21 ,30 ,14 ,28 ,5 ,2 ,2 ,0 ,1 ,0 ,6 ,1 ,14 ,29 ,0.56,0.57
2315,866,1333,76 ,102 ,51 ,60 ,12 ,32 ,13 ,10 ,75 ,100 ,1 ,2 ,0 ,0 ,0.46,0.51
2316,937,1079,33 ,50 ,17 ,19 ,14 ,6 ,2 ,25 ,30 ,49 ,2 ,1 ,1 ,0 ,0.31,0.57
2317,1232,1272,4 ,27 ,4 ,26 ,0 ,1 ,0 ,0 ,1 ,1 ,0 ,0 ,3 ,26 ,0.3,0.77
2318,1773,943,17 ,14 ,10 ,3 ,5 ,4 ,2 ,7 ,6 ,10 ,0 ,4 ,11 ,0 ,0.31,0.51
2319,1144,1030,7 ,4 ,7 ,3 ,0 ,1 ,0 ,0 ,2 ,1 ,0 ,0 ,5 ,3 ,0.87,1.0
2320,1024,726,8 ,4 ,5 ,3 ,3 ,0 ,0 ,1 ,8 ,4 ,0 ,0 ,0 ,0 ,0.88,0.33
2321,1225,809,0 ,0 ,0 ,0 ,0 ,0 ,0 ,0 ,0 ,0 ,0 ,0 ,0 ,0 ,0.0,0.0
2322,759,1021,37 ,24 ,23 ,20 ,4 ,3 ,10 ,1 ,35 ,23 ,0 ,1 ,2 ,0 ,0.49,0.39
2323,881,1707,35 ,22 ,22 ,16 ,7 ,4 ,6 ,2 ,14 ,17 ,10 ,2 ,11 ,3 ,0.61,0.47
2324,951,1485,14 ,32 ,12 ,18 ,1 ,2 ,1 ,12 ,6 ,20 ,8 ,6 ,0 ,6 ,0.35,0.86
2325,957,760,20 ,15 ,15 ,11 ,3 ,3 ,2 ,1 ,6 ,5 ,2 ,3 ,12 ,7 ,0.68,0.83
2326,1190,727,41 ,15 ,16 ,11 ,5 ,4 ,20 ,0 ,26 ,8 ,11 ,4 ,4 ,3 ,0.39,0.36
2327,826,768,22 ,42 ,22 ,42 ,0 ,0 ,0 ,0 ,4 ,13 ,1 ,0 ,17 ,29 ,0.48,0.47
2328,728,1089,36 ,65 ,32 ,47 ,2 ,10 ,2 ,8 ,29 ,49 ,3 ,6 ,4 ,10 ,0.39,0.54
2329,958,1508,73 ,96 ,24 ,68 ,18 ,13 ,31 ,15 ,66 ,91 ,2 ,4 ,5 ,1 ,0.32,0.51
2330,799,1550,82 ,60 ,6 ,11 ,49 ,41 ,27 ,8 ,33 ,22 ,49 ,38 ,0 ,0 ,0.38,0.63
2331,773,970,2 ,10 ,1 ,10 ,0 ,0 ,1 ,0 ,2 ,6 ,0 ,0 ,0 ,4 ,0.66,0.66
2332,1636,765,44 ,34 ,33 ,31 ,8 ,2 ,3 ,1 ,23 ,24 ,11 ,0 ,10 ,10 ,0.6,0.55
2333,921,1043,65 ,12 ,26 ,8 ,15 ,3 ,24 ,1 ,22 ,7 ,29 ,5 ,14 ,0 ,0.78,0.3
2334,1154,1969,23 ,106 ,19 ,90 ,1 ,3 ,3 ,13 ,22 ,81 ,1 ,24 ,0 ,1 ,0.18,0.61
2335,1264,1098,39 ,40 ,32 ,24 ,5 ,13 ,2 ,3 ,32 ,19 ,7 ,20 ,0 ,1 ,0.44,0.43
2336,1001,755,17 ,17 ,11 ,0 ,4 ,17 ,2 ,0 ,4 ,0 ,9 ,17 ,4 ,0 ,0.41,0.38
2337,899,742,13 ,24 ,8 ,17 ,1 ,3 ,4 ,4 ,11 ,14 ,2 ,0 ,0 ,10 ,0.24,0.57
2338,2286,788,49 ,19 ,9 ,13 ,17 ,6 ,23 ,0 ,49 ,19 ,0 ,0 ,0 ,0 ,0.55,0.45
2339,1044,729,3 ,3 ,3 ,0 ,0 ,2 ,0 ,1 ,1 ,3 ,0 ,0 ,2 ,0 ,1.0,1.0
2340,1027,835,68 ,43 ,50 ,26 ,9 ,4 ,9 ,13 ,60 ,40 ,6 ,3 ,2 ,0 ,0.53,0.33
2341,778,936,30 ,64 ,17 ,50 ,7 ,9 ,6 ,5 ,24 ,46 ,6 ,12 ,0 ,6 ,0.45,0.63
2342,2562,1170,43 ,26 ,32 ,10 ,6 ,6 ,5 ,10 ,29 ,24 ,0 ,0 ,14 ,2 ,0.42,0.18
2343,916,1356,69 ,23 ,36 ,9 ,31 ,9 ,2 ,5 ,5 ,11 ,12 ,10 ,52 ,2 ,0.67,0.56
2344,1126,730,54 ,12 ,21 ,8 ,10 ,3 ,23 ,1 ,25 ,5 ,18 ,6 ,11 ,1 ,0.58,0.41
2345,1743,2442,81 ,38 ,53 ,27 ,23 ,7 ,5 ,4 ,61 ,31 ,4 ,5 ,16 ,2 ,0.55,0.3
2346,1516,1977,14 ,16 ,4 ,16 ,1 ,0 ,9 ,0 ,14 ,8 ,0 ,0 ,0 ,8 ,0.58,0.37
2347,731,1028,4 ,4 ,0 ,2 ,1 ,0 ,3 ,2 ,3 ,3 ,0 ,0 ,1 ,1 ,0.33,0.57
2348,732,1031,26 ,54 ,10 ,38 ,8 ,7 ,8 ,9 ,23 ,44 ,3 ,8 ,0 ,2 ,0.15,0.38
2349,772,1882,28 ,50 ,6 ,9 ,11 ,24 ,11 ,17 ,20 ,16 ,8 ,34 ,0 ,0 ,0.36,0.6
2350,1781,1444,73 ,87 ,46 ,37 ,27 ,26 ,0 ,24 ,41 ,56 ,32 ,31 ,0 ,0 ,0.56,0.8
2351,854,1013,48 ,44 ,10 ,15 ,13 ,25 ,25 ,4 ,48 ,44 ,0 ,0 ,0 ,0 ,0.38,0.3
2352,777,795,23 ,39 ,8 ,27 ,4 ,8 ,11 ,4 ,22 ,30 ,1 ,3 ,0 ,6 ,0.41,0.44
2353,1006,1936,25 ,38 ,17 ,19 ,5 ,15 ,3 ,4 ,24 ,32 ,0 ,4 ,1 ,2 ,0.31,0.4
2354,2516,1779,24 ,24 ,18 ,15 ,5 ,9 ,1 ,0 ,23 ,17 ,1 ,0 ,0 ,7 ,0.45,0.63
2355,1403,2129,50 ,10 ,45 ,3 ,1 ,4 ,4 ,3 ,6 ,4 ,1 ,5 ,43 ,1 ,0.6,0.66
2356,1807,808,28 ,10 ,22 ,6 ,5 ,2 ,1 ,2 ,21 ,9 ,6 ,1 ,1 ,0 ,0.6,0.23
2357,1053,1300,46 ,19 ,37 ,16 ,9 ,2 ,0 ,1 ,44 ,17 ,2 ,1 ,0 ,1 ,0.38,0.19
2358,1293,1299,67 ,32 ,20 ,13 ,23 ,11 ,24 ,8 ,25 ,16 ,10 ,10 ,32 ,6 ,0.7,0.42
2359,1034,733,12 ,0 ,9 ,0 ,1 ,0 ,2 ,0 ,8 ,0 ,0 ,0 ,4 ,0 ,0.66,0.0
2360,734,1230,19 ,31 ,13 ,10 ,5 ,7 ,1 ,14 ,9 ,19 ,5 ,10 ,5 ,2 ,0.26,0.49
2361,1889,735,14 ,5 ,13 ,4 ,1 ,1 ,0 ,0 ,4 ,3 ,0 ,0 ,10 ,2 ,0.35,0.38
2362,877,754,92 ,43 ,34 ,32 ,14 ,7 ,44 ,4 ,86 ,41 ,2 ,0 ,4 ,2 ,0.4,0.25
2363,1443,2304,13 ,7 ,12 ,6 ,0 ,0 ,1 ,1 ,4 ,7 ,0 ,0 ,9 ,0 ,0.65,0.24
2364,1800,736,10 ,3 ,9 ,1 ,1 ,2 ,0 ,0 ,1 ,1 ,0 ,2 ,9 ,0 ,0.62,0.37
2365,737,987,1 ,8 ,1 ,8 ,0 ,0 ,0 ,0 ,1 ,1 ,0 ,0 ,0 ,7 ,1.0,0.61
2366,1370,767,22 ,19 ,17 ,9 ,5 ,3 ,0 ,7 ,7 ,13 ,5 ,4 ,10 ,2 ,0.37,0.52
2367,1312,955,51 ,33 ,47 ,19 ,2 ,2 ,2 ,12 ,24 ,26 ,8 ,7 ,19 ,0 ,0.56,0.49
2368,1392,1700,3 ,0 ,3 ,0 ,0 ,0 ,0 ,0 ,3 ,0 ,0 ,0 ,0 ,0 ,0.6,0.0
2369,1254,874,27 ,21 ,12 ,4 ,11 ,8 ,4 ,9 ,26 ,15 ,1 ,1 ,0 ,5 ,0.44,0.23
2370,2060,1827,32 ,17 ,24 ,13 ,7 ,2 ,1 ,2 ,28 ,14 ,0 ,3 ,4 ,0 ,0.36,0.14
2371,948,1427,0 ,0 ,0 ,0 ,0 ,0 ,0 ,0 ,0 ,0 ,0 ,0 ,0 ,0 ,0.0,0.0
2372,818,1938,10 ,6 ,2 ,6 ,8 ,0 ,0 ,0 ,1 ,0 ,9 ,0 ,0 ,6 ,0.66,0.54
2373,1108,1130,23 ,32 ,12 ,28 ,3 ,4 ,8 ,0 ,15 ,22 ,2 ,8 ,6 ,2 ,0.37,0.28
2374,1012,1949,42 ,61 ,31 ,47 ,9 ,12 ,2 ,2 ,35 ,33 ,1 ,4 ,6 ,24 ,0.48,0.38
2375,738,821,3 ,6 ,2 ,5 ,0 ,0 ,1 ,1 ,3 ,2 ,0 ,0 ,0 ,4 ,1.0,0.37
2376,1581,2443,53 ,23 ,34 ,10 ,4 ,1 ,15 ,12 ,42 ,22 ,2 ,1 ,9 ,0 ,0.34,0.24
2377,1146,1066,17 ,51 ,16 ,44 ,0 ,4 ,1 ,3 ,13 ,43 ,0 ,5 ,4 ,3 ,0.21,0.58
2378,1432,2436,25 ,116 ,24 ,81 ,1 ,23 ,0 ,12 ,23 ,103 ,2 ,11 ,0 ,2 ,0.22,0.45
2379,1688,999,41 ,33 ,17 ,10 ,8 ,6 ,16 ,17 ,19 ,18 ,15 ,10 ,7 ,5 ,0.66,0.54
2380,1791,1244,10 ,0 ,8 ,0 ,1 ,0 ,1 ,0 ,4 ,0 ,1 ,0 ,5 ,0 ,0.55,0.0
2381,1448,1297,54 ,8 ,53 ,5 ,1 ,3 ,0 ,0 ,3 ,2 ,0 ,0 ,51 ,6 ,0.68,0.34
2382,1540,1175,41 ,14 ,21 ,8 ,18 ,6 ,2 ,0 ,5 ,9 ,25 ,3 ,11 ,2 ,0.62,0.51
2383,1756,769,0 ,5 ,0 ,3 ,0 ,2 ,0 ,0 ,0 ,0 ,0 ,1 ,0 ,4 ,0.0,0.55
2384,775,1227,43 ,50 ,34 ,42 ,6 ,3 ,3 ,5 ,38 ,35 ,1 ,7 ,4 ,8 ,0.41,0.4
2385,1782,739,5 ,6 ,3 ,1 ,0 ,4 ,2 ,1 ,2 ,3 ,2 ,3 ,1 ,0 ,0.45,0.66
2386,740,809,0 ,1 ,0 ,1 ,0 ,0 ,0 ,0 ,0 ,0 ,0 ,0 ,0 ,1 ,0.0,0.16
2387,2037,910,48 ,31 ,36 ,14 ,12 ,16 ,0 ,1 ,25 ,27 ,6 ,2 ,17 ,2 ,0.33,0.44
2388,924,1131,2 ,17 ,1 ,13 ,1 ,4 ,0 ,0 ,1 ,4 ,1 ,9 ,0 ,4 ,0.2,0.65
2389,908,741,20 ,19 ,12 ,12 ,4 ,5 ,4 ,2 ,13 ,11 ,3 ,0 ,4 ,8 ,0.44,0.47
2390,2451,796,30 ,14 ,7 ,7 ,7 ,3 ,16 ,4 ,21 ,10 ,5 ,2 ,4 ,2 ,0.37,0.25
2391,1128,1102,39 ,37 ,32 ,17 ,6 ,18 ,1 ,2 ,30 ,24 ,6 ,12 ,3 ,1 ,0.36,0.32
2392,2081,2115,88 ,48 ,41 ,48 ,28 ,0 ,19 ,0 ,84 ,47 ,4 ,1 ,0 ,0 ,0.28,0.26
2393,2550,742,14 ,7 ,10 ,5 ,3 ,2 ,1 ,0 ,10 ,6 ,3 ,1 ,1 ,0 ,0.6,0.33
2394,1689,1952,40 ,39 ,9 ,21 ,21 ,14 ,10 ,4 ,37 ,30 ,3 ,1 ,0 ,8 ,0.5,0.35
2395,1580,743,100 ,35 ,68 ,29 ,15 ,6 ,17 ,0 ,81 ,25 ,17 ,6 ,2 ,4 ,0.42,0.36
2396,744,1107,3 ,4 ,0 ,3 ,0 ,1 ,3 ,0 ,3 ,4 ,0 ,0 ,0 ,0 ,0.37,0.3
2397,745,1618,45 ,80 ,20 ,55 ,12 ,19 ,13 ,6 ,38 ,62 ,7 ,13 ,0 ,5 ,0.29,0.45
2398,950,2317,29 ,45 ,26 ,37 ,2 ,6 ,1 ,2 ,4 ,6 ,7 ,39 ,18 ,0 ,0.69,0.66
2399,966,1903,28 ,18 ,27 ,14 ,0 ,4 ,1 ,0 ,9 ,4 ,4 ,0 ,15 ,14 ,0.4,0.25
2400,746,1193,21 ,26 ,13 ,24 ,1 ,2 ,7 ,0 ,21 ,15 ,0 ,3 ,0 ,8 ,0.35,0.34
2401,867,2642,28 ,116 ,12 ,76 ,6 ,26 ,10 ,14 ,23 ,34 ,5 ,20 ,0 ,62 ,0.35,0.58
2402,861,1262,37 ,26 ,28 ,23 ,7 ,2 ,2 ,1 ,21 ,9 ,1 ,2 ,15 ,15 ,0.48,0.47
2403,1395,2105,32 ,54 ,17 ,40 ,12 ,9 ,3 ,5 ,13 ,19 ,13 ,13 ,6 ,22 ,0.43,0.58
2404,1623,747,56 ,41 ,40 ,12 ,10 ,18 ,6 ,11 ,35 ,29 ,21 ,12 ,0 ,0 ,0.54,0.65
2405,1343,1976,32 ,17 ,24 ,11 ,4 ,1 ,4 ,5 ,15 ,16 ,4 ,1 ,13 ,0 ,0.48,0.17
2406,1038,1082,9 ,26 ,6 ,13 ,3 ,13 ,0 ,0 ,0 ,1 ,9 ,25 ,0 ,0 ,0.56,0.68
2407,996,1530,11 ,9 ,3 ,3 ,3 ,6 ,5 ,0 ,4 ,9 ,6 ,0 ,1 ,0 ,0.68,0.56
2408,748,1083,69 ,99 ,32 ,89 ,12 ,7 ,25 ,3 ,66 ,90 ,3 ,8 ,0 ,1 ,0.4,0.35
2409,749,946,42 ,69 ,24 ,8 ,17 ,39 ,1 ,22 ,14 ,27 ,28 ,42 ,0 ,0 ,0.53,0.73
2410,750,956,11 ,49 ,6 ,18 ,4 ,24 ,1 ,7 ,6 ,24 ,3 ,15 ,2 ,10 ,0.39,0.58
2411,1039,785,10 ,4 ,6 ,2 ,1 ,1 ,3 ,1 ,9 ,4 ,0 ,0 ,1 ,0 ,0.5,0.4
2412,1272,980,35 ,52 ,13 ,33 ,14 ,18 ,8 ,1 ,23 ,45 ,2 ,6 ,10 ,1 ,0.44,0.38
2413,751,1106,27 ,38 ,12 ,29 ,7 ,5 ,8 ,4 ,11 ,12 ,7 ,7 ,9 ,19 ,0.57,0.55
2414,1184,839,39 ,9 ,29 ,6 ,5 ,2 ,5 ,1 ,7 ,3 ,1 ,2 ,31 ,4 ,0.62,0.52
2415,1723,982,22 ,42 ,11 ,32 ,8 ,5 ,3 ,5 ,22 ,22 ,0 ,9 ,0 ,11 ,0.51,0.48
2416,1546,1467,20 ,6 ,13 ,5 ,4 ,1 ,3 ,0 ,16 ,5 ,0 ,1 ,4 ,0 ,0.38,0.33
2417,1336,1568,1 ,28 ,1 ,25 ,0 ,2 ,0 ,1 ,1 ,7 ,0 ,11 ,0 ,10 ,0.09,0.58
2418,1757,1109,14 ,11 ,13 ,9 ,1 ,0 ,0 ,2 ,4 ,5 ,1 ,6 ,9 ,0 ,0.58,0.4
2419,752,1176,56 ,49 ,16 ,22 ,29 ,7 ,11 ,20 ,29 ,28 ,17 ,18 ,10 ,3 ,0.56,0.67
2420,826,1890,47 ,106 ,26 ,82 ,17 ,9 ,4 ,15 ,38 ,93 ,3 ,9 ,6 ,4 ,0.4,0.65
2421,1577,1721,19 ,38 ,16 ,15 ,1 ,10 ,2 ,13 ,14 ,27 ,2 ,3 ,3 ,8 ,0.44,0.52
2422,1831,798,20 ,7 ,11 ,3 ,5 ,2 ,4 ,2 ,11 ,7 ,0 ,0 ,9 ,0 ,0.51,0.25
2423,1372,858,27 ,15 ,18 ,3 ,5 ,6 ,4 ,6 ,20 ,14 ,5 ,1 ,2 ,0 ,0.47,0.34
2424,903,2099,17 ,23 ,0 ,14 ,6 ,5 ,11 ,4 ,13 ,20 ,4 ,1 ,0 ,2 ,0.39,0.58
2425,792,1365,29 ,33 ,8 ,12 ,13 ,6 ,8 ,15 ,18 ,14 ,7 ,7 ,4 ,12 ,0.46,0.34
2426,753,1352,25 ,22 ,13 ,8 ,8 ,2 ,4 ,12 ,14 ,20 ,1 ,2 ,10 ,0 ,0.25,0.3
2427,817,1512,44 ,54 ,27 ,40 ,12 ,9 ,5 ,5 ,42 ,44 ,2 ,2 ,0 ,8 ,0.28,0.41
2428,917,831,7 ,29 ,2 ,19 ,1 ,8 ,4 ,2 ,7 ,8 ,0 ,0 ,0 ,21 ,0.28,0.45
2429,857,1014,14 ,7 ,13 ,4 ,1 ,1 ,0 ,2 ,14 ,7 ,0 ,0 ,0 ,0 ,0.46,0.63
2430,1442,1681,28 ,11 ,16 ,5 ,5 ,4 ,7 ,2 ,25 ,11 ,0 ,0 ,3 ,0 ,0.62,0.2
2431,1970,1697,134 ,110 ,53 ,63 ,28 ,33 ,53 ,14 ,127 ,108 ,7 ,2 ,0 ,0 ,0.61,0.38
2432,1666,859,16 ,7 ,13 ,3 ,0 ,3 ,3 ,1 ,8 ,4 ,3 ,3 ,5 ,0 ,0.45,0.25
2433,754,967,35 ,54 ,23 ,42 ,10 ,9 ,2 ,3 ,28 ,41 ,5 ,8 ,2 ,5 ,0.39,0.43
2434,1050,755,18 ,5 ,17 ,4 ,0 ,1 ,1 ,0 ,3 ,3 ,0 ,1 ,15 ,1 ,0.52,0.22
2435,937,938,18 ,21 ,11 ,17 ,5 ,2 ,2 ,2 ,3 ,6 ,7 ,3 ,8 ,12 ,0.54,0.41
2436,1773,1729,32 ,29 ,21 ,14 ,3 ,12 ,8 ,3 ,30 ,25 ,1 ,4 ,1 ,0 ,0.31,0.28
2437,756,1001,0 ,2 ,0 ,2 ,0 ,0 ,0 ,0 ,0 ,2 ,0 ,0 ,0 ,0 ,0.0,0.4
2438,981,757,87 ,57 ,61 ,37 ,25 ,18 ,1 ,2 ,58 ,21 ,29 ,33 ,0 ,3 ,0.51,0.28
2439,759,758,96 ,70 ,48 ,37 ,12 ,8 ,36 ,25 ,81 ,67 ,10 ,3 ,5 ,0 ,0.46,0.38
2440,1225,1167,28 ,11 ,12 ,10 ,14 ,1 ,2 ,0 ,17 ,7 ,11 ,1 ,0 ,3 ,0.46,0.35
2441,1571,799,24 ,35 ,15 ,19 ,8 ,3 ,1 ,13 ,13 ,21 ,7 ,1 ,4 ,13 ,0.32,0.31
2442,760,2368,9 ,30 ,5 ,24 ,3 ,1 ,1 ,5 ,2 ,10 ,5 ,2 ,2 ,18 ,0.6,0.6
2443,761,2466,23 ,55 ,18 ,47 ,3 ,4 ,2 ,4 ,22 ,38 ,0 ,8 ,1 ,9 ,0.51,0.52
2444,1916,784,5 ,4 ,3 ,3 ,1 ,1 ,1 ,0 ,4 ,3 ,0 ,1 ,1 ,0 ,0.33,0.5
2445,789,762,4 ,15 ,0 ,10 ,1 ,3 ,3 ,2 ,3 ,3 ,1 ,5 ,0 ,7 ,0.4,0.57
2446,763,1020,50 ,56 ,31 ,26 ,6 ,30 ,13 ,0 ,50 ,56 ,0 ,0 ,0 ,0 ,0.25,0.33
2447,1007,1687,87 ,65 ,53 ,39 ,18 ,15 ,16 ,11 ,45 ,39 ,42 ,26 ,0 ,0 ,0.4,0.31
2448,1207,1311,4 ,10 ,2 ,10 ,1 ,0 ,1 ,0 ,3 ,5 ,1 ,2 ,0 ,3 ,0.4,0.45
2449,1356,1308,41 ,57 ,27 ,33 ,4 ,17 ,10 ,7 ,33 ,41 ,6 ,13 ,2 ,3 ,0.53,0.48
2450,1488,934,28 ,10 ,20 ,7 ,6 ,0 ,2 ,3 ,16 ,10 ,10 ,0 ,2 ,0 ,0.49,0.27
2451,1044,970,8 ,2 ,7 ,2 ,0 ,0 ,1 ,0 ,4 ,2 ,0 ,0 ,4 ,0 ,0.5,0.28
2452,1389,1502,96 ,42 ,83 ,28 ,9 ,10 ,4 ,4 ,87 ,41 ,7 ,1 ,2 ,0 ,0.38,0.23
2453,1489,1154,74 ,17 ,50 ,11 ,13 ,1 ,11 ,5 ,59 ,16 ,12 ,1 ,3 ,0 ,0.5,0.2
2454,1353,1528,123 ,46 ,96 ,36 ,7 ,10 ,20 ,0 ,44 ,24 ,66 ,21 ,13 ,1 ,0.61,0.37
2455,1259,764,14 ,7 ,6 ,0 ,3 ,3 ,5 ,4 ,6 ,4 ,8 ,3 ,0 ,0 ,0.6,0.77
2456,901,1040,5 ,15 ,4 ,11 ,0 ,3 ,1 ,1 ,4 ,14 ,1 ,1 ,0 ,0 ,1.0,0.53
2457,872,1130,27 ,21 ,14 ,17 ,8 ,4 ,5 ,0 ,23 ,16 ,0 ,3 ,4 ,2 ,0.52,0.52
2458,765,2129,88 ,206 ,64 ,179 ,5 ,21 ,19 ,6 ,85 ,196 ,3 ,9 ,0 ,1 ,0.35,0.59
2459,915,936,39 ,26 ,30 ,16 ,6 ,2 ,3 ,8 ,27 ,26 ,4 ,0 ,8 ,0 ,0.36,0.38
2460,1618,982,85 ,66 ,62 ,40 ,15 ,18 ,8 ,8 ,75 ,65 ,5 ,0 ,5 ,1 ,0.43,0.37
2461,820,1370,14 ,31 ,13 ,18 ,1 ,10 ,0 ,3 ,14 ,26 ,0 ,2 ,0 ,3 ,0.36,0.45
2462,766,1158,20 ,12 ,17 ,9 ,3 ,1 ,0 ,2 ,9 ,6 ,4 ,5 ,7 ,1 ,0.74,0.5
2463,1027,1294,81 ,67 ,66 ,35 ,14 ,13 ,1 ,19 ,80 ,64 ,1 ,3 ,0 ,0 ,0.32,0.37
2464,1383,921,48 ,36 ,8 ,11 ,9 ,9 ,31 ,16 ,21 ,17 ,27 ,19 ,0 ,0 ,0.66,0.66
2465,1361,795,3 ,9 ,0 ,8 ,1 ,1 ,2 ,0 ,2 ,5 ,1 ,4 ,0 ,0 ,0.27,0.31
2466,1254,916,5 ,0 ,2 ,0 ,2 ,0 ,1 ,0 ,5 ,0 ,0 ,0 ,0 ,0 ,0.5,0.0
2467,1770,783,1 ,0 ,1 ,0 ,0 ,0 ,0 ,0 ,1 ,0 ,0 ,0 ,0 ,0 ,0.5,0.0
2468,2304,899,31 ,28 ,11 ,10 ,11 ,14 ,9 ,4 ,8 ,12 ,20 ,8 ,3 ,8 ,0.47,0.4
2469,854,1575,19 ,25 ,11 ,14 ,4 ,10 ,4 ,1 ,18 ,22 ,1 ,0 ,0 ,3 ,0.5,0.36
2470,1160,1074,64 ,46 ,20 ,20 ,11 ,8 ,33 ,18 ,58 ,29 ,6 ,16 ,0 ,1 ,0.43,0.38
2471,1800,1882,14 ,1 ,14 ,0 ,0 ,0 ,0 ,1 ,0 ,1 ,0 ,0 ,14 ,0 ,0.24,0.16
2472,1345,821,44 ,23 ,35 ,19 ,3 ,4 ,6 ,0 ,21 ,16 ,5 ,5 ,18 ,2 ,0.42,0.29
2473,965,1070,23 ,27 ,14 ,23 ,5 ,1 ,4 ,3 ,16 ,14 ,7 ,8 ,0 ,5 ,0.37,0.36
2474,2664,1508,20 ,22 ,5 ,14 ,7 ,2 ,8 ,6 ,20 ,21 ,0 ,1 ,0 ,0 ,0.37,0.34
2475,812,2516,4 ,7 ,0 ,5 ,3 ,1 ,1 ,1 ,0 ,7 ,4 ,0 ,0 ,0 ,0.22,0.36
2476,1779,1439,38 ,32 ,12 ,27 ,16 ,5 ,10 ,0 ,22 ,27 ,15 ,4 ,1 ,1 ,0.4,0.32
2477,801,1461,18 ,50 ,9 ,27 ,5 ,9 ,4 ,14 ,17 ,44 ,0 ,4 ,1 ,2 ,0.24,0.48
2478,1403,1636,43 ,50 ,21 ,22 ,7 ,7 ,15 ,21 ,39 ,38 ,4 ,11 ,0 ,1 ,0.5,0.29
2479,1126,1184,13 ,13 ,7 ,5 ,1 ,2 ,5 ,6 ,9 ,13 ,0 ,0 ,4 ,0 ,0.41,0.37
2480,767,1346,43 ,55 ,13 ,28 ,5 ,17 ,25 ,10 ,34 ,20 ,8 ,14 ,1 ,21 ,0.53,0.52
2481,1189,1013,16 ,8 ,11 ,1 ,3 ,4 ,2 ,3 ,10 ,8 ,0 ,0 ,6 ,0 ,0.72,0.3
2482,1060,1031,7 ,4 ,4 ,3 ,3 ,0 ,0 ,1 ,5 ,1 ,1 ,0 ,1 ,3 ,0.63,0.23
2483,800,1579,18 ,14 ,16 ,8 ,2 ,2 ,0 ,4 ,3 ,6 ,7 ,6 ,8 ,2 ,0.64,0.7
2484,1232,1142,3 ,11 ,3 ,11 ,0 ,0 ,0 ,0 ,1 ,0 ,2 ,0 ,0 ,11 ,0.6,0.73
2485,1144,2663,1 ,3 ,1 ,3 ,0 ,0 ,0 ,0 ,1 ,2 ,0 ,0 ,0 ,1 ,0.2,1.0
2486,2056,1314,25 ,75 ,15 ,45 ,5 ,20 ,5 ,10 ,24 ,34 ,1 ,9 ,0 ,32 ,0.3,0.44
2487,833,1131,5 ,12 ,4 ,7 ,1 ,5 ,0 ,0 ,1 ,7 ,4 ,3 ,0 ,2 ,0.38,0.42
2488,1021,1043,16 ,9 ,11 ,6 ,3 ,0 ,2 ,3 ,3 ,4 ,11 ,5 ,2 ,0 ,0.76,0.56
2489,1392,1024,15 ,21 ,10 ,11 ,3 ,2 ,2 ,8 ,14 ,19 ,1 ,2 ,0 ,0 ,0.31,0.47
2490,1255,1098,12 ,1 ,12 ,1 ,0 ,0 ,0 ,0 ,1 ,1 ,2 ,0 ,9 ,0 ,0.7,0.5
2491,818,1616,51 ,43 ,36 ,33 ,13 ,5 ,2 ,5 ,46 ,38 ,5 ,1 ,0 ,4 ,0.56,0.52
2492,797,1414,41 ,81 ,23 ,54 ,15 ,13 ,3 ,14 ,35 ,76 ,2 ,3 ,4 ,2 ,0.44,0.66
2493,809,804,5 ,8 ,3 ,6 ,2 ,1 ,0 ,1 ,3 ,3 ,1 ,0 ,1 ,5 ,0.41,0.42
2494,1102,768,50 ,18 ,25 ,13 ,13 ,5 ,12 ,0 ,29 ,18 ,7 ,0 ,14 ,0 ,0.46,0.21
2495,925,1076,42 ,71 ,29 ,39 ,6 ,21 ,7 ,11 ,38 ,62 ,4 ,2 ,0 ,7 ,0.36,0.35
2496,1781,1312,14 ,20 ,9 ,19 ,2 ,1 ,3 ,0 ,5 ,8 ,7 ,2 ,2 ,10 ,0.37,0.57
2497,1689,1466,32 ,24 ,19 ,12 ,9 ,6 ,4 ,6 ,16 ,15 ,7 ,9 ,9 ,0 ,0.47,0.33
2498,2642,1106,48 ,43 ,28 ,34 ,5 ,7 ,15 ,2 ,41 ,38 ,5 ,4 ,2 ,1 ,0.3,0.28
2499,893,1550,5 ,22 ,1 ,18 ,2 ,2 ,2 ,2 ,2 ,11 ,3 ,4 ,0 ,7 ,0.33,0.64
2500,1053,1807,37 ,44 ,21 ,25 ,15 ,5 ,1 ,14 ,28 ,32 ,1 ,3 ,8 ,9 ,0.34,0.43
2501,1264,769,20 ,3 ,19 ,2 ,1 ,1 ,0 ,0 ,1 ,1 ,2 ,2 ,17 ,0 ,0.71,0.21
2502,1204,1203,101 ,85 ,47 ,58 ,26 ,4 ,28 ,23 ,84 ,52 ,16 ,29 ,1 ,4 ,0.45,0.43
2503,918,1584,28 ,18 ,20 ,15 ,6 ,1 ,2 ,2 ,20 ,16 ,1 ,0 ,7 ,2 ,0.43,0.28
2504,1083,2437,105 ,61 ,70 ,34 ,26 ,13 ,9 ,14 ,81 ,43 ,24 ,18 ,0 ,0 ,0.38,0.26
2505,1022,1570,33 ,18 ,23 ,8 ,7 ,10 ,3 ,0 ,25 ,18 ,0 ,0 ,8 ,0 ,0.31,0.25
2506,1889,862,15 ,17 ,12 ,7 ,0 ,8 ,3 ,2 ,6 ,3 ,3 ,2 ,6 ,12 ,0.45,0.62
2507,873,1088,1 ,5 ,1 ,5 ,0 ,0 ,0 ,0 ,1 ,2 ,0 ,2 ,0 ,1 ,0.5,0.71
2508,1638,1939,42 ,80 ,22 ,57 ,12 ,15 ,8 ,8 ,35 ,50 ,7 ,11 ,0 ,19 ,0.21,0.6
2509,947,770,123 ,34 ,80 ,34 ,35 ,0 ,8 ,0 ,87 ,31 ,29 ,0 ,7 ,3 ,0.66,0.23
2510,806,2614,15 ,18 ,7 ,4 ,4 ,11 ,4 ,3 ,7 ,13 ,8 ,5 ,0 ,0 ,0.3,0.4
2511,2077,902,33 ,4 ,32 ,2 ,1 ,2 ,0 ,0 ,0 ,2 ,1 ,2 ,32 ,0 ,0.43,0.8
2512,1315,1715,5 ,33 ,3 ,28 ,1 ,5 ,1 ,0 ,3 ,15 ,1 ,18 ,1 ,0 ,0.33,0.6
2513,805,1317,1 ,9 ,1 ,9 ,0 ,0 ,0 ,0 ,1 ,8 ,0 ,0 ,0 ,1 ,0.33,0.6
2514,841,1720,12 ,17 ,3 ,8 ,4 ,6 ,5 ,3 ,5 ,10 ,7 ,7 ,0 ,0 ,0.5,0.36
2515,986,1283,2 ,27 ,1 ,22 ,0 ,5 ,1 ,0 ,2 ,5 ,0 ,3 ,0 ,19 ,0.28,0.72
2516,771,1084,30 ,32 ,10 ,13 ,11 ,10 ,9 ,9 ,15 ,23 ,15 ,8 ,0 ,1 ,0.46,0.5
2517,1128,791,152 ,100 ,117 ,77 ,34 ,23 ,1 ,0 ,142 ,100 ,9 ,0 ,1 ,0 ,0.37,0.34
2518,772,1605,54 ,65 ,31 ,28 ,18 ,12 ,5 ,25 ,46 ,57 ,8 ,8 ,0 ,0 ,0.29,0.55
2519,908,1046,13 ,27 ,6 ,19 ,3 ,4 ,4 ,4 ,13 ,18 ,0 ,4 ,0 ,5 ,0.41,0.46
2520,773,950,1 ,12 ,0 ,10 ,1 ,2 ,0 ,0 ,1 ,1 ,0 ,0 ,0 ,11 ,0.33,0.85
2521,1109,987,70 ,9 ,64 ,6 ,6 ,0 ,0 ,3 ,11 ,9 ,4 ,0 ,55 ,0 ,0.7,0.24
2522,1756,1037,9 ,1 ,4 ,1 ,2 ,0 ,3 ,0 ,8 ,1 ,0 ,0 ,1 ,0 ,0.75,0.14
2523,1337,1092,103 ,97 ,95 ,60 ,4 ,18 ,4 ,19 ,90 ,68 ,3 ,15 ,10 ,14 ,0.58,0.52
2524,774,906,33 ,27 ,17 ,14 ,8 ,5 ,8 ,8 ,25 ,22 ,3 ,2 ,5 ,3 ,0.46,0.23
2525,1227,775,43 ,9 ,29 ,2 ,11 ,1 ,3 ,6 ,15 ,7 ,11 ,2 ,17 ,0 ,0.67,0.27
2526,958,776,54 ,31 ,17 ,23 ,29 ,6 ,8 ,2 ,49 ,26 ,2 ,4 ,3 ,1 ,0.28,0.34
2527,991,1124,31 ,26 ,19 ,17 ,5 ,3 ,7 ,6 ,18 ,25 ,11 ,0 ,2 ,1 ,0.38,0.32
2528,2664,817,80 ,59 ,68 ,45 ,8 ,13 ,4 ,1 ,68 ,43 ,10 ,7 ,2 ,9 ,0.57,0.25
2529,1006,2286,55 ,43 ,53 ,16 ,1 ,11 ,1 ,16 ,27 ,35 ,1 ,0 ,27 ,8 ,0.44,0.34
2530,2081,1314,54 ,68 ,31 ,40 ,13 ,23 ,10 ,5 ,44 ,55 ,6 ,10 ,4 ,3 ,0.28,0.33
2531,1432,777,43 ,52 ,33 ,34 ,10 ,12 ,0 ,6 ,1 ,40 ,9 ,11 ,33 ,1 ,0.57,0.56
2532,1343,1537,35 ,40 ,24 ,27 ,1 ,10 ,10 ,3 ,32 ,36 ,2 ,2 ,1 ,2 ,0.5,0.33
2533,1448,1066,29 ,9 ,20 ,6 ,5 ,1 ,4 ,2 ,22 ,9 ,0 ,0 ,7 ,0 ,0.63,0.33
2534,1293,1546,7 ,4 ,5 ,1 ,0 ,0 ,2 ,3 ,3 ,4 ,0 ,0 ,4 ,0 ,0.5,0.14
2535,895,803,34 ,32 ,10 ,13 ,5 ,15 ,19 ,4 ,21 ,7 ,11 ,16 ,2 ,9 ,0.5,0.49
2536,881,808,133 ,61 ,90 ,43 ,22 ,8 ,21 ,10 ,95 ,47 ,37 ,14 ,1 ,0 ,0.63,0.25
2537,999,1419,47 ,44 ,28 ,21 ,10 ,17 ,9 ,6 ,18 ,22 ,22 ,22 ,7 ,0 ,0.52,0.36
2538,1170,1108,54 ,14 ,28 ,12 ,4 ,1 ,22 ,1 ,37 ,6 ,3 ,1 ,14 ,7 ,0.41,0.3
2539,1262,2436,12 ,22 ,10 ,12 ,0 ,7 ,2 ,3 ,10 ,20 ,2 ,0 ,0 ,2 ,0.19,0.25
2540,778,1688,11 ,20 ,1 ,15 ,3 ,4 ,7 ,1 ,10 ,16 ,1 ,1 ,0 ,3 ,0.33,0.43
2541,2105,1012,44 ,16 ,27 ,10 ,7 ,4 ,10 ,2 ,23 ,14 ,15 ,1 ,6 ,1 ,0.5,0.33
2542,2656,842,6 ,11 ,3 ,6 ,2 ,3 ,1 ,2 ,4 ,9 ,2 ,2 ,0 ,0 ,0.24,0.47
2543,1082,1175,5 ,12 ,2 ,12 ,1 ,0 ,2 ,0 ,4 ,5 ,1 ,1 ,0 ,6 ,0.71,0.63
2544,1132,2054,40 ,24 ,24 ,20 ,6 ,4 ,10 ,0 ,7 ,13 ,17 ,10 ,16 ,1 ,0.63,0.48
2545,1977,1516,20 ,8 ,18 ,2 ,2 ,4 ,0 ,2 ,1 ,2 ,2 ,4 ,17 ,2 ,0.45,0.53
2546,1080,1243,17 ,43 ,12 ,38 ,1 ,3 ,4 ,2 ,12 ,13 ,2 ,10 ,3 ,20 ,0.31,0.5
2547,858,976,1 ,9 ,1 ,9 ,0 ,0 ,0 ,0 ,1 ,4 ,0 ,2 ,0 ,3 ,0.11,0.31
2548,1410,1081,33 ,26 ,10 ,19 ,10 ,4 ,13 ,3 ,22 ,20 ,7 ,2 ,4 ,4 ,0.37,0.39
2549,913,779,8 ,25 ,7 ,15 ,0 ,6 ,1 ,4 ,0 ,8 ,1 ,5 ,7 ,12 ,0.66,0.69
2550,964,780,23 ,16 ,16 ,11 ,5 ,3 ,2 ,2 ,17 ,15 ,3 ,1 ,3 ,0 ,0.47,0.25
2551,2443,781,74 ,33 ,58 ,23 ,14 ,2 ,2 ,8 ,30 ,28 ,41 ,5 ,3 ,0 ,0.53,0.27
2552,1903,782,65 ,2 ,59 ,0 ,1 ,0 ,5 ,2 ,7 ,2 ,1 ,0 ,57 ,0 ,0.69,0.33
2553,1163,919,12 ,10 ,9 ,5 ,0 ,4 ,3 ,1 ,7 ,9 ,5 ,1 ,0 ,0 ,0.52,0.55
2554,1071,1624,32 ,19 ,30 ,14 ,0 ,3 ,2 ,2 ,6 ,8 ,0 ,5 ,26 ,6 ,0.88,0.73
2555,1166,1193,120 ,122 ,60 ,92 ,13 ,27 ,47 ,3 ,113 ,119 ,1 ,1 ,6 ,2 ,0.59,0.44
2556,849,2644,5 ,9 ,2 ,8 ,2 ,1 ,1 ,0 ,2 ,2 ,3 ,1 ,0 ,6 ,0.55,0.42
2557,2029,859,44 ,44 ,20 ,16 ,7 ,19 ,17 ,9 ,12 ,13 ,15 ,18 ,17 ,13 ,0.54,0.61
2558,906,1668,60 ,92 ,44 ,70 ,15 ,19 ,1 ,3 ,41 ,50 ,16 ,24 ,3 ,18 ,0.31,0.37
2559,1444,783,57 ,30 ,27 ,20 ,11 ,3 ,19 ,7 ,42 ,24 ,9 ,6 ,6 ,0 ,0.46,0.36
2560,855,956,21 ,81 ,13 ,52 ,2 ,21 ,6 ,8 ,14 ,39 ,6 ,21 ,1 ,21 ,0.35,0.6
2561,948,924,46 ,25 ,36 ,20 ,6 ,3 ,4 ,2 ,29 ,15 ,9 ,8 ,8 ,2 ,0.4,0.32
2562,1130,1142,38 ,14 ,27 ,5 ,4 ,5 ,7 ,4 ,37 ,14 ,0 ,0 ,1 ,0 ,0.41,0.25
2563,1299,1346,43 ,35 ,25 ,22 ,8 ,4 ,10 ,9 ,19 ,12 ,10 ,12 ,14 ,11 ,0.45,0.42
2564,1461,1770,60 ,38 ,27 ,20 ,25 ,1 ,8 ,17 ,31 ,35 ,6 ,1 ,23 ,2 ,0.63,0.4
2565,1729,810,117 ,46 ,70 ,14 ,20 ,14 ,27 ,18 ,74 ,35 ,33 ,11 ,10 ,0 ,0.5,0.41
2566,1074,2451,39 ,45 ,28 ,19 ,1 ,11 ,10 ,15 ,21 ,44 ,18 ,1 ,0 ,0 ,0.34,0.4
2567,1710,917,12 ,4 ,4 ,1 ,7 ,1 ,1 ,2 ,8 ,3 ,3 ,1 ,1 ,0 ,0.63,0.21
2568,1570,2317,1 ,11 ,0 ,5 ,0 ,1 ,1 ,5 ,1 ,8 ,0 ,0 ,0 ,3 ,0.2,0.68
2569,1296,863,61 ,51 ,29 ,26 ,10 ,9 ,22 ,16 ,53 ,46 ,8 ,5 ,0 ,0 ,0.34,0.48
2570,1013,784,46 ,10 ,32 ,7 ,7 ,1 ,7 ,2 ,24 ,6 ,21 ,4 ,1 ,0 ,0.44,0.26
2571,785,949,40 ,79 ,34 ,56 ,4 ,19 ,2 ,4 ,40 ,78 ,0 ,1 ,0 ,0 ,0.27,0.33
2572,966,1028,12 ,12 ,10 ,2 ,1 ,7 ,1 ,3 ,6 ,8 ,0 ,4 ,6 ,0 ,0.34,0.34
2573,1681,957,54 ,33 ,42 ,20 ,9 ,8 ,3 ,5 ,22 ,32 ,5 ,1 ,27 ,0 ,0.39,0.3
2574,1890,1414,53 ,49 ,31 ,36 ,16 ,8 ,6 ,5 ,49 ,47 ,2 ,2 ,2 ,0 ,0.32,0.27
2575,2037,2663,21 ,40 ,14 ,26 ,6 ,6 ,1 ,8 ,20 ,38 ,1 ,0 ,0 ,2 ,0.15,0.34
2576,1689,1189,16 ,13 ,2 ,11 ,6 ,0 ,8 ,2 ,16 ,13 ,0 ,0 ,0 ,0 ,0.43,0.44
2577,1969,1044,63 ,29 ,48 ,17 ,6 ,0 ,9 ,12 ,46 ,27 ,0 ,2 ,17 ,0 ,0.33,0.35
2578,996,939,46 ,19 ,16 ,5 ,21 ,8 ,9 ,6 ,32 ,14 ,13 ,5 ,1 ,0 ,0.5,0.32
2579,2304,979,71 ,34 ,47 ,12 ,12 ,14 ,12 ,8 ,56 ,29 ,15 ,3 ,0 ,2 ,0.32,0.44
2580,1469,1153,18 ,46 ,2 ,8 ,6 ,24 ,10 ,14 ,12 ,33 ,6 ,12 ,0 ,1 ,0.42,0.63
2581,1046,875,72 ,69 ,51 ,45 ,11 ,17 ,10 ,7 ,67 ,69 ,2 ,0 ,3 ,0 ,0.36,0.3
2582,1618,1804,49 ,39 ,41 ,32 ,6 ,6 ,2 ,1 ,47 ,28 ,0 ,0 ,2 ,11 ,0.4,0.27
2583,786,955,31 ,50 ,16 ,20 ,1 ,5 ,14 ,25 ,20 ,42 ,4 ,6 ,7 ,2 ,0.41,0.33
2584,967,985,73 ,33 ,51 ,18 ,18 ,13 ,4 ,2 ,57 ,27 ,10 ,6 ,6 ,0 ,0.35,0.3
2585,1831,1666,61 ,40 ,30 ,23 ,18 ,10 ,13 ,7 ,51 ,32 ,10 ,8 ,0 ,0 ,0.47,0.29
2586,861,1227,36 ,18 ,34 ,17 ,2 ,1 ,0 ,0 ,15 ,12 ,19 ,6 ,2 ,0 ,0.37,0.22
2587,1370,1106,27 ,49 ,5 ,30 ,21 ,17 ,1 ,2 ,11 ,19 ,10 ,12 ,6 ,18 ,0.5,0.53
2588,1038,1540,3 ,62 ,0 ,40 ,1 ,19 ,2 ,3 ,3 ,14 ,0 ,6 ,0 ,42 ,0.13,0.83
2589,2060,1492,62 ,41 ,29 ,17 ,13 ,8 ,20 ,16 ,56 ,27 ,6 ,6 ,0 ,8 ,0.52,0.28
2590,1442,1448,17 ,8 ,13 ,3 ,1 ,3 ,3 ,2 ,10 ,5 ,5 ,3 ,2 ,0 ,0.36,0.25
2591,2403,1759,27 ,35 ,13 ,25 ,4 ,9 ,10 ,1 ,24 ,29 ,3 ,4 ,0 ,2 ,0.27,0.36
2592,937,1097,50 ,32 ,31 ,27 ,10 ,3 ,9 ,2 ,23 ,12 ,14 ,6 ,13 ,14 ,0.57,0.45
2593,1272,1088,39 ,44 ,24 ,15 ,10 ,18 ,5 ,11 ,20 ,31 ,15 ,12 ,4 ,1 ,0.4,0.4
2594,1297,1365,42 ,23 ,38 ,16 ,2 ,0 ,2 ,7 ,15 ,9 ,3 ,3 ,24 ,11 ,0.55,0.37
2595,1723,1721,55 ,53 ,23 ,21 ,15 ,18 ,17 ,14 ,38 ,46 ,8 ,7 ,9 ,0 ,0.37,0.42
2596,866,946,68 ,63 ,56 ,42 ,3 ,12 ,9 ,9 ,61 ,56 ,4 ,7 ,3 ,0 ,0.4,0.39
2597,787,1155,26 ,67 ,12 ,55 ,7 ,6 ,7 ,6 ,20 ,55 ,5 ,12 ,1 ,0 ,0.26,0.38
2598,2442,872,23 ,21 ,9 ,16 ,12 ,4 ,2 ,1 ,7 ,12 ,9 ,5 ,7 ,4 ,0.53,0.42
2599,1034,1158,24 ,45 ,17 ,36 ,3 ,5 ,4 ,4 ,10 ,26 ,3 ,8 ,11 ,11 ,0.34,0.43
2600,1225,836,18 ,0 ,14 ,0 ,4 ,0 ,0 ,0 ,2 ,0 ,2 ,0 ,14 ,0 ,1.0,0.0
2601,1568,831,16 ,19 ,10 ,14 ,4 ,2 ,2 ,3 ,7 ,19 ,3 ,0 ,6 ,0 ,0.34,0.26
2602,1254,1149,28 ,36 ,16 ,19 ,6 ,4 ,6 ,13 ,25 ,28 ,0 ,3 ,3 ,5 ,0.27,0.33
2603,838,932,28 ,26 ,13 ,13 ,6 ,3 ,9 ,10 ,23 ,24 ,4 ,2 ,1 ,0 ,0.45,0.31
2604,788,1395,1 ,19 ,0 ,19 ,1 ,0 ,0 ,0 ,1 ,3 ,0 ,0 ,0 ,16 ,0.16,0.7
2605,1124,918,34 ,19 ,20 ,7 ,6 ,6 ,8 ,6 ,25 ,13 ,2 ,3 ,7 ,3 ,0.51,0.28
2606,2202,2620,18 ,46 ,9 ,23 ,8 ,17 ,1 ,6 ,5 ,11 ,11 ,25 ,2 ,10 ,0.33,0.51
2607,1773,1958,100 ,33 ,73 ,6 ,8 ,12 ,19 ,15 ,87 ,33 ,1 ,0 ,12 ,0 ,0.48,0.33
2608,1636,1687,53 ,47 ,25 ,39 ,6 ,0 ,22 ,8 ,40 ,40 ,7 ,7 ,6 ,0 ,0.46,0.42
2609,2115,2099,19 ,38 ,17 ,28 ,0 ,7 ,2 ,3 ,18 ,25 ,1 ,6 ,0 ,7 ,0.28,0.47
2610,1244,789,56 ,38 ,44 ,21 ,7 ,7 ,5 ,10 ,21 ,31 ,14 ,7 ,21 ,0 ,0.55,0.42
2611,1053,1571,75 ,51 ,62 ,37 ,12 ,7 ,1 ,7 ,74 ,30 ,0 ,0 ,1 ,21 ,0.35,0.42
2612,1489,1377,18 ,8 ,16 ,5 ,2 ,1 ,0 ,2 ,4 ,7 ,5 ,1 ,9 ,0 ,0.48,0.36
2613,1132,1653,14 ,13 ,4 ,8 ,9 ,5 ,1 ,0 ,2 ,6 ,12 ,7 ,0 ,0 ,0.6,0.65
2614,843,1036,12 ,49 ,6 ,22 ,4 ,11 ,2 ,16 ,3 ,15 ,7 ,19 ,2 ,15 ,0.35,0.55
2615,790,825,5 ,13 ,4 ,10 ,1 ,0 ,0 ,3 ,5 ,13 ,0 ,0 ,0 ,0 ,0.41,0.28
2616,791,943,24 ,142 ,11 ,72 ,8 ,47 ,5 ,23 ,24 ,141 ,0 ,1 ,0 ,0 ,0.12,0.45
2617,835,993,31 ,77 ,28 ,63 ,2 ,10 ,1 ,4 ,5 ,17 ,12 ,37 ,14 ,23 ,0.56,0.59
2618,910,792,29 ,27 ,12 ,14 ,14 ,8 ,3 ,5 ,23 ,18 ,5 ,7 ,1 ,2 ,0.33,0.31
2619,1014,970,24 ,15 ,20 ,8 ,1 ,1 ,3 ,6 ,16 ,10 ,8 ,5 ,0 ,0 ,0.38,0.32
2620,828,914,31 ,10 ,14 ,4 ,3 ,0 ,14 ,6 ,15 ,8 ,6 ,1 ,10 ,1 ,0.39,0.4
2621,1167,793,27 ,27 ,22 ,13 ,5 ,10 ,0 ,4 ,13 ,16 ,6 ,9 ,8 ,2 ,0.33,0.27
2622,820,867,3 ,2 ,2 ,1 ,0 ,1 ,1 ,0 ,2 ,2 ,1 ,0 ,0 ,0 ,0.75,0.5
2623,938,827,12 ,18 ,7 ,9 ,5 ,4 ,0 ,5 ,2 ,6 ,1 ,5 ,9 ,7 ,0.32,0.52
2624,1259,1695,41 ,36 ,26 ,23 ,11 ,4 ,4 ,9 ,37 ,33 ,4 ,1 ,0 ,2 ,0.54,0.49
2625,915,865,45 ,25 ,32 ,15 ,10 ,4 ,3 ,6 ,41 ,25 ,4 ,0 ,0 ,0 ,0.38,0.44
2627,2027,1579,16 ,6 ,15 ,1 ,0 ,2 ,1 ,3 ,2 ,6 ,0 ,0 ,14 ,0 ,0.8,0.37
2628,1146,1179,49 ,47 ,27 ,41 ,7 ,6 ,15 ,0 ,34 ,41 ,11 ,6 ,4 ,0 ,0.34,0.41
2629,2436,795,48 ,22 ,16 ,15 ,11 ,4 ,21 ,3 ,36 ,13 ,12 ,8 ,0 ,1 ,0.32,0.21
2630,1697,1383,21 ,13 ,16 ,4 ,2 ,1 ,3 ,8 ,12 ,12 ,5 ,1 ,4 ,0 ,0.48,0.56
2631,1949,1040,24 ,26 ,7 ,14 ,8 ,9 ,9 ,3 ,14 ,17 ,1 ,6 ,9 ,3 ,0.54,0.52
2632,796,2671,4 ,20 ,1 ,17 ,2 ,2 ,1 ,1 ,4 ,7 ,0 ,2 ,0 ,11 ,0.4,0.57
2633,797,1283,4 ,61 ,3 ,50 ,0 ,4 ,1 ,7 ,4 ,18 ,0 ,6 ,0 ,37 ,0.09,0.59
2634,798,968,14 ,47 ,11 ,29 ,3 ,6 ,0 ,12 ,9 ,26 ,4 ,17 ,1 ,4 ,0.2,0.4
2635,1083,1317,58 ,61 ,42 ,53 ,7 ,5 ,9 ,3 ,49 ,50 ,9 ,11 ,0 ,0 ,0.36,0.45
2636,1345,901,55 ,34 ,31 ,16 ,7 ,13 ,17 ,5 ,15 ,10 ,25 ,23 ,15 ,1 ,0.43,0.53
2637,1939,2129,82 ,66 ,51 ,47 ,18 ,15 ,13 ,4 ,42 ,38 ,33 ,27 ,7 ,1 ,0.49,0.41
2638,2550,1076,59 ,45 ,45 ,26 ,3 ,12 ,11 ,7 ,50 ,39 ,7 ,5 ,2 ,1 ,0.43,0.27
2639,1938,2317,1 ,1 ,0 ,0 ,1 ,0 ,0 ,1 ,1 ,1 ,0 ,0 ,0 ,0 ,1.0,0.25
2640,799,1311,4 ,27 ,2 ,20 ,2 ,6 ,0 ,1 ,4 ,8 ,0 ,11 ,0 ,8 ,0.05,0.48
2641,1502,1352,25 ,46 ,10 ,35 ,12 ,3 ,3 ,8 ,21 ,40 ,3 ,2 ,1 ,4 ,0.26,0.38
2642,1580,1550,13 ,14 ,6 ,10 ,3 ,3 ,4 ,1 ,10 ,8 ,3 ,6 ,0 ,0 ,0.3,0.48
2643,1203,1807,158 ,150 ,111 ,141 ,6 ,5 ,41 ,4 ,138 ,146 ,18 ,4 ,2 ,0 ,0.39,0.45
2644,1232,1019,5 ,11 ,4 ,5 ,1 ,3 ,0 ,3 ,3 ,7 ,2 ,4 ,0 ,0 ,0.21,0.5
2645,1230,942,36 ,44 ,11 ,21 ,13 ,5 ,12 ,18 ,21 ,20 ,9 ,16 ,6 ,8 ,0.53,0.57
2646,800,1089,0 ,9 ,0 ,8 ,0 ,0 ,0 ,1 ,0 ,3 ,0 ,0 ,0 ,6 ,0.0,0.64
2647,1467,991,9 ,6 ,7 ,5 ,2 ,0 ,0 ,1 ,6 ,6 ,2 ,0 ,1 ,0 ,0.39,0.25
2648,801,1700,0 ,7 ,0 ,6 ,0 ,1 ,0 ,0 ,0 ,1 ,0 ,0 ,0 ,6 ,0.0,0.43
2649,1144,821,3 ,11 ,3 ,5 ,0 ,2 ,0 ,4 ,3 ,10 ,0 ,0 ,0 ,1 ,0.37,0.5
2650,1577,1410,35 ,26 ,26 ,16 ,4 ,6 ,5 ,4 ,24 ,23 ,5 ,3 ,6 ,0 ,0.52,0.28
2651,981,1616,132 ,33 ,100 ,13 ,31 ,1 ,1 ,19 ,125 ,14 ,6 ,7 ,1 ,12 ,0.6,0.35
2652,1707,1027,26 ,37 ,14 ,21 ,7 ,8 ,5 ,8 ,24 ,20 ,2 ,17 ,0 ,0 ,0.35,0.29
2653,1392,1308,3 ,12 ,3 ,12 ,0 ,0 ,0 ,0 ,3 ,5 ,0 ,0 ,0 ,7 ,0.37,0.75
2654,1756,1098,48 ,23 ,31 ,16 ,4 ,3 ,13 ,4 ,31 ,14 ,4 ,5 ,13 ,4 ,0.5,0.38
2655,1889,832,3 ,4 ,0 ,4 ,1 ,0 ,2 ,0 ,3 ,2 ,0 ,0 ,0 ,2 ,0.37,0.66
2656,928,1067,58 ,36 ,33 ,20 ,10 ,5 ,15 ,11 ,26 ,14 ,22 ,12 ,10 ,10 ,0.57,0.38
2657,1312,1444,5 ,3 ,5 ,1 ,0 ,1 ,0 ,1 ,3 ,3 ,0 ,0 ,2 ,0 ,0.62,0.3
2658,1022,1176,34 ,10 ,17 ,5 ,16 ,4 ,1 ,1 ,4 ,7 ,0 ,1 ,30 ,2 ,0.66,0.66
2659,948,2644,34 ,9 ,25 ,6 ,3 ,3 ,6 ,0 ,15 ,6 ,0 ,3 ,19 ,0 ,0.66,0.45
2660,999,1314,35 ,64 ,17 ,27 ,10 ,32 ,8 ,5 ,25 ,28 ,9 ,20 ,1 ,16 ,0.66,0.65
2661,1976,1071,47 ,19 ,18 ,18 ,7 ,0 ,22 ,1 ,12 ,12 ,17 ,7 ,18 ,0 ,0.69,0.37
2662,951,1154,12 ,19 ,12 ,18 ,0 ,1 ,0 ,0 ,12 ,18 ,0 ,0 ,0 ,1 ,0.32,0.54
2663,1372,848,47 ,15 ,22 ,12 ,19 ,1 ,6 ,2 ,27 ,8 ,11 ,7 ,9 ,0 ,0.47,0.21
2664,1114,811,71 ,12 ,50 ,3 ,15 ,1 ,6 ,8 ,16 ,9 ,39 ,3 ,16 ,0 ,0.58,0.24
2665,1408,907,48 ,4 ,24 ,3 ,22 ,1 ,2 ,0 ,9 ,2 ,9 ,2 ,30 ,0 ,0.64,0.12
2666,802,1147,70 ,57 ,45 ,43 ,17 ,13 ,8 ,1 ,31 ,38 ,39 ,18 ,0 ,1 ,0.4,0.32
2667,965,858,53 ,7 ,43 ,3 ,9 ,4 ,1 ,0 ,15 ,2 ,3 ,3 ,35 ,2 ,0.48,0.22
2668,921,1123,20 ,15 ,12 ,6 ,8 ,9 ,0 ,0 ,7 ,5 ,10 ,10 ,3 ,0 ,0.62,0.6
2669,1007,1177,202 ,79 ,106 ,50 ,48 ,9 ,48 ,20 ,112 ,53 ,84 ,26 ,6 ,0 ,0.54,0.32
2670,958,1020,5 ,7 ,1 ,3 ,0 ,0 ,4 ,4 ,5 ,5 ,0 ,0 ,0 ,2 ,0.62,0.63
2671,2105,873,45 ,24 ,37 ,19 ,8 ,5 ,0 ,0 ,31 ,21 ,12 ,3 ,2 ,0 ,0.5,0.36
2672,1338,1398,71 ,45 ,30 ,30 ,18 ,13 ,23 ,2 ,64 ,41 ,6 ,4 ,1 ,0 ,0.4,0.38
2673,1009,1374,13 ,73 ,9 ,57 ,3 ,10 ,1 ,6 ,7 ,21 ,6 ,11 ,0 ,41 ,0.41,0.7
2674,1148,1117,33 ,50 ,22 ,20 ,5 ,12 ,6 ,18 ,6 ,33 ,5 ,8 ,22 ,9 ,0.54,0.58
2675,1216,1126,40 ,51 ,35 ,32 ,4 ,12 ,1 ,7 ,38 ,36 ,2 ,6 ,0 ,9 ,0.29,0.48
2676,2325,824,22 ,5 ,22 ,1 ,0 ,2 ,0 ,2 ,0 ,2 ,2 ,0 ,20 ,3 ,0.81,0.83
2677,1499,1641,27 ,19 ,25 ,17 ,2 ,1 ,0 ,1 ,18 ,10 ,2 ,6 ,7 ,3 ,0.3,0.22
2678,1346,1464,46 ,12 ,14 ,9 ,28 ,3 ,4 ,0 ,12 ,5 ,22 ,2 ,12 ,5 ,0.57,0.44
2679,1289,822,46 ,21 ,25 ,10 ,10 ,6 ,11 ,5 ,37 ,20 ,1 ,0 ,8 ,1 ,0.54,0.22
2680,1084,844,16 ,3 ,13 ,1 ,3 ,0 ,0 ,2 ,7 ,3 ,4 ,0 ,5 ,0 ,0.61,0.27
2681,803,1434,10 ,20 ,5 ,12 ,4 ,8 ,1 ,0 ,10 ,14 ,0 ,0 ,0 ,6 ,0.43,0.66
2682,1779,817,69 ,32 ,45 ,7 ,13 ,15 ,11 ,10 ,50 ,20 ,18 ,12 ,1 ,0 ,0.72,0.32
2683,1445,899,116 ,90 ,45 ,55 ,19 ,21 ,52 ,14 ,106 ,87 ,10 ,3 ,0 ,0 ,0.49,0.26
2684,1952,1512,20 ,36 ,11 ,24 ,7 ,6 ,2 ,6 ,18 ,14 ,1 ,4 ,1 ,18 ,0.35,0.37
2685,2451,1461,21 ,31 ,9 ,14 ,3 ,6 ,9 ,11 ,16 ,20 ,5 ,10 ,0 ,1 ,0.3,0.64
2686,1689,2286,11 ,28 ,6 ,17 ,2 ,7 ,3 ,4 ,11 ,28 ,0 ,0 ,0 ,0 ,0.55,0.51
2687,2054,1403,27 ,18 ,20 ,4 ,2 ,3 ,5 ,11 ,9 ,7 ,3 ,7 ,15 ,4 ,0.47,0.52
2688,1485,1175,121 ,60 ,82 ,36 ,21 ,17 ,18 ,7 ,113 ,48 ,6 ,3 ,2 ,9 ,0.61,0.38
2689,1051,1250,19 ,14 ,16 ,6 ,2 ,2 ,1 ,6 ,8 ,11 ,11 ,3 ,0 ,0 ,0.38,0.4
2690,1006,849,16 ,13 ,3 ,3 ,3 ,8 ,10 ,2 ,8 ,5 ,8 ,1 ,0 ,7 ,0.76,0.61
2691,947,1605,54 ,91 ,36 ,50 ,16 ,14 ,2 ,27 ,43 ,88 ,11 ,3 ,0 ,0 ,0.41,0.48
2692,1196,855,130 ,107 ,88 ,61 ,34 ,31 ,8 ,15 ,119 ,96 ,11 ,8 ,0 ,3 ,0.54,0.49
2693,1546,2642,9 ,16 ,4 ,10 ,4 ,3 ,1 ,3 ,9 ,13 ,0 ,3 ,0 ,0 ,0.39,0.76
2694,2443,2466,47 ,44 ,31 ,18 ,15 ,9 ,1 ,17 ,30 ,40 ,17 ,4 ,0 ,0 ,0.31,0.31
2695,2656,1575,5 ,9 ,2 ,7 ,1 ,2 ,2 ,0 ,4 ,8 ,1 ,1 ,0 ,0 ,0.26,0.33
2696,1710,1356,4 ,1 ,0 ,0 ,4 ,0 ,0 ,1 ,1 ,1 ,0 ,0 ,3 ,0 ,1.0,0.5
2697,874,1150,21 ,45 ,9 ,31 ,6 ,6 ,6 ,8 ,16 ,39 ,3 ,3 ,2 ,3 ,0.16,0.34
2698,1970,1757,138 ,53 ,88 ,34 ,25 ,19 ,25 ,0 ,99 ,30 ,37 ,23 ,2 ,0 ,0.58,0.27
2699,804,1097,2 ,6 ,1 ,6 ,1 ,0 ,0 ,0 ,2 ,5 ,0 ,1 ,0 ,0 ,0.2,0.28
2700,1031,805,20 ,4 ,10 ,2 ,6 ,2 ,4 ,0 ,7 ,1 ,7 ,3 ,6 ,0 ,0.76,0.28
2701,1108,1537,28 ,52 ,20 ,23 ,5 ,19 ,3 ,10 ,10 ,20 ,18 ,25 ,0 ,7 ,0.53,0.52
2702,1681,1603,6 ,11 ,3 ,3 ,1 ,1 ,2 ,7 ,6 ,10 ,0 ,1 ,0 ,0 ,0.1,0.55
2703,1050,1782,23 ,28 ,21 ,17 ,0 ,5 ,2 ,6 ,8 ,12 ,0 ,3 ,15 ,13 ,0.6,0.33
2704,2368,934,65 ,26 ,51 ,16 ,12 ,5 ,2 ,5 ,38 ,25 ,3 ,1 ,24 ,0 ,0.44,0.24
2705,1781,1184,51 ,35 ,22 ,15 ,9 ,8 ,20 ,12 ,24 ,19 ,21 ,8 ,6 ,8 ,0.58,0.47
2706,967,1668,64 ,42 ,23 ,20 ,22 ,13 ,19 ,9 ,40 ,18 ,23 ,18 ,1 ,6 ,0.51,0.43
2707,950,883,5 ,0 ,5 ,0 ,0 ,0 ,0 ,0 ,0 ,0 ,0 ,0 ,5 ,0 ,0.71,0.0
2708,2304,1936,29 ,30 ,14 ,18 ,11 ,5 ,4 ,7 ,21 ,15 ,7 ,8 ,1 ,7 ,0.37,0.45
2709,1395,1013,6 ,24 ,1 ,21 ,1 ,3 ,4 ,0 ,6 ,6 ,0 ,0 ,0 ,18 ,0.28,0.53
2710,917,1074,15 ,16 ,9 ,8 ,2 ,2 ,4 ,6 ,11 ,11 ,3 ,5 ,1 ,0 ,0.34,0.53
2711,1791,1225,118 ,25 ,101 ,17 ,16 ,6 ,1 ,2 ,44 ,13 ,37 ,3 ,37 ,9 ,0.71,0.46
2712,904,1925,41 ,61 ,29 ,46 ,8 ,3 ,4 ,12 ,28 ,38 ,7 ,7 ,6 ,16 ,0.33,0.39
2713,1142,1780,37 ,18 ,28 ,5 ,8 ,12 ,1 ,1 ,12 ,9 ,4 ,3 ,21 ,6 ,0.54,0.45
2714,840,2029,24 ,57 ,16 ,22 ,8 ,13 ,0 ,22 ,20 ,13 ,3 ,25 ,1 ,19 ,0.31,0.5
2715,1618,1190,13 ,8 ,10 ,3 ,3 ,2 ,0 ,3 ,6 ,8 ,0 ,0 ,7 ,0 ,0.68,0.38
2716,806,966,26 ,25 ,20 ,21 ,5 ,1 ,1 ,3 ,24 ,25 ,1 ,0 ,1 ,0 ,0.29,0.42
2717,1916,964,38 ,22 ,35 ,17 ,1 ,4 ,2 ,1 ,37 ,22 ,1 ,0 ,0 ,0 ,0.56,0.5
2718,2516,1723,19 ,13 ,14 ,7 ,4 ,4 ,1 ,2 ,10 ,11 ,1 ,2 ,8 ,0 ,0.27,0.38
2719,861,1508,7 ,22 ,6 ,12 ,1 ,5 ,0 ,5 ,3 ,18 ,2 ,1 ,2 ,3 ,0.23,0.43
2720,1128,1070,35 ,41 ,33 ,31 ,1 ,6 ,1 ,4 ,18 ,34 ,0 ,5 ,17 ,2 ,0.25,0.39
2721,1807,1300,68 ,29 ,57 ,22 ,11 ,5 ,0 ,2 ,47 ,19 ,9 ,8 ,12 ,2 ,0.43,0.32
2722,1489,1098,50 ,6 ,35 ,1 ,15 ,3 ,0 ,2 ,4 ,3 ,0 ,2 ,46 ,1 ,0.62,0.33
2723,1442,1729,64 ,140 ,42 ,99 ,13 ,17 ,9 ,24 ,61 ,120 ,3 ,1 ,0 ,19 ,0.23,0.45
2724,1134,969,26 ,47 ,20 ,36 ,6 ,5 ,0 ,6 ,14 ,45 ,7 ,1 ,5 ,1 ,0.3,0.4
2725,872,1088,44 ,60 ,23 ,47 ,15 ,7 ,6 ,6 ,40 ,54 ,1 ,5 ,3 ,1 ,0.37,0.51
2726,1484,945,47 ,21 ,18 ,11 ,15 ,2 ,14 ,8 ,38 ,21 ,1 ,0 ,8 ,0 ,0.46,0.25
2727,943,1297,4 ,5 ,3 ,4 ,1 ,1 ,0 ,0 ,4 ,2 ,0 ,0 ,0 ,3 ,1.0,0.5
2728,1107,1720,17 ,15 ,6 ,10 ,8 ,3 ,3 ,2 ,8 ,10 ,7 ,5 ,2 ,0 ,0.54,0.6
2729,1380,2437,50 ,49 ,42 ,31 ,6 ,9 ,2 ,9 ,49 ,37 ,1 ,7 ,0 ,5 ,0.47,0.38
2730,862,927,7 ,5 ,4 ,3 ,3 ,1 ,0 ,1 ,2 ,2 ,3 ,1 ,2 ,2 ,0.63,0.41
2731,915,2671,44 ,48 ,23 ,35 ,14 ,1 ,7 ,12 ,43 ,45 ,1 ,2 ,0 ,1 ,0.23,0.29
2732,831,1308,29 ,44 ,18 ,22 ,6 ,9 ,5 ,13 ,28 ,29 ,1 ,10 ,0 ,5 ,0.33,0.55
2733,916,1149,3 ,18 ,2 ,13 ,0 ,2 ,1 ,3 ,3 ,7 ,0 ,2 ,0 ,9 ,0.33,0.62
2734,1958,856,24 ,7 ,23 ,2 ,1 ,1 ,0 ,4 ,16 ,5 ,2 ,2 ,6 ,0 ,0.55,0.25
2735,1863,876,7 ,3 ,3 ,1 ,4 ,2 ,0 ,0 ,1 ,0 ,4 ,3 ,2 ,0 ,0.7,0.75
2736,923,847,33 ,17 ,27 ,6 ,5 ,2 ,1 ,9 ,20 ,17 ,4 ,0 ,9 ,0 ,0.32,0.32
2737,980,1036,79 ,54 ,65 ,22 ,14 ,4 ,0 ,28 ,72 ,47 ,7 ,2 ,0 ,5 ,0.46,0.41
2738,833,979,42 ,24 ,23 ,15 ,13 ,3 ,6 ,6 ,27 ,21 ,15 ,3 ,0 ,0 ,0.38,0.38
2739,956,838,65 ,54 ,39 ,29 ,13 ,11 ,13 ,14 ,55 ,46 ,10 ,8 ,0 ,0 ,0.37,0.38
2740,866,1153,37 ,63 ,14 ,26 ,2 ,19 ,21 ,18 ,32 ,56 ,5 ,2 ,0 ,5 ,0.35,0.39
2741,1144,895,30 ,51 ,16 ,20 ,9 ,10 ,5 ,21 ,26 ,44 ,4 ,6 ,0 ,1 ,0.41,0.4
2742,1571,1509,29 ,22 ,27 ,8 ,2 ,1 ,0 ,13 ,4 ,20 ,0 ,1 ,25 ,1 ,0.39,0.51
2743,1004,1893,8 ,19 ,1 ,12 ,7 ,4 ,0 ,3 ,2 ,7 ,6 ,3 ,0 ,9 ,0.38,0.48
2744,1287,1538,21 ,19 ,4 ,12 ,4 ,3 ,13 ,4 ,15 ,9 ,0 ,5 ,6 ,5 ,0.44,0.27
2745,1969,981,8 ,2 ,6 ,2 ,0 ,0 ,2 ,0 ,5 ,2 ,0 ,0 ,3 ,0 ,0.57,0.25
2746,1377,888,32 ,3 ,29 ,3 ,2 ,0 ,1 ,0 ,5 ,3 ,2 ,0 ,25 ,0 ,0.58,0.13
2747,1294,886,46 ,49 ,28 ,16 ,15 ,26 ,3 ,7 ,19 ,25 ,11 ,24 ,16 ,0 ,0.55,0.65
2748,991,985,40 ,47 ,29 ,36 ,10 ,8 ,1 ,3 ,16 ,30 ,18 ,15 ,6 ,2 ,0.41,0.32
2749,808,807,37 ,56 ,19 ,43 ,12 ,12 ,6 ,1 ,26 ,32 ,10 ,7 ,1 ,17 ,0.39,0.54
2750,1028,1414,43 ,54 ,27 ,28 ,6 ,10 ,10 ,16 ,41 ,53 ,0 ,1 ,2 ,0 ,0.37,0.33
2751,1102,1330,10 ,7 ,7 ,5 ,2 ,2 ,1 ,0 ,10 ,5 ,0 ,2 ,0 ,0 ,0.23,0.2
2752,854,982,27 ,56 ,15 ,25 ,9 ,23 ,3 ,8 ,21 ,29 ,6 ,10 ,0 ,17 ,0.34,0.49
2753,1952,809,36 ,24 ,24 ,21 ,11 ,2 ,1 ,1 ,25 ,18 ,2 ,4 ,9 ,2 ,0.52,0.37
2754,1488,1299,27 ,8 ,14 ,3 ,8 ,3 ,5 ,2 ,23 ,6 ,0 ,2 ,4 ,0 ,0.42,0.14
2755,1502,1361,33 ,51 ,18 ,27 ,13 ,23 ,2 ,1 ,30 ,47 ,3 ,3 ,0 ,1 ,0.24,0.41
2756,996,1439,26 ,18 ,11 ,11 ,8 ,5 ,7 ,2 ,21 ,8 ,2 ,8 ,3 ,2 ,0.37,0.23
2757,1191,880,10 ,6 ,9 ,2 ,0 ,3 ,1 ,1 ,1 ,3 ,0 ,1 ,9 ,2 ,0.41,0.5
2758,826,1137,2 ,21 ,2 ,19 ,0 ,1 ,0 ,1 ,1 ,4 ,0 ,1 ,1 ,16 ,0.1,0.56
2759,1307,1081,29 ,34 ,22 ,32 ,5 ,2 ,2 ,0 ,26 ,29 ,2 ,0 ,1 ,5 ,0.31,0.31
2760,957,810,60 ,42 ,38 ,17 ,21 ,18 ,1 ,7 ,44 ,25 ,13 ,10 ,3 ,7 ,0.45,0.34
2761,1125,1075,104 ,67 ,85 ,57 ,17 ,6 ,2 ,4 ,94 ,64 ,10 ,3 ,0 ,0 ,0.37,0.24
2762,1024,1163,3 ,5 ,3 ,1 ,0 ,0 ,0 ,4 ,3 ,5 ,0 ,0 ,0 ,0 ,0.75,0.5
2763,1938,921,14 ,15 ,7 ,4 ,3 ,3 ,4 ,8 ,11 ,13 ,2 ,2 ,1 ,0 ,0.41,0.51
2764,1904,857,12 ,30 ,6 ,23 ,3 ,7 ,3 ,0 ,11 ,15 ,1 ,3 ,0 ,12 ,0.21,0.34
2765,1109,1021,53 ,10 ,22 ,10 ,16 ,0 ,15 ,0 ,17 ,7 ,10 ,3 ,26 ,0 ,0.56,0.27
2766,1053,1550,49 ,26 ,29 ,10 ,19 ,9 ,1 ,7 ,46 ,18 ,1 ,8 ,2 ,0 ,0.32,0.32
2767,1293,1106,133 ,36 ,51 ,9 ,41 ,24 ,41 ,3 ,59 ,11 ,73 ,25 ,1 ,0 ,0.61,0.29
2768,1616,1123,93 ,109 ,55 ,70 ,23 ,17 ,15 ,22 ,74 ,92 ,19 ,17 ,0 ,0 ,0.56,0.47
2769,2345,1042,12 ,1 ,11 ,0 ,1 ,1 ,0 ,0 ,3 ,0 ,1 ,1 ,8 ,0 ,0.66,0.11
2770,2304,878,30 ,5 ,29 ,0 ,1 ,1 ,0 ,4 ,30 ,3 ,0 ,0 ,0 ,2 ,0.54,0.35
2771,811,907,14 ,15 ,3 ,12 ,6 ,1 ,5 ,2 ,6 ,10 ,8 ,5 ,0 ,0 ,0.4,0.5
2772,986,912,27 ,36 ,12 ,15 ,9 ,4 ,6 ,17 ,16 ,33 ,9 ,3 ,2 ,0 ,0.54,0.44
2773,2169,834,60 ,11 ,51 ,8 ,5 ,2 ,4 ,1 ,4 ,5 ,10 ,6 ,46 ,0 ,0.7,0.73
2774,2115,863,66 ,47 ,46 ,25 ,10 ,4 ,10 ,18 ,62 ,44 ,3 ,3 ,1 ,0 ,0.36,0.32
2775,910,2442,11 ,24 ,7 ,10 ,4 ,10 ,0 ,4 ,6 ,3 ,2 ,14 ,3 ,7 ,0.4,0.63
2776,950,1022,11 ,43 ,8 ,16 ,1 ,9 ,2 ,18 ,4 ,4 ,3 ,24 ,4 ,15 ,0.44,0.74
2777,1037,1207,6 ,17 ,1 ,15 ,3 ,2 ,2 ,0 ,0 ,3 ,6 ,2 ,0 ,12 ,0.6,0.62
2778,1722,1208,10 ,6 ,6 ,5 ,4 ,1 ,0 ,0 ,7 ,5 ,3 ,1 ,0 ,0 ,0.45,0.42
2779,1464,870,2 ,0 ,1 ,0 ,0 ,0 ,1 ,0 ,2 ,0 ,0 ,0 ,0 ,0 ,0.66,0.0
2780,1032,875,78 ,42 ,25 ,28 ,15 ,5 ,38 ,9 ,70 ,40 ,8 ,2 ,0 ,0 ,0.46,0.18
2781,832,2202,7 ,3 ,5 ,2 ,2 ,0 ,0 ,1 ,3 ,2 ,4 ,1 ,0 ,0 ,0.63,0.37
2782,812,2159,2 ,7 ,0 ,4 ,1 ,3 ,1 ,0 ,0 ,2 ,2 ,3 ,0 ,2 ,0.66,0.7
2783,860,1129,22 ,35 ,17 ,31 ,4 ,4 ,1 ,0 ,6 ,11 ,4 ,1 ,12 ,23 ,0.59,0.52
2784,1046,1223,40 ,16 ,27 ,15 ,12 ,1 ,1 ,0 ,36 ,5 ,0 ,1 ,4 ,10 ,0.51,0.5
2785,1492,1202,33 ,31 ,10 ,17 ,8 ,8 ,15 ,6 ,16 ,26 ,17 ,5 ,0 ,0 ,0.35,0.41
2786,1392,936,20 ,16 ,6 ,12 ,11 ,2 ,3 ,2 ,16 ,13 ,1 ,0 ,3 ,3 ,0.32,0.23
2787,2550,1158,67 ,36 ,46 ,27 ,16 ,7 ,5 ,2 ,55 ,34 ,10 ,2 ,2 ,0 ,0.38,0.28
2788,2562,2663,87 ,65 ,57 ,41 ,9 ,8 ,21 ,16 ,83 ,63 ,4 ,2 ,0 ,0 ,0.39,0.28
2789,1078,971,15 ,2 ,14 ,1 ,1 ,0 ,0 ,1 ,2 ,2 ,0 ,0 ,13 ,0 ,0.83,0.5
2790,844,813,66 ,49 ,49 ,29 ,8 ,9 ,9 ,11 ,66 ,48 ,0 ,1 ,0 ,0 ,0.29,0.29
2791,965,2439,10 ,12 ,5 ,7 ,2 ,2 ,3 ,3 ,9 ,9 ,1 ,2 ,0 ,1 ,0.27,0.52
2792,1160,841,42 ,25 ,25 ,13 ,9 ,4 ,8 ,8 ,27 ,11 ,4 ,11 ,11 ,3 ,0.49,0.49
2793,1089,937,70 ,22 ,46 ,14 ,5 ,7 ,19 ,1 ,25 ,15 ,9 ,5 ,36 ,2 ,0.63,0.33
2794,1448,1890,20 ,20 ,16 ,10 ,3 ,5 ,1 ,5 ,6 ,13 ,6 ,6 ,8 ,1 ,0.52,0.44
2795,940,1243,27 ,24 ,9 ,15 ,2 ,8 ,16 ,1 ,24 ,14 ,3 ,5 ,0 ,5 ,0.36,0.33
2796,1688,1700,42 ,44 ,22 ,8 ,4 ,4 ,16 ,32 ,40 ,36 ,1 ,5 ,1 ,3 ,0.37,0.34
2797,1132,1636,14 ,2 ,13 ,2 ,1 ,0 ,0 ,0 ,4 ,2 ,1 ,0 ,9 ,0 ,0.87,0.33
2798,1977,1254,65 ,58 ,47 ,39 ,7 ,15 ,11 ,4 ,51 ,51 ,8 ,7 ,6 ,0 ,0.36,0.41
2799,814,1120,0 ,0 ,0 ,0 ,0 ,0 ,0 ,0 ,0 ,0 ,0 ,0 ,0 ,0 ,0.0,0.0
2800,1533,864,15 ,12 ,12 ,5 ,1 ,5 ,2 ,2 ,8 ,5 ,4 ,0 ,3 ,7 ,0.44,0.42
2801,879,815,11 ,24 ,11 ,20 ,0 ,1 ,0 ,3 ,4 ,17 ,1 ,6 ,6 ,1 ,0.45,0.47
2802,1189,853,9 ,13 ,9 ,4 ,0 ,1 ,0 ,8 ,9 ,13 ,0 ,0 ,0 ,0 ,0.37,0.25
2803,843,1080,33 ,44 ,24 ,23 ,5 ,4 ,4 ,17 ,31 ,42 ,0 ,0 ,2 ,2 ,0.25,0.31
2804,1721,1804,48 ,49 ,27 ,33 ,9 ,16 ,12 ,0 ,45 ,36 ,3 ,7 ,0 ,6 ,0.48,0.44
2805,1283,1346,24 ,39 ,16 ,19 ,5 ,20 ,3 ,0 ,10 ,9 ,11 ,13 ,3 ,17 ,0.64,0.6
2806,2325,845,6 ,6 ,4 ,0 ,2 ,5 ,0 ,1 ,1 ,3 ,2 ,3 ,3 ,0 ,0.37,0.75
2807,1574,931,5 ,22 ,4 ,22 ,0 ,0 ,1 ,0 ,5 ,6 ,0 ,1 ,0 ,15 ,0.5,0.52
2808,1454,869,24 ,2 ,22 ,1 ,2 ,1 ,0 ,0 ,9 ,2 ,7 ,0 ,8 ,0 ,0.64,0.2
2809,1743,1376,90 ,13 ,76 ,13 ,6 ,0 ,8 ,0 ,32 ,13 ,0 ,0 ,58 ,0 ,0.55,0.19
2810,1519,816,70 ,29 ,49 ,21 ,13 ,5 ,8 ,3 ,41 ,26 ,4 ,3 ,25 ,0 ,0.42,0.2
2811,932,1054,13 ,2 ,8 ,1 ,4 ,1 ,1 ,0 ,1 ,1 ,1 ,0 ,11 ,1 ,0.61,0.66
2812,949,2620,15 ,62 ,9 ,39 ,2 ,16 ,4 ,7 ,12 ,10 ,3 ,12 ,0 ,40 ,0.32,0.63
2813,947,1177,16 ,36 ,6 ,21 ,5 ,8 ,5 ,7 ,14 ,18 ,2 ,18 ,0 ,0 ,0.44,0.61
2814,1262,817,44 ,54 ,37 ,26 ,3 ,23 ,4 ,5 ,30 ,37 ,6 ,17 ,8 ,0 ,0.47,0.4
2815,1039,1434,53 ,42 ,36 ,20 ,7 ,20 ,10 ,2 ,50 ,41 ,0 ,1 ,3 ,0 ,0.37,0.26
2816,1370,906,133 ,88 ,84 ,73 ,42 ,8 ,7 ,7 ,125 ,84 ,6 ,4 ,2 ,0 ,0.4,0.38
2817,1031,1155,35 ,25 ,19 ,21 ,6 ,2 ,10 ,2 ,25 ,18 ,10 ,1 ,0 ,6 ,0.4,0.3
2818,1076,944,24 ,11 ,22 ,5 ,2 ,5 ,0 ,1 ,7 ,8 ,0 ,2 ,17 ,1 ,0.61,0.55
2819,2286,1466,10 ,10 ,4 ,10 ,5 ,0 ,1 ,0 ,8 ,8 ,2 ,0 ,0 ,2 ,0.58,0.37
2820,1689,2656,37 ,30 ,16 ,12 ,14 ,7 ,7 ,11 ,34 ,25 ,2 ,4 ,1 ,1 ,0.47,0.46
2821,977,918,10 ,3 ,7 ,2 ,0 ,1 ,3 ,0 ,7 ,3 ,0 ,0 ,3 ,0 ,0.34,0.27
2822,818,2317,21 ,42 ,17 ,29 ,4 ,9 ,0 ,4 ,6 ,11 ,14 ,21 ,1 ,10 ,0.53,0.6
2823,839,1444,26 ,42 ,13 ,17 ,11 ,13 ,2 ,12 ,14 ,15 ,12 ,11 ,0 ,16 ,0.57,0.71
2824,972,819,11 ,38 ,7 ,33 ,3 ,3 ,1 ,2 ,9 ,17 ,1 ,5 ,1 ,16 ,0.27,0.58
2825,1179,820,60 ,40 ,42 ,35 ,5 ,2 ,13 ,3 ,42 ,37 ,3 ,2 ,15 ,1 ,0.4,0.31
2826,1794,1029,16 ,1 ,9 ,1 ,1 ,0 ,6 ,0 ,15 ,0 ,0 ,1 ,1 ,0 ,0.51,0.2
2827,1027,963,34 ,8 ,25 ,5 ,5 ,1 ,4 ,2 ,5 ,7 ,5 ,1 ,24 ,0 ,0.4,0.22
2828,1146,877,22 ,56 ,15 ,33 ,5 ,18 ,2 ,5 ,10 ,32 ,12 ,19 ,0 ,5 ,0.22,0.47
2829,2027,1782,13 ,18 ,9 ,8 ,4 ,5 ,0 ,5 ,9 ,8 ,2 ,10 ,2 ,0 ,0.54,0.24
2830,1581,1012,18 ,9 ,15 ,5 ,3 ,4 ,0 ,0 ,10 ,5 ,0 ,4 ,8 ,0 ,0.36,0.4
2831,821,1019,35 ,26 ,26 ,15 ,2 ,1 ,7 ,10 ,32 ,22 ,1 ,0 ,2 ,4 ,0.38,0.28
2832,1231,1679,18 ,46 ,8 ,24 ,3 ,21 ,7 ,1 ,13 ,34 ,3 ,12 ,2 ,0 ,0.23,0.27
2833,998,2594,41 ,44 ,28 ,27 ,9 ,15 ,4 ,2 ,26 ,29 ,13 ,15 ,2 ,0 ,0.36,0.31
2834,988,1121,30 ,62 ,9 ,20 ,16 ,8 ,5 ,34 ,26 ,38 ,1 ,24 ,3 ,0 ,0.41,0.38
2835,1147,2144,6 ,3 ,4 ,1 ,2 ,2 ,0 ,0 ,5 ,2 ,1 ,1 ,0 ,0 ,0.54,0.5
2836,822,1936,61 ,85 ,35 ,44 ,8 ,25 ,18 ,16 ,56 ,80 ,5 ,5 ,0 ,0 ,0.32,0.4
2837,823,1377,22 ,73 ,7 ,66 ,4 ,5 ,11 ,2 ,16 ,19 ,6 ,10 ,0 ,44 ,0.25,0.56
2838,1013,1779,19 ,51 ,6 ,35 ,7 ,11 ,6 ,5 ,17 ,23 ,0 ,8 ,2 ,20 ,0.22,0.55
2839,939,2664,45 ,59 ,25 ,18 ,5 ,23 ,15 ,18 ,40 ,56 ,2 ,3 ,3 ,0 ,0.37,0.41
2840,1976,1345,28 ,47 ,24 ,36 ,1 ,5 ,3 ,6 ,26 ,37 ,2 ,10 ,0 ,0 ,0.35,0.41
2841,1150,1486,8 ,0 ,8 ,0 ,0 ,0 ,0 ,0 ,8 ,0 ,0 ,0 ,0 ,0 ,0.47,0.0
2842,1807,1791,80 ,82 ,64 ,45 ,13 ,26 ,3 ,11 ,68 ,69 ,7 ,13 ,5 ,0 ,0.4,0.33
2843,911,1487,25 ,67 ,13 ,31 ,9 ,9 ,3 ,27 ,22 ,24 ,1 ,39 ,2 ,4 ,0.47,0.51
2844,955,1699,85 ,82 ,34 ,71 ,8 ,10 ,43 ,1 ,79 ,40 ,6 ,40 ,0 ,2 ,0.5,0.48
2845,1653,2096,38 ,48 ,23 ,41 ,6 ,1 ,9 ,6 ,21 ,15 ,4 ,3 ,13 ,30 ,0.47,0.57
2846,1467,1124,11 ,25 ,10 ,23 ,1 ,0 ,0 ,2 ,5 ,11 ,2 ,0 ,4 ,14 ,0.39,0.36
2847,1060,895,18 ,0 ,18 ,0 ,0 ,0 ,0 ,0 ,0 ,0 ,0 ,0 ,18 ,0 ,0.58,0.0
2848,970,824,32 ,20 ,28 ,13 ,4 ,5 ,0 ,2 ,10 ,11 ,0 ,9 ,22 ,0 ,0.59,0.33
2849,899,1522,25 ,25 ,23 ,15 ,2 ,5 ,0 ,5 ,15 ,14 ,8 ,9 ,2 ,2 ,0.38,0.58
2850,1356,2451,14 ,24 ,10 ,17 ,4 ,7 ,0 ,0 ,5 ,7 ,5 ,17 ,4 ,0 ,0.5,0.42
2851,1315,1361,15 ,26 ,9 ,20 ,6 ,4 ,0 ,2 ,12 ,16 ,3 ,6 ,0 ,4 ,0.31,0.47
2852,1109,1938,24 ,24 ,18 ,17 ,3 ,6 ,3 ,1 ,13 ,20 ,2 ,4 ,9 ,0 ,0.33,0.26
2853,1075,1104,25 ,11 ,18 ,6 ,3 ,5 ,4 ,0 ,11 ,6 ,1 ,5 ,13 ,0 ,0.46,0.3
2854,1110,913,27 ,18 ,26 ,6 ,1 ,3 ,0 ,9 ,19 ,12 ,3 ,3 ,5 ,3 ,0.4,0.62
2855,825,1986,0 ,11 ,0 ,9 ,0 ,2 ,0 ,0 ,0 ,2 ,0 ,0 ,0 ,9 ,0.0,0.64
2856,826,1325,1 ,5 ,1 ,5 ,0 ,0 ,0 ,0 ,1 ,5 ,0 ,0 ,0 ,0 ,0.25,0.62
2857,1253,1270,34 ,31 ,30 ,29 ,4 ,2 ,0 ,0 ,22 ,26 ,3 ,5 ,9 ,0 ,0.58,0.67
2858,828,827,64 ,58 ,38 ,27 ,17 ,14 ,9 ,17 ,35 ,48 ,18 ,10 ,11 ,0 ,0.51,0.48
2859,1111,829,31 ,21 ,13 ,4 ,8 ,0 ,10 ,17 ,28 ,21 ,3 ,0 ,0 ,0 ,0.34,0.26
2860,914,1119,19 ,15 ,7 ,7 ,6 ,4 ,6 ,4 ,9 ,12 ,6 ,3 ,4 ,0 ,0.47,0.3
2861,1550,1167,13 ,2 ,8 ,0 ,1 ,2 ,4 ,0 ,1 ,0 ,6 ,2 ,6 ,0 ,0.86,0.5
2862,1216,830,92 ,38 ,68 ,9 ,16 ,19 ,8 ,10 ,88 ,38 ,2 ,0 ,2 ,0 ,0.34,0.34
2863,1365,1321,22 ,20 ,13 ,16 ,2 ,4 ,7 ,0 ,18 ,15 ,2 ,0 ,2 ,5 ,0.32,0.23
2864,1447,852,4 ,4 ,1 ,1 ,1 ,3 ,2 ,0 ,3 ,3 ,0 ,0 ,1 ,1 ,0.66,0.8
2865,1780,856,38 ,63 ,23 ,51 ,12 ,8 ,3 ,4 ,14 ,6 ,17 ,21 ,7 ,36 ,0.7,0.63
2866,2644,1469,26 ,34 ,6 ,24 ,17 ,2 ,3 ,8 ,15 ,27 ,11 ,7 ,0 ,0 ,0.42,0.47
2867,2304,1317,39 ,5 ,18 ,4 ,6 ,1 ,15 ,0 ,16 ,4 ,17 ,0 ,6 ,1 ,0.49,0.12
2868,1641,862,2 ,1 ,2 ,1 ,0 ,0 ,0 ,0 ,1 ,1 ,1 ,0 ,0 ,0 ,0.18,0.25
2869,1427,989,77 ,91 ,51 ,64 ,15 ,15 ,11 ,12 ,68 ,79 ,9 ,12 ,0 ,0 ,0.34,0.39
2870,2443,961,124 ,70 ,95 ,38 ,26 ,16 ,3 ,16 ,70 ,52 ,14 ,14 ,40 ,4 ,0.6,0.33
2871,831,1312,18 ,18 ,9 ,11 ,2 ,3 ,7 ,4 ,16 ,12 ,2 ,5 ,0 ,1 ,0.35,0.41
2872,1244,1289,2 ,10 ,0 ,9 ,0 ,0 ,2 ,1 ,2 ,5 ,0 ,0 ,0 ,5 ,0.25,0.66
2873,996,1952,10 ,18 ,3 ,11 ,4 ,4 ,3 ,3 ,10 ,15 ,0 ,2 ,0 ,1 ,0.37,0.6
2874,1181,891,0 ,0 ,0 ,0 ,0 ,0 ,0 ,0 ,0 ,0 ,0 ,0 ,0 ,0 ,0.0,0.0
2875,883,1208,10 ,60 ,7 ,2 ,1 ,53 ,2 ,5 ,8 ,4 ,2 ,5 ,0 ,51 ,0.34,0.93
2876,1074,1770,20 ,12 ,7 ,10 ,13 ,2 ,0 ,0 ,15 ,4 ,5 ,2 ,0 ,6 ,0.5,0.4
2877,1575,1966,29 ,20 ,16 ,11 ,11 ,5 ,2 ,4 ,21 ,15 ,8 ,5 ,0 ,0 ,0.52,0.4
2878,948,2159,18 ,25 ,13 ,17 ,3 ,6 ,2 ,2 ,15 ,16 ,0 ,0 ,3 ,9 ,0.31,0.35
2879,1605,892,68 ,8 ,50 ,8 ,17 ,0 ,1 ,0 ,42 ,4 ,25 ,4 ,1 ,0 ,0.66,0.26
2880,1916,1006,23 ,23 ,10 ,23 ,3 ,0 ,10 ,0 ,22 ,21 ,0 ,0 ,1 ,2 ,0.28,0.21
2881,1729,1233,151 ,62 ,113 ,53 ,22 ,6 ,16 ,3 ,144 ,62 ,6 ,0 ,1 ,0 ,0.33,0.31
2882,1624,1641,24 ,13 ,19 ,12 ,2 ,0 ,3 ,1 ,12 ,5 ,5 ,2 ,7 ,6 ,0.5,0.36
2883,1051,868,45 ,41 ,40 ,19 ,4 ,4 ,1 ,18 ,15 ,37 ,7 ,1 ,23 ,3 ,0.36,0.36
2884,1184,1160,36 ,67 ,6 ,39 ,16 ,10 ,14 ,18 ,30 ,57 ,6 ,10 ,0 ,0 ,0.49,0.59
2885,1618,866,93 ,57 ,67 ,51 ,14 ,5 ,12 ,1 ,90 ,57 ,2 ,0 ,1 ,0 ,0.42,0.32
2886,1299,1283,4 ,13 ,2 ,6 ,0 ,3 ,2 ,4 ,4 ,11 ,0 ,0 ,0 ,2 ,0.33,0.72
2887,1432,2516,21 ,30 ,17 ,14 ,4 ,10 ,0 ,6 ,10 ,19 ,4 ,11 ,7 ,0 ,0.51,0.52
2888,1014,2325,7 ,1 ,7 ,1 ,0 ,0 ,0 ,0 ,2 ,1 ,0 ,0 ,5 ,0 ,0.63,1.0
2889,1540,1623,20 ,17 ,5 ,15 ,7 ,2 ,8 ,0 ,18 ,12 ,2 ,0 ,0 ,5 ,0.95,0.62
2890,1568,1149,32 ,26 ,15 ,23 ,9 ,1 ,8 ,2 ,16 ,19 ,5 ,7 ,11 ,0 ,0.57,0.46
2891,1889,832,13 ,9 ,8 ,4 ,3 ,5 ,2 ,0 ,12 ,3 ,1 ,0 ,0 ,6 ,0.46,0.45
2892,833,1083,36 ,63 ,25 ,46 ,9 ,13 ,2 ,4 ,32 ,47 ,4 ,4 ,0 ,12 ,0.32,0.39
2893,1723,1079,36 ,26 ,16 ,15 ,12 ,7 ,8 ,4 ,22 ,18 ,10 ,8 ,4 ,0 ,0.66,0.65
2894,938,1296,8 ,43 ,2 ,32 ,2 ,8 ,4 ,3 ,7 ,5 ,1 ,2 ,0 ,36 ,0.4,0.68
2895,1232,834,8 ,7 ,8 ,4 ,0 ,2 ,0 ,1 ,3 ,3 ,0 ,1 ,5 ,3 ,0.4,0.63
2896,2129,885,19 ,6 ,14 ,5 ,5 ,1 ,0 ,0 ,1 ,3 ,0 ,1 ,18 ,2 ,0.79,0.46
2897,1297,1243,27 ,14 ,11 ,13 ,16 ,1 ,0 ,0 ,19 ,2 ,3 ,1 ,5 ,11 ,0.51,0.34
2898,2056,920,10 ,8 ,10 ,4 ,0 ,0 ,0 ,4 ,9 ,8 ,0 ,0 ,1 ,0 ,0.38,0.33
2899,1707,1045,36 ,43 ,23 ,27 ,7 ,6 ,6 ,10 ,20 ,37 ,1 ,4 ,15 ,2 ,0.36,0.42
2900,1262,982,30 ,52 ,22 ,11 ,4 ,28 ,4 ,13 ,20 ,23 ,10 ,29 ,0 ,0 ,0.4,0.46
2901,1092,1904,6 ,13 ,2 ,8 ,2 ,4 ,2 ,1 ,5 ,8 ,1 ,1 ,0 ,4 ,0.46,0.39
2902,1088,2345,132 ,99 ,128 ,75 ,4 ,19 ,0 ,5 ,109 ,66 ,22 ,33 ,1 ,0 ,0.55,0.41
2903,835,1169,12 ,13 ,10 ,11 ,0 ,0 ,2 ,2 ,9 ,11 ,2 ,1 ,1 ,1 ,0.41,0.17
2904,1137,1903,22 ,21 ,20 ,15 ,2 ,3 ,0 ,3 ,9 ,16 ,2 ,2 ,11 ,3 ,0.36,0.31
2905,1193,836,10 ,1 ,10 ,0 ,0 ,0 ,0 ,1 ,0 ,1 ,3 ,0 ,7 ,0 ,0.76,0.33
2906,964,1142,32 ,36 ,20 ,18 ,3 ,7 ,9 ,11 ,30 ,27 ,2 ,9 ,0 ,0 ,0.41,0.39
2907,1890,1010,24 ,32 ,14 ,29 ,5 ,0 ,5 ,3 ,20 ,20 ,4 ,11 ,0 ,1 ,0.3,0.46
2908,2368,976,31 ,13 ,22 ,4 ,9 ,4 ,0 ,5 ,11 ,6 ,11 ,7 ,9 ,0 ,0.72,0.52
2909,1163,1114,36 ,59 ,16 ,31 ,14 ,10 ,6 ,18 ,20 ,41 ,14 ,14 ,2 ,4 ,0.39,0.56
2910,2054,1035,55 ,16 ,33 ,7 ,18 ,6 ,4 ,3 ,28 ,7 ,25 ,9 ,2 ,0 ,0.47,0.34
2911,995,837,57 ,42 ,51 ,24 ,6 ,4 ,0 ,14 ,26 ,31 ,0 ,6 ,31 ,5 ,0.47,0.41
2912,1352,1196,10 ,1 ,7 ,0 ,1 ,1 ,2 ,0 ,4 ,1 ,0 ,0 ,6 ,0 ,0.43,0.25
2913,1337,1154,32 ,20 ,28 ,16 ,3 ,2 ,1 ,2 ,28 ,20 ,4 ,0 ,0 ,0 ,0.35,0.33
2914,1108,2202,11 ,49 ,5 ,35 ,2 ,11 ,4 ,3 ,8 ,28 ,3 ,17 ,0 ,4 ,0.21,0.41
2915,1294,1804,30 ,74 ,13 ,53 ,10 ,21 ,7 ,0 ,20 ,24 ,7 ,19 ,3 ,31 ,0.37,0.47
2916,999,925,42 ,49 ,19 ,21 ,8 ,7 ,15 ,21 ,26 ,32 ,16 ,13 ,0 ,4 ,0.63,0.52
2917,1148,2099,53 ,64 ,9 ,46 ,8 ,9 ,36 ,9 ,41 ,52 ,12 ,8 ,0 ,4 ,0.43,0.47
2918,1779,1508,69 ,58 ,42 ,44 ,23 ,8 ,4 ,6 ,54 ,57 ,13 ,1 ,2 ,0 ,0.43,0.4
2919,1704,1128,26 ,2 ,26 ,2 ,0 ,0 ,0 ,0 ,4 ,2 ,0 ,0 ,22 ,0 ,0.74,0.2
2920,1342,1800,40 ,22 ,31 ,19 ,7 ,1 ,2 ,2 ,1 ,1 ,7 ,1 ,32 ,20 ,0.66,0.59
2921,1126,1461,30 ,39 ,17 ,28 ,9 ,3 ,4 ,8 ,21 ,25 ,9 ,5 ,0 ,9 ,0.34,0.48
2922,2105,1581,10 ,9 ,3 ,8 ,0 ,1 ,7 ,0 ,10 ,5 ,0 ,0 ,0 ,4 ,0.52,0.31
2923,1689,1290,88 ,48 ,34 ,36 ,28 ,10 ,26 ,2 ,65 ,34 ,17 ,14 ,6 ,0 ,0.53,0.34
2924,1293,967,27 ,6 ,12 ,1 ,13 ,2 ,2 ,3 ,7 ,4 ,10 ,2 ,10 ,0 ,0.62,0.22
2925,1759,838,40 ,12 ,34 ,9 ,5 ,0 ,1 ,3 ,27 ,12 ,8 ,0 ,5 ,0 ,0.59,0.4
2926,1410,897,9 ,3 ,8 ,3 ,0 ,0 ,1 ,0 ,6 ,3 ,0 ,0 ,3 ,0 ,0.9,0.42
2927,839,1720,15 ,74 ,6 ,30 ,4 ,31 ,5 ,13 ,6 ,18 ,9 ,52 ,0 ,4 ,0.31,0.75
2928,972,979,55 ,38 ,14 ,28 ,12 ,4 ,29 ,6 ,48 ,35 ,7 ,3 ,0 ,0 ,0.53,0.39
2929,1170,1696,33 ,22 ,22 ,15 ,4 ,2 ,7 ,5 ,31 ,22 ,0 ,0 ,2 ,0 ,0.38,0.24
2930,1158,1509,70 ,44 ,41 ,24 ,15 ,11 ,14 ,9 ,53 ,43 ,17 ,1 ,0 ,0 ,0.44,0.41
2931,1107,1145,23 ,42 ,10 ,16 ,5 ,12 ,8 ,14 ,10 ,16 ,11 ,24 ,2 ,2 ,0.67,0.82
2932,927,1030,7 ,6 ,4 ,4 ,0 ,0 ,3 ,2 ,5 ,3 ,2 ,0 ,0 ,3 ,0.58,0.4
2933,1794,2292,2 ,13 ,2 ,9 ,0 ,1 ,0 ,3 ,2 ,6 ,0 ,0 ,0 ,7 ,0.33,0.65
2934,873,2443,11 ,31 ,8 ,25 ,1 ,4 ,2 ,2 ,10 ,20 ,1 ,4 ,0 ,7 ,0.37,0.6
2935,2027,1076,53 ,168 ,39 ,81 ,12 ,58 ,2 ,29 ,49 ,137 ,4 ,24 ,0 ,7 ,0.49,0.53
2936,1958,1054,2 ,1 ,0 ,0 ,0 ,0 ,2 ,1 ,2 ,1 ,0 ,0 ,0 ,0 ,1.0,0.5
2937,1097,1017,4 ,0 ,4 ,0 ,0 ,0 ,0 ,0 ,2 ,0 ,0 ,0 ,2 ,0 ,0.33,0.0
2938,977,1047,26 ,50 ,13 ,30 ,5 ,15 ,8 ,5 ,17 ,9 ,1 ,15 ,8 ,26 ,0.57,0.58
2939,1191,1521,29 ,51 ,21 ,44 ,3 ,4 ,5 ,3 ,14 ,12 ,4 ,15 ,11 ,24 ,0.58,0.6
2940,1398,886,31 ,24 ,22 ,3 ,7 ,6 ,2 ,15 ,25 ,19 ,3 ,4 ,3 ,1 ,0.64,0.46
2941,1013,840,42 ,40 ,28 ,10 ,6 ,10 ,8 ,20 ,29 ,38 ,2 ,2 ,11 ,0 ,0.4,0.43
2942,1372,953,5 ,3 ,5 ,1 ,0 ,1 ,0 ,1 ,3 ,2 ,1 ,1 ,1 ,0 ,0.29,0.5
2943,1408,1925,66 ,43 ,49 ,22 ,7 ,2 ,10 ,19 ,61 ,40 ,5 ,3 ,0 ,0 ,0.57,0.29
2944,1374,841,43 ,16 ,18 ,10 ,21 ,4 ,4 ,2 ,21 ,9 ,16 ,7 ,6 ,0 ,0.4,0.4
2945,1338,932,35 ,17 ,18 ,6 ,4 ,4 ,13 ,7 ,30 ,12 ,5 ,5 ,0 ,0 ,0.42,0.18
2946,1773,1330,75 ,39 ,39 ,26 ,11 ,6 ,25 ,7 ,56 ,34 ,18 ,5 ,1 ,0 ,0.56,0.3
2947,1053,1166,47 ,42 ,35 ,18 ,5 ,2 ,7 ,22 ,40 ,42 ,0 ,0 ,7 ,0 ,0.42,0.3
2948,842,1469,1 ,1 ,0 ,1 ,0 ,0 ,1 ,0 ,1 ,1 ,0 ,0 ,0 ,0 ,0.12,0.09
2949,2594,1883,7 ,4 ,4 ,4 ,1 ,0 ,2 ,0 ,3 ,4 ,1 ,0 ,3 ,0 ,0.53,0.3
2950,1272,2466,29 ,42 ,25 ,21 ,3 ,20 ,1 ,1 ,13 ,17 ,0 ,12 ,16 ,13 ,0.46,0.41
2951,991,1365,6 ,13 ,2 ,11 ,1 ,1 ,3 ,1 ,4 ,5 ,0 ,0 ,2 ,8 ,0.31,0.37
2952,1050,963,11 ,5 ,10 ,3 ,1 ,0 ,0 ,2 ,3 ,3 ,1 ,0 ,7 ,2 ,0.45,0.19
2953,881,2304,24 ,65 ,13 ,58 ,6 ,3 ,5 ,4 ,22 ,29 ,0 ,3 ,2 ,33 ,0.31,0.44
2954,2159,2644,21 ,32 ,11 ,19 ,8 ,6 ,2 ,7 ,14 ,12 ,7 ,10 ,0 ,10 ,0.24,0.47
2955,2037,1039,47 ,26 ,25 ,16 ,17 ,6 ,5 ,4 ,21 ,19 ,25 ,7 ,1 ,0 ,0.3,0.31
2956,981,942,28 ,33 ,20 ,18 ,8 ,7 ,0 ,8 ,5 ,12 ,1 ,3 ,22 ,18 ,0.6,0.71
2957,1757,874,9 ,49 ,5 ,38 ,4 ,11 ,0 ,0 ,7 ,16 ,2 ,2 ,0 ,31 ,0.19,0.33
2958,2060,1343,102 ,77 ,80 ,50 ,16 ,9 ,6 ,18 ,91 ,75 ,1 ,2 ,10 ,0 ,0.37,0.39
2959,843,940,6 ,5 ,1 ,3 ,2 ,0 ,3 ,2 ,6 ,4 ,0 ,0 ,0 ,1 ,0.4,0.31
2960,844,1260,23 ,25 ,20 ,19 ,0 ,1 ,3 ,5 ,20 ,19 ,3 ,5 ,0 ,1 ,0.5,0.52
2961,907,903,7 ,25 ,7 ,14 ,0 ,9 ,0 ,2 ,4 ,10 ,3 ,15 ,0 ,0 ,0.87,0.92
2962,986,1668,74 ,67 ,52 ,43 ,16 ,13 ,6 ,11 ,60 ,65 ,10 ,1 ,4 ,1 ,0.52,0.46
2963,908,1699,4 ,6 ,0 ,6 ,1 ,0 ,3 ,0 ,4 ,1 ,0 ,0 ,0 ,5 ,0.57,0.85
2964,987,845,11 ,1 ,11 ,1 ,0 ,0 ,0 ,0 ,1 ,1 ,0 ,0 ,10 ,0 ,0.64,0.33
2965,2169,846,26 ,14 ,17 ,7 ,2 ,1 ,7 ,6 ,23 ,14 ,0 ,0 ,3 ,0 ,0.41,0.46
2966,950,1570,24 ,22 ,21 ,9 ,1 ,9 ,2 ,4 ,19 ,21 ,0 ,1 ,5 ,0 ,0.47,0.3
2967,2115,1046,49 ,28 ,35 ,21 ,5 ,3 ,9 ,4 ,35 ,21 ,2 ,4 ,12 ,3 ,0.47,0.45
2968,1361,1618,20 ,31 ,13 ,25 ,3 ,3 ,4 ,3 ,20 ,26 ,0 ,3 ,0 ,2 ,0.33,0.33
2969,1710,1216,20 ,16 ,10 ,10 ,7 ,1 ,3 ,5 ,15 ,15 ,1 ,1 ,4 ,0 ,0.48,0.24
2970,847,1986,16 ,23 ,8 ,13 ,4 ,7 ,4 ,3 ,13 ,13 ,2 ,5 ,1 ,5 ,0.27,0.37
2971,1549,848,120 ,67 ,79 ,63 ,25 ,1 ,16 ,3 ,102 ,64 ,18 ,3 ,0 ,0 ,0.55,0.35
2972,1079,849,4 ,4 ,2 ,1 ,2 ,0 ,0 ,3 ,4 ,3 ,0 ,0 ,0 ,1 ,0.5,0.44
2973,1084,1444,9 ,2 ,9 ,2 ,0 ,0 ,0 ,0 ,3 ,2 ,3 ,0 ,3 ,0 ,0.64,0.4
2974,1258,850,15 ,17 ,10 ,7 ,2 ,8 ,3 ,2 ,8 ,10 ,2 ,2 ,5 ,5 ,0.37,0.36
2975,1231,1703,21 ,23 ,6 ,6 ,7 ,15 ,8 ,2 ,8 ,13 ,10 ,9 ,3 ,1 ,0.55,0.53
2976,1574,890,70 ,23 ,64 ,10 ,5 ,8 ,1 ,5 ,19 ,16 ,1 ,7 ,50 ,0 ,0.51,0.33
2977,1695,2259,34 ,33 ,18 ,25 ,9 ,8 ,7 ,0 ,16 ,22 ,3 ,6 ,15 ,5 ,0.41,0.54
2978,1893,1522,47 ,79 ,40 ,54 ,6 ,14 ,1 ,11 ,31 ,71 ,4 ,8 ,12 ,0 ,0.44,0.5
2979,1756,1938,2 ,9 ,0 ,8 ,0 ,1 ,2 ,0 ,2 ,2 ,0 ,0 ,0 ,7 ,0.66,0.6
2980,1197,2418,31 ,25 ,22 ,20 ,4 ,5 ,5 ,0 ,10 ,7 ,6 ,2 ,15 ,16 ,0.5,0.44
2981,1257,1774,32 ,35 ,19 ,15 ,11 ,15 ,2 ,5 ,14 ,21 ,10 ,12 ,8 ,2 ,0.5,0.47
2982,1885,851,23 ,18 ,15 ,13 ,5 ,1 ,3 ,4 ,19 ,8 ,4 ,3 ,0 ,7 ,0.37,0.5
2983,1687,1177,80 ,28 ,55 ,21 ,7 ,1 ,18 ,6 ,76 ,26 ,4 ,2 ,0 ,0 ,0.43,0.28
2984,1643,1525,38 ,38 ,19 ,28 ,3 ,9 ,16 ,1 ,38 ,28 ,0 ,1 ,0 ,9 ,0.29,0.34
2985,2040,922,34 ,33 ,20 ,13 ,8 ,10 ,6 ,10 ,29 ,25 ,5 ,4 ,0 ,4 ,0.4,0.45
2986,1008,1091,12 ,4 ,10 ,1 ,0 ,1 ,2 ,2 ,2 ,3 ,1 ,0 ,9 ,1 ,0.66,0.57
2987,1087,852,30 ,8 ,20 ,7 ,8 ,0 ,2 ,1 ,4 ,6 ,22 ,2 ,4 ,0 ,0.57,0.4
2988,1492,1345,14 ,8 ,2 ,2 ,9 ,3 ,3 ,3 ,6 ,4 ,5 ,4 ,3 ,0 ,0.56,0.26
2989,1300,2550,10 ,16 ,7 ,13 ,3 ,2 ,0 ,1 ,8 ,10 ,2 ,1 ,0 ,5 ,0.41,0.44
2990,1485,1337,21 ,10 ,11 ,9 ,5 ,0 ,5 ,1 ,14 ,5 ,0 ,3 ,7 ,2 ,0.56,0.27
2991,853,1979,0 ,10 ,0 ,10 ,0 ,0 ,0 ,0 ,0 ,3 ,0 ,0 ,0 ,7 ,0.0,0.66
2992,1477,1213,61 ,28 ,55 ,14 ,4 ,14 ,2 ,0 ,7 ,6 ,27 ,14 ,27 ,8 ,0.56,0.57
2993,854,988,5 ,12 ,1 ,8 ,0 ,2 ,4 ,2 ,4 ,7 ,1 ,2 ,0 ,3 ,0.35,0.46
2994,1427,1380,40 ,25 ,32 ,11 ,3 ,4 ,5 ,10 ,40 ,22 ,0 ,1 ,0 ,2 ,0.28,0.29
2995,915,888,34 ,48 ,15 ,32 ,9 ,10 ,10 ,6 ,31 ,36 ,2 ,3 ,1 ,9 ,0.26,0.43
2996,969,887,63 ,20 ,30 ,13 ,20 ,6 ,13 ,1 ,51 ,13 ,12 ,7 ,0 ,0 ,0.43,0.35
2997,1526,855,68 ,80 ,49 ,51 ,14 ,19 ,5 ,10 ,21 ,22 ,45 ,57 ,2 ,1 ,0.67,0.66
2998,1546,1346,94 ,37 ,60 ,30 ,17 ,7 ,17 ,0 ,73 ,31 ,19 ,6 ,2 ,0 ,0.47,0.24
2999,1022,1722,19 ,13 ,14 ,11 ,3 ,1 ,2 ,1 ,2 ,5 ,17 ,6 ,0 ,2 ,0.59,0.61
3000,1146,966,53 ,71 ,32 ,65 ,5 ,5 ,16 ,1 ,42 ,62 ,4 ,5 ,7 ,4 ,0.33,0.47
3001,2664,2286,50 ,54 ,27 ,25 ,10 ,10 ,13 ,19 ,50 ,52 ,0 ,0 ,0 ,2 ,0.4,0.4
3002,1743,2562,93 ,31 ,77 ,25 ,15 ,3 ,1 ,3 ,24 ,28 ,0 ,0 ,69 ,3 ,0.46,0.36
3003,1434,961,58 ,60 ,33 ,32 ,21 ,12 ,4 ,16 ,36 ,42 ,21 ,13 ,1 ,5 ,0.35,0.31
3004,1414,856,78 ,36 ,69 ,22 ,6 ,11 ,3 ,3 ,54 ,26 ,11 ,4 ,13 ,6 ,0.39,0.29
3005,1939,1808,5 ,11 ,3 ,5 ,2 ,5 ,0 ,1 ,0 ,1 ,5 ,10 ,0 ,0 ,0.5,0.68
3006,1454,894,45 ,28 ,31 ,12 ,13 ,9 ,1 ,7 ,18 ,20 ,24 ,8 ,3 ,0 ,0.5,0.4
3007,931,1065,8 ,11 ,8 ,5 ,0 ,3 ,0 ,3 ,2 ,9 ,0 ,2 ,6 ,0 ,0.53,0.45
3008,1448,1070,19 ,15 ,15 ,7 ,3 ,2 ,1 ,6 ,16 ,15 ,1 ,0 ,2 ,0 ,0.36,0.26
3009,1916,1227,20 ,15 ,12 ,14 ,5 ,1 ,3 ,0 ,18 ,11 ,1 ,1 ,1 ,3 ,0.36,0.19
3010,1412,1208,8 ,2 ,8 ,2 ,0 ,0 ,0 ,0 ,6 ,2 ,0 ,0 ,2 ,0 ,0.5,0.33
3011,1175,857,25 ,5 ,24 ,3 ,1 ,1 ,0 ,1 ,2 ,4 ,1 ,1 ,22 ,0 ,0.67,0.38
3012,1530,1389,30 ,27 ,26 ,16 ,3 ,10 ,1 ,1 ,27 ,15 ,3 ,10 ,0 ,2 ,0.51,0.34
3013,1203,1807,111 ,116 ,66 ,71 ,6 ,45 ,39 ,0 ,97 ,54 ,13 ,36 ,1 ,26 ,0.48,0.57
3014,997,2252,41 ,107 ,15 ,68 ,11 ,31 ,15 ,8 ,26 ,32 ,15 ,68 ,0 ,7 ,0.45,0.67
3015,974,1310,16 ,12 ,13 ,5 ,3 ,2 ,0 ,5 ,5 ,6 ,2 ,5 ,9 ,1 ,0.61,0.8
3016,2239,1222,96 ,37 ,57 ,7 ,29 ,11 ,10 ,19 ,89 ,32 ,7 ,5 ,0 ,0 ,0.48,0.25
3017,1871,1115,109 ,58 ,41 ,22 ,27 ,17 ,41 ,19 ,70 ,50 ,30 ,8 ,9 ,0 ,0.48,0.52
3018,1249,1103,69 ,56 ,45 ,33 ,6 ,15 ,18 ,8 ,43 ,29 ,25 ,21 ,1 ,6 ,0.58,0.56
3019,1674,909,8 ,4 ,8 ,3 ,0 ,1 ,0 ,0 ,1 ,1 ,0 ,1 ,7 ,2 ,0.57,0.8
3020,1946,1609,39 ,55 ,24 ,44 ,8 ,2 ,7 ,9 ,19 ,42 ,6 ,1 ,14 ,12 ,0.39,0.53
3021,1155,1575,15 ,25 ,2 ,8 ,4 ,9 ,9 ,8 ,15 ,21 ,0 ,1 ,0 ,3 ,0.32,0.37
3022,1020,1013,18 ,23 ,9 ,11 ,0 ,6 ,9 ,6 ,17 ,22 ,1 ,1 ,0 ,0 ,0.38,0.38
3023,2663,2442,48 ,43 ,34 ,25 ,8 ,12 ,6 ,6 ,25 ,20 ,6 ,15 ,17 ,8 ,0.6,0.64
3024,1937,2323,42 ,28 ,36 ,16 ,6 ,8 ,0 ,4 ,11 ,22 ,11 ,4 ,20 ,2 ,0.46,0.38
3025,1556,1042,4 ,0 ,4 ,0 ,0 ,0 ,0 ,0 ,0 ,0 ,0 ,0 ,4 ,0 ,0.44,0.0
3026,2294,858,72 ,25 ,43 ,16 ,24 ,8 ,5 ,1 ,50 ,24 ,19 ,1 ,3 ,0 ,0.49,0.15
3027,904,859,77 ,75 ,56 ,41 ,17 ,22 ,4 ,12 ,48 ,56 ,10 ,7 ,19 ,12 ,0.55,0.46
3028,860,1876,24 ,63 ,13 ,50 ,8 ,7 ,3 ,6 ,12 ,32 ,10 ,10 ,2 ,21 ,0.4,0.51
3029,861,2437,4 ,5 ,2 ,3 ,2 ,2 ,0 ,0 ,2 ,3 ,2 ,1 ,0 ,1 ,0.4,0.41
3030,1025,1447,2 ,4 ,2 ,3 ,0 ,1 ,0 ,0 ,2 ,3 ,0 ,1 ,0 ,0 ,0.66,0.57
3031,1299,1048,56 ,22 ,28 ,9 ,14 ,8 ,14 ,5 ,18 ,14 ,13 ,5 ,25 ,3 ,0.58,0.29
3032,1519,1679,27 ,38 ,18 ,20 ,9 ,18 ,0 ,0 ,11 ,20 ,11 ,15 ,5 ,3 ,0.38,0.3
3033,1044,1014,6 ,12 ,4 ,12 ,2 ,0 ,0 ,0 ,6 ,7 ,0 ,0 ,0 ,5 ,0.5,0.66
3034,1540,1510,17 ,2 ,12 ,0 ,5 ,2 ,0 ,0 ,0 ,2 ,3 ,0 ,14 ,0 ,0.68,0.4
3035,1952,1715,77 ,13 ,46 ,12 ,5 ,1 ,26 ,0 ,37 ,12 ,1 ,1 ,39 ,0 ,0.64,0.12
3036,1528,1969,123 ,89 ,78 ,77 ,45 ,8 ,0 ,4 ,111 ,70 ,7 ,18 ,5 ,1 ,0.4,0.46
3037,1287,1834,14 ,15 ,6 ,11 ,4 ,4 ,4 ,0 ,12 ,13 ,2 ,2 ,0 ,0 ,0.66,0.42
3038,1004,1936,36 ,43 ,23 ,24 ,9 ,9 ,4 ,10 ,25 ,34 ,3 ,3 ,8 ,6 ,0.45,0.63
3039,1080,1325,25 ,8 ,10 ,4 ,0 ,1 ,15 ,3 ,12 ,6 ,7 ,2 ,6 ,0 ,0.67,0.42
3040,2037,1202,37 ,30 ,25 ,21 ,8 ,3 ,4 ,6 ,19 ,19 ,14 ,3 ,4 ,8 ,0.38,0.57
3041,862,2546,33 ,48 ,7 ,33 ,6 ,4 ,20 ,11 ,33 ,46 ,0 ,1 ,0 ,1 ,0.51,0.43
3042,1863,1043,18 ,3 ,9 ,3 ,2 ,0 ,7 ,0 ,8 ,3 ,8 ,0 ,2 ,0 ,0.85,0.5
3043,1024,926,24 ,37 ,11 ,23 ,5 ,5 ,8 ,9 ,24 ,32 ,0 ,3 ,0 ,2 ,0.52,0.5
3044,1225,863,2 ,2 ,1 ,1 ,1 ,1 ,0 ,0 ,2 ,2 ,0 ,0 ,0 ,0 ,1.0,0.66
3045,956,1153,56 ,91 ,13 ,52 ,17 ,19 ,26 ,20 ,53 ,72 ,3 ,10 ,0 ,9 ,0.47,0.56
3046,1538,1377,12 ,62 ,8 ,58 ,3 ,3 ,1 ,1 ,8 ,3 ,2 ,1 ,2 ,58 ,0.41,0.65
3047,1442,1372,59 ,58 ,29 ,32 ,18 ,17 ,12 ,9 ,34 ,45 ,25 ,13 ,0 ,0 ,0.42,0.52
3048,1254,1308,12 ,0 ,10 ,0 ,1 ,0 ,1 ,0 ,4 ,0 ,2 ,0 ,6 ,0 ,0.63,0.0
3049,864,1582,28 ,85 ,7 ,64 ,3 ,10 ,18 ,11 ,26 ,76 ,2 ,9 ,0 ,0 ,0.24,0.38
3050,1579,865,64 ,33 ,48 ,19 ,12 ,5 ,4 ,9 ,39 ,26 ,8 ,6 ,17 ,1 ,0.34,0.35
3051,1466,866,152 ,47 ,125 ,37 ,22 ,8 ,5 ,2 ,147 ,46 ,5 ,1 ,0 ,0 ,0.44,0.3
3052,970,2132,12 ,10 ,10 ,5 ,1 ,0 ,1 ,5 ,8 ,10 ,0 ,0 ,4 ,0 ,0.38,0.5
3053,940,2433,43 ,49 ,24 ,42 ,11 ,5 ,8 ,2 ,42 ,45 ,1 ,0 ,0 ,4 ,0.32,0.36
3054,1006,1521,21 ,33 ,9 ,10 ,8 ,5 ,4 ,18 ,21 ,31 ,0 ,1 ,0 ,1 ,0.4,0.35
3055,1311,1240,53 ,42 ,40 ,21 ,4 ,9 ,9 ,12 ,43 ,39 ,8 ,3 ,2 ,0 ,0.41,0.32
3056,2368,867,44 ,23 ,30 ,6 ,10 ,2 ,4 ,15 ,43 ,21 ,1 ,2 ,0 ,0 ,0.4,0.25
3057,2451,1207,50 ,30 ,31 ,14 ,7 ,6 ,12 ,10 ,42 ,26 ,8 ,4 ,0 ,0 ,0.42,0.46
3058,1689,1352,37 ,15 ,6 ,5 ,4 ,2 ,27 ,8 ,29 ,15 ,1 ,0 ,7 ,0 ,0.44,0.28
3059,1970,1489,92 ,58 ,43 ,40 ,34 ,11 ,15 ,7 ,51 ,35 ,40 ,22 ,1 ,1 ,0.51,0.35
3060,868,1321,55 ,58 ,44 ,50 ,6 ,7 ,5 ,1 ,48 ,42 ,7 ,5 ,0 ,11 ,0.32,0.27
3061,869,1123,100 ,66 ,54 ,44 ,41 ,19 ,5 ,3 ,72 ,40 ,28 ,25 ,0 ,1 ,0.47,0.46
3062,1696,1624,37 ,69 ,25 ,41 ,8 ,10 ,4 ,18 ,30 ,48 ,5 ,16 ,2 ,5 ,0.36,0.63
3063,1169,1182,59 ,16 ,40 ,6 ,11 ,3 ,8 ,7 ,21 ,14 ,0 ,1 ,38 ,1 ,0.53,0.41
3064,977,870,42 ,22 ,28 ,11 ,4 ,8 ,10 ,3 ,26 ,20 ,1 ,0 ,15 ,2 ,0.56,0.34
3065,914,1181,28 ,47 ,7 ,18 ,7 ,7 ,14 ,22 ,8 ,13 ,19 ,25 ,1 ,9 ,0.6,0.72
3066,999,1074,10 ,29 ,0 ,24 ,0 ,2 ,10 ,3 ,7 ,17 ,3 ,2 ,0 ,10 ,0.66,0.58
3067,972,1083,49 ,52 ,20 ,41 ,1 ,9 ,28 ,2 ,42 ,49 ,7 ,1 ,0 ,2 ,0.43,0.33
3068,1027,1262,43 ,38 ,22 ,21 ,12 ,7 ,9 ,10 ,31 ,26 ,12 ,12 ,0 ,0 ,0.3,0.29
3069,1688,960,27 ,10 ,13 ,3 ,5 ,3 ,9 ,4 ,18 ,10 ,0 ,0 ,9 ,0 ,0.65,0.55
3070,1689,996,57 ,86 ,19 ,13 ,20 ,20 ,18 ,53 ,53 ,84 ,4 ,2 ,0 ,0 ,0.45,0.55
3071,1581,1170,64 ,32 ,49 ,13 ,12 ,4 ,3 ,15 ,47 ,30 ,10 ,2 ,7 ,0 ,0.53,0.3
3072,1179,1051,56 ,39 ,50 ,26 ,1 ,9 ,5 ,4 ,34 ,22 ,8 ,4 ,14 ,13 ,0.36,0.28
3073,1134,1002,35 ,17 ,25 ,11 ,5 ,4 ,5 ,2 ,10 ,12 ,3 ,5 ,22 ,0 ,0.59,0.47
3074,1499,941,34 ,2 ,33 ,1 ,1 ,1 ,0 ,0 ,5 ,2 ,0 ,0 ,29 ,0 ,0.6,0.28
3075,1410,952,37 ,9 ,26 ,6 ,5 ,0 ,6 ,3 ,28 ,9 ,1 ,0 ,8 ,0 ,0.62,0.23
3076,2317,871,13 ,4 ,11 ,4 ,1 ,0 ,1 ,0 ,2 ,4 ,2 ,0 ,9 ,0 ,0.81,0.5
3077,872,1776,0 ,6 ,0 ,5 ,0 ,1 ,0 ,0 ,0 ,2 ,0 ,0 ,0 ,4 ,0.0,0.85
3078,1089,1367,14 ,8 ,8 ,5 ,2 ,3 ,4 ,0 ,10 ,6 ,2 ,2 ,2 ,0 ,0.42,0.57
3079,1158,1097,65 ,87 ,35 ,81 ,26 ,4 ,4 ,2 ,64 ,83 ,1 ,4 ,0 ,0 ,0.34,0.43
3080,873,1142,10 ,10 ,5 ,6 ,1 ,3 ,4 ,1 ,10 ,7 ,0 ,2 ,0 ,1 ,0.32,0.38
3081,874,1109,35 ,26 ,11 ,19 ,15 ,4 ,9 ,3 ,29 ,24 ,6 ,1 ,0 ,1 ,0.27,0.22
3082,1098,1149,4 ,4 ,1 ,3 ,0 ,0 ,3 ,1 ,4 ,3 ,0 ,0 ,0 ,1 ,0.36,0.18
3083,1697,1150,10 ,30 ,8 ,29 ,0 ,0 ,2 ,1 ,10 ,9 ,0 ,4 ,0 ,17 ,0.5,0.63
3084,1700,875,20 ,1 ,15 ,1 ,3 ,0 ,2 ,0 ,6 ,1 ,6 ,0 ,8 ,0 ,0.52,0.03
3085,876,937,15 ,21 ,12 ,12 ,1 ,5 ,2 ,4 ,12 ,19 ,3 ,2 ,0 ,0 ,0.25,0.28
3086,1184,955,67 ,29 ,43 ,13 ,6 ,1 ,18 ,15 ,65 ,28 ,1 ,1 ,1 ,0 ,0.44,0.19
3087,877,1370,40 ,38 ,13 ,19 ,22 ,16 ,5 ,3 ,27 ,32 ,4 ,6 ,9 ,0 ,0.43,0.31
3088,1781,1770,0 ,11 ,0 ,10 ,0 ,0 ,0 ,1 ,0 ,4 ,0 ,0 ,0 ,7 ,0.0,0.61
3089,2054,1653,23 ,34 ,14 ,25 ,6 ,8 ,3 ,1 ,15 ,19 ,1 ,7 ,7 ,8 ,0.38,0.32
3090,1289,1445,37 ,23 ,30 ,13 ,4 ,3 ,3 ,7 ,34 ,16 ,3 ,1 ,0 ,6 ,0.38,0.33
3091,1312,1356,20 ,26 ,16 ,22 ,1 ,3 ,3 ,1 ,17 ,20 ,3 ,3 ,0 ,3 ,0.32,0.4
3092,1432,1618,32 ,59 ,31 ,44 ,0 ,9 ,1 ,6 ,32 ,51 ,0 ,5 ,0 ,3 ,0.37,0.38
3093,1550,2550,27 ,32 ,14 ,13 ,10 ,11 ,3 ,8 ,23 ,28 ,4 ,4 ,0 ,0 ,0.25,0.22
3094,1516,1602,108 ,77 ,57 ,39 ,14 ,11 ,37 ,27 ,103 ,72 ,5 ,5 ,0 ,0 ,0.49,0.34
3095,1129,1063,32 ,12 ,25 ,10 ,6 ,2 ,1 ,0 ,5 ,4 ,13 ,4 ,14 ,4 ,0.5,0.37
3096,1124,2642,21 ,43 ,14 ,31 ,3 ,8 ,4 ,4 ,8 ,20 ,3 ,8 ,10 ,15 ,0.63,0.48
3097,1641,1067,42 ,33 ,33 ,24 ,8 ,1 ,1 ,8 ,24 ,25 ,16 ,8 ,2 ,0 ,0.61,0.52
3098,1045,878,94 ,24 ,74 ,13 ,14 ,6 ,6 ,5 ,44 ,18 ,16 ,1 ,34 ,5 ,0.72,0.33
3099,1464,1047,19 ,4 ,11 ,2 ,7 ,2 ,1 ,0 ,2 ,1 ,1 ,3 ,16 ,0 ,0.67,0.33
3100,1577,1804,33 ,62 ,26 ,42 ,4 ,18 ,3 ,2 ,31 ,34 ,2 ,14 ,0 ,14 ,0.37,0.4
3101,1260,879,61 ,50 ,59 ,49 ,1 ,0 ,1 ,1 ,61 ,50 ,0 ,0 ,0 ,0 ,0.32,0.16
3102,2304,1163,76 ,10 ,52 ,5 ,22 ,1 ,2 ,4 ,30 ,9 ,27 ,1 ,19 ,0 ,0.67,0.35
3103,2443,1130,57 ,31 ,40 ,12 ,13 ,8 ,4 ,11 ,46 ,26 ,7 ,5 ,4 ,0 ,0.32,0.23
3104,996,1131,57 ,44 ,26 ,23 ,18 ,14 ,13 ,7 ,51 ,37 ,1 ,7 ,5 ,0 ,0.37,0.3
3105,946,880,25 ,22 ,10 ,18 ,10 ,4 ,5 ,0 ,19 ,14 ,6 ,7 ,0 ,1 ,0.39,0.3
3106,2403,2202,39 ,30 ,16 ,23 ,5 ,4 ,18 ,3 ,36 ,27 ,0 ,3 ,3 ,0 ,0.29,0.21
3107,1121,1147,7 ,16 ,1 ,15 ,2 ,1 ,4 ,0 ,5 ,4 ,2 ,4 ,0 ,8 ,0.58,0.53
3108,881,1017,8 ,13 ,1 ,10 ,0 ,2 ,7 ,1 ,8 ,9 ,0 ,0 ,0 ,4 ,0.4,0.35
3109,2129,1582,6 ,6 ,5 ,5 ,1 ,1 ,0 ,0 ,3 ,5 ,3 ,1 ,0 ,0 ,0.4,0.37
3110,2056,2671,50 ,44 ,39 ,39 ,6 ,2 ,5 ,3 ,46 ,42 ,3 ,1 ,1 ,1 ,0.3,0.26
3111,1297,1487,31 ,44 ,18 ,16 ,11 ,10 ,2 ,18 ,23 ,7 ,5 ,13 ,3 ,24 ,0.52,0.46
3112,1439,1189,18 ,12 ,10 ,6 ,7 ,2 ,1 ,4 ,17 ,12 ,1 ,0 ,0 ,0 ,0.22,0.31
3113,1392,1699,13 ,4 ,6 ,4 ,4 ,0 ,3 ,0 ,13 ,2 ,0 ,0 ,0 ,2 ,0.36,0.5
3114,2286,2436,31 ,38 ,15 ,27 ,16 ,4 ,0 ,7 ,31 ,36 ,0 ,0 ,0 ,2 ,0.31,0.2
3115,1092,1038,1 ,10 ,0 ,10 ,0 ,0 ,1 ,0 ,1 ,4 ,0 ,0 ,0 ,6 ,0.33,0.55
3116,1018,882,41 ,37 ,32 ,22 ,9 ,8 ,0 ,7 ,24 ,26 ,15 ,11 ,2 ,0 ,0.3,0.37
3117,1508,989,87 ,87 ,58 ,60 ,14 ,16 ,15 ,11 ,84 ,80 ,3 ,7 ,0 ,0 ,0.41,0.34
3118,2325,883,53 ,7 ,47 ,2 ,5 ,2 ,1 ,3 ,2 ,5 ,5 ,0 ,46 ,2 ,0.64,0.53
3119,1574,1936,7 ,23 ,6 ,16 ,0 ,5 ,1 ,2 ,4 ,11 ,3 ,10 ,0 ,2 ,0.29,0.54
3120,953,884,16 ,19 ,12 ,12 ,2 ,1 ,2 ,6 ,14 ,17 ,2 ,2 ,0 ,0 ,0.32,0.38
3121,916,1138,0 ,1 ,0 ,0 ,0 ,0 ,0 ,1 ,0 ,1 ,0 ,0 ,0 ,0 ,0.0,0.33
3122,1916,1262,11 ,2 ,5 ,2 ,3 ,0 ,3 ,0 ,8 ,2 ,0 ,0 ,3 ,0 ,0.28,0.1
3123,1522,1114,12 ,10 ,7 ,3 ,4 ,5 ,1 ,2 ,8 ,8 ,4 ,2 ,0 ,0 ,0.48,0.5
3124,1300,893,15 ,7 ,14 ,5 ,1 ,2 ,0 ,0 ,13 ,5 ,2 ,2 ,0 ,0 ,0.28,0.17
3125,1939,1884,40 ,44 ,24 ,17 ,4 ,23 ,12 ,4 ,32 ,29 ,7 ,15 ,1 ,0 ,0.28,0.2
3126,1132,1342,0 ,0 ,0 ,0 ,0 ,0 ,0 ,0 ,0 ,0 ,0 ,0 ,0 ,0 ,0.0,0.0
3127,885,1882,8 ,29 ,4 ,26 ,1 ,0 ,3 ,3 ,8 ,28 ,0 ,1 ,0 ,0 ,0.13,0.34
3128,886,1481,6 ,15 ,2 ,11 ,0 ,3 ,4 ,1 ,6 ,14 ,0 ,0 ,0 ,1 ,0.26,0.37
3129,1414,1584,39 ,28 ,33 ,25 ,5 ,3 ,1 ,0 ,35 ,18 ,0 ,1 ,4 ,9 ,0.39,0.31
3130,1022,887,22 ,9 ,19 ,7 ,3 ,2 ,0 ,0 ,9 ,6 ,3 ,3 ,10 ,0 ,0.48,0.25
3131,1013,2644,17 ,27 ,10 ,13 ,2 ,11 ,5 ,3 ,11 ,18 ,6 ,2 ,0 ,7 ,0.39,0.52
3132,1374,888,39 ,16 ,24 ,7 ,8 ,6 ,7 ,3 ,21 ,16 ,4 ,0 ,14 ,0 ,0.34,0.32
3133,1361,958,25 ,23 ,16 ,12 ,5 ,8 ,4 ,3 ,23 ,22 ,0 ,1 ,2 ,0 ,0.33,0.2
3134,967,2294,22 ,50 ,11 ,28 ,10 ,21 ,1 ,1 ,17 ,19 ,5 ,12 ,0 ,19 ,0.3,0.53
3135,1154,1540,23 ,62 ,18 ,18 ,4 ,24 ,1 ,20 ,14 ,59 ,9 ,2 ,0 ,1 ,0.29,0.73
3136,1203,1791,36 ,23 ,27 ,16 ,5 ,7 ,4 ,0 ,20 ,12 ,1 ,9 ,15 ,2 ,0.53,0.46
3137,1937,1679,4 ,53 ,3 ,50 ,1 ,3 ,0 ,0 ,2 ,32 ,2 ,16 ,0 ,5 ,0.18,0.5
3138,1530,1952,54 ,90 ,38 ,44 ,11 ,27 ,5 ,19 ,53 ,58 ,1 ,11 ,0 ,21 ,0.33,0.52
3139,889,1127,15 ,20 ,8 ,16 ,1 ,3 ,6 ,1 ,14 ,19 ,1 ,1 ,0 ,0 ,0.18,0.2
3140,890,1883,0 ,18 ,0 ,18 ,0 ,0 ,0 ,0 ,0 ,2 ,0 ,0 ,0 ,16 ,0.0,0.52
3141,944,891,94 ,44 ,65 ,35 ,11 ,8 ,18 ,1 ,69 ,42 ,8 ,2 ,17 ,0 ,0.49,0.43
3142,1079,2437,25 ,22 ,11 ,14 ,9 ,2 ,5 ,6 ,22 ,15 ,3 ,7 ,0 ,0 ,0.52,0.3
3143,980,964,5 ,1 ,4 ,0 ,1 ,0 ,0 ,1 ,4 ,1 ,0 ,0 ,1 ,0 ,0.71,0.25
3144,1723,988,39 ,34 ,29 ,17 ,6 ,7 ,4 ,10 ,19 ,28 ,3 ,1 ,17 ,5 ,0.33,0.45
3145,1232,2466,1 ,1 ,0 ,0 ,0 ,1 ,1 ,0 ,1 ,0 ,0 ,1 ,0 ,0 ,0.25,0.16
3146,2594,1646,17 ,29 ,8 ,22 ,5 ,3 ,4 ,4 ,10 ,26 ,3 ,3 ,4 ,0 ,0.38,0.38
3147,1800,892,15 ,1 ,8 ,1 ,1 ,0 ,6 ,0 ,13 ,1 ,0 ,0 ,2 ,0 ,0.88,0.12
3148,1707,1469,12 ,14 ,6 ,8 ,0 ,1 ,6 ,5 ,12 ,14 ,0 ,0 ,0 ,0 ,0.3,0.38
3149,1225,893,14 ,4 ,8 ,4 ,5 ,0 ,1 ,0 ,9 ,3 ,1 ,1 ,4 ,0 ,0.43,0.19
3150,1571,1314,36 ,25 ,32 ,8 ,3 ,5 ,1 ,12 ,12 ,24 ,0 ,0 ,24 ,1 ,0.52,0.27
3151,960,894,50 ,23 ,31 ,12 ,17 ,3 ,2 ,8 ,32 ,5 ,18 ,14 ,0 ,4 ,0.59,0.31
3152,1754,1235,9 ,22 ,5 ,14 ,0 ,1 ,4 ,7 ,9 ,3 ,0 ,8 ,0 ,11 ,0.36,0.37
3153,1315,1509,21 ,31 ,16 ,21 ,3 ,9 ,2 ,1 ,18 ,15 ,3 ,8 ,0 ,8 ,0.38,0.43
3154,1403,2096,38 ,46 ,19 ,6 ,8 ,2 ,11 ,38 ,24 ,12 ,13 ,29 ,1 ,5 ,0.57,0.45
3155,2105,2159,24 ,20 ,20 ,12 ,1 ,5 ,3 ,3 ,20 ,16 ,1 ,4 ,3 ,0 ,0.48,0.35
3156,1976,895,27 ,24 ,4 ,13 ,8 ,2 ,15 ,9 ,6 ,20 ,11 ,4 ,10 ,0 ,0.42,0.28
3157,2077,1104,37 ,0 ,32 ,0 ,0 ,0 ,5 ,0 ,0 ,0 ,5 ,0 ,32 ,0 ,0.5,0.0
3158,2516,1190,59 ,65 ,48 ,36 ,9 ,14 ,2 ,15 ,41 ,52 ,7 ,13 ,11 ,0 ,0.46,0.54
3159,1779,1618,83 ,55 ,62 ,18 ,10 ,11 ,11 ,26 ,77 ,54 ,1 ,1 ,5 ,0 ,0.48,0.35
3160,1343,1492,27 ,8 ,24 ,2 ,0 ,0 ,3 ,6 ,5 ,8 ,5 ,0 ,17 ,0 ,0.84,0.36
3161,1933,896,80 ,37 ,45 ,10 ,26 ,13 ,9 ,14 ,47 ,26 ,27 ,10 ,6 ,1 ,0.55,0.51
3162,897,1435,3 ,31 ,1 ,27 ,1 ,1 ,1 ,3 ,3 ,5 ,0 ,1 ,0 ,25 ,0.6,0.73
3163,898,1433,32 ,42 ,4 ,34 ,9 ,4 ,19 ,4 ,6 ,29 ,26 ,13 ,0 ,0 ,0.71,0.67
3164,1176,1208,36 ,83 ,16 ,29 ,17 ,51 ,3 ,3 ,3 ,3 ,27 ,44 ,6 ,36 ,0.81,0.83
3165,1285,1028,14 ,17 ,8 ,4 ,3 ,1 ,3 ,12 ,8 ,9 ,1 ,1 ,5 ,7 ,0.6,0.68
3166,1443,975,51 ,47 ,40 ,33 ,8 ,5 ,3 ,9 ,50 ,46 ,0 ,0 ,1 ,1 ,0.62,0.42
3167,1557,1143,41 ,13 ,12 ,2 ,22 ,3 ,7 ,8 ,4 ,2 ,37 ,11 ,0 ,0 ,0.77,0.61
3168,899,2259,0 ,3 ,0 ,3 ,0 ,0 ,0 ,0 ,0 ,1 ,0 ,0 ,0 ,2 ,0.0,1.0
3169,1871,1870,11 ,12 ,3 ,11 ,2 ,1 ,6 ,0 ,10 ,12 ,1 ,0 ,0 ,0 ,0.45,0.37
3170,945,1009,30 ,17 ,15 ,6 ,14 ,10 ,1 ,1 ,8 ,3 ,16 ,14 ,6 ,0 ,0.5,0.37
3171,1383,2292,43 ,44 ,15 ,25 ,16 ,17 ,12 ,2 ,30 ,33 ,13 ,11 ,0 ,0 ,0.5,0.41
3172,1044,900,19 ,21 ,16 ,20 ,2 ,1 ,1 ,0 ,4 ,2 ,3 ,3 ,12 ,16 ,0.4,0.45
3173,931,1029,37 ,44 ,36 ,37 ,1 ,6 ,0 ,1 ,35 ,33 ,2 ,6 ,0 ,5 ,0.26,0.31
3174,1012,901,12 ,11 ,8 ,5 ,3 ,6 ,1 ,0 ,2 ,4 ,6 ,7 ,4 ,0 ,0.5,0.61
3175,1296,1936,39 ,48 ,27 ,28 ,9 ,12 ,3 ,8 ,34 ,30 ,5 ,9 ,0 ,9 ,0.23,0.36
3176,1128,2620,13 ,32 ,6 ,8 ,6 ,12 ,1 ,12 ,7 ,13 ,6 ,19 ,0 ,0 ,0.3,0.59
3177,1454,1616,111 ,70 ,97 ,37 ,11 ,3 ,3 ,30 ,108 ,69 ,3 ,1 ,0 ,0 ,0.39,0.41
3178,1938,1377,18 ,14 ,13 ,8 ,5 ,1 ,0 ,5 ,11 ,5 ,0 ,5 ,7 ,4 ,0.43,0.6
3179,2656,2644,11 ,27 ,4 ,17 ,1 ,7 ,6 ,3 ,6 ,10 ,5 ,10 ,0 ,7 ,0.4,0.5
3180,1674,1477,28 ,67 ,12 ,45 ,14 ,14 ,2 ,8 ,8 ,8 ,18 ,22 ,2 ,37 ,0.59,0.72
3181,2562,2443,56 ,82 ,29 ,51 ,10 ,24 ,17 ,7 ,54 ,73 ,2 ,4 ,0 ,5 ,0.41,0.41
3182,1568,1160,6 ,7 ,2 ,2 ,4 ,0 ,0 ,5 ,5 ,7 ,0 ,0 ,1 ,0 ,0.66,0.5
3183,1254,1710,13 ,23 ,7 ,14 ,0 ,4 ,6 ,5 ,12 ,11 ,0 ,1 ,1 ,11 ,0.48,0.52
3184,1609,974,18 ,27 ,15 ,15 ,2 ,9 ,1 ,3 ,11 ,9 ,3 ,12 ,4 ,6 ,0.34,0.41
3185,902,1125,46 ,38 ,26 ,17 ,17 ,10 ,3 ,11 ,29 ,27 ,11 ,10 ,6 ,1 ,0.42,0.3
3186,1408,903,36 ,17 ,26 ,4 ,7 ,5 ,3 ,8 ,12 ,14 ,5 ,3 ,19 ,0 ,0.56,0.27
3187,1398,904,49 ,17 ,22 ,14 ,12 ,3 ,15 ,0 ,23 ,12 ,22 ,4 ,4 ,1 ,0.56,0.32
3188,1338,1876,84 ,94 ,52 ,36 ,21 ,21 ,11 ,37 ,78 ,72 ,6 ,22 ,0 ,0 ,0.48,0.46
3189,1636,1007,34 ,65 ,18 ,37 ,7 ,8 ,9 ,20 ,29 ,47 ,5 ,11 ,0 ,7 ,0.34,0.5
3190,1148,1025,21 ,21 ,11 ,15 ,6 ,3 ,4 ,3 ,8 ,9 ,6 ,9 ,7 ,3 ,0.43,0.6
3191,957,1549,20 ,31 ,12 ,18 ,8 ,7 ,0 ,6 ,18 ,24 ,2 ,7 ,0 ,0 ,0.35,0.41
3192,1831,1077,47 ,25 ,39 ,5 ,7 ,7 ,1 ,13 ,26 ,24 ,6 ,1 ,15 ,0 ,0.47,0.43
3193,1216,1308,75 ,47 ,56 ,36 ,4 ,4 ,15 ,7 ,69 ,40 ,1 ,1 ,5 ,6 ,0.37,0.35
3194,905,981,99 ,67 ,59 ,37 ,31 ,29 ,9 ,1 ,67 ,55 ,32 ,12 ,0 ,0 ,0.46,0.5
3195,1293,2368,66 ,31 ,21 ,18 ,31 ,8 ,14 ,5 ,39 ,21 ,16 ,10 ,11 ,0 ,0.54,0.34
3196,906,1335,15 ,27 ,13 ,18 ,2 ,2 ,0 ,7 ,7 ,18 ,3 ,1 ,5 ,8 ,0.3,0.45
3197,907,1119,59 ,42 ,42 ,23 ,15 ,15 ,2 ,4 ,18 ,11 ,41 ,27 ,0 ,4 ,0.55,0.49
3198,1310,1213,44 ,81 ,18 ,50 ,14 ,13 ,12 ,18 ,34 ,54 ,10 ,18 ,0 ,9 ,0.4,0.42
3199,908,1259,25 ,42 ,10 ,35 ,11 ,7 ,4 ,0 ,11 ,17 ,12 ,17 ,2 ,8 ,0.44,0.56
3200,1249,909,21 ,7 ,17 ,6 ,4 ,1 ,0 ,0 ,4 ,2 ,10 ,3 ,7 ,2 ,0.52,0.41
3201,1260,1699,2 ,8 ,1 ,8 ,0 ,0 ,1 ,0 ,2 ,6 ,0 ,0 ,0 ,2 ,0.25,0.61
3202,1117,1023,31 ,23 ,13 ,19 ,2 ,2 ,16 ,2 ,22 ,18 ,0 ,3 ,9 ,2 ,0.37,0.34
3203,910,2345,32 ,21 ,23 ,18 ,8 ,1 ,1 ,2 ,32 ,17 ,0 ,2 ,0 ,2 ,0.34,0.34
3204,2169,1427,4 ,10 ,4 ,5 ,0 ,2 ,0 ,3 ,4 ,8 ,0 ,2 ,0 ,0 ,0.14,0.38
3205,987,1123,3 ,20 ,3 ,18 ,0 ,1 ,0 ,1 ,3 ,9 ,0 ,11 ,0 ,0 ,0.6,0.52
3206,2451,2115,2 ,10 ,0 ,9 ,0 ,0 ,2 ,1 ,2 ,7 ,0 ,0 ,0 ,3 ,0.28,0.71
3207,1969,1337,113 ,33 ,105 ,29 ,7 ,0 ,1 ,4 ,48 ,30 ,8 ,3 ,57 ,0 ,0.62,0.34
3208,911,1110,52 ,9 ,24 ,7 ,6 ,1 ,22 ,1 ,20 ,6 ,25 ,3 ,7 ,0 ,0.47,0.08
3209,912,976,27 ,23 ,15 ,18 ,8 ,4 ,4 ,1 ,12 ,7 ,11 ,5 ,4 ,11 ,0.5,0.42
3210,1111,913,46 ,18 ,30 ,3 ,8 ,6 ,8 ,9 ,39 ,18 ,0 ,0 ,7 ,0 ,0.5,0.56
3211,1925,1574,13 ,6 ,13 ,5 ,0 ,1 ,0 ,0 ,4 ,6 ,0 ,0 ,9 ,0 ,0.33,0.37
3212,914,1307,20 ,20 ,6 ,10 ,4 ,2 ,10 ,8 ,13 ,8 ,6 ,9 ,1 ,3 ,0.42,0.39
3213,1081,1294,12 ,13 ,6 ,7 ,3 ,4 ,3 ,2 ,12 ,9 ,0 ,2 ,0 ,2 ,0.35,0.41
3214,1036,1016,32 ,27 ,5 ,11 ,11 ,8 ,16 ,8 ,19 ,9 ,13 ,13 ,0 ,5 ,0.41,0.47
3215,1139,993,12 ,29 ,7 ,15 ,4 ,3 ,1 ,11 ,3 ,1 ,7 ,16 ,2 ,12 ,0.5,0.48
3216,1193,2304,15 ,43 ,12 ,34 ,2 ,2 ,1 ,7 ,7 ,8 ,8 ,9 ,0 ,26 ,0.41,0.57
3217,916,915,35 ,42 ,30 ,27 ,4 ,14 ,1 ,1 ,18 ,20 ,5 ,20 ,12 ,2 ,0.49,0.43
3218,1149,917,56 ,9 ,38 ,3 ,9 ,2 ,9 ,4 ,22 ,9 ,0 ,0 ,34 ,0 ,0.65,0.19
3219,1743,1448,83 ,48 ,40 ,34 ,15 ,11 ,28 ,3 ,61 ,45 ,20 ,3 ,2 ,0 ,0.32,0.32
3220,1283,918,64 ,35 ,31 ,17 ,26 ,10 ,7 ,8 ,62 ,28 ,2 ,6 ,0 ,1 ,0.5,0.38
3221,2263,992,32 ,7 ,27 ,2 ,3 ,1 ,2 ,4 ,17 ,7 ,9 ,0 ,6 ,0 ,0.64,0.28
3222,1244,1986,16 ,26 ,10 ,23 ,5 ,1 ,1 ,2 ,7 ,6 ,2 ,4 ,7 ,16 ,0.61,0.5
3223,1688,1184,43 ,45 ,15 ,15 ,15 ,6 ,13 ,24 ,41 ,31 ,2 ,14 ,0 ,0 ,0.58,0.43
3224,1167,1240,30 ,20 ,26 ,9 ,3 ,4 ,1 ,7 ,4 ,11 ,7 ,9 ,19 ,0 ,0.68,0.45
3225,1488,1124,31 ,37 ,13 ,14 ,11 ,9 ,7 ,14 ,19 ,31 ,12 ,6 ,0 ,0 ,0.31,0.43
3226,1546,1299,63 ,42 ,35 ,14 ,12 ,21 ,16 ,7 ,26 ,21 ,15 ,17 ,22 ,4 ,0.57,0.56
3227,1175,1904,15 ,51 ,9 ,42 ,4 ,7 ,2 ,2 ,13 ,20 ,1 ,28 ,1 ,3 ,0.39,0.6
3228,1689,1831,71 ,72 ,43 ,25 ,5 ,34 ,23 ,13 ,69 ,70 ,2 ,2 ,0 ,0 ,0.41,0.55
3229,1977,1255,46 ,18 ,46 ,15 ,0 ,3 ,0 ,0 ,3 ,10 ,0 ,8 ,43 ,0 ,0.66,0.56
3230,1150,1489,23 ,23 ,18 ,20 ,3 ,2 ,2 ,1 ,15 ,5 ,7 ,3 ,1 ,15 ,0.46,0.56
3231,919,1535,21 ,26 ,7 ,11 ,9 ,11 ,5 ,4 ,10 ,8 ,11 ,11 ,0 ,7 ,0.48,0.61
3232,1231,973,41 ,13 ,24 ,11 ,5 ,1 ,12 ,1 ,21 ,12 ,8 ,1 ,12 ,0 ,0.56,0.35
3233,1039,1499,7 ,39 ,7 ,38 ,0 ,1 ,0 ,0 ,7 ,8 ,0 ,0 ,0 ,31 ,0.3,0.56
3234,2120,2273,57 ,41 ,37 ,14 ,13 ,12 ,7 ,15 ,44 ,27 ,11 ,12 ,2 ,2 ,0.43,0.29
3235,1467,1365,21 ,28 ,19 ,12 ,1 ,7 ,1 ,9 ,16 ,14 ,1 ,12 ,4 ,2 ,0.38,0.42
3236,1144,1966,5 ,5 ,1 ,5 ,3 ,0 ,1 ,0 ,2 ,0 ,3 ,2 ,0 ,3 ,0.71,0.38
3237,920,1750,22 ,25 ,3 ,15 ,1 ,5 ,18 ,5 ,4 ,17 ,18 ,0 ,0 ,8 ,0.56,0.6
3238,1723,1027,66 ,25 ,32 ,23 ,18 ,2 ,16 ,0 ,55 ,17 ,7 ,7 ,4 ,1 ,0.34,0.3
3239,1230,921,46 ,35 ,10 ,14 ,6 ,10 ,30 ,11 ,12 ,24 ,34 ,11 ,0 ,0 ,0.47,0.57
3240,1020,1646,7 ,3 ,5 ,1 ,0 ,0 ,2 ,2 ,6 ,3 ,1 ,0 ,0 ,0 ,0.63,0.23
3241,1537,2442,37 ,64 ,24 ,36 ,8 ,25 ,5 ,3 ,19 ,13 ,12 ,23 ,6 ,28 ,0.53,0.76
3242,1580,1445,75 ,34 ,50 ,11 ,14 ,6 ,11 ,17 ,49 ,33 ,4 ,1 ,22 ,0 ,0.46,0.49
3243,1525,922,2 ,3 ,2 ,0 ,0 ,1 ,0 ,2 ,0 ,3 ,1 ,0 ,1 ,0 ,0.66,0.75
3244,923,1834,47 ,67 ,38 ,36 ,5 ,18 ,4 ,13 ,38 ,61 ,9 ,6 ,0 ,0 ,0.31,0.31
3245,1155,924,67 ,63 ,42 ,47 ,14 ,12 ,11 ,4 ,55 ,43 ,12 ,20 ,0 ,0 ,0.38,0.36
3246,1181,1883,32 ,28 ,15 ,17 ,9 ,10 ,8 ,1 ,23 ,19 ,7 ,9 ,2 ,0 ,0.56,0.33
3247,925,1579,2 ,15 ,1 ,7 ,0 ,4 ,1 ,4 ,2 ,14 ,0 ,1 ,0 ,0 ,0.15,0.37
3248,970,2325,23 ,6 ,22 ,5 ,1 ,1 ,0 ,0 ,3 ,2 ,5 ,4 ,15 ,0 ,0.62,0.26
3249,1070,1890,5 ,0 ,5 ,0 ,0 ,0 ,0 ,0 ,2 ,0 ,0 ,0 ,3 ,0 ,0.55,0.0
3250,1233,1556,1 ,16 ,1 ,11 ,0 ,2 ,0 ,3 ,1 ,5 ,0 ,9 ,0 ,2 ,0.11,0.41
3251,1060,2144,39 ,41 ,33 ,39 ,2 ,1 ,4 ,1 ,26 ,22 ,1 ,5 ,12 ,14 ,0.41,0.4
3252,2105,1575,27 ,6 ,25 ,5 ,1 ,1 ,1 ,0 ,9 ,6 ,15 ,0 ,3 ,0 ,0.75,0.46
3253,1623,1014,5 ,8 ,4 ,6 ,0 ,1 ,1 ,1 ,5 ,8 ,0 ,0 ,0 ,0 ,0.31,0.38
3254,1356,1098,3 ,12 ,3 ,12 ,0 ,0 ,0 ,0 ,3 ,3 ,0 ,1 ,0 ,8 ,0.5,0.8
3255,1885,961,60 ,34 ,13 ,17 ,30 ,5 ,17 ,12 ,55 ,30 ,1 ,3 ,4 ,1 ,0.56,0.21
3256,1087,972,21 ,17 ,8 ,1 ,7 ,0 ,6 ,16 ,14 ,15 ,7 ,2 ,0 ,0 ,0.38,0.41
3257,968,1169,34 ,40 ,9 ,24 ,5 ,9 ,20 ,7 ,29 ,31 ,3 ,7 ,2 ,2 ,0.45,0.36
3258,1643,1250,0 ,2 ,0 ,2 ,0 ,0 ,0 ,0 ,0 ,2 ,0 ,0 ,0 ,0 ,0.0,0.5
3259,1045,2437,1 ,0 ,0 ,0 ,0 ,0 ,1 ,0 ,1 ,0 ,0 ,0 ,0 ,0 ,1.0,0.0
3260,2294,966,62 ,48 ,39 ,39 ,21 ,9 ,2 ,0 ,47 ,38 ,15 ,9 ,0 ,1 ,0.43,0.33
3261,2239,2252,32 ,27 ,14 ,16 ,10 ,8 ,8 ,3 ,22 ,16 ,9 ,11 ,1 ,0 ,0.4,0.39
3262,2040,1696,56 ,39 ,33 ,30 ,10 ,3 ,13 ,6 ,39 ,23 ,4 ,0 ,13 ,16 ,0.56,0.49
3263,2550,1207,59 ,18 ,41 ,8 ,12 ,10 ,6 ,0 ,39 ,16 ,7 ,2 ,13 ,0 ,0.53,0.36
3264,1389,1290,37 ,31 ,33 ,16 ,4 ,8 ,0 ,7 ,36 ,29 ,1 ,2 ,0 ,0 ,0.28,0.48
3265,1353,1485,88 ,96 ,54 ,79 ,6 ,12 ,28 ,5 ,65 ,79 ,23 ,17 ,0 ,0 ,0.52,0.55
3266,1933,1325,31 ,16 ,24 ,3 ,5 ,3 ,2 ,10 ,10 ,15 ,15 ,1 ,6 ,0 ,0.51,0.39
3267,982,1457,29 ,18 ,16 ,13 ,7 ,2 ,6 ,3 ,14 ,12 ,9 ,6 ,6 ,0 ,0.56,0.43
3268,1145,926,11 ,11 ,7 ,9 ,2 ,0 ,2 ,2 ,7 ,6 ,3 ,5 ,1 ,0 ,0.68,0.52
3269,927,1019,11 ,62 ,5 ,49 ,5 ,9 ,1 ,4 ,8 ,19 ,3 ,25 ,0 ,18 ,0.35,0.62
3270,928,2322,35 ,23 ,27 ,20 ,5 ,3 ,3 ,0 ,20 ,18 ,9 ,1 ,6 ,4 ,0.53,0.3
3271,1410,1666,23 ,17 ,15 ,5 ,7 ,8 ,1 ,4 ,14 ,15 ,1 ,2 ,8 ,0 ,0.53,0.44
3272,1776,1018,0 ,1 ,0 ,0 ,0 ,1 ,0 ,0 ,0 ,1 ,0 ,0 ,0 ,0 ,0.0,1.0
3273,1380,1096,54 ,26 ,37 ,17 ,8 ,5 ,9 ,4 ,51 ,25 ,3 ,1 ,0 ,0 ,0.42,0.3
3274,1484,983,6 ,3 ,2 ,1 ,2 ,0 ,2 ,2 ,6 ,3 ,0 ,0 ,0 ,0 ,0.46,0.25
3275,1170,1071,22 ,22 ,10 ,15 ,4 ,6 ,8 ,1 ,20 ,17 ,2 ,0 ,0 ,5 ,0.36,0.56
3276,1679,1946,126 ,25 ,81 ,13 ,18 ,7 ,27 ,5 ,96 ,24 ,24 ,1 ,6 ,0 ,0.61,0.28
3277,985,954,59 ,52 ,35 ,48 ,24 ,4 ,0 ,0 ,45 ,32 ,14 ,17 ,0 ,3 ,0.32,0.35
3278,984,1011,9 ,10 ,7 ,8 ,2 ,2 ,0 ,0 ,8 ,6 ,1 ,1 ,0 ,3 ,0.32,0.52
3279,1079,929,28 ,21 ,15 ,10 ,8 ,6 ,5 ,5 ,22 ,8 ,6 ,8 ,0 ,5 ,0.58,0.37
3280,1646,930,11 ,23 ,7 ,16 ,0 ,3 ,4 ,4 ,5 ,4 ,4 ,8 ,2 ,11 ,0.33,0.58
3281,1202,1016,17 ,37 ,4 ,16 ,7 ,9 ,6 ,12 ,17 ,24 ,0 ,6 ,0 ,7 ,0.51,0.56
3282,1700,1052,3 ,0 ,1 ,0 ,1 ,0 ,1 ,0 ,3 ,0 ,0 ,0 ,0 ,0 ,0.75,0.0
3283,1538,931,40 ,12 ,27 ,10 ,12 ,1 ,1 ,1 ,24 ,11 ,6 ,0 ,10 ,1 ,0.51,0.26
3284,2056,1074,33 ,64 ,19 ,41 ,8 ,11 ,6 ,12 ,31 ,48 ,2 ,5 ,0 ,11 ,0.32,0.55
3285,1254,1461,31 ,42 ,6 ,16 ,11 ,9 ,14 ,17 ,31 ,35 ,0 ,1 ,0 ,6 ,0.48,0.6
3286,932,1063,26 ,15 ,6 ,13 ,2 ,2 ,18 ,0 ,26 ,13 ,0 ,2 ,0 ,0 ,0.34,0.15
3287,1179,1668,21 ,23 ,19 ,12 ,1 ,11 ,1 ,0 ,8 ,9 ,6 ,8 ,7 ,6 ,0.48,0.51
3288,2433,1257,64 ,35 ,57 ,22 ,4 ,11 ,3 ,2 ,55 ,33 ,3 ,2 ,6 ,0 ,0.4,0.33
3289,972,999,45 ,48 ,11 ,35 ,20 ,5 ,14 ,8 ,24 ,31 ,21 ,16 ,0 ,1 ,0.51,0.54
3290,933,1317,19 ,24 ,14 ,22 ,4 ,2 ,1 ,0 ,18 ,17 ,1 ,2 ,0 ,5 ,0.2,0.23
3291,1791,1936,25 ,16 ,18 ,13 ,6 ,3 ,1 ,0 ,16 ,14 ,8 ,2 ,1 ,0 ,0.67,0.4
3292,1146,1549,20 ,24 ,17 ,17 ,1 ,4 ,2 ,3 ,16 ,23 ,3 ,1 ,1 ,0 ,0.36,0.43
3293,2027,1131,6 ,8 ,6 ,0 ,0 ,3 ,0 ,5 ,4 ,5 ,0 ,3 ,2 ,0 ,0.75,0.57
3294,1345,2663,35 ,38 ,23 ,26 ,4 ,4 ,8 ,8 ,27 ,22 ,4 ,9 ,4 ,7 ,0.42,0.52
3295,1807,1053,70 ,86 ,68 ,70 ,1 ,13 ,1 ,3 ,65 ,71 ,3 ,15 ,2 ,0 ,0.44,0.38
3296,1343,1581,31 ,46 ,28 ,31 ,1 ,15 ,2 ,0 ,14 ,39 ,1 ,0 ,16 ,7 ,0.64,0.5
3297,934,1048,4 ,19 ,0 ,15 ,2 ,3 ,2 ,1 ,4 ,9 ,0 ,0 ,0 ,10 ,0.3,0.57
3298,1296,1049,54 ,13 ,29 ,12 ,18 ,1 ,7 ,0 ,21 ,10 ,10 ,1 ,23 ,2 ,0.56,0.24
3299,935,1444,25 ,51 ,10 ,41 ,13 ,9 ,2 ,1 ,13 ,15 ,12 ,9 ,0 ,27 ,0.42,0.67
3300,1243,1054,13 ,15 ,10 ,10 ,3 ,5 ,0 ,0 ,3 ,5 ,6 ,4 ,4 ,6 ,0.5,0.68
3301,1065,1084,12 ,3 ,3 ,3 ,3 ,0 ,6 ,0 ,12 ,3 ,0 ,0 ,0 ,0 ,0.63,0.37
3302,1088,1147,4 ,1 ,3 ,0 ,1 ,1 ,0 ,0 ,4 ,1 ,0 ,0 ,0 ,0 ,0.57,0.2
3303,1222,1905,8 ,47 ,3 ,25 ,2 ,15 ,3 ,7 ,6 ,25 ,2 ,9 ,0 ,13 ,0.33,0.78
3304,1779,1392,12 ,7 ,8 ,5 ,3 ,2 ,1 ,0 ,5 ,6 ,3 ,1 ,4 ,0 ,0.52,0.38
3305,1069,2549,27 ,28 ,22 ,13 ,3 ,12 ,2 ,3 ,12 ,16 ,7 ,3 ,8 ,9 ,0.6,0.49
3306,2083,1005,15 ,3 ,10 ,3 ,5 ,0 ,0 ,0 ,4 ,1 ,4 ,2 ,7 ,0 ,0.57,0.27
3307,1300,2099,5 ,20 ,4 ,17 ,1 ,2 ,0 ,1 ,1 ,12 ,4 ,1 ,0 ,7 ,0.35,0.57
3308,936,1474,20 ,55 ,12 ,41 ,2 ,7 ,6 ,7 ,15 ,42 ,5 ,4 ,0 ,9 ,0.2,0.51
3309,1078,937,41 ,20 ,26 ,11 ,5 ,9 ,10 ,0 ,25 ,17 ,1 ,2 ,15 ,1 ,0.47,0.3
3310,938,2671,39 ,71 ,11 ,61 ,14 ,6 ,14 ,4 ,34 ,32 ,5 ,17 ,0 ,22 ,0.47,0.42
3311,1889,1010,24 ,24 ,14 ,12 ,2 ,10 ,8 ,2 ,21 ,23 ,3 ,1 ,0 ,0 ,0.35,0.54
3312,2129,1533,50 ,18 ,36 ,16 ,9 ,0 ,5 ,2 ,17 ,15 ,0 ,3 ,33 ,0 ,0.55,0.32
3313,1142,1028,12 ,18 ,10 ,10 ,1 ,3 ,1 ,5 ,3 ,16 ,3 ,2 ,6 ,0 ,0.29,0.48
3314,1522,1017,51 ,29 ,31 ,23 ,11 ,4 ,9 ,2 ,36 ,22 ,7 ,6 ,8 ,1 ,0.49,0.24
3315,1804,1129,9 ,6 ,4 ,1 ,5 ,1 ,0 ,4 ,8 ,6 ,1 ,0 ,0 ,0 ,0.32,0.33
3316,991,1108,36 ,42 ,24 ,26 ,7 ,8 ,5 ,8 ,26 ,31 ,8 ,6 ,2 ,5 ,0.48,0.44
3317,1884,1582,65 ,26 ,27 ,5 ,25 ,15 ,13 ,6 ,63 ,24 ,2 ,2 ,0 ,0 ,0.36,0.34
3318,939,1916,33 ,83 ,17 ,51 ,12 ,15 ,4 ,17 ,27 ,58 ,3 ,4 ,3 ,21 ,0.33,0.55
3319,1038,1412,16 ,9 ,15 ,8 ,1 ,1 ,0 ,0 ,8 ,7 ,7 ,2 ,1 ,0 ,0.43,0.37
3320,1176,1340,15 ,1 ,14 ,1 ,0 ,0 ,1 ,0 ,14 ,1 ,0 ,0 ,1 ,0 ,0.75,0.08
3321,940,1543,9 ,15 ,4 ,10 ,4 ,3 ,1 ,2 ,9 ,14 ,0 ,0 ,0 ,1 ,0.52,0.55
3322,1040,941,20 ,11 ,14 ,10 ,4 ,0 ,2 ,1 ,14 ,11 ,1 ,0 ,5 ,0 ,0.54,0.35
3323,975,1409,43 ,35 ,24 ,28 ,10 ,6 ,9 ,1 ,32 ,28 ,0 ,0 ,11 ,7 ,0.5,0.57
3324,1794,942,7 ,2 ,4 ,1 ,1 ,0 ,2 ,1 ,5 ,2 ,0 ,0 ,2 ,0 ,0.77,0.4
3325,977,943,28 ,27 ,18 ,19 ,9 ,4 ,1 ,4 ,22 ,16 ,0 ,1 ,6 ,10 ,0.37,0.52
3326,1435,944,19 ,23 ,16 ,8 ,1 ,3 ,2 ,12 ,15 ,22 ,1 ,1 ,3 ,0 ,0.46,0.57
3327,2259,945,36 ,24 ,28 ,10 ,6 ,12 ,2 ,2 ,23 ,20 ,3 ,4 ,10 ,0 ,0.5,0.3
3328,1871,1691,90 ,57 ,57 ,49 ,16 ,4 ,17 ,4 ,55 ,39 ,21 ,9 ,14 ,9 ,0.64,0.61
3329,1481,946,8 ,7 ,5 ,4 ,2 ,1 ,1 ,2 ,6 ,4 ,2 ,3 ,0 ,0 ,0.27,0.46
3330,1361,1466,16 ,26 ,10 ,19 ,5 ,1 ,1 ,6 ,6 ,7 ,8 ,9 ,2 ,10 ,0.57,0.54
3331,1216,1312,115 ,79 ,73 ,49 ,6 ,9 ,36 ,21 ,108 ,73 ,5 ,6 ,2 ,0 ,0.41,0.4
3332,1782,1164,14 ,2 ,14 ,1 ,0 ,1 ,0 ,0 ,2 ,2 ,12 ,0 ,0 ,0 ,0.46,1.0
3333,947,1075,36 ,49 ,27 ,43 ,7 ,3 ,2 ,3 ,27 ,34 ,8 ,1 ,1 ,14 ,0.45,0.48
3334,948,1186,29 ,20 ,24 ,13 ,5 ,4 ,0 ,3 ,8 ,2 ,13 ,8 ,8 ,10 ,0.46,0.51
3335,1013,1508,6 ,10 ,3 ,5 ,3 ,3 ,0 ,2 ,5 ,9 ,1 ,1 ,0 ,0 ,0.31,0.66
3336,1681,1330,52 ,61 ,38 ,51 ,9 ,5 ,5 ,5 ,48 ,51 ,4 ,10 ,0 ,0 ,0.28,0.32
3337,1089,1447,91 ,98 ,65 ,61 ,7 ,30 ,19 ,7 ,74 ,73 ,15 ,16 ,2 ,9 ,0.48,0.48
3338,2656,1006,45 ,35 ,21 ,22 ,8 ,5 ,16 ,8 ,42 ,33 ,1 ,0 ,2 ,2 ,0.4,0.33
3339,1616,1033,31 ,22 ,18 ,17 ,4 ,3 ,9 ,2 ,29 ,21 ,2 ,1 ,0 ,0 ,0.48,0.42
3340,1432,1196,15 ,7 ,15 ,2 ,0 ,5 ,0 ,0 ,4 ,7 ,0 ,0 ,11 ,0 ,0.57,0.29
3341,2286,1521,64 ,47 ,19 ,22 ,22 ,9 ,23 ,16 ,64 ,45 ,0 ,2 ,0 ,0 ,0.47,0.31
3342,2054,1687,58 ,56 ,38 ,38 ,15 ,2 ,5 ,16 ,36 ,48 ,2 ,8 ,20 ,0 ,0.47,0.39
3343,1729,1442,117 ,62 ,84 ,31 ,19 ,19 ,14 ,12 ,93 ,50 ,23 ,12 ,1 ,0 ,0.55,0.34
3344,949,1774,13 ,32 ,9 ,13 ,3 ,17 ,1 ,2 ,4 ,15 ,2 ,13 ,7 ,4 ,0.34,0.62
3345,1287,1046,57 ,15 ,52 ,11 ,1 ,3 ,4 ,1 ,7 ,9 ,1 ,0 ,49 ,6 ,0.76,0.44
3346,1297,1080,53 ,26 ,42 ,21 ,10 ,2 ,1 ,3 ,31 ,13 ,8 ,0 ,14 ,13 ,0.52,0.47
3347,1893,1408,17 ,17 ,9 ,8 ,4 ,5 ,4 ,4 ,12 ,13 ,3 ,4 ,2 ,0 ,0.44,0.5
3348,1021,1377,23 ,49 ,20 ,37 ,1 ,6 ,2 ,6 ,15 ,18 ,1 ,7 ,7 ,24 ,0.51,0.53
3349,1571,2304,13 ,0 ,13 ,0 ,0 ,0 ,0 ,0 ,0 ,0 ,0 ,0 ,13 ,0 ,0.76,0.0
3350,1519,1362,111 ,70 ,95 ,35 ,16 ,11 ,0 ,24 ,101 ,63 ,9 ,7 ,1 ,0 ,0.44,0.37
3351,1092,950,16 ,19 ,10 ,15 ,4 ,4 ,2 ,0 ,5 ,5 ,10 ,0 ,1 ,14 ,0.57,0.54
3352,1510,951,93 ,59 ,43 ,43 ,32 ,13 ,18 ,3 ,87 ,43 ,6 ,16 ,0 ,0 ,0.59,0.52
3353,1140,1055,59 ,46 ,39 ,24 ,15 ,19 ,5 ,3 ,32 ,30 ,8 ,13 ,19 ,3 ,0.56,0.42
3354,1090,1059,23 ,20 ,6 ,14 ,8 ,5 ,9 ,1 ,13 ,12 ,5 ,8 ,5 ,0 ,0.74,0.62
3355,1756,1486,53 ,63 ,30 ,55 ,15 ,6 ,8 ,2 ,47 ,48 ,2 ,15 ,4 ,0 ,0.54,0.37
3356,1132,1605,19 ,9 ,17 ,9 ,2 ,0 ,0 ,0 ,5 ,3 ,14 ,6 ,0 ,0 ,0.59,0.64
3357,952,1746,31 ,71 ,23 ,43 ,6 ,17 ,2 ,11 ,24 ,52 ,7 ,19 ,0 ,0 ,0.27,0.51
3358,2418,953,25 ,14 ,17 ,11 ,7 ,1 ,1 ,2 ,11 ,5 ,2 ,3 ,12 ,6 ,0.52,0.48
3359,1029,1200,0 ,4 ,0 ,4 ,0 ,0 ,0 ,0 ,0 ,2 ,0 ,0 ,0 ,2 ,0.0,0.5
3360,1487,954,80 ,55 ,48 ,29 ,23 ,13 ,9 ,13 ,45 ,47 ,31 ,8 ,4 ,0 ,0.43,0.48
3361,1346,1048,92 ,13 ,75 ,5 ,13 ,7 ,4 ,1 ,6 ,10 ,13 ,3 ,73 ,0 ,0.71,0.4
3362,1160,955,87 ,82 ,65 ,31 ,14 ,29 ,8 ,22 ,69 ,58 ,18 ,24 ,0 ,0 ,0.59,0.58
3363,1688,1226,11 ,7 ,11 ,1 ,0 ,2 ,0 ,4 ,0 ,7 ,0 ,0 ,11 ,0 ,0.61,0.58
3364,1464,1112,26 ,7 ,22 ,6 ,4 ,1 ,0 ,0 ,0 ,2 ,0 ,0 ,26 ,5 ,0.49,0.53
3365,1653,1800,2 ,27 ,1 ,24 ,0 ,2 ,1 ,1 ,2 ,11 ,0 ,1 ,0 ,15 ,0.12,0.69
3366,1022,1235,19 ,26 ,16 ,20 ,3 ,6 ,0 ,0 ,4 ,10 ,7 ,14 ,8 ,2 ,0.55,0.45
3367,1770,1699,27 ,4 ,26 ,2 ,1 ,2 ,0 ,0 ,7 ,2 ,19 ,2 ,1 ,0 ,0.6,0.36
3368,2436,2644,84 ,75 ,32 ,52 ,49 ,12 ,3 ,11 ,83 ,75 ,1 ,0 ,0 ,0 ,0.37,0.37
3369,1757,1938,53 ,30 ,48 ,18 ,5 ,12 ,0 ,0 ,11 ,19 ,4 ,9 ,38 ,2 ,0.67,0.55
3370,1727,1136,24 ,6 ,20 ,1 ,4 ,4 ,0 ,1 ,6 ,5 ,1 ,1 ,17 ,0 ,0.82,0.42
3371,1077,956,44 ,22 ,26 ,9 ,6 ,9 ,12 ,4 ,25 ,17 ,5 ,2 ,14 ,3 ,0.63,0.55
3372,1047,1051,50 ,47 ,33 ,42 ,14 ,5 ,3 ,0 ,39 ,25 ,5 ,8 ,6 ,14 ,0.45,0.41
3373,1863,2317,5 ,21 ,3 ,16 ,1 ,4 ,1 ,1 ,5 ,7 ,0 ,10 ,0 ,4 ,0.5,0.72
3374,957,1272,5 ,4 ,5 ,2 ,0 ,2 ,0 ,0 ,2 ,0 ,0 ,1 ,3 ,3 ,0.5,0.66
3375,958,1182,2 ,12 ,1 ,8 ,0 ,2 ,1 ,2 ,2 ,6 ,0 ,0 ,0 ,6 ,0.12,0.8
3376,1870,1125,55 ,69 ,34 ,51 ,19 ,14 ,2 ,4 ,51 ,62 ,4 ,4 ,0 ,3 ,0.34,0.47
3377,1398,1011,3 ,23 ,0 ,22 ,1 ,0 ,2 ,1 ,3 ,3 ,0 ,0 ,0 ,20 ,0.37,0.79
3378,1338,1723,8 ,17 ,3 ,15 ,1 ,2 ,4 ,0 ,8 ,4 ,0 ,2 ,0 ,11 ,0.47,0.47
3379,1148,1240,60 ,45 ,48 ,26 ,3 ,12 ,9 ,7 ,31 ,39 ,9 ,6 ,20 ,0 ,0.64,0.49
3380,2304,1225,68 ,29 ,59 ,10 ,6 ,5 ,3 ,14 ,46 ,27 ,7 ,2 ,15 ,0 ,0.51,0.49
3381,2443,2442,14 ,5 ,6 ,3 ,8 ,1 ,0 ,1 ,14 ,4 ,0 ,1 ,0 ,0 ,0.48,0.29
3382,2155,959,49 ,58 ,35 ,49 ,13 ,8 ,1 ,1 ,46 ,55 ,3 ,3 ,0 ,0 ,0.3,0.34
3383,1025,960,35 ,24 ,31 ,18 ,2 ,2 ,2 ,4 ,15 ,17 ,0 ,4 ,20 ,3 ,0.57,0.66
3384,961,1121,84 ,52 ,60 ,25 ,18 ,17 ,6 ,10 ,60 ,45 ,9 ,6 ,15 ,1 ,0.4,0.42
3385,2129,1939,41 ,41 ,19 ,26 ,12 ,10 ,10 ,5 ,26 ,17 ,15 ,22 ,0 ,2 ,0.62,0.6
3386,1070,1370,16 ,28 ,13 ,21 ,1 ,7 ,2 ,0 ,9 ,8 ,6 ,9 ,1 ,11 ,0.44,0.46
3387,1361,1521,62 ,60 ,28 ,35 ,22 ,15 ,12 ,10 ,56 ,38 ,6 ,17 ,0 ,5 ,0.53,0.39
3388,1477,1310,73 ,30 ,37 ,23 ,32 ,3 ,4 ,4 ,19 ,16 ,47 ,14 ,7 ,0 ,0.56,0.63
3389,2292,1454,20 ,84 ,13 ,72 ,5 ,7 ,2 ,5 ,16 ,21 ,3 ,5 ,1 ,58 ,0.46,0.56
3390,1150,1383,25 ,8 ,16 ,1 ,3 ,0 ,6 ,7 ,13 ,5 ,9 ,3 ,3 ,0 ,0.59,0.4
3391,1904,1038,39 ,24 ,22 ,16 ,9 ,8 ,8 ,0 ,28 ,10 ,11 ,8 ,0 ,6 ,0.52,0.46
3392,1293,1488,88 ,58 ,57 ,16 ,23 ,28 ,8 ,14 ,64 ,45 ,24 ,13 ,0 ,0 ,0.51,0.47
3393,1270,962,23 ,28 ,9 ,22 ,7 ,6 ,7 ,0 ,11 ,12 ,11 ,12 ,1 ,4 ,0.63,0.51
3394,963,1307,21 ,57 ,15 ,50 ,2 ,6 ,4 ,1 ,13 ,24 ,0 ,3 ,8 ,30 ,0.38,0.54
3395,1380,1116,46 ,44 ,33 ,20 ,5 ,15 ,8 ,9 ,45 ,43 ,1 ,1 ,0 ,0 ,0.41,0.44
3396,1366,1925,40 ,79 ,36 ,61 ,2 ,11 ,2 ,7 ,29 ,67 ,3 ,0 ,8 ,12 ,0.45,0.55
3397,1333,1350,62 ,88 ,55 ,62 ,4 ,14 ,3 ,12 ,49 ,82 ,13 ,5 ,0 ,1 ,0.33,0.52
3398,964,1012,1 ,14 ,0 ,11 ,0 ,3 ,1 ,0 ,1 ,4 ,0 ,8 ,0 ,2 ,1.0,0.82
3399,1128,965,70 ,47 ,47 ,23 ,23 ,17 ,0 ,7 ,42 ,30 ,28 ,17 ,0 ,0 ,0.43,0.41
3400,2368,966,78 ,63 ,59 ,53 ,17 ,8 ,2 ,2 ,74 ,58 ,4 ,5 ,0 ,0 ,0.34,0.32
3401,1149,1688,17 ,18 ,14 ,17 ,1 ,0 ,2 ,1 ,2 ,4 ,0 ,0 ,15 ,14 ,0.7,0.75
3402,1082,1154,146 ,60 ,92 ,38 ,52 ,15 ,2 ,7 ,51 ,28 ,95 ,29 ,0 ,3 ,0.71,0.52
3403,2325,1134,41 ,8 ,36 ,4 ,5 ,2 ,0 ,2 ,3 ,2 ,10 ,0 ,28 ,6 ,0.65,0.61
3404,967,1414,37 ,37 ,11 ,32 ,15 ,3 ,11 ,2 ,30 ,15 ,4 ,0 ,3 ,22 ,0.46,0.3
3405,968,1284,1 ,21 ,0 ,19 ,0 ,1 ,1 ,1 ,1 ,3 ,0 ,8 ,0 ,10 ,0.33,0.67
3406,2323,2252,13 ,12 ,12 ,8 ,1 ,2 ,0 ,2 ,11 ,9 ,2 ,3 ,0 ,0 ,0.39,0.54
3407,1189,2263,3 ,4 ,2 ,2 ,0 ,2 ,1 ,0 ,2 ,4 ,0 ,0 ,1 ,0 ,0.42,0.26
3408,1522,1097,17 ,19 ,12 ,16 ,4 ,3 ,1 ,0 ,16 ,18 ,1 ,1 ,0 ,0 ,0.5,0.46
3409,2040,2345,52 ,19 ,27 ,14 ,15 ,5 ,10 ,0 ,38 ,9 ,6 ,6 ,8 ,4 ,0.5,0.24
3410,1687,2077,30 ,34 ,17 ,22 ,9 ,9 ,4 ,3 ,17 ,13 ,9 ,8 ,4 ,13 ,0.55,0.5
3411,1546,1106,48 ,31 ,32 ,22 ,10 ,5 ,6 ,4 ,44 ,30 ,4 ,1 ,0 ,0 ,0.32,0.25
3412,970,969,20 ,71 ,7 ,56 ,7 ,9 ,6 ,6 ,10 ,62 ,10 ,9 ,0 ,0 ,0.35,0.61
3413,1109,1264,52 ,25 ,45 ,17 ,6 ,6 ,1 ,2 ,49 ,23 ,3 ,2 ,0 ,0 ,0.39,0.22
3414,1489,1697,140 ,120 ,111 ,88 ,11 ,23 ,18 ,9 ,86 ,102 ,48 ,15 ,6 ,3 ,0.49,0.47
3415,971,1143,8 ,97 ,3 ,87 ,1 ,9 ,4 ,1 ,3 ,3 ,1 ,0 ,4 ,94 ,0.57,0.72
3416,2037,1040,40 ,23 ,36 ,20 ,3 ,1 ,1 ,2 ,10 ,17 ,2 ,4 ,28 ,2 ,0.3,0.36
3417,972,1535,5 ,23 ,2 ,20 ,2 ,3 ,1 ,0 ,3 ,22 ,2 ,1 ,0 ,0 ,0.2,0.65
3418,1145,1720,22 ,38 ,7 ,24 ,3 ,9 ,12 ,5 ,15 ,16 ,4 ,6 ,3 ,16 ,0.32,0.37
3419,974,973,59 ,19 ,43 ,12 ,13 ,6 ,3 ,1 ,2 ,4 ,14 ,12 ,43 ,3 ,0.56,0.43
3420,1435,975,48 ,27 ,26 ,20 ,7 ,1 ,15 ,6 ,46 ,27 ,1 ,0 ,1 ,0 ,0.32,0.19
3421,1179,976,38 ,25 ,32 ,16 ,1 ,7 ,5 ,2 ,32 ,16 ,5 ,8 ,1 ,1 ,0.4,0.33
3422,2273,1750,84 ,49 ,68 ,28 ,7 ,13 ,9 ,8 ,29 ,31 ,34 ,11 ,21 ,7 ,0.49,0.55
3423,1027,1159,47 ,33 ,31 ,27 ,13 ,4 ,3 ,2 ,43 ,24 ,4 ,9 ,0 ,0 ,0.32,0.34
3424,977,1668,16 ,59 ,6 ,51 ,8 ,7 ,2 ,1 ,6 ,18 ,1 ,1 ,9 ,40 ,0.4,0.66
3425,978,1948,27 ,46 ,16 ,31 ,7 ,8 ,4 ,7 ,17 ,33 ,1 ,1 ,9 ,12 ,0.34,0.59
3426,1958,1543,66 ,96 ,31 ,69 ,14 ,17 ,21 ,10 ,64 ,94 ,2 ,2 ,0 ,0 ,0.36,0.41
3427,1034,979,78 ,38 ,38 ,28 ,28 ,5 ,12 ,5 ,55 ,34 ,23 ,4 ,0 ,0 ,0.42,0.37
3428,980,1641,19 ,7 ,17 ,7 ,2 ,0 ,0 ,0 ,6 ,0 ,0 ,1 ,13 ,6 ,0.54,0.38
3429,1976,1060,3 ,2 ,2 ,2 ,0 ,0 ,1 ,0 ,3 ,2 ,0 ,0 ,0 ,0 ,0.27,0.28
3430,1050,1169,31 ,74 ,21 ,46 ,2 ,16 ,8 ,12 ,30 ,52 ,1 ,8 ,0 ,14 ,0.47,0.46
3431,1262,1227,3 ,0 ,3 ,0 ,0 ,0 ,0 ,0 ,0 ,0 ,0 ,0 ,3 ,0 ,0.6,0.0
3432,981,1454,26 ,60 ,16 ,40 ,10 ,15 ,0 ,5 ,13 ,33 ,13 ,17 ,0 ,10 ,0.48,0.44
3433,2594,1153,28 ,80 ,14 ,59 ,5 ,14 ,9 ,7 ,27 ,68 ,1 ,6 ,0 ,6 ,0.36,0.55
3434,1646,982,42 ,36 ,32 ,26 ,7 ,5 ,3 ,5 ,24 ,19 ,16 ,13 ,2 ,4 ,0.38,0.5
3435,1549,1556,24 ,27 ,19 ,16 ,4 ,3 ,1 ,8 ,18 ,24 ,6 ,3 ,0 ,0 ,0.48,0.29
3436,1757,1377,54 ,33 ,51 ,23 ,3 ,7 ,0 ,3 ,50 ,22 ,4 ,11 ,0 ,0 ,0.52,0.36
3437,1255,1098,6 ,3 ,5 ,0 ,1 ,0 ,0 ,3 ,1 ,3 ,2 ,0 ,3 ,0 ,0.54,1.0
3438,1335,1584,11 ,1 ,8 ,1 ,2 ,0 ,1 ,0 ,5 ,1 ,1 ,0 ,5 ,0 ,0.61,0.16
3439,1129,1057,11 ,17 ,5 ,8 ,3 ,6 ,3 ,3 ,8 ,5 ,1 ,5 ,2 ,7 ,0.52,0.68
3440,1114,983,93 ,38 ,58 ,31 ,13 ,3 ,22 ,4 ,49 ,33 ,11 ,0 ,33 ,5 ,0.54,0.37
3441,1260,984,63 ,77 ,56 ,50 ,5 ,24 ,2 ,3 ,30 ,50 ,10 ,25 ,23 ,2 ,0.52,0.4
3442,986,985,63 ,54 ,42 ,38 ,6 ,16 ,15 ,0 ,54 ,41 ,4 ,3 ,5 ,10 ,0.4,0.31
3443,987,1616,6 ,19 ,6 ,12 ,0 ,5 ,0 ,2 ,6 ,17 ,0 ,2 ,0 ,0 ,0.18,0.55
3444,1117,1484,23 ,2 ,13 ,2 ,2 ,0 ,8 ,0 ,11 ,2 ,0 ,0 ,12 ,0 ,0.53,0.33
3445,2169,988,62 ,21 ,54 ,17 ,4 ,1 ,4 ,3 ,8 ,9 ,3 ,0 ,51 ,12 ,0.63,0.51
3446,1510,1022,33 ,16 ,23 ,6 ,7 ,2 ,3 ,8 ,21 ,11 ,1 ,0 ,11 ,5 ,0.56,0.43
3447,1688,2115,45 ,67 ,17 ,39 ,10 ,6 ,18 ,22 ,40 ,43 ,4 ,12 ,1 ,12 ,0.47,0.46
3448,1337,1092,12 ,9 ,7 ,2 ,2 ,2 ,3 ,5 ,10 ,9 ,0 ,0 ,2 ,0 ,0.66,0.52
3449,1679,1125,220 ,103 ,97 ,72 ,53 ,20 ,70 ,11 ,203 ,91 ,17 ,7 ,0 ,5 ,0.49,0.32
3450,1132,1884,17 ,38 ,13 ,29 ,4 ,4 ,0 ,5 ,13 ,31 ,4 ,4 ,0 ,3 ,0.26,0.71
3451,989,1577,41 ,20 ,29 ,12 ,2 ,2 ,10 ,6 ,41 ,20 ,0 ,0 ,0 ,0 ,0.4,0.37
3452,1068,1415,16 ,10 ,7 ,9 ,7 ,1 ,2 ,0 ,10 ,6 ,6 ,2 ,0 ,2 ,0.34,0.32
3453,990,1288,2 ,4 ,0 ,4 ,0 ,0 ,2 ,0 ,2 ,3 ,0 ,0 ,0 ,1 ,0.25,0.44
3454,1885,2466,11 ,16 ,3 ,10 ,2 ,4 ,6 ,2 ,11 ,15 ,0 ,1 ,0 ,0 ,0.42,0.38
3455,1643,991,39 ,11 ,19 ,7 ,6 ,1 ,14 ,3 ,31 ,10 ,2 ,0 ,6 ,1 ,0.42,0.29
3456,1091,1557,10 ,25 ,9 ,23 ,1 ,2 ,0 ,0 ,2 ,10 ,7 ,2 ,1 ,13 ,0.4,0.64
3457,1102,1933,31 ,20 ,17 ,12 ,14 ,4 ,0 ,4 ,17 ,18 ,2 ,2 ,12 ,0 ,0.33,0.25
3458,1045,1079,24 ,35 ,12 ,16 ,7 ,15 ,5 ,4 ,12 ,29 ,2 ,6 ,10 ,0 ,0.38,0.39
3459,1072,1462,10 ,38 ,6 ,31 ,0 ,6 ,4 ,1 ,6 ,6 ,4 ,2 ,0 ,30 ,0.26,0.53
3460,1101,1061,49 ,27 ,28 ,16 ,6 ,3 ,15 ,8 ,46 ,24 ,2 ,3 ,1 ,0 ,0.42,0.28
3461,1467,2294,25 ,43 ,12 ,11 ,11 ,30 ,2 ,2 ,13 ,14 ,12 ,29 ,0 ,0 ,0.28,0.39
3462,1492,1502,57 ,30 ,25 ,22 ,5 ,8 ,27 ,0 ,43 ,17 ,13 ,11 ,1 ,2 ,0.52,0.34
3463,2304,2550,54 ,54 ,41 ,34 ,10 ,6 ,3 ,14 ,39 ,43 ,11 ,4 ,4 ,7 ,0.37,0.4
3464,1164,1449,36 ,19 ,35 ,8 ,1 ,10 ,0 ,1 ,6 ,10 ,9 ,9 ,21 ,0 ,0.59,0.45
3465,1111,1197,23 ,30 ,11 ,13 ,5 ,12 ,7 ,5 ,14 ,18 ,6 ,11 ,3 ,1 ,0.37,0.33
3466,1110,1127,1 ,3 ,1 ,1 ,0 ,0 ,0 ,2 ,0 ,2 ,1 ,1 ,0 ,0 ,0.16,0.6
3467,1115,1691,71 ,78 ,43 ,51 ,14 ,8 ,14 ,19 ,61 ,60 ,10 ,18 ,0 ,0 ,0.4,0.34
3468,1081,992,54 ,31 ,50 ,25 ,3 ,4 ,1 ,2 ,41 ,27 ,4 ,2 ,9 ,2 ,0.49,0.34
3469,993,1147,53 ,47 ,29 ,37 ,24 ,8 ,0 ,2 ,25 ,27 ,28 ,14 ,0 ,6 ,0.44,0.49
3470,994,1834,29 ,22 ,23 ,8 ,5 ,9 ,1 ,5 ,15 ,20 ,2 ,2 ,12 ,0 ,0.69,0.53
3471,1979,1142,18 ,8 ,17 ,6 ,1 ,0 ,0 ,2 ,13 ,8 ,1 ,0 ,4 ,0 ,0.69,0.42
3472,995,1253,78 ,69 ,53 ,46 ,2 ,5 ,23 ,18 ,66 ,56 ,1 ,10 ,11 ,3 ,0.54,0.45
3473,1167,1049,6 ,0 ,5 ,0 ,1 ,0 ,0 ,0 ,0 ,0 ,1 ,0 ,5 ,0 ,0.75,0.0
3474,996,1779,86 ,77 ,42 ,38 ,24 ,35 ,20 ,4 ,61 ,51 ,23 ,24 ,2 ,2 ,0.58,0.49
3475,1213,997,21 ,22 ,8 ,17 ,12 ,4 ,1 ,1 ,14 ,19 ,7 ,3 ,0 ,0 ,0.42,0.27
3476,1759,1139,21 ,20 ,15 ,6 ,3 ,13 ,3 ,1 ,16 ,19 ,3 ,1 ,2 ,0 ,0.25,0.25
3477,1817,1151,6 ,11 ,3 ,10 ,1 ,0 ,2 ,1 ,5 ,9 ,1 ,0 ,0 ,2 ,0.31,0.4
3478,2056,998,48 ,14 ,35 ,5 ,6 ,4 ,7 ,5 ,45 ,14 ,1 ,0 ,2 ,0 ,0.62,0.41
3479,2620,1603,23 ,4 ,14 ,0 ,6 ,0 ,3 ,4 ,10 ,4 ,1 ,0 ,12 ,0 ,0.37,0.16
3480,1538,1078,1 ,0 ,0 ,0 ,1 ,0 ,0 ,0 ,1 ,0 ,0 ,0 ,0 ,0 ,0.25,0.0
3481,1579,1443,35 ,21 ,17 ,17 ,10 ,2 ,8 ,2 ,29 ,19 ,2 ,1 ,4 ,1 ,0.29,0.3
3482,1936,999,37 ,20 ,22 ,10 ,11 ,3 ,4 ,7 ,35 ,16 ,1 ,4 ,1 ,0 ,0.52,0.37
3483,1374,1700,28 ,52 ,3 ,23 ,18 ,18 ,7 ,11 ,23 ,20 ,5 ,30 ,0 ,2 ,0.29,0.64
3484,1284,1063,8 ,5 ,6 ,5 ,2 ,0 ,0 ,0 ,2 ,1 ,0 ,0 ,6 ,4 ,0.88,0.62
3485,2656,2516,7 ,13 ,5 ,11 ,2 ,1 ,0 ,1 ,7 ,3 ,0 ,0 ,0 ,10 ,0.46,0.43
3486,2323,1477,57 ,10 ,43 ,2 ,12 ,4 ,2 ,4 ,27 ,8 ,9 ,2 ,21 ,0 ,0.57,0.2
3487,1625,1000,103 ,94 ,42 ,55 ,22 ,33 ,39 ,6 ,81 ,76 ,22 ,18 ,0 ,0 ,0.56,0.49
3488,1321,1112,55 ,40 ,30 ,34 ,24 ,3 ,1 ,3 ,50 ,33 ,5 ,2 ,0 ,5 ,0.35,0.33
3489,1314,1001,65 ,42 ,37 ,30 ,23 ,7 ,5 ,5 ,57 ,33 ,8 ,9 ,0 ,0 ,0.34,0.33
3490,1044,1002,20 ,15 ,12 ,12 ,4 ,3 ,4 ,0 ,11 ,13 ,1 ,2 ,8 ,0 ,0.44,0.29
3491,2514,1003,61 ,52 ,31 ,39 ,28 ,4 ,2 ,9 ,36 ,34 ,22 ,13 ,3 ,5 ,0.56,0.43
3492,1071,1320,28 ,28 ,25 ,28 ,2 ,0 ,1 ,0 ,6 ,8 ,0 ,2 ,22 ,18 ,0.73,0.66
3493,1432,1466,42 ,127 ,37 ,96 ,3 ,21 ,2 ,10 ,33 ,97 ,9 ,30 ,0 ,0 ,0.37,0.43
3494,2286,1916,41 ,61 ,20 ,42 ,19 ,10 ,2 ,9 ,37 ,45 ,0 ,1 ,4 ,15 ,0.48,0.52
3495,1318,1628,2 ,23 ,1 ,15 ,0 ,1 ,1 ,7 ,1 ,9 ,0 ,0 ,1 ,14 ,0.18,0.56
3496,1743,1343,13 ,5 ,9 ,1 ,2 ,0 ,2 ,4 ,11 ,5 ,0 ,0 ,2 ,0 ,0.4,0.29
3497,2081,1004,58 ,23 ,28 ,12 ,11 ,9 ,19 ,2 ,37 ,23 ,2 ,0 ,19 ,0 ,0.58,0.47
3498,1831,1575,114 ,80 ,38 ,50 ,48 ,14 ,28 ,16 ,113 ,78 ,1 ,2 ,0 ,0 ,0.58,0.29
3499,1155,1457,9 ,18 ,3 ,13 ,2 ,4 ,4 ,1 ,8 ,9 ,1 ,4 ,0 ,5 ,0.69,0.66
3500,1707,1804,32 ,10 ,22 ,5 ,6 ,5 ,4 ,0 ,18 ,10 ,0 ,0 ,14 ,0 ,0.66,0.21
3501,1893,1986,2 ,2 ,0 ,2 ,1 ,0 ,1 ,0 ,2 ,0 ,0 ,1 ,0 ,1 ,0.5,1.0
3502,2239,1133,77 ,29 ,67 ,15 ,7 ,10 ,3 ,4 ,55 ,23 ,13 ,3 ,9 ,3 ,0.57,0.27
3503,1448,1487,75 ,66 ,53 ,29 ,20 ,15 ,2 ,22 ,34 ,46 ,40 ,19 ,1 ,1 ,0.67,0.48
3504,2443,2663,57 ,47 ,40 ,12 ,12 ,11 ,5 ,24 ,42 ,45 ,6 ,2 ,9 ,0 ,0.57,0.49
3505,1571,2027,47 ,2 ,45 ,2 ,2 ,0 ,0 ,0 ,3 ,1 ,4 ,0 ,40 ,1 ,0.81,0.5
3506,1568,1461,30 ,46 ,16 ,37 ,11 ,5 ,3 ,4 ,22 ,24 ,0 ,0 ,8 ,22 ,0.57,0.5
3507,1977,1710,48 ,126 ,25 ,96 ,18 ,18 ,5 ,12 ,40 ,44 ,7 ,9 ,1 ,73 ,0.64,0.65
3508,2060,1581,1 ,5 ,1 ,4 ,0 ,0 ,0 ,1 ,1 ,3 ,0 ,0 ,0 ,2 ,0.33,0.83
3509,1634,1313,25 ,5 ,19 ,5 ,3 ,0 ,3 ,0 ,16 ,5 ,4 ,0 ,5 ,0 ,0.55,0.5
3510,1005,2549,15 ,12 ,9 ,6 ,4 ,3 ,2 ,3 ,15 ,12 ,0 ,0 ,0 ,0 ,0.53,0.46
3511,2083,2259,48 ,26 ,28 ,17 ,12 ,6 ,8 ,3 ,11 ,17 ,12 ,7 ,25 ,2 ,0.6,0.45
3512,1130,1067,28 ,25 ,17 ,9 ,7 ,6 ,4 ,10 ,26 ,24 ,2 ,1 ,0 ,0 ,0.36,0.31
3513,1537,1006,59 ,57 ,38 ,47 ,16 ,4 ,5 ,6 ,50 ,51 ,9 ,6 ,0 ,0 ,0.44,0.45
3514,1065,1095,10 ,39 ,6 ,36 ,3 ,3 ,1 ,0 ,1 ,2 ,0 ,3 ,9 ,34 ,0.52,0.73
3515,1007,2262,27 ,32 ,14 ,21 ,2 ,8 ,11 ,3 ,12 ,12 ,6 ,16 ,9 ,4 ,0.61,0.72
3516,1308,1207,15 ,16 ,9 ,4 ,4 ,7 ,2 ,5 ,12 ,14 ,3 ,1 ,0 ,1 ,0.42,0.59
3517,2442,1352,5 ,5 ,0 ,3 ,3 ,1 ,2 ,1 ,5 ,5 ,0 ,0 ,0 ,0 ,0.5,0.31
3518,1609,2191,34 ,66 ,21 ,40 ,2 ,12 ,11 ,14 ,31 ,47 ,3 ,9 ,0 ,10 ,0.34,0.39
3519,2436,1715,103 ,153 ,44 ,135 ,28 ,7 ,31 ,11 ,103 ,148 ,0 ,5 ,0 ,0 ,0.34,0.51
3520,1528,1540,22 ,32 ,12 ,11 ,7 ,7 ,3 ,14 ,22 ,28 ,0 ,0 ,0 ,4 ,0.47,0.74
3521,1952,1689,26 ,4 ,21 ,2 ,4 ,1 ,1 ,1 ,19 ,4 ,1 ,0 ,6 ,0 ,0.59,0.57
3522,1009,1008,33 ,1 ,33 ,1 ,0 ,0 ,0 ,0 ,0 ,1 ,0 ,0 ,33 ,0 ,0.41,0.33
3523,1233,1137,71 ,57 ,54 ,46 ,4 ,6 ,13 ,5 ,67 ,47 ,0 ,0 ,4 ,10 ,0.63,0.3
3524,2105,1481,72 ,37 ,58 ,29 ,7 ,7 ,7 ,1 ,33 ,27 ,12 ,8 ,27 ,2 ,0.52,0.37
3525,1746,2437,38 ,36 ,33 ,29 ,5 ,4 ,0 ,3 ,17 ,22 ,10 ,10 ,11 ,4 ,0.55,0.4
3526,1560,1703,72 ,92 ,45 ,50 ,12 ,20 ,15 ,22 ,50 ,76 ,17 ,15 ,5 ,1 ,0.53,0.52
3527,1117,2359,59 ,43 ,24 ,34 ,20 ,6 ,15 ,3 ,44 ,35 ,3 ,4 ,12 ,4 ,0.44,0.34
3528,1066,1010,5 ,15 ,4 ,4 ,0 ,11 ,1 ,0 ,5 ,3 ,0 ,0 ,0 ,12 ,0.38,0.88
3529,1227,1011,4 ,5 ,2 ,5 ,2 ,0 ,0 ,0 ,3 ,5 ,1 ,0 ,0 ,0 ,0.36,0.41
3530,1012,2144,56 ,29 ,38 ,18 ,10 ,11 ,8 ,0 ,51 ,28 ,0 ,1 ,5 ,0 ,0.51,0.26
3531,1074,1097,69 ,76 ,12 ,52 ,10 ,19 ,47 ,5 ,68 ,71 ,1 ,5 ,0 ,0 ,0.44,0.39
3532,1969,1904,11 ,7 ,11 ,4 ,0 ,0 ,0 ,3 ,5 ,6 ,1 ,1 ,5 ,0 ,0.73,0.58
3533,1807,1580,92 ,176 ,82 ,96 ,7 ,47 ,3 ,33 ,76 ,149 ,14 ,27 ,2 ,0 ,0.51,0.35
3534,1230,1118,57 ,38 ,34 ,22 ,7 ,14 ,16 ,2 ,49 ,25 ,5 ,6 ,3 ,7 ,0.6,0.31
3535,2439,1085,52 ,15 ,29 ,10 ,17 ,2 ,6 ,3 ,39 ,9 ,13 ,6 ,0 ,0 ,0.47,0.21
3536,1696,1430,92 ,52 ,54 ,37 ,13 ,4 ,25 ,11 ,87 ,46 ,5 ,4 ,0 ,2 ,0.39,0.4
3537,1794,1123,2 ,1 ,2 ,1 ,0 ,0 ,0 ,0 ,2 ,1 ,0 ,0 ,0 ,0 ,0.66,0.33
3538,1521,1013,46 ,32 ,32 ,18 ,8 ,11 ,6 ,3 ,11 ,22 ,14 ,9 ,21 ,1 ,0.52,0.55
3539,1088,1562,16 ,26 ,2 ,21 ,7 ,1 ,7 ,4 ,16 ,24 ,0 ,0 ,0 ,2 ,0.41,0.54
3540,1181,1056,5 ,1 ,4 ,1 ,0 ,0 ,1 ,0 ,1 ,0 ,0 ,0 ,4 ,1 ,0.38,0.2
3541,1356,1781,27 ,47 ,16 ,31 ,5 ,7 ,6 ,9 ,23 ,28 ,4 ,16 ,0 ,3 ,0.42,0.57
3542,1148,1447,42 ,11 ,31 ,4 ,4 ,7 ,7 ,0 ,13 ,7 ,9 ,3 ,20 ,1 ,0.66,0.4
3543,1361,1723,28 ,51 ,9 ,34 ,13 ,13 ,6 ,4 ,23 ,35 ,2 ,16 ,3 ,0 ,0.32,0.45
3544,1175,1014,51 ,27 ,31 ,14 ,18 ,3 ,2 ,10 ,23 ,25 ,3 ,2 ,25 ,0 ,0.44,0.44
3545,1530,1290,56 ,42 ,33 ,20 ,13 ,12 ,10 ,10 ,50 ,36 ,6 ,3 ,0 ,3 ,0.51,0.46
3546,1729,1704,109 ,112 ,64 ,97 ,22 ,9 ,23 ,6 ,102 ,107 ,6 ,5 ,1 ,0 ,0.26,0.37
3547,1469,1015,60 ,87 ,55 ,31 ,4 ,28 ,1 ,28 ,53 ,77 ,7 ,10 ,0 ,0 ,0.42,0.58
3548,1966,1016,44 ,65 ,22 ,32 ,19 ,29 ,3 ,4 ,24 ,26 ,19 ,38 ,1 ,1 ,0.33,0.57
3549,1017,2557,46 ,48 ,16 ,31 ,7 ,10 ,23 ,7 ,34 ,23 ,12 ,23 ,0 ,2 ,0.47,0.44
3550,1890,1018,74 ,36 ,39 ,17 ,20 ,9 ,15 ,10 ,58 ,34 ,14 ,2 ,2 ,0 ,0.51,0.33
3551,1296,1509,14 ,15 ,1 ,5 ,5 ,5 ,8 ,5 ,11 ,8 ,3 ,3 ,0 ,4 ,0.63,0.83
3552,1346,1365,45 ,48 ,31 ,36 ,13 ,7 ,1 ,5 ,32 ,28 ,11 ,10 ,2 ,10 ,0.34,0.38
3553,1184,1078,54 ,16 ,43 ,10 ,5 ,5 ,6 ,1 ,16 ,12 ,7 ,4 ,31 ,0 ,0.62,0.32
3554,1398,2159,49 ,65 ,39 ,46 ,8 ,12 ,2 ,7 ,45 ,55 ,3 ,5 ,1 ,5 ,0.52,0.42
3555,1166,1300,54 ,30 ,30 ,24 ,13 ,6 ,11 ,0 ,44 ,20 ,10 ,10 ,0 ,0 ,0.41,0.3
3556,1284,1876,18 ,26 ,11 ,23 ,5 ,1 ,2 ,2 ,12 ,7 ,5 ,2 ,1 ,17 ,0.4,0.54
3557,1297,1543,41 ,45 ,18 ,21 ,17 ,13 ,6 ,11 ,36 ,35 ,5 ,10 ,0 ,0 ,0.38,0.44
3558,1082,1623,35 ,35 ,21 ,24 ,12 ,5 ,2 ,6 ,33 ,35 ,2 ,0 ,0 ,0 ,0.51,0.38
3559,1150,1109,11 ,0 ,11 ,0 ,0 ,0 ,0 ,0 ,0 ,0 ,0 ,0 ,11 ,0 ,0.84,0.0
3560,1318,1434,23 ,78 ,17 ,36 ,5 ,27 ,1 ,15 ,22 ,67 ,1 ,10 ,0 ,1 ,0.21,0.45
3561,1965,1724,2 ,3 ,2 ,3 ,0 ,0 ,0 ,0 ,1 ,3 ,0 ,0 ,1 ,0 ,0.5,0.5
3562,1019,1258,7 ,5 ,4 ,5 ,2 ,0 ,1 ,0 ,3 ,1 ,1 ,0 ,3 ,4 ,0.53,0.55
3563,1464,1283,20 ,57 ,13 ,35 ,7 ,14 ,0 ,8 ,7 ,30 ,6 ,11 ,7 ,16 ,0.45,0.47
3564,2325,1183,14 ,1 ,13 ,1 ,1 ,0 ,0 ,0 ,1 ,0 ,0 ,0 ,13 ,1 ,0.46,0.33
3565,1240,1020,57 ,33 ,16 ,26 ,11 ,7 ,30 ,0 ,51 ,20 ,3 ,13 ,3 ,0 ,0.52,0.52
3566,1244,1083,75 ,50 ,57 ,40 ,5 ,9 ,13 ,1 ,57 ,48 ,16 ,1 ,2 ,1 ,0.42,0.24
3567,1727,1161,32 ,16 ,23 ,10 ,6 ,1 ,3 ,5 ,18 ,15 ,12 ,1 ,2 ,0 ,0.5,0.31
3568,1546,1124,66 ,40 ,45 ,24 ,19 ,4 ,2 ,12 ,46 ,33 ,19 ,7 ,1 ,0 ,0.33,0.41
3569,1938,1021,51 ,10 ,43 ,7 ,6 ,0 ,2 ,3 ,18 ,8 ,5 ,0 ,28 ,2 ,0.5,0.45
3570,1154,1022,42 ,36 ,36 ,26 ,2 ,5 ,4 ,5 ,42 ,34 ,0 ,2 ,0 ,0 ,0.34,0.3
3571,1203,2099,7 ,24 ,3 ,17 ,0 ,6 ,4 ,1 ,4 ,19 ,3 ,3 ,0 ,2 ,0.43,0.52
3572,1208,1754,40 ,62 ,19 ,49 ,16 ,6 ,5 ,7 ,16 ,29 ,24 ,31 ,0 ,2 ,0.51,0.59
3573,2096,1093,95 ,76 ,67 ,50 ,16 ,21 ,12 ,5 ,47 ,67 ,12 ,9 ,36 ,0 ,0.55,0.52
3574,1582,1808,53 ,55 ,24 ,25 ,12 ,25 ,17 ,5 ,44 ,44 ,9 ,9 ,0 ,2 ,0.37,0.25
3575,1023,1151,21 ,37 ,13 ,23 ,8 ,12 ,0 ,2 ,13 ,11 ,6 ,8 ,2 ,18 ,0.27,0.33
3576,2049,1086,57 ,64 ,40 ,46 ,13 ,13 ,4 ,5 ,40 ,35 ,9 ,10 ,8 ,19 ,0.56,0.59
3577,1024,1226,0 ,8 ,0 ,6 ,0 ,0 ,0 ,2 ,0 ,3 ,0 ,0 ,0 ,5 ,0.0,0.4
3578,1317,2671,23 ,84 ,20 ,67 ,3 ,4 ,0 ,13 ,13 ,63 ,2 ,7 ,8 ,14 ,0.34,0.48
3579,1508,1077,47 ,82 ,35 ,33 ,9 ,27 ,3 ,22 ,44 ,62 ,3 ,7 ,0 ,13 ,0.42,0.63
3580,1160,1025,11 ,0 ,8 ,0 ,0 ,0 ,3 ,0 ,4 ,0 ,7 ,0 ,0 ,0 ,0.84,0.0
3581,1345,1071,61 ,12 ,51 ,7 ,5 ,3 ,5 ,2 ,11 ,9 ,7 ,1 ,43 ,2 ,0.76,0.46
3582,2433,1152,11 ,11 ,8 ,5 ,1 ,0 ,2 ,6 ,10 ,10 ,0 ,1 ,1 ,0 ,0.26,0.28
3583,1770,1138,23 ,0 ,22 ,0 ,0 ,0 ,1 ,0 ,2 ,0 ,0 ,0 ,21 ,0 ,0.45,0.0
3584,1689,1646,4 ,14 ,0 ,4 ,3 ,6 ,1 ,4 ,1 ,3 ,3 ,11 ,0 ,0 ,0.66,0.58
3585,1348,1026,38 ,13 ,15 ,3 ,3 ,5 ,20 ,5 ,34 ,12 ,0 ,0 ,4 ,1 ,0.61,0.38
3586,1409,1316,6 ,0 ,6 ,0 ,0 ,0 ,0 ,0 ,2 ,0 ,0 ,0 ,4 ,0 ,0.54,0.0
3587,1176,1553,77 ,38 ,30 ,25 ,23 ,11 ,24 ,2 ,51 ,19 ,23 ,19 ,3 ,0 ,0.57,0.43
3588,1027,1439,17 ,33 ,6 ,30 ,4 ,2 ,7 ,1 ,15 ,15 ,0 ,2 ,2 ,16 ,0.23,0.38
3589,1259,1720,45 ,59 ,30 ,33 ,7 ,7 ,8 ,19 ,45 ,42 ,0 ,12 ,0 ,5 ,0.41,0.34
3590,2322,1028,31 ,25 ,20 ,10 ,5 ,6 ,6 ,9 ,16 ,21 ,6 ,4 ,9 ,0 ,0.3,0.4
3591,1145,1029,7 ,6 ,6 ,2 ,1 ,2 ,0 ,2 ,3 ,0 ,1 ,5 ,3 ,1 ,0.77,0.6
3592,2614,2418,72 ,23 ,46 ,9 ,14 ,13 ,12 ,1 ,33 ,13 ,16 ,6 ,23 ,4 ,0.66,0.34
3593,1030,1776,13 ,32 ,13 ,32 ,0 ,0 ,0 ,0 ,1 ,5 ,1 ,0 ,11 ,27 ,0.56,0.64
3594,1070,1146,69 ,39 ,59 ,13 ,2 ,14 ,8 ,12 ,66 ,34 ,3 ,2 ,0 ,3 ,0.41,0.28
3595,1535,1366,32 ,6 ,26 ,4 ,4 ,2 ,2 ,0 ,13 ,6 ,9 ,0 ,10 ,0 ,0.54,0.37
3596,1149,1312,81 ,17 ,55 ,12 ,11 ,0 ,15 ,5 ,66 ,17 ,9 ,0 ,6 ,0 ,0.47,0.24
3597,1516,1216,75 ,108 ,47 ,58 ,15 ,12 ,13 ,38 ,69 ,98 ,4 ,4 ,2 ,6 ,0.55,0.34
3598,2514,1350,16 ,27 ,4 ,19 ,9 ,3 ,3 ,5 ,14 ,22 ,2 ,1 ,0 ,4 ,0.36,0.52
3599,1191,1031,20 ,1 ,19 ,0 ,0 ,1 ,1 ,0 ,1 ,1 ,0 ,0 ,19 ,0 ,0.57,0.33
3600,1502,2656,48 ,56 ,35 ,37 ,12 ,10 ,1 ,9 ,40 ,48 ,3 ,4 ,5 ,4 ,0.38,0.48
3601,2037,1641,104 ,27 ,73 ,23 ,26 ,4 ,5 ,0 ,24 ,20 ,32 ,5 ,48 ,2 ,0.67,0.37
3602,1287,1032,46 ,23 ,38 ,6 ,6 ,4 ,2 ,13 ,21 ,19 ,25 ,3 ,0 ,1 ,0.64,0.52
3603,1225,1408,11 ,26 ,2 ,10 ,6 ,5 ,3 ,11 ,11 ,22 ,0 ,2 ,0 ,2 ,0.34,0.52
3604,1131,1419,30 ,84 ,16 ,67 ,5 ,15 ,9 ,2 ,21 ,18 ,6 ,19 ,3 ,47 ,0.56,0.6
3605,1800,2262,39 ,28 ,21 ,22 ,6 ,3 ,12 ,3 ,20 ,16 ,0 ,5 ,19 ,7 ,0.48,0.41
3606,1454,1033,55 ,31 ,33 ,28 ,10 ,2 ,12 ,1 ,48 ,21 ,3 ,10 ,4 ,0 ,0.35,0.31
3607,1616,1794,23 ,30 ,14 ,21 ,5 ,6 ,4 ,3 ,19 ,19 ,4 ,8 ,0 ,3 ,0.33,0.56
3608,1884,2054,59 ,40 ,35 ,29 ,16 ,7 ,8 ,4 ,57 ,26 ,2 ,4 ,0 ,10 ,0.41,0.38
3609,1581,1715,61 ,77 ,47 ,65 ,7 ,9 ,7 ,3 ,56 ,62 ,3 ,10 ,2 ,5 ,0.43,0.5
3610,1666,1238,25 ,15 ,23 ,13 ,1 ,2 ,1 ,0 ,7 ,6 ,0 ,1 ,18 ,8 ,0.64,0.6
3611,1361,1338,52 ,78 ,21 ,63 ,10 ,9 ,21 ,6 ,52 ,78 ,0 ,0 ,0 ,0 ,0.33,0.36
3612,1114,1034,46 ,38 ,37 ,30 ,4 ,5 ,5 ,3 ,33 ,31 ,3 ,1 ,10 ,6 ,0.35,0.43
3613,1177,1035,62 ,31 ,51 ,26 ,11 ,4 ,0 ,1 ,59 ,22 ,3 ,9 ,0 ,0 ,0.34,0.33
3614,2345,1036,5 ,4 ,2 ,1 ,2 ,2 ,1 ,1 ,4 ,4 ,1 ,0 ,0 ,0 ,0.55,0.5
3615,1119,1522,8 ,32 ,3 ,22 ,4 ,9 ,1 ,1 ,3 ,11 ,5 ,16 ,0 ,5 ,0.47,0.8
3616,1249,1115,77 ,92 ,61 ,61 ,16 ,27 ,0 ,4 ,63 ,81 ,6 ,7 ,8 ,4 ,0.42,0.37
3617,1037,1052,1 ,5 ,0 ,3 ,1 ,1 ,0 ,1 ,1 ,5 ,0 ,0 ,0 ,0 ,0.14,0.41
3618,1260,1538,37 ,33 ,30 ,22 ,3 ,9 ,4 ,2 ,8 ,26 ,3 ,2 ,26 ,5 ,0.42,0.53
3619,2169,1169,36 ,35 ,15 ,15 ,10 ,14 ,11 ,6 ,30 ,27 ,4 ,2 ,2 ,6 ,0.31,0.35
3620,1311,2304,60 ,148 ,54 ,133 ,2 ,12 ,4 ,3 ,12 ,32 ,7 ,16 ,41 ,100 ,0.75,0.75
3621,1337,1038,8 ,1 ,6 ,1 ,1 ,0 ,1 ,0 ,8 ,1 ,0 ,0 ,0 ,0 ,0.42,0.1
3622,1712,1211,65 ,45 ,40 ,16 ,16 ,9 ,9 ,20 ,61 ,43 ,2 ,2 ,2 ,0 ,0.43,0.33
3623,2132,1239,27 ,13 ,15 ,10 ,9 ,3 ,3 ,0 ,17 ,12 ,4 ,1 ,6 ,0 ,0.79,0.33
3624,1040,1039,45 ,30 ,20 ,20 ,14 ,4 ,11 ,6 ,41 ,29 ,4 ,1 ,0 ,0 ,0.45,0.34
3625,1041,1285,0 ,2 ,0 ,1 ,0 ,0 ,0 ,1 ,0 ,1 ,0 ,0 ,0 ,1 ,0.0,0.66
3626,1410,1999,25 ,11 ,18 ,9 ,1 ,1 ,6 ,1 ,25 ,11 ,0 ,0 ,0 ,0 ,0.42,0.25
3627,1042,1643,0 ,48 ,0 ,48 ,0 ,0 ,0 ,0 ,0 ,2 ,0 ,0 ,0 ,46 ,0.0,0.71
3628,2273,1782,57 ,56 ,29 ,38 ,11 ,11 ,17 ,7 ,52 ,51 ,4 ,1 ,1 ,4 ,0.38,0.35
3629,1870,1064,35 ,39 ,18 ,15 ,16 ,14 ,1 ,10 ,22 ,30 ,0 ,1 ,13 ,8 ,0.41,0.51
3630,1043,2292,35 ,98 ,33 ,70 ,2 ,28 ,0 ,0 ,15 ,23 ,11 ,29 ,9 ,46 ,0.47,0.64
3631,1235,2504,45 ,48 ,34 ,30 ,6 ,14 ,5 ,4 ,33 ,37 ,12 ,11 ,0 ,0 ,0.35,0.47
3632,1634,2566,36 ,24 ,32 ,16 ,2 ,1 ,2 ,7 ,31 ,21 ,5 ,3 ,0 ,0 ,0.42,0.41
3633,2325,1044,17 ,5 ,15 ,3 ,2 ,1 ,0 ,1 ,7 ,0 ,9 ,2 ,1 ,3 ,0.68,0.71
3634,1623,1528,77 ,157 ,51 ,65 ,7 ,92 ,19 ,0 ,75 ,156 ,2 ,1 ,0 ,0 ,0.36,0.63
3635,2120,1579,72 ,36 ,50 ,28 ,18 ,6 ,4 ,2 ,35 ,22 ,36 ,11 ,1 ,3 ,0.49,0.34
3636,1226,1392,20 ,26 ,13 ,21 ,3 ,1 ,4 ,4 ,12 ,8 ,0 ,0 ,8 ,18 ,0.39,0.44
3637,1488,1108,16 ,2 ,15 ,1 ,1 ,0 ,0 ,1 ,5 ,2 ,9 ,0 ,2 ,0 ,0.84,1.0
3638,2557,1069,10 ,11 ,7 ,10 ,3 ,1 ,0 ,0 ,3 ,0 ,6 ,2 ,1 ,9 ,0.52,0.5
3639,2081,2056,35 ,38 ,26 ,34 ,4 ,0 ,5 ,4 ,34 ,31 ,1 ,4 ,0 ,3 ,0.36,0.52
3640,1605,1939,66 ,75 ,45 ,45 ,13 ,22 ,8 ,8 ,47 ,46 ,19 ,29 ,0 ,0 ,0.38,0.57
3641,2644,2516,27 ,11 ,11 ,7 ,4 ,1 ,12 ,3 ,24 ,9 ,3 ,2 ,0 ,0 ,0.5,0.21
3642,2562,1202,83 ,55 ,36 ,37 ,23 ,5 ,24 ,13 ,53 ,54 ,2 ,1 ,28 ,0 ,0.56,0.41
3643,1512,1328,75 ,6 ,73 ,4 ,0 ,1 ,2 ,1 ,3 ,5 ,1 ,0 ,71 ,1 ,0.71,0.22
3644,2323,2239,46 ,61 ,27 ,20 ,15 ,13 ,4 ,28 ,41 ,51 ,0 ,9 ,5 ,1 ,0.29,0.5
3645,1757,1264,6 ,7 ,5 ,7 ,1 ,0 ,0 ,0 ,3 ,5 ,2 ,2 ,1 ,0 ,0.35,0.5
3646,1045,1804,70 ,64 ,34 ,44 ,13 ,17 ,23 ,3 ,53 ,44 ,17 ,12 ,0 ,8 ,0.61,0.4
3647,1863,1046,29 ,0 ,24 ,0 ,1 ,0 ,4 ,0 ,7 ,0 ,0 ,0 ,22 ,0 ,0.7,0.0
3648,1570,1094,31 ,26 ,25 ,16 ,4 ,3 ,2 ,7 ,13 ,22 ,4 ,4 ,14 ,0 ,0.53,0.41
3649,1090,1427,39 ,94 ,20 ,82 ,7 ,9 ,12 ,3 ,38 ,94 ,0 ,0 ,1 ,0 ,0.34,0.54
3650,1937,1231,28 ,26 ,15 ,18 ,13 ,7 ,0 ,1 ,5 ,7 ,1 ,5 ,22 ,14 ,0.66,0.6
3651,1817,1164,60 ,34 ,34 ,20 ,23 ,11 ,3 ,3 ,27 ,12 ,23 ,19 ,10 ,3 ,0.53,0.45
3652,1414,1047,61 ,35 ,53 ,22 ,1 ,7 ,7 ,6 ,53 ,21 ,7 ,12 ,1 ,2 ,0.54,0.31
3653,2040,2466,25 ,11 ,11 ,6 ,7 ,4 ,7 ,1 ,16 ,9 ,0 ,0 ,9 ,2 ,0.47,0.35
3654,2115,1184,89 ,62 ,51 ,36 ,10 ,4 ,28 ,22 ,83 ,61 ,2 ,1 ,4 ,0 ,0.5,0.45
3655,1530,2286,48 ,73 ,35 ,27 ,5 ,15 ,8 ,31 ,48 ,73 ,0 ,0 ,0 ,0 ,0.36,0.44
3656,1293,2294,21 ,6 ,10 ,1 ,9 ,3 ,2 ,2 ,6 ,2 ,15 ,4 ,0 ,0 ,0.63,0.35
3657,1970,1938,105 ,57 ,35 ,29 ,24 ,12 ,46 ,16 ,76 ,46 ,11 ,11 ,18 ,0 ,0.66,0.35
3658,1325,1048,7 ,13 ,5 ,7 ,2 ,5 ,0 ,1 ,3 ,9 ,0 ,1 ,4 ,3 ,0.3,0.4
3659,2259,1049,24 ,3 ,17 ,1 ,7 ,2 ,0 ,0 ,8 ,3 ,1 ,0 ,15 ,0 ,0.68,0.18
3660,2368,1179,72 ,40 ,44 ,36 ,18 ,2 ,10 ,2 ,50 ,34 ,12 ,3 ,10 ,3 ,0.49,0.39
3661,1050,1159,32 ,27 ,19 ,18 ,11 ,8 ,2 ,1 ,14 ,14 ,17 ,13 ,1 ,0 ,0.37,0.39
3662,1294,2470,53 ,54 ,29 ,32 ,12 ,11 ,12 ,11 ,52 ,54 ,1 ,0 ,0 ,0 ,0.29,0.35
3663,1107,1143,21 ,12 ,16 ,2 ,5 ,1 ,0 ,9 ,16 ,12 ,5 ,0 ,0 ,0 ,0.47,0.36
3664,1439,1181,50 ,25 ,39 ,11 ,2 ,7 ,9 ,7 ,20 ,22 ,2 ,3 ,28 ,0 ,0.68,0.43
3665,2191,1103,119 ,70 ,87 ,46 ,22 ,17 ,10 ,7 ,85 ,61 ,34 ,9 ,0 ,0 ,0.45,0.46
3666,2317,1230,58 ,22 ,33 ,17 ,18 ,3 ,7 ,2 ,12 ,12 ,27 ,9 ,19 ,1 ,0.65,0.61
3667,1882,1105,18 ,6 ,9 ,2 ,9 ,2 ,0 ,2 ,7 ,2 ,11 ,4 ,0 ,0 ,0.62,0.6
3668,1097,2027,23 ,29 ,9 ,25 ,12 ,4 ,2 ,0 ,21 ,15 ,2 ,0 ,0 ,14 ,0.56,0.65
3669,1092,1510,0 ,13 ,0 ,12 ,0 ,1 ,0 ,0 ,0 ,1 ,0 ,1 ,0 ,11 ,0.0,0.81
3670,1540,1904,23 ,16 ,13 ,10 ,8 ,3 ,2 ,3 ,9 ,13 ,4 ,1 ,10 ,2 ,0.76,0.48
3671,2546,1759,44 ,29 ,21 ,24 ,5 ,5 ,18 ,0 ,41 ,26 ,1 ,0 ,2 ,3 ,0.34,0.25
3672,1443,1251,28 ,46 ,21 ,23 ,5 ,10 ,2 ,13 ,19 ,42 ,3 ,2 ,6 ,2 ,0.51,0.4
3673,1486,1377,30 ,12 ,30 ,6 ,0 ,0 ,0 ,6 ,23 ,12 ,2 ,0 ,5 ,0 ,0.51,0.33
3674,1370,2439,80 ,40 ,36 ,27 ,28 ,5 ,16 ,8 ,56 ,39 ,2 ,1 ,22 ,0 ,0.43,0.35
3675,1723,1575,117 ,51 ,94 ,36 ,14 ,14 ,9 ,1 ,85 ,39 ,22 ,4 ,10 ,8 ,0.66,0.31
3676,1700,1207,16 ,7 ,6 ,1 ,6 ,0 ,4 ,6 ,12 ,6 ,1 ,1 ,3 ,0 ,0.53,0.53
3677,1571,1791,17 ,10 ,17 ,9 ,0 ,0 ,0 ,1 ,2 ,2 ,0 ,0 ,15 ,8 ,0.85,0.43
3678,1893,1876,79 ,120 ,52 ,84 ,24 ,13 ,3 ,23 ,70 ,90 ,9 ,30 ,0 ,0 ,0.58,0.51
3679,1756,1454,48 ,55 ,26 ,37 ,5 ,10 ,17 ,8 ,37 ,40 ,6 ,12 ,5 ,3 ,0.47,0.39
3680,1399,1177,26 ,2 ,21 ,2 ,4 ,0 ,1 ,0 ,18 ,2 ,0 ,0 ,8 ,0 ,0.65,0.22
3681,1568,1255,39 ,4 ,38 ,3 ,1 ,1 ,0 ,0 ,1 ,0 ,2 ,1 ,36 ,3 ,0.7,0.8
3682,1485,1969,15 ,20 ,5 ,10 ,4 ,1 ,6 ,9 ,15 ,16 ,0 ,1 ,0 ,3 ,0.45,0.64
3683,1340,1341,39 ,58 ,25 ,52 ,9 ,5 ,5 ,1 ,33 ,47 ,6 ,9 ,0 ,2 ,0.39,0.5
3684,2620,1330,32 ,9 ,9 ,8 ,14 ,1 ,9 ,0 ,22 ,9 ,7 ,0 ,3 ,0 ,0.5,0.29
3685,1395,1077,14 ,16 ,11 ,2 ,2 ,6 ,1 ,8 ,10 ,13 ,3 ,3 ,1 ,0 ,0.35,0.61
3686,1834,1073,27 ,15 ,21 ,12 ,6 ,3 ,0 ,0 ,12 ,3 ,10 ,11 ,5 ,1 ,0.5,0.55
3687,1227,1357,35 ,18 ,29 ,14 ,6 ,2 ,0 ,2 ,25 ,16 ,4 ,1 ,6 ,1 ,0.43,0.31
3688,1653,1687,22 ,10 ,8 ,6 ,12 ,1 ,2 ,3 ,3 ,9 ,11 ,0 ,8 ,1 ,0.43,0.41
3689,1240,1521,40 ,41 ,16 ,15 ,6 ,14 ,18 ,12 ,38 ,36 ,2 ,5 ,0 ,0 ,0.41,0.43
3690,1779,1074,48 ,44 ,31 ,27 ,8 ,7 ,9 ,10 ,31 ,40 ,17 ,4 ,0 ,0 ,0.39,0.36
3691,1160,1287,43 ,27 ,33 ,9 ,2 ,4 ,8 ,14 ,32 ,22 ,5 ,3 ,6 ,2 ,0.46,0.29
3692,1166,1076,32 ,58 ,16 ,19 ,9 ,26 ,7 ,13 ,23 ,26 ,9 ,32 ,0 ,0 ,0.45,0.52
3693,1442,2663,43 ,55 ,28 ,38 ,7 ,7 ,8 ,10 ,38 ,50 ,5 ,5 ,0 ,0 ,0.31,0.39
3694,1549,2433,10 ,21 ,9 ,18 ,0 ,0 ,1 ,3 ,10 ,20 ,0 ,0 ,0 ,1 ,0.4,0.43
3695,1415,1449,135 ,83 ,100 ,76 ,31 ,4 ,4 ,3 ,109 ,67 ,14 ,16 ,12 ,0 ,0.45,0.42
3696,1078,1118,59 ,64 ,33 ,29 ,15 ,27 ,11 ,8 ,29 ,27 ,8 ,31 ,22 ,6 ,0.71,0.52
3697,1200,1195,66 ,81 ,53 ,55 ,13 ,21 ,0 ,5 ,46 ,25 ,14 ,25 ,6 ,31 ,0.68,0.59
3698,2671,1535,73 ,62 ,51 ,33 ,13 ,24 ,9 ,5 ,65 ,62 ,4 ,0 ,4 ,0 ,0.35,0.4
3699,1130,1890,33 ,97 ,24 ,65 ,5 ,22 ,4 ,10 ,30 ,77 ,1 ,10 ,2 ,10 ,0.25,0.62
3700,1946,2129,27 ,117 ,17 ,90 ,10 ,26 ,0 ,1 ,19 ,78 ,8 ,39 ,0 ,0 ,0.29,0.57
3701,2644,1427,46 ,9 ,33 ,5 ,9 ,4 ,4 ,0 ,16 ,5 ,11 ,4 ,19 ,0 ,0.65,0.3
3702,2144,1976,62 ,62 ,52 ,42 ,9 ,13 ,1 ,7 ,60 ,58 ,1 ,4 ,1 ,0 ,0.32,0.32
3703,2105,2664,36 ,16 ,31 ,13 ,1 ,2 ,4 ,1 ,25 ,15 ,6 ,1 ,5 ,0 ,0.54,0.45
3704,1098,1311,13 ,23 ,9 ,22 ,0 ,1 ,4 ,0 ,9 ,13 ,2 ,6 ,2 ,4 ,0.41,0.56
3705,2443,1492,103 ,64 ,80 ,35 ,12 ,4 ,11 ,25 ,82 ,57 ,11 ,6 ,10 ,1 ,0.5,0.47
3706,1704,1448,87 ,34 ,62 ,26 ,8 ,6 ,17 ,2 ,77 ,25 ,6 ,6 ,4 ,3 ,0.33,0.21
3707,1710,1216,17 ,21 ,6 ,14 ,8 ,3 ,3 ,4 ,16 ,17 ,1 ,1 ,0 ,3 ,0.45,0.42
3708,1106,1112,90 ,13 ,49 ,13 ,29 ,0 ,12 ,0 ,35 ,1 ,3 ,5 ,52 ,7 ,0.72,0.52
3709,1986,1113,19 ,16 ,17 ,10 ,2 ,0 ,0 ,6 ,3 ,6 ,0 ,0 ,16 ,10 ,0.55,0.69
3710,1609,1133,86 ,79 ,77 ,60 ,6 ,5 ,3 ,14 ,65 ,75 ,13 ,4 ,8 ,0 ,0.35,0.33
3711,1374,1699,37 ,24 ,8 ,5 ,16 ,10 ,13 ,9 ,28 ,15 ,9 ,9 ,0 ,0 ,0.26,0.55
3712,1051,1233,76 ,47 ,68 ,37 ,8 ,3 ,0 ,7 ,76 ,42 ,0 ,0 ,0 ,5 ,0.36,0.34
3713,1095,1720,2 ,4 ,1 ,4 ,1 ,0 ,0 ,0 ,2 ,2 ,0 ,0 ,0 ,2 ,0.33,0.4
3714,1727,2463,44 ,24 ,36 ,12 ,7 ,7 ,1 ,5 ,35 ,20 ,9 ,3 ,0 ,1 ,0.46,0.2
3715,1191,1079,48 ,47 ,29 ,31 ,6 ,6 ,13 ,10 ,37 ,40 ,0 ,2 ,11 ,5 ,0.36,0.47
3716,1125,1871,80 ,115 ,50 ,58 ,19 ,19 ,11 ,38 ,58 ,96 ,19 ,10 ,3 ,9 ,0.55,0.55
3717,1398,1316,44 ,29 ,38 ,24 ,6 ,3 ,0 ,2 ,22 ,14 ,1 ,4 ,21 ,11 ,0.72,0.42
3718,1052,1123,93 ,84 ,76 ,63 ,12 ,17 ,5 ,4 ,56 ,64 ,15 ,11 ,22 ,9 ,0.54,0.5
3719,1689,1148,73 ,46 ,42 ,17 ,14 ,17 ,17 ,12 ,48 ,45 ,8 ,1 ,17 ,0 ,0.61,0.49
3720,1053,2099,61 ,110 ,50 ,71 ,10 ,23 ,1 ,16 ,47 ,97 ,11 ,8 ,3 ,5 ,0.4,0.42
3721,2549,1288,25 ,12 ,14 ,8 ,3 ,3 ,8 ,1 ,13 ,9 ,2 ,3 ,10 ,0 ,0.46,0.46
3722,1197,1140,20 ,20 ,15 ,10 ,4 ,8 ,1 ,2 ,7 ,10 ,11 ,6 ,2 ,4 ,0.41,0.35
3723,2594,1096,13 ,14 ,8 ,8 ,5 ,5 ,0 ,1 ,6 ,12 ,4 ,2 ,3 ,0 ,0.43,0.46
3724,1272,1054,3 ,6 ,1 ,6 ,0 ,0 ,2 ,0 ,3 ,0 ,0 ,0 ,0 ,6 ,0.33,0.6
3725,1243,1958,18 ,14 ,11 ,8 ,6 ,3 ,1 ,3 ,17 ,14 ,1 ,0 ,0 ,0 ,0.43,0.56
3726,1556,1055,41 ,25 ,16 ,22 ,18 ,2 ,7 ,1 ,30 ,18 ,9 ,7 ,2 ,0 ,0.36,0.28
3727,1831,1056,84 ,60 ,31 ,32 ,27 ,8 ,26 ,20 ,79 ,54 ,3 ,3 ,2 ,3 ,0.55,0.31
3728,1244,1253,2 ,16 ,0 ,12 ,0 ,1 ,2 ,3 ,2 ,7 ,0 ,0 ,0 ,9 ,0.16,0.37
3729,1481,1190,3 ,1 ,3 ,0 ,0 ,0 ,0 ,1 ,1 ,1 ,0 ,0 ,2 ,0 ,0.42,0.25
3730,1522,2280,86 ,77 ,46 ,71 ,20 ,3 ,20 ,3 ,65 ,69 ,5 ,5 ,16 ,3 ,0.5,0.38
3731,1154,2325,4 ,37 ,3 ,25 ,0 ,11 ,1 ,1 ,2 ,16 ,2 ,21 ,0 ,0 ,0.21,0.5
3732,1952,1290,12 ,45 ,9 ,34 ,2 ,8 ,1 ,3 ,10 ,20 ,2 ,22 ,0 ,3 ,0.29,0.57
3733,1925,1057,6 ,5 ,5 ,1 ,0 ,1 ,1 ,3 ,1 ,4 ,0 ,1 ,5 ,0 ,0.4,0.55
3734,2169,1804,5 ,24 ,4 ,21 ,1 ,3 ,0 ,0 ,4 ,2 ,1 ,2 ,0 ,20 ,0.38,0.63
3735,1392,2049,30 ,33 ,17 ,22 ,6 ,6 ,7 ,5 ,23 ,26 ,1 ,6 ,6 ,1 ,0.58,0.52
3736,1058,1168,47 ,61 ,23 ,47 ,17 ,7 ,7 ,7 ,37 ,37 ,10 ,9 ,0 ,15 ,0.39,0.57
3737,1299,1948,31 ,41 ,19 ,13 ,2 ,12 ,10 ,16 ,31 ,41 ,0 ,0 ,0 ,0 ,0.27,0.48
3738,1315,1059,30 ,32 ,18 ,26 ,8 ,6 ,4 ,0 ,13 ,27 ,9 ,5 ,8 ,0 ,0.42,0.31
3739,2155,1186,6 ,2 ,6 ,1 ,0 ,1 ,0 ,0 ,1 ,1 ,0 ,1 ,5 ,0 ,0.75,0.66
3740,1979,1060,4 ,2 ,4 ,0 ,0 ,1 ,0 ,1 ,3 ,0 ,0 ,2 ,1 ,0 ,0.57,0.4
3741,1361,1209,54 ,80 ,15 ,36 ,29 ,32 ,10 ,12 ,31 ,43 ,23 ,32 ,0 ,5 ,0.46,0.53
3742,2554,1323,16 ,1 ,15 ,1 ,1 ,0 ,0 ,0 ,1 ,1 ,0 ,0 ,15 ,0 ,0.84,0.25
3743,1606,2186,31 ,14 ,23 ,13 ,5 ,1 ,3 ,0 ,10 ,5 ,0 ,3 ,21 ,6 ,0.72,0.51
3744,1679,1519,176 ,63 ,112 ,57 ,35 ,5 ,29 ,1 ,146 ,46 ,28 ,10 ,2 ,7 ,0.53,0.42
3745,2656,1196,8 ,1 ,8 ,0 ,0 ,0 ,0 ,1 ,1 ,1 ,0 ,0 ,7 ,0 ,0.3,0.2
3746,1149,1700,21 ,5 ,16 ,3 ,3 ,0 ,2 ,2 ,8 ,4 ,3 ,0 ,10 ,1 ,0.61,0.38
3747,1502,1432,6 ,22 ,3 ,22 ,2 ,0 ,1 ,0 ,5 ,6 ,1 ,14 ,0 ,2 ,0.6,0.66
3748,1284,1061,41 ,16 ,36 ,12 ,3 ,2 ,2 ,2 ,14 ,12 ,13 ,2 ,14 ,2 ,0.62,0.44
3749,1729,1773,64 ,49 ,33 ,25 ,10 ,11 ,21 ,13 ,61 ,46 ,2 ,3 ,1 ,0 ,0.32,0.35
3750,1203,2550,70 ,124 ,51 ,89 ,5 ,19 ,14 ,16 ,58 ,114 ,12 ,10 ,0 ,0 ,0.44,0.49
3751,1342,2077,11 ,12 ,6 ,8 ,4 ,4 ,1 ,0 ,3 ,1 ,2 ,2 ,6 ,9 ,0.47,0.57
3752,1353,1175,50 ,6 ,35 ,5 ,5 ,1 ,10 ,0 ,28 ,6 ,5 ,0 ,17 ,0 ,0.63,0.22
3753,2060,1743,80 ,79 ,68 ,42 ,8 ,14 ,4 ,23 ,79 ,72 ,1 ,7 ,0 ,0 ,0.41,0.29
3754,1489,1516,33 ,17 ,27 ,9 ,2 ,4 ,4 ,4 ,15 ,16 ,0 ,1 ,18 ,0 ,0.51,0.39
3755,1062,1337,51 ,13 ,47 ,12 ,2 ,1 ,2 ,0 ,7 ,11 ,1 ,0 ,43 ,2 ,0.68,0.4
3756,2054,1800,3 ,40 ,2 ,35 ,1 ,3 ,0 ,2 ,3 ,30 ,0 ,3 ,0 ,7 ,0.2,0.63
3757,1861,1161,14 ,18 ,7 ,6 ,7 ,5 ,0 ,7 ,8 ,12 ,3 ,3 ,3 ,3 ,0.7,0.58
3758,1889,1339,40 ,14 ,28 ,7 ,6 ,3 ,6 ,4 ,25 ,13 ,1 ,0 ,14 ,1 ,0.53,0.41
3759,1746,1063,53 ,28 ,34 ,24 ,13 ,4 ,6 ,0 ,29 ,17 ,12 ,7 ,12 ,4 ,0.53,0.3
3760,1691,1064,19 ,5 ,18 ,2 ,0 ,1 ,1 ,2 ,3 ,4 ,0 ,1 ,16 ,0 ,0.67,0.41
3761,1384,1699,7 ,8 ,4 ,6 ,2 ,2 ,1 ,0 ,6 ,5 ,1 ,3 ,0 ,0 ,0.77,0.53
3762,2096,1874,38 ,45 ,28 ,27 ,3 ,8 ,7 ,10 ,29 ,42 ,4 ,3 ,5 ,0 ,0.26,0.32
3763,1668,1335,82 ,4 ,75 ,2 ,7 ,1 ,0 ,1 ,3 ,2 ,0 ,1 ,79 ,1 ,0.72,0.5
3764,1117,1366,44 ,41 ,19 ,33 ,8 ,5 ,17 ,3 ,41 ,31 ,2 ,1 ,1 ,9 ,0.57,0.36
3765,1722,1176,8 ,26 ,6 ,22 ,1 ,4 ,1 ,0 ,2 ,10 ,1 ,2 ,5 ,14 ,0.28,0.7
3766,1356,1065,38 ,17 ,28 ,7 ,9 ,5 ,1 ,5 ,6 ,13 ,8 ,4 ,24 ,0 ,0.65,0.43
3767,1916,2530,66 ,40 ,42 ,26 ,17 ,9 ,7 ,5 ,66 ,34 ,0 ,2 ,0 ,4 ,0.55,0.36
3768,1066,1370,14 ,26 ,13 ,18 ,1 ,7 ,0 ,1 ,12 ,15 ,2 ,5 ,0 ,6 ,0.46,0.47
3769,1313,1371,20 ,14 ,16 ,8 ,4 ,4 ,0 ,2 ,4 ,6 ,4 ,7 ,12 ,1 ,0.46,0.41
3770,1067,1320,41 ,76 ,32 ,40 ,2 ,11 ,7 ,25 ,39 ,69 ,0 ,2 ,2 ,5 ,0.41,0.33
3771,1646,1129,58 ,12 ,28 ,6 ,28 ,1 ,2 ,5 ,5 ,3 ,15 ,9 ,38 ,0 ,0.74,0.46
3772,1577,1135,48 ,14 ,31 ,9 ,14 ,1 ,3 ,4 ,40 ,14 ,2 ,0 ,6 ,0 ,0.62,0.26
3773,2083,1509,41 ,8 ,26 ,1 ,10 ,6 ,5 ,1 ,0 ,5 ,1 ,3 ,40 ,0 ,0.61,0.53
3774,2037,1232,33 ,20 ,32 ,18 ,1 ,2 ,0 ,0 ,3 ,4 ,0 ,3 ,30 ,13 ,0.57,0.52
3775,1487,1681,45 ,42 ,27 ,35 ,2 ,7 ,16 ,0 ,43 ,38 ,0 ,1 ,2 ,3 ,0.38,0.32
3776,1674,1213,13 ,5 ,5 ,4 ,5 ,1 ,3 ,0 ,13 ,5 ,0 ,0 ,0 ,0 ,0.43,0.29
3777,1634,1188,8 ,3 ,5 ,0 ,3 ,1 ,0 ,2 ,3 ,3 ,0 ,0 ,5 ,0 ,0.4,0.5
3778,2286,1389,56 ,39 ,23 ,35 ,10 ,3 ,23 ,1 ,52 ,36 ,0 ,1 ,4 ,2 ,0.41,0.3
3779,1884,2262,54 ,87 ,20 ,44 ,11 ,3 ,23 ,40 ,50 ,83 ,4 ,1 ,0 ,3 ,0.25,0.47
3780,1068,1238,17 ,22 ,11 ,20 ,5 ,1 ,1 ,1 ,14 ,8 ,3 ,2 ,0 ,12 ,0.62,0.52
3781,1069,1211,9 ,17 ,4 ,3 ,3 ,4 ,2 ,10 ,5 ,15 ,1 ,2 ,3 ,0 ,0.45,0.29
3782,1365,1185,4 ,5 ,3 ,3 ,0 ,1 ,1 ,1 ,4 ,5 ,0 ,0 ,0 ,0 ,0.5,0.38
3783,1208,1183,9 ,1 ,8 ,1 ,1 ,0 ,0 ,0 ,3 ,0 ,6 ,1 ,0 ,0 ,0.56,0.33
3784,1361,1779,52 ,113 ,14 ,84 ,19 ,18 ,19 ,11 ,51 ,92 ,1 ,8 ,0 ,13 ,0.37,0.44
3785,2317,1781,60 ,26 ,35 ,20 ,15 ,4 ,10 ,2 ,50 ,20 ,10 ,6 ,0 ,0 ,0.5,0.47
3786,1584,1127,31 ,22 ,15 ,14 ,8 ,8 ,8 ,0 ,21 ,18 ,8 ,2 ,2 ,2 ,0.53,0.36
3787,1070,1102,55 ,54 ,39 ,20 ,8 ,23 ,8 ,11 ,52 ,37 ,2 ,4 ,1 ,13 ,0.34,0.34
3788,1791,1300,7 ,21 ,5 ,18 ,2 ,2 ,0 ,1 ,5 ,7 ,2 ,0 ,0 ,14 ,0.41,0.61
3789,2323,2191,70 ,84 ,52 ,44 ,10 ,29 ,8 ,11 ,50 ,36 ,16 ,41 ,4 ,7 ,0.48,0.34
3790,1807,1550,3 ,8 ,0 ,7 ,3 ,1 ,0 ,0 ,2 ,3 ,1 ,0 ,0 ,5 ,0.5,0.72
3791,1790,1513,59 ,113 ,26 ,111 ,7 ,2 ,26 ,0 ,58 ,110 ,1 ,3 ,0 ,0 ,0.35,0.49
3792,2562,1071,67 ,23 ,51 ,12 ,10 ,2 ,6 ,9 ,38 ,19 ,8 ,2 ,21 ,2 ,0.61,0.22
3793,1350,1072,13 ,5 ,7 ,1 ,3 ,0 ,3 ,4 ,8 ,5 ,0 ,0 ,5 ,0 ,0.52,0.27
3794,1348,1100,26 ,8 ,10 ,3 ,5 ,2 ,11 ,3 ,26 ,7 ,0 ,1 ,0 ,0 ,0.42,0.28
3795,1134,2504,3 ,15 ,2 ,11 ,1 ,2 ,0 ,2 ,3 ,14 ,0 ,1 ,0 ,0 ,0.07,0.24
3796,2081,1164,15 ,23 ,9 ,18 ,4 ,5 ,2 ,0 ,7 ,15 ,8 ,8 ,0 ,0 ,0.38,0.35
3797,1870,1291,17 ,17 ,13 ,7 ,1 ,0 ,3 ,10 ,17 ,17 ,0 ,0 ,0 ,0 ,0.06,0.16
3798,1444,1122,42 ,15 ,38 ,10 ,2 ,5 ,2 ,0 ,3 ,6 ,10 ,8 ,29 ,1 ,0.6,0.48
3799,2056,1782,58 ,35 ,50 ,23 ,2 ,8 ,6 ,4 ,55 ,35 ,3 ,0 ,0 ,0 ,0.46,0.23
3800,1312,1160,36 ,8 ,36 ,5 ,0 ,1 ,0 ,2 ,0 ,6 ,14 ,1 ,22 ,1 ,0.67,0.53
3801,1345,1144,48 ,9 ,29 ,6 ,5 ,3 ,14 ,0 ,21 ,7 ,2 ,2 ,25 ,0 ,0.5,0.21
3802,2040,1890,120 ,62 ,63 ,46 ,17 ,9 ,40 ,7 ,106 ,57 ,6 ,4 ,8 ,1 ,0.35,0.31
3803,1073,2287,4 ,10 ,3 ,10 ,1 ,0 ,0 ,0 ,1 ,2 ,0 ,0 ,3 ,8 ,0.44,0.71
3804,1986,2598,26 ,13 ,19 ,9 ,6 ,2 ,1 ,2 ,14 ,11 ,1 ,1 ,11 ,1 ,0.56,0.37
3805,2304,1074,8 ,32 ,5 ,13 ,1 ,6 ,2 ,13 ,6 ,22 ,2 ,10 ,0 ,0 ,0.34,0.66
3806,1609,1691,4 ,21 ,4 ,16 ,0 ,1 ,0 ,4 ,3 ,9 ,1 ,1 ,0 ,11 ,0.23,0.58
3807,1318,1099,53 ,42 ,15 ,27 ,11 ,6 ,27 ,9 ,48 ,36 ,5 ,5 ,0 ,1 ,0.45,0.32
3808,1939,1075,33 ,15 ,18 ,5 ,12 ,3 ,3 ,7 ,6 ,9 ,19 ,6 ,8 ,0 ,0.66,0.44
3809,2433,1128,12 ,4 ,10 ,3 ,0 ,0 ,2 ,1 ,6 ,4 ,1 ,0 ,5 ,0 ,0.44,0.44
3810,1936,1229,71 ,33 ,57 ,25 ,12 ,4 ,2 ,4 ,54 ,28 ,17 ,5 ,0 ,0 ,0.6,0.41
3811,1193,1555,8 ,31 ,8 ,21 ,0 ,3 ,0 ,7 ,8 ,16 ,0 ,0 ,0 ,15 ,0.27,0.62
3812,1076,1689,17 ,45 ,6 ,22 ,5 ,12 ,6 ,11 ,13 ,37 ,2 ,3 ,2 ,5 ,0.33,0.61
3813,1150,1757,4 ,1 ,4 ,1 ,0 ,0 ,0 ,0 ,2 ,1 ,0 ,0 ,2 ,0 ,0.5,0.33
3814,1715,1581,166 ,164 ,107 ,98 ,50 ,26 ,9 ,40 ,88 ,137 ,77 ,27 ,1 ,0 ,0.48,0.57
3815,1236,1141,27 ,28 ,16 ,7 ,8 ,16 ,3 ,5 ,15 ,13 ,11 ,15 ,1 ,0 ,0.38,0.46
3816,1338,1316,17 ,4 ,14 ,2 ,0 ,0 ,3 ,2 ,10 ,4 ,2 ,0 ,5 ,0 ,0.48,0.25
3817,1077,1256,9 ,11 ,1 ,6 ,1 ,4 ,7 ,1 ,8 ,6 ,1 ,3 ,0 ,2 ,0.69,0.44
3818,1143,1712,57 ,61 ,27 ,51 ,23 ,7 ,7 ,3 ,36 ,36 ,21 ,16 ,0 ,9 ,0.41,0.44
3819,1462,1430,55 ,41 ,31 ,15 ,17 ,6 ,7 ,20 ,47 ,38 ,8 ,3 ,0 ,0 ,0.33,0.29
3820,1699,1078,59 ,25 ,36 ,11 ,13 ,7 ,10 ,7 ,29 ,21 ,17 ,4 ,13 ,0 ,0.51,0.49
3821,1432,2656,54 ,80 ,46 ,52 ,7 ,25 ,1 ,3 ,35 ,60 ,7 ,16 ,12 ,4 ,0.39,0.48
3822,1477,1249,25 ,21 ,14 ,15 ,4 ,6 ,7 ,0 ,15 ,9 ,3 ,12 ,7 ,0 ,0.39,0.41
3823,1530,2442,53 ,41 ,41 ,23 ,12 ,17 ,0 ,1 ,35 ,27 ,0 ,8 ,18 ,6 ,0.6,0.47
3824,1571,1580,1 ,1 ,1 ,1 ,0 ,0 ,0 ,0 ,0 ,1 ,0 ,0 ,1 ,0 ,1.0,0.16
3825,1439,1079,24 ,29 ,12 ,13 ,1 ,11 ,11 ,5 ,18 ,26 ,0 ,3 ,6 ,0 ,0.29,0.34
3826,1145,2276,37 ,88 ,8 ,39 ,21 ,21 ,8 ,28 ,23 ,57 ,13 ,30 ,1 ,1 ,0.34,0.56
3827,1553,1201,52 ,76 ,43 ,49 ,9 ,18 ,0 ,9 ,33 ,38 ,13 ,36 ,6 ,2 ,0.53,0.47
3828,1933,1080,63 ,19 ,49 ,6 ,12 ,6 ,2 ,7 ,38 ,16 ,21 ,3 ,4 ,0 ,0.43,0.31
3829,1808,2175,73 ,23 ,41 ,13 ,27 ,7 ,5 ,3 ,11 ,12 ,29 ,11 ,33 ,0 ,0.63,0.56
3830,1484,2273,38 ,14 ,28 ,7 ,5 ,4 ,5 ,3 ,21 ,9 ,0 ,3 ,17 ,2 ,0.5,0.26
3831,1503,1162,70 ,47 ,48 ,31 ,8 ,5 ,14 ,11 ,65 ,44 ,5 ,1 ,0 ,2 ,0.4,0.34
3832,1380,1081,20 ,40 ,12 ,34 ,8 ,5 ,0 ,1 ,18 ,36 ,2 ,4 ,0 ,0 ,0.26,0.34
3833,1109,1794,13 ,9 ,12 ,6 ,1 ,3 ,0 ,0 ,13 ,6 ,0 ,2 ,0 ,1 ,0.38,0.3
3834,1697,2292,50 ,28 ,43 ,18 ,3 ,8 ,4 ,2 ,15 ,24 ,2 ,3 ,33 ,1 ,0.5,0.31
3835,1904,1082,38 ,53 ,22 ,40 ,11 ,12 ,5 ,1 ,19 ,13 ,16 ,15 ,3 ,25 ,0.61,0.64
3836,1575,1083,17 ,17 ,10 ,6 ,3 ,5 ,4 ,6 ,17 ,16 ,0 ,1 ,0 ,0 ,0.29,0.19
3837,2437,1369,20 ,10 ,14 ,6 ,2 ,1 ,4 ,3 ,15 ,9 ,4 ,1 ,1 ,0 ,0.48,0.33
3838,1537,1157,38 ,16 ,32 ,10 ,5 ,1 ,1 ,5 ,10 ,14 ,2 ,0 ,26 ,2 ,0.76,0.51
3839,2451,1084,46 ,26 ,21 ,12 ,9 ,10 ,16 ,4 ,30 ,20 ,15 ,6 ,1 ,0 ,0.46,0.32
3840,1687,1605,52 ,49 ,29 ,32 ,8 ,4 ,15 ,13 ,47 ,44 ,5 ,5 ,0 ,0 ,0.26,0.32
3841,2129,1871,20 ,13 ,10 ,3 ,10 ,4 ,0 ,6 ,2 ,8 ,6 ,4 ,12 ,1 ,0.71,0.5
3842,1448,1543,22 ,54 ,11 ,21 ,5 ,9 ,6 ,24 ,19 ,50 ,3 ,4 ,0 ,0 ,0.19,0.33
3843,1265,1965,0 ,20 ,0 ,20 ,0 ,0 ,0 ,0 ,0 ,0 ,0 ,0 ,0 ,20 ,0.0,0.62
3844,1485,1175,84 ,37 ,41 ,27 ,24 ,4 ,19 ,6 ,66 ,35 ,10 ,2 ,8 ,0 ,0.59,0.25
3845,1969,1540,34 ,9 ,31 ,5 ,3 ,3 ,0 ,1 ,16 ,7 ,6 ,2 ,12 ,0 ,0.56,0.52
3846,1643,1242,61 ,79 ,43 ,35 ,3 ,7 ,15 ,37 ,52 ,75 ,4 ,3 ,5 ,1 ,0.36,0.34
3847,1101,2557,21 ,12 ,11 ,8 ,1 ,3 ,9 ,1 ,9 ,7 ,8 ,4 ,4 ,1 ,0.51,0.4
3848,1525,1085,56 ,44 ,39 ,26 ,15 ,7 ,2 ,11 ,43 ,38 ,5 ,6 ,8 ,0 ,0.42,0.32
3849,1538,1086,32 ,6 ,24 ,1 ,6 ,5 ,2 ,0 ,13 ,4 ,1 ,2 ,18 ,0 ,0.53,0.35
3850,1087,2280,67 ,66 ,12 ,55 ,7 ,4 ,48 ,7 ,67 ,53 ,0 ,0 ,0 ,13 ,0.44,0.44
3851,1885,1142,39 ,19 ,21 ,12 ,4 ,4 ,14 ,3 ,31 ,18 ,2 ,1 ,6 ,0 ,0.38,0.27
3852,1641,1088,1 ,0 ,0 ,0 ,1 ,0 ,0 ,0 ,1 ,0 ,0 ,0 ,0 ,0 ,1.0,0.0
3853,1181,2263,5 ,12 ,2 ,5 ,0 ,7 ,3 ,0 ,3 ,7 ,0 ,0 ,2 ,5 ,0.29,0.63
3854,1138,1089,33 ,28 ,24 ,11 ,7 ,6 ,2 ,11 ,28 ,21 ,5 ,4 ,0 ,3 ,0.47,0.2
3855,1466,1921,144 ,58 ,132 ,43 ,12 ,10 ,0 ,5 ,116 ,48 ,14 ,6 ,14 ,4 ,0.51,0.37
3856,1688,1770,1 ,4 ,0 ,3 ,1 ,1 ,0 ,0 ,1 ,1 ,0 ,3 ,0 ,0 ,0.33,0.57
3857,2105,2436,6 ,14 ,4 ,10 ,0 ,1 ,2 ,3 ,6 ,10 ,0 ,0 ,0 ,4 ,0.5,0.37
3858,1090,1565,43 ,41 ,42 ,35 ,1 ,0 ,0 ,6 ,15 ,23 ,27 ,3 ,1 ,15 ,0.42,0.45
3859,2549,1091,11 ,5 ,11 ,4 ,0 ,0 ,0 ,1 ,8 ,5 ,3 ,0 ,0 ,0 ,0.5,0.29
3860,1666,1435,7 ,2 ,7 ,2 ,0 ,0 ,0 ,0 ,3 ,0 ,0 ,0 ,4 ,2 ,0.58,0.22
3861,1225,1251,55 ,41 ,41 ,27 ,8 ,8 ,6 ,6 ,36 ,30 ,2 ,2 ,17 ,9 ,0.47,0.4
3862,1467,1346,8 ,13 ,2 ,7 ,2 ,4 ,4 ,2 ,6 ,8 ,1 ,3 ,1 ,2 ,0.23,0.2
3863,1889,1137,10 ,20 ,4 ,10 ,2 ,3 ,4 ,7 ,9 ,5 ,1 ,0 ,0 ,15 ,0.55,0.58
3864,2594,1577,46 ,67 ,24 ,30 ,13 ,15 ,9 ,22 ,40 ,63 ,5 ,2 ,1 ,2 ,0.37,0.39
3865,1232,1147,24 ,6 ,22 ,6 ,2 ,0 ,0 ,0 ,14 ,6 ,10 ,0 ,0 ,0 ,0.61,0.33
3866,1700,1384,2 ,5 ,1 ,5 ,1 ,0 ,0 ,0 ,1 ,1 ,0 ,2 ,1 ,2 ,0.22,0.62
3867,1723,1521,32 ,33 ,16 ,10 ,13 ,11 ,3 ,12 ,20 ,28 ,7 ,4 ,5 ,1 ,0.47,0.39
3868,1154,1092,36 ,27 ,25 ,7 ,4 ,9 ,7 ,11 ,20 ,24 ,11 ,3 ,5 ,0 ,0.54,0.44
3869,1442,1139,64 ,39 ,27 ,25 ,14 ,10 ,23 ,4 ,58 ,32 ,6 ,6 ,0 ,1 ,0.42,0.27
3870,1399,1763,84 ,14 ,49 ,2 ,32 ,11 ,3 ,1 ,26 ,1 ,31 ,13 ,27 ,0 ,0.66,0.6
3871,1093,2227,44 ,13 ,26 ,11 ,14 ,0 ,4 ,2 ,30 ,12 ,11 ,0 ,3 ,1 ,0.42,0.22
3872,1094,2566,21 ,52 ,17 ,41 ,0 ,7 ,4 ,4 ,15 ,10 ,4 ,6 ,2 ,36 ,0.44,0.64
3873,1200,2463,30 ,89 ,21 ,59 ,6 ,20 ,3 ,10 ,30 ,68 ,0 ,21 ,0 ,0 ,0.38,0.31
3874,1207,1095,24 ,16 ,11 ,5 ,9 ,4 ,4 ,7 ,19 ,16 ,1 ,0 ,4 ,0 ,0.61,0.3
3875,1366,2120,24 ,34 ,21 ,24 ,3 ,6 ,0 ,4 ,16 ,25 ,3 ,5 ,5 ,4 ,0.41,0.28
3876,1754,1570,47 ,33 ,21 ,21 ,6 ,7 ,20 ,5 ,39 ,24 ,7 ,9 ,1 ,0 ,0.36,0.33
3877,1202,2466,25 ,45 ,20 ,34 ,2 ,3 ,3 ,8 ,20 ,24 ,1 ,1 ,4 ,20 ,0.36,0.36
3878,1195,1171,44 ,50 ,17 ,42 ,23 ,4 ,4 ,4 ,25 ,27 ,16 ,11 ,3 ,12 ,0.57,0.4
3879,1668,2420,7 ,8 ,6 ,7 ,1 ,1 ,0 ,0 ,2 ,3 ,0 ,1 ,5 ,4 ,0.53,0.72
3880,1240,1355,47 ,65 ,12 ,31 ,8 ,14 ,27 ,20 ,42 ,62 ,5 ,2 ,0 ,1 ,0.37,0.43
3881,1209,1646,16 ,48 ,2 ,21 ,9 ,11 ,5 ,16 ,5 ,6 ,9 ,28 ,2 ,14 ,0.94,0.81
3882,1370,1488,93 ,101 ,47 ,56 ,35 ,26 ,11 ,19 ,83 ,98 ,10 ,3 ,0 ,0 ,0.28,0.52
3883,1707,1189,23 ,34 ,9 ,8 ,7 ,6 ,7 ,20 ,22 ,34 ,1 ,0 ,0 ,0 ,0.32,0.4
3884,1817,1555,81 ,90 ,53 ,78 ,6 ,5 ,22 ,7 ,79 ,57 ,2 ,15 ,0 ,18 ,0.33,0.42
3885,1096,1845,21 ,48 ,8 ,36 ,12 ,5 ,1 ,7 ,13 ,34 ,1 ,13 ,7 ,1 ,0.38,0.41
3886,2259,1097,16 ,32 ,7 ,28 ,7 ,3 ,2 ,1 ,14 ,31 ,2 ,1 ,0 ,0 ,0.22,0.38
3887,2614,1285,36 ,10 ,23 ,7 ,11 ,3 ,2 ,0 ,20 ,8 ,13 ,1 ,3 ,1 ,0.42,0.25
3888,1146,1297,1 ,26 ,0 ,22 ,1 ,4 ,0 ,0 ,0 ,10 ,1 ,1 ,0 ,15 ,0.33,0.66
3889,1499,1243,4 ,6 ,4 ,3 ,0 ,0 ,0 ,3 ,4 ,4 ,0 ,1 ,0 ,1 ,0.4,0.4
3890,1510,1176,9 ,14 ,3 ,6 ,6 ,2 ,0 ,6 ,8 ,12 ,1 ,2 ,0 ,0 ,0.39,0.46
3891,1938,1383,13 ,32 ,7 ,12 ,4 ,9 ,2 ,11 ,10 ,20 ,2 ,12 ,1 ,0 ,0.34,0.68
3892,1255,1149,8 ,57 ,5 ,41 ,3 ,4 ,0 ,12 ,6 ,29 ,2 ,14 ,0 ,14 ,0.3,0.5
3893,1216,1098,119 ,81 ,90 ,46 ,10 ,6 ,19 ,29 ,116 ,71 ,1 ,2 ,2 ,8 ,0.35,0.36
3894,1462,1099,72 ,29 ,29 ,24 ,12 ,4 ,31 ,1 ,59 ,24 ,5 ,4 ,8 ,1 ,0.56,0.27
3895,1415,1100,50 ,29 ,20 ,16 ,18 ,3 ,12 ,10 ,39 ,27 ,0 ,0 ,11 ,2 ,0.3,0.23
3896,1699,1161,63 ,82 ,39 ,51 ,13 ,16 ,11 ,15 ,62 ,81 ,1 ,1 ,0 ,0 ,0.45,0.45
3897,1257,2403,67 ,72 ,33 ,57 ,31 ,8 ,3 ,7 ,63 ,68 ,4 ,3 ,0 ,1 ,0.46,0.45
3898,1101,2598,3 ,15 ,2 ,14 ,0 ,1 ,1 ,0 ,3 ,4 ,0 ,0 ,0 ,11 ,0.42,0.5
3899,1197,1233,3 ,2 ,1 ,0 ,2 ,0 ,0 ,2 ,2 ,2 ,0 ,0 ,1 ,0 ,0.37,1.0
3900,1102,1272,36 ,34 ,21 ,18 ,12 ,5 ,3 ,11 ,11 ,30 ,0 ,1 ,25 ,3 ,0.37,0.5
3901,2518,1103,65 ,40 ,28 ,17 ,22 ,16 ,15 ,7 ,35 ,26 ,26 ,14 ,4 ,0 ,0.48,0.45
3902,2644,1153,60 ,41 ,20 ,24 ,28 ,14 ,12 ,3 ,25 ,28 ,35 ,13 ,0 ,0 ,0.5,0.52
3903,1417,2156,56 ,29 ,40 ,14 ,14 ,12 ,2 ,3 ,52 ,27 ,2 ,2 ,2 ,0 ,0.46,0.42
3904,1492,2442,11 ,13 ,7 ,11 ,1 ,1 ,3 ,1 ,8 ,6 ,0 ,1 ,3 ,6 ,0.55,0.72
3905,1502,1199,46 ,30 ,31 ,30 ,12 ,0 ,3 ,0 ,21 ,23 ,0 ,3 ,25 ,4 ,0.56,0.36
3906,1952,1916,121 ,199 ,84 ,126 ,18 ,28 ,19 ,45 ,119 ,196 ,1 ,3 ,1 ,0 ,0.43,0.49
3907,1403,1874,27 ,22 ,6 ,11 ,5 ,5 ,16 ,6 ,21 ,17 ,2 ,3 ,4 ,2 ,0.42,0.19
3908,2656,1445,28 ,36 ,19 ,19 ,5 ,11 ,4 ,6 ,22 ,30 ,1 ,3 ,5 ,3 ,0.32,0.32
3909,2549,2280,9 ,3 ,5 ,2 ,2 ,0 ,2 ,1 ,5 ,3 ,0 ,0 ,4 ,0 ,0.42,0.3
3910,1184,1356,5 ,14 ,2 ,9 ,1 ,1 ,2 ,4 ,5 ,11 ,0 ,0 ,0 ,3 ,0.27,0.56
3911,1512,2436,94 ,19 ,93 ,9 ,1 ,7 ,0 ,3 ,5 ,19 ,1 ,0 ,88 ,0 ,0.66,0.24
3912,1743,2663,40 ,33 ,29 ,23 ,7 ,4 ,4 ,6 ,33 ,25 ,3 ,7 ,4 ,1 ,0.52,0.22
3913,2054,1939,21 ,43 ,8 ,31 ,11 ,8 ,2 ,4 ,11 ,19 ,10 ,13 ,0 ,11 ,0.32,0.55
3914,1977,1461,12 ,18 ,2 ,13 ,6 ,2 ,4 ,3 ,12 ,9 ,0 ,1 ,0 ,8 ,0.25,0.45
3915,1679,2191,171 ,50 ,63 ,36 ,44 ,11 ,64 ,3 ,126 ,36 ,45 ,14 ,0 ,0 ,0.47,0.22
3916,1550,2099,61 ,43 ,42 ,26 ,13 ,11 ,6 ,6 ,23 ,42 ,13 ,0 ,25 ,1 ,0.43,0.26
3917,1290,1581,9 ,32 ,2 ,24 ,6 ,7 ,1 ,1 ,9 ,24 ,0 ,3 ,0 ,5 ,0.21,0.38
3918,1178,1994,2 ,12 ,2 ,12 ,0 ,0 ,0 ,0 ,1 ,7 ,1 ,2 ,0 ,3 ,0.14,0.54
3919,1480,1165,49 ,53 ,45 ,35 ,3 ,11 ,1 ,7 ,27 ,44 ,0 ,9 ,22 ,0 ,0.61,0.41
3920,1582,1104,48 ,17 ,38 ,8 ,7 ,3 ,3 ,6 ,16 ,12 ,22 ,4 ,10 ,1 ,0.35,0.36
3921,1782,1509,24 ,18 ,14 ,9 ,3 ,4 ,7 ,5 ,22 ,18 ,2 ,0 ,0 ,0 ,0.3,0.43
3922,1513,1246,3 ,5 ,3 ,2 ,0 ,0 ,0 ,3 ,2 ,5 ,0 ,0 ,1 ,0 ,0.27,0.45
3923,1105,1323,63 ,69 ,39 ,60 ,13 ,7 ,11 ,2 ,46 ,56 ,3 ,3 ,14 ,10 ,0.48,0.4
3924,1804,1457,20 ,20 ,13 ,11 ,7 ,9 ,0 ,0 ,1 ,11 ,7 ,6 ,12 ,3 ,0.71,0.58
3925,2368,1106,55 ,36 ,47 ,9 ,4 ,17 ,4 ,10 ,26 ,21 ,27 ,12 ,2 ,3 ,0.59,0.42
3926,1107,1515,36 ,42 ,25 ,33 ,6 ,7 ,5 ,2 ,25 ,32 ,0 ,0 ,11 ,10 ,0.43,0.46
3927,1318,1350,82 ,48 ,45 ,20 ,12 ,12 ,25 ,16 ,74 ,45 ,4 ,1 ,4 ,2 ,0.51,0.4
3928,1235,2668,43 ,45 ,36 ,35 ,5 ,9 ,2 ,1 ,13 ,31 ,8 ,14 ,22 ,0 ,0.46,0.53
3929,1361,1435,38 ,49 ,5 ,13 ,26 ,14 ,7 ,22 ,36 ,46 ,2 ,3 ,0 ,0 ,0.41,0.41
3930,1149,1688,20 ,12 ,14 ,2 ,1 ,1 ,5 ,9 ,8 ,12 ,0 ,0 ,12 ,0 ,0.5,0.48
3931,1230,1592,0 ,7 ,0 ,6 ,0 ,1 ,0 ,0 ,0 ,0 ,0 ,1 ,0 ,6 ,0.0,0.7
3932,1958,1283,28 ,44 ,13 ,30 ,5 ,8 ,10 ,6 ,28 ,42 ,0 ,1 ,0 ,1 ,0.35,0.43
3933,1313,1201,31 ,3 ,26 ,1 ,3 ,2 ,2 ,0 ,8 ,1 ,2 ,2 ,21 ,0 ,0.59,0.21
3934,1603,1108,26 ,11 ,14 ,6 ,0 ,3 ,12 ,2 ,16 ,8 ,0 ,3 ,10 ,0 ,0.48,0.45
3935,1863,1506,2 ,0 ,2 ,0 ,0 ,0 ,0 ,0 ,0 ,0 ,2 ,0 ,0 ,0 ,0.33,0.0
3936,1392,2276,10 ,14 ,3 ,3 ,5 ,3 ,2 ,8 ,10 ,14 ,0 ,0 ,0 ,0 ,0.33,0.28
3937,1443,1355,35 ,44 ,29 ,31 ,3 ,7 ,3 ,6 ,29 ,44 ,0 ,0 ,6 ,0 ,0.38,0.31
3938,1893,2083,25 ,71 ,11 ,58 ,9 ,11 ,5 ,2 ,23 ,59 ,2 ,3 ,0 ,9 ,0.34,0.47
3939,1312,1720,4 ,42 ,4 ,37 ,0 ,4 ,0 ,1 ,4 ,9 ,0 ,5 ,0 ,28 ,0.28,0.5
3940,1519,1691,34 ,22 ,30 ,10 ,2 ,6 ,2 ,6 ,25 ,14 ,6 ,8 ,3 ,0 ,0.42,0.32
3941,1549,1242,41 ,18 ,30 ,13 ,5 ,2 ,6 ,3 ,41 ,18 ,0 ,0 ,0 ,0 ,0.51,0.24
3942,1109,1486,86 ,3 ,74 ,3 ,8 ,0 ,4 ,0 ,9 ,3 ,0 ,0 ,77 ,0 ,0.74,0.25
3943,1110,1267,29 ,56 ,15 ,53 ,4 ,3 ,10 ,0 ,20 ,53 ,1 ,0 ,8 ,3 ,0.23,0.51
3944,2418,1111,36 ,46 ,20 ,23 ,8 ,5 ,8 ,18 ,23 ,30 ,2 ,1 ,11 ,15 ,0.5,0.42
3945,2345,1320,47 ,59 ,43 ,50 ,1 ,8 ,3 ,1 ,47 ,55 ,0 ,1 ,0 ,3 ,0.47,0.31
3946,1335,1112,105 ,22 ,75 ,16 ,18 ,4 ,12 ,2 ,93 ,22 ,12 ,0 ,0 ,0 ,0.41,0.2
3947,1114,1113,18 ,74 ,7 ,39 ,5 ,14 ,6 ,21 ,12 ,57 ,4 ,16 ,2 ,1 ,0.2,0.47
3948,1238,1294,34 ,39 ,22 ,24 ,3 ,7 ,9 ,8 ,31 ,28 ,3 ,3 ,0 ,8 ,0.26,0.44
3949,1260,1160,39 ,56 ,36 ,48 ,2 ,4 ,1 ,4 ,32 ,54 ,2 ,2 ,5 ,0 ,0.38,0.48
3950,1115,1291,31 ,45 ,24 ,37 ,6 ,5 ,1 ,3 ,31 ,45 ,0 ,0 ,0 ,0 ,0.3,0.27
3951,2186,1869,3 ,4 ,3 ,0 ,0 ,1 ,0 ,3 ,3 ,4 ,0 ,0 ,0 ,0 ,0.42,0.57
3952,1116,2347,4 ,50 ,2 ,47 ,2 ,2 ,0 ,1 ,3 ,2 ,1 ,3 ,0 ,45 ,0.4,0.65
3953,1117,1579,16 ,23 ,4 ,21 ,2 ,0 ,10 ,2 ,16 ,10 ,0 ,0 ,0 ,13 ,0.31,0.31
3954,2169,1186,22 ,30 ,14 ,16 ,6 ,11 ,2 ,3 ,17 ,12 ,4 ,15 ,1 ,3 ,0.35,0.56
3955,2115,1770,33 ,19 ,30 ,18 ,2 ,1 ,1 ,0 ,20 ,9 ,7 ,10 ,6 ,0 ,0.56,0.45
3956,1168,1861,36 ,47 ,21 ,35 ,9 ,6 ,6 ,6 ,23 ,40 ,13 ,7 ,0 ,0 ,0.54,0.45
3957,1118,2049,29 ,48 ,22 ,41 ,1 ,4 ,6 ,3 ,14 ,42 ,1 ,5 ,14 ,1 ,0.35,0.53
3958,1213,1281,47 ,73 ,30 ,37 ,13 ,22 ,4 ,14 ,31 ,46 ,13 ,19 ,3 ,8 ,0.35,0.6
3959,1449,1119,21 ,25 ,8 ,16 ,5 ,6 ,8 ,3 ,2 ,6 ,6 ,17 ,13 ,2 ,0.65,0.65
3960,2439,2247,26 ,14 ,20 ,9 ,5 ,1 ,1 ,4 ,12 ,14 ,1 ,0 ,13 ,0 ,0.78,0.42
3961,1315,1628,12 ,46 ,4 ,14 ,5 ,19 ,3 ,13 ,9 ,43 ,0 ,2 ,3 ,1 ,0.28,0.39
3962,2420,1584,54 ,23 ,35 ,21 ,6 ,2 ,13 ,0 ,42 ,20 ,8 ,2 ,4 ,1 ,0.37,0.24
3963,1653,1636,14 ,21 ,11 ,17 ,2 ,1 ,1 ,3 ,8 ,11 ,0 ,0 ,6 ,10 ,0.38,0.72
3964,2463,2132,45 ,59 ,30 ,45 ,11 ,7 ,4 ,7 ,25 ,41 ,10 ,13 ,10 ,5 ,0.31,0.62
3965,1300,1779,11 ,44 ,7 ,26 ,1 ,9 ,3 ,9 ,9 ,26 ,2 ,12 ,0 ,6 ,0.35,0.69
3966,1546,2294,69 ,68 ,39 ,29 ,19 ,29 ,11 ,10 ,68 ,59 ,1 ,9 ,0 ,0 ,0.29,0.34
3967,1293,2642,28 ,24 ,16 ,15 ,4 ,8 ,8 ,1 ,15 ,12 ,4 ,11 ,9 ,1 ,0.48,0.39
3968,1231,2576,56 ,31 ,22 ,13 ,20 ,18 ,14 ,0 ,24 ,8 ,24 ,19 ,8 ,4 ,0.45,0.38
3969,1120,1219,61 ,82 ,39 ,55 ,6 ,15 ,16 ,12 ,57 ,75 ,3 ,5 ,1 ,2 ,0.36,0.38
3970,1182,1845,20 ,9 ,7 ,5 ,4 ,3 ,9 ,1 ,12 ,4 ,1 ,1 ,7 ,4 ,0.39,0.26
3971,1121,1694,56 ,73 ,33 ,62 ,15 ,9 ,8 ,2 ,49 ,50 ,7 ,10 ,0 ,13 ,0.28,0.38
3972,1606,1444,74 ,61 ,54 ,20 ,15 ,22 ,5 ,19 ,55 ,38 ,19 ,22 ,0 ,1 ,0.36,0.43
3973,1122,2629,5 ,14 ,2 ,13 ,1 ,1 ,2 ,0 ,5 ,8 ,0 ,3 ,0 ,3 ,0.25,0.41
3974,2557,1241,42 ,11 ,30 ,3 ,6 ,0 ,6 ,8 ,17 ,10 ,11 ,0 ,14 ,1 ,0.51,0.31
3975,1560,1839,51 ,44 ,17 ,31 ,19 ,12 ,15 ,1 ,40 ,35 ,10 ,4 ,1 ,5 ,0.47,0.37
3976,1616,1460,60 ,37 ,49 ,30 ,2 ,6 ,9 ,1 ,40 ,35 ,10 ,2 ,10 ,0 ,0.55,0.28
3977,1454,1123,66 ,9 ,62 ,5 ,2 ,2 ,2 ,2 ,4 ,3 ,1 ,1 ,61 ,5 ,0.64,0.4
3978,1634,1208,1 ,0 ,0 ,0 ,0 ,0 ,1 ,0 ,1 ,0 ,0 ,0 ,0 ,0 ,1.0,0.0
3979,2325,1754,39 ,15 ,32 ,5 ,5 ,5 ,2 ,5 ,8 ,5 ,4 ,5 ,27 ,5 ,0.43,0.4
3980,1124,1346,21 ,34 ,7 ,18 ,13 ,12 ,1 ,4 ,9 ,10 ,11 ,11 ,1 ,13 ,0.47,0.52
3981,1191,1439,19 ,42 ,1 ,33 ,7 ,6 ,11 ,3 ,19 ,29 ,0 ,0 ,0 ,13 ,0.26,0.41
3982,1831,2530,11 ,10 ,2 ,3 ,5 ,5 ,4 ,2 ,11 ,10 ,0 ,0 ,0 ,0 ,0.84,0.31
3983,1372,1339,31 ,30 ,22 ,20 ,6 ,9 ,3 ,1 ,9 ,15 ,7 ,3 ,15 ,12 ,0.62,0.55
3984,1125,1269,47 ,25 ,30 ,12 ,15 ,6 ,2 ,7 ,31 ,20 ,7 ,4 ,9 ,1 ,0.3,0.25
3985,1398,2437,27 ,24 ,21 ,9 ,2 ,13 ,4 ,2 ,27 ,15 ,0 ,0 ,0 ,9 ,0.5,0.33
3986,2317,1727,16 ,8 ,5 ,6 ,6 ,2 ,5 ,0 ,12 ,6 ,4 ,2 ,0 ,0 ,0.55,0.44
3987,1289,1456,34 ,50 ,22 ,25 ,6 ,17 ,6 ,8 ,31 ,27 ,2 ,1 ,1 ,22 ,0.55,0.37
3988,1126,2550,45 ,62 ,15 ,49 ,16 ,12 ,14 ,1 ,28 ,56 ,16 ,5 ,1 ,1 ,0.41,0.56
3989,2562,1979,111 ,77 ,75 ,61 ,29 ,16 ,7 ,0 ,82 ,54 ,22 ,21 ,7 ,2 ,0.52,0.48
3990,1689,1791,63 ,70 ,46 ,42 ,7 ,28 ,10 ,0 ,62 ,62 ,1 ,8 ,0 ,0 ,0.42,0.54
3991,2443,1530,94 ,53 ,48 ,25 ,29 ,17 ,17 ,11 ,76 ,53 ,16 ,0 ,2 ,0 ,0.45,0.33
3992,1211,1367,22 ,15 ,1 ,14 ,9 ,0 ,12 ,1 ,17 ,4 ,4 ,2 ,1 ,9 ,0.41,0.57
3993,1185,1127,33 ,22 ,14 ,5 ,15 ,9 ,4 ,8 ,20 ,18 ,13 ,4 ,0 ,0 ,0.49,0.25
3994,1681,1128,9 ,13 ,8 ,8 ,1 ,0 ,0 ,5 ,7 ,13 ,0 ,0 ,2 ,0 ,0.28,0.32
3995,1177,1931,169 ,108 ,126 ,84 ,24 ,9 ,19 ,15 ,150 ,94 ,13 ,13 ,6 ,1 ,0.42,0.42
3996,2470,1746,87 ,65 ,50 ,48 ,26 ,16 ,11 ,1 ,47 ,38 ,35 ,24 ,5 ,3 ,0.54,0.36
3997,1129,2359,46 ,111 ,14 ,85 ,24 ,8 ,8 ,18 ,45 ,92 ,1 ,19 ,0 ,0 ,0.48,0.59
3998,1876,1986,41 ,76 ,29 ,56 ,2 ,12 ,10 ,8 ,34 ,59 ,5 ,10 ,2 ,7 ,0.36,0.53
3999,1130,1333,21 ,57 ,11 ,43 ,5 ,7 ,5 ,7 ,20 ,26 ,0 ,1 ,1 ,30 ,0.35,0.5
4000,1195,2152,16 ,31 ,7 ,21 ,7 ,9 ,2 ,1 ,6 ,14 ,10 ,12 ,0 ,5 ,0.66,0.63
4001,1522,1555,69 ,37 ,24 ,22 ,16 ,5 ,29 ,10 ,66 ,35 ,1 ,2 ,2 ,0 ,0.51,0.41
4002,1448,1146,70 ,18 ,61 ,8 ,5 ,1 ,4 ,9 ,29 ,17 ,2 ,0 ,39 ,1 ,0.55,0.27
4003,1284,1965,13 ,9 ,6 ,8 ,4 ,0 ,3 ,1 ,7 ,5 ,3 ,1 ,3 ,3 ,0.56,0.5
4004,1477,1905,5 ,12 ,1 ,6 ,2 ,3 ,2 ,3 ,4 ,10 ,1 ,2 ,0 ,0 ,0.41,0.7
4005,1646,1936,6 ,17 ,3 ,9 ,3 ,6 ,0 ,2 ,5 ,6 ,1 ,6 ,0 ,5 ,0.6,0.73
4006,1131,2515,8 ,6 ,4 ,3 ,0 ,1 ,4 ,2 ,5 ,4 ,3 ,1 ,0 ,1 ,0.57,0.37
4007,1244,1317,5 ,14 ,2 ,13 ,2 ,1 ,1 ,0 ,5 ,12 ,0 ,1 ,0 ,1 ,0.2,0.48
4008,1538,2287,28 ,29 ,12 ,21 ,4 ,4 ,12 ,4 ,18 ,11 ,6 ,2 ,4 ,16 ,0.37,0.41
4009,1203,2304,18 ,50 ,10 ,27 ,1 ,16 ,7 ,7 ,9 ,31 ,1 ,1 ,8 ,18 ,0.5,0.54
4010,1668,1464,10 ,21 ,9 ,14 ,1 ,6 ,0 ,1 ,8 ,5 ,2 ,4 ,0 ,12 ,0.23,0.55
4011,1167,1166,36 ,52 ,28 ,38 ,7 ,11 ,1 ,3 ,27 ,35 ,9 ,17 ,0 ,0 ,0.33,0.49
4012,1729,1370,71 ,38 ,53 ,18 ,10 ,19 ,8 ,1 ,25 ,33 ,0 ,0 ,46 ,5 ,0.59,0.42
4013,1704,2433,88 ,68 ,58 ,47 ,9 ,11 ,21 ,10 ,88 ,66 ,0 ,2 ,0 ,0 ,0.3,0.34
4014,1800,1132,27 ,7 ,23 ,6 ,3 ,1 ,1 ,0 ,27 ,7 ,0 ,0 ,0 ,0 ,0.57,0.5
4015,1371,1239,5 ,19 ,2 ,19 ,3 ,0 ,0 ,0 ,5 ,2 ,0 ,0 ,0 ,17 ,0.5,0.4
4016,1188,1171,22 ,41 ,6 ,24 ,8 ,15 ,8 ,2 ,17 ,20 ,5 ,15 ,0 ,6 ,0.4,0.43
4017,1570,1790,32 ,20 ,24 ,6 ,6 ,9 ,2 ,5 ,29 ,20 ,1 ,0 ,2 ,0 ,0.43,0.31
4018,1133,1703,21 ,48 ,15 ,37 ,2 ,5 ,4 ,6 ,18 ,24 ,3 ,6 ,0 ,18 ,0.28,0.45
4019,1469,1434,20 ,11 ,12 ,5 ,7 ,4 ,1 ,2 ,4 ,6 ,6 ,5 ,10 ,0 ,0.5,0.36
4020,1722,1134,7 ,7 ,4 ,7 ,0 ,0 ,3 ,0 ,7 ,3 ,0 ,0 ,0 ,4 ,0.46,0.36
4021,1487,1152,40 ,42 ,16 ,33 ,12 ,6 ,12 ,3 ,26 ,30 ,13 ,12 ,1 ,0 ,0.37,0.38
4022,1324,2128,22 ,68 ,7 ,29 ,7 ,32 ,8 ,7 ,15 ,36 ,7 ,29 ,0 ,3 ,0.27,0.61
4023,1299,1414,33 ,48 ,26 ,45 ,3 ,2 ,4 ,1 ,30 ,47 ,1 ,1 ,2 ,0 ,0.27,0.3
4024,2081,1447,54 ,49 ,25 ,22 ,8 ,25 ,21 ,2 ,44 ,43 ,5 ,6 ,5 ,0 ,0.31,0.35
4025,1432,1199,20 ,23 ,17 ,20 ,3 ,2 ,0 ,1 ,8 ,20 ,12 ,3 ,0 ,0 ,0.32,0.29
4026,2040,1376,55 ,4 ,33 ,4 ,15 ,0 ,7 ,0 ,34 ,3 ,5 ,1 ,16 ,0 ,0.49,0.18
4027,1369,1135,4 ,1 ,3 ,1 ,1 ,0 ,0 ,0 ,4 ,1 ,0 ,0 ,0 ,0 ,0.22,0.16
4028,2295,1358,37 ,32 ,27 ,31 ,6 ,1 ,4 ,0 ,32 ,29 ,3 ,0 ,2 ,3 ,0.37,0.34
4029,1863,1286,12 ,5 ,6 ,3 ,2 ,1 ,4 ,1 ,7 ,5 ,0 ,0 ,5 ,0 ,0.48,0.29
4030,1384,1712,1 ,1 ,1 ,1 ,0 ,0 ,0 ,0 ,0 ,1 ,0 ,0 ,1 ,0 ,0.33,0.5
4031,1195,1305,22 ,39 ,9 ,36 ,8 ,2 ,5 ,1 ,17 ,23 ,4 ,3 ,1 ,13 ,0.51,0.58
4032,1214,1925,39 ,37 ,25 ,22 ,3 ,2 ,11 ,13 ,26 ,32 ,11 ,3 ,2 ,2 ,0.36,0.49
4033,1773,2620,39 ,52 ,10 ,18 ,8 ,9 ,21 ,25 ,39 ,52 ,0 ,0 ,0 ,0 ,0.38,0.3
4034,1207,1699,28 ,36 ,13 ,23 ,7 ,5 ,8 ,8 ,22 ,31 ,6 ,4 ,0 ,1 ,0.43,0.42
4035,1890,1320,27 ,31 ,14 ,22 ,5 ,1 ,8 ,8 ,27 ,22 ,0 ,0 ,0 ,9 ,0.46,0.32
4036,1904,1634,3 ,8 ,1 ,8 ,0 ,0 ,2 ,0 ,3 ,4 ,0 ,0 ,0 ,4 ,0.33,0.61
4037,1689,1779,30 ,58 ,10 ,36 ,7 ,17 ,13 ,5 ,30 ,43 ,0 ,9 ,0 ,6 ,0.46,0.56
4038,2262,2077,13 ,27 ,5 ,2 ,7 ,22 ,1 ,3 ,1 ,0 ,7 ,25 ,5 ,2 ,0.76,0.77
4039,1136,2186,0 ,3 ,0 ,1 ,0 ,2 ,0 ,0 ,0 ,0 ,0 ,1 ,0 ,2 ,0.0,1.0
4040,2359,2515,45 ,23 ,31 ,12 ,10 ,6 ,4 ,5 ,42 ,19 ,0 ,3 ,3 ,1 ,0.34,0.19
4041,2239,1249,81 ,37 ,45 ,21 ,14 ,14 ,22 ,2 ,79 ,33 ,1 ,3 ,1 ,1 ,0.42,0.24
4042,2195,1137,45 ,28 ,27 ,10 ,14 ,4 ,4 ,14 ,19 ,26 ,14 ,1 ,12 ,1 ,0.51,0.38
4043,1641,1625,21 ,28 ,20 ,15 ,1 ,5 ,0 ,8 ,15 ,15 ,4 ,2 ,2 ,11 ,0.4,0.65
4044,1341,2566,1 ,25 ,1 ,10 ,0 ,1 ,0 ,14 ,1 ,1 ,0 ,1 ,0 ,23 ,1.0,0.75
4045,2129,2252,131 ,89 ,86 ,61 ,41 ,24 ,4 ,4 ,73 ,55 ,58 ,30 ,0 ,4 ,0.4,0.42
4046,1208,1205,14 ,15 ,6 ,11 ,8 ,3 ,0 ,1 ,9 ,11 ,5 ,4 ,0 ,0 ,0.37,0.5
4047,1938,2278,76 ,82 ,61 ,51 ,15 ,17 ,0 ,14 ,69 ,71 ,7 ,11 ,0 ,0 ,0.4,0.45
4048,1227,1427,11 ,25 ,9 ,13 ,1 ,8 ,1 ,4 ,11 ,21 ,0 ,3 ,0 ,1 ,0.33,0.37
4049,2518,1674,80 ,60 ,43 ,36 ,13 ,21 ,24 ,3 ,78 ,52 ,2 ,5 ,0 ,3 ,0.38,0.24
4050,1345,1827,20 ,17 ,11 ,16 ,6 ,1 ,3 ,0 ,14 ,12 ,6 ,2 ,0 ,3 ,0.58,0.48
4051,1314,1138,29 ,19 ,13 ,12 ,14 ,2 ,2 ,5 ,17 ,10 ,5 ,3 ,7 ,6 ,0.31,0.38
4052,1921,1139,52 ,50 ,19 ,41 ,20 ,7 ,13 ,2 ,30 ,35 ,22 ,15 ,0 ,0 ,0.45,0.49
4053,1537,2263,13 ,43 ,3 ,37 ,7 ,6 ,3 ,0 ,6 ,13 ,5 ,0 ,2 ,30 ,0.37,0.74
4054,1365,1325,34 ,34 ,19 ,25 ,5 ,8 ,10 ,1 ,26 ,26 ,1 ,1 ,7 ,7 ,0.4,0.32
4055,2557,2280,52 ,71 ,36 ,23 ,7 ,5 ,9 ,43 ,48 ,60 ,1 ,0 ,3 ,11 ,0.35,0.46
4056,2105,2656,97 ,71 ,79 ,36 ,10 ,20 ,8 ,15 ,80 ,56 ,13 ,13 ,4 ,2 ,0.44,0.52
4057,1757,2132,24 ,21 ,19 ,19 ,4 ,1 ,1 ,1 ,14 ,18 ,1 ,2 ,9 ,1 ,0.45,0.45
4058,1568,1356,7 ,6 ,5 ,2 ,2 ,0 ,0 ,4 ,5 ,6 ,1 ,0 ,1 ,0 ,0.38,0.6
4059,1516,1770,43 ,54 ,28 ,36 ,13 ,5 ,2 ,13 ,30 ,33 ,8 ,19 ,5 ,2 ,0.55,0.53
4060,1884,1882,77 ,80 ,18 ,28 ,21 ,34 ,38 ,18 ,61 ,49 ,16 ,31 ,0 ,0 ,0.42,0.53
4061,2629,1219,3 ,3 ,2 ,3 ,0 ,0 ,1 ,0 ,3 ,3 ,0 ,0 ,0 ,0 ,0.5,0.37
4062,1515,1700,6 ,27 ,6 ,14 ,0 ,4 ,0 ,9 ,5 ,18 ,1 ,1 ,0 ,8 ,0.13,0.38
4063,2206,1140,44 ,64 ,39 ,27 ,3 ,12 ,2 ,25 ,41 ,59 ,0 ,3 ,3 ,2 ,0.39,0.33
4064,1937,1609,32 ,48 ,30 ,47 ,2 ,1 ,0 ,0 ,24 ,27 ,2 ,0 ,6 ,21 ,0.24,0.43
4065,1408,2056,48 ,53 ,15 ,42 ,8 ,5 ,25 ,6 ,48 ,48 ,0 ,0 ,0 ,5 ,0.39,0.3
4066,1521,1141,23 ,21 ,14 ,12 ,4 ,3 ,5 ,6 ,23 ,21 ,0 ,0 ,0 ,0 ,0.32,0.35
4067,1653,1664,7 ,0 ,6 ,0 ,1 ,0 ,0 ,0 ,3 ,0 ,0 ,0 ,4 ,0 ,0.5,0.0
4068,1374,1392,38 ,11 ,18 ,4 ,8 ,3 ,12 ,4 ,28 ,11 ,3 ,0 ,7 ,0 ,0.32,0.28
4069,1142,1819,10 ,55 ,9 ,25 ,0 ,12 ,1 ,18 ,9 ,53 ,1 ,2 ,0 ,0 ,0.11,0.33
4070,1203,1311,51 ,37 ,32 ,22 ,7 ,8 ,12 ,7 ,38 ,33 ,13 ,4 ,0 ,0 ,0.37,0.35
4071,2325,1175,39 ,21 ,37 ,0 ,0 ,12 ,2 ,9 ,21 ,21 ,1 ,0 ,17 ,0 ,0.54,0.44
4072,1242,1405,56 ,46 ,34 ,25 ,2 ,14 ,20 ,7 ,47 ,34 ,3 ,2 ,6 ,10 ,0.42,0.39
4073,1869,2152,23 ,12 ,18 ,2 ,3 ,7 ,2 ,3 ,4 ,4 ,8 ,8 ,11 ,0 ,0.65,0.5
4074,1246,1428,92 ,51 ,50 ,33 ,29 ,13 ,13 ,5 ,74 ,43 ,18 ,8 ,0 ,0 ,0.55,0.37
4075,1297,1562,23 ,94 ,12 ,90 ,5 ,4 ,6 ,0 ,19 ,15 ,1 ,4 ,3 ,75 ,0.3,0.7
4076,1499,2037,60 ,28 ,55 ,14 ,4 ,10 ,1 ,4 ,17 ,6 ,7 ,10 ,36 ,12 ,0.61,0.47
4077,2504,1313,50 ,14 ,41 ,7 ,9 ,5 ,0 ,2 ,11 ,1 ,20 ,13 ,19 ,0 ,0.75,0.56
4078,1540,1337,55 ,21 ,11 ,12 ,30 ,5 ,14 ,4 ,32 ,12 ,23 ,9 ,0 ,0 ,0.78,0.41
4079,1323,1778,7 ,13 ,6 ,3 ,1 ,6 ,0 ,4 ,7 ,13 ,0 ,0 ,0 ,0 ,0.25,0.5
4080,1264,1260,53 ,74 ,43 ,64 ,10 ,4 ,0 ,6 ,45 ,58 ,8 ,16 ,0 ,0 ,0.38,0.38
4081,2530,1348,76 ,90 ,36 ,46 ,15 ,21 ,25 ,23 ,67 ,73 ,9 ,17 ,0 ,0 ,0.53,0.46
4082,1550,2099,54 ,53 ,28 ,30 ,20 ,17 ,6 ,6 ,30 ,52 ,5 ,1 ,19 ,0 ,0.43,0.36
4083,1143,2567,6 ,22 ,2 ,18 ,4 ,3 ,0 ,1 ,5 ,16 ,1 ,0 ,0 ,6 ,0.42,0.68
4084,1144,1236,18 ,46 ,14 ,44 ,3 ,1 ,1 ,1 ,11 ,13 ,0 ,2 ,7 ,31 ,0.5,0.62
4085,1577,1240,24 ,1 ,24 ,0 ,0 ,0 ,0 ,1 ,4 ,1 ,12 ,0 ,8 ,0 ,0.7,1.0
4086,1889,1233,59 ,54 ,41 ,49 ,13 ,4 ,5 ,1 ,55 ,36 ,4 ,3 ,0 ,15 ,0.27,0.47
4087,1443,1479,39 ,35 ,24 ,21 ,13 ,7 ,2 ,7 ,39 ,35 ,0 ,0 ,0 ,0 ,0.41,0.28
4088,1723,1804,25 ,15 ,19 ,9 ,6 ,6 ,0 ,0 ,15 ,12 ,5 ,3 ,5 ,0 ,0.42,0.34
4089,1646,1936,12 ,9 ,6 ,8 ,1 ,1 ,5 ,0 ,2 ,0 ,6 ,5 ,4 ,4 ,0.5,0.75
4090,1605,1582,43 ,75 ,20 ,58 ,15 ,11 ,8 ,6 ,40 ,35 ,1 ,8 ,2 ,32 ,0.45,0.56
4091,1467,1464,30 ,36 ,14 ,22 ,8 ,12 ,8 ,2 ,23 ,7 ,7 ,14 ,0 ,15 ,0.48,0.4
4092,2286,2644,30 ,51 ,13 ,31 ,13 ,10 ,4 ,10 ,29 ,48 ,0 ,3 ,1 ,0 ,0.36,0.42
4093,1756,1616,94 ,55 ,68 ,48 ,16 ,3 ,10 ,4 ,94 ,55 ,0 ,0 ,0 ,0 ,0.54,0.36
4094,1255,2550,10 ,26 ,5 ,25 ,5 ,0 ,0 ,1 ,10 ,13 ,0 ,0 ,0 ,13 ,0.35,0.53
4095,1763,1909,80 ,99 ,42 ,77 ,26 ,20 ,12 ,2 ,45 ,68 ,30 ,30 ,5 ,1 ,0.55,0.48
4096,1259,1145,72 ,86 ,42 ,54 ,12 ,21 ,18 ,11 ,65 ,84 ,5 ,2 ,2 ,0 ,0.41,0.44
4097,1845,1409,6 ,1 ,2 ,0 ,2 ,1 ,2 ,0 ,6 ,1 ,0 ,0 ,0 ,0 ,0.85,1.0
4098,2259,2549,53 ,24 ,38 ,13 ,12 ,7 ,3 ,4 ,44 ,21 ,8 ,2 ,1 ,1 ,0.51,0.54
4099,1176,1235,54 ,52 ,25 ,29 ,19 ,4 ,10 ,19 ,35 ,21 ,19 ,26 ,0 ,5 ,0.58,0.5
4100,1592,1230,31 ,28 ,13 ,14 ,7 ,8 ,11 ,6 ,16 ,17 ,14 ,10 ,1 ,1 ,0.42,0.45
4101,1481,1159,51 ,28 ,39 ,20 ,9 ,7 ,3 ,1 ,43 ,22 ,1 ,5 ,7 ,1 ,0.31,0.44
4102,2322,1776,32 ,17 ,27 ,15 ,5 ,2 ,0 ,0 ,16 ,13 ,2 ,0 ,14 ,4 ,0.43,0.36
4103,1146,2418,51 ,67 ,42 ,39 ,4 ,9 ,5 ,19 ,38 ,59 ,1 ,5 ,12 ,3 ,0.45,0.46
4104,2027,1522,8 ,17 ,7 ,6 ,1 ,2 ,0 ,9 ,3 ,17 ,1 ,0 ,4 ,0 ,0.44,0.51
4105,1383,1454,6 ,6 ,5 ,4 ,0 ,0 ,1 ,2 ,6 ,5 ,0 ,1 ,0 ,0 ,0.46,0.22
4106,1267,1347,10 ,51 ,7 ,36 ,2 ,10 ,1 ,5 ,7 ,16 ,0 ,4 ,3 ,31 ,0.32,0.44
4107,1874,1931,105 ,84 ,47 ,47 ,27 ,9 ,31 ,28 ,100 ,78 ,5 ,6 ,0 ,0 ,0.38,0.37
4108,2470,1378,41 ,57 ,13 ,51 ,10 ,2 ,18 ,4 ,41 ,54 ,0 ,0 ,0 ,3 ,0.28,0.45
4109,1565,1186,8 ,4 ,7 ,3 ,0 ,1 ,1 ,0 ,4 ,4 ,0 ,0 ,4 ,0 ,0.66,0.44
4110,1377,2292,73 ,53 ,62 ,43 ,10 ,9 ,1 ,1 ,23 ,37 ,17 ,11 ,33 ,5 ,0.6,0.53
4111,1694,1696,77 ,86 ,55 ,46 ,13 ,6 ,9 ,34 ,66 ,85 ,9 ,1 ,2 ,0 ,0.46,0.32
4112,2083,2671,90 ,27 ,49 ,25 ,23 ,1 ,18 ,1 ,45 ,26 ,6 ,1 ,39 ,0 ,0.52,0.26
4113,1352,1147,36 ,0 ,36 ,0 ,0 ,0 ,0 ,0 ,1 ,0 ,0 ,0 ,35 ,0 ,0.69,0.0
4114,1209,2442,4 ,3 ,1 ,0 ,2 ,1 ,1 ,2 ,4 ,2 ,0 ,1 ,0 ,0 ,0.8,0.42
4115,1445,1148,79 ,44 ,44 ,27 ,8 ,9 ,27 ,8 ,54 ,38 ,9 ,6 ,16 ,0 ,0.5,0.33
4116,1778,1198,50 ,37 ,26 ,28 ,16 ,2 ,8 ,7 ,48 ,34 ,1 ,2 ,1 ,1 ,0.29,0.33
4117,1977,1149,13 ,49 ,9 ,34 ,3 ,5 ,1 ,10 ,13 ,32 ,0 ,15 ,0 ,2 ,0.44,0.52
4118,1489,1150,36 ,22 ,29 ,6 ,4 ,8 ,3 ,8 ,1 ,12 ,21 ,10 ,14 ,0 ,0.87,0.61
4119,1808,2227,68 ,71 ,20 ,56 ,17 ,11 ,31 ,4 ,52 ,57 ,16 ,13 ,0 ,1 ,0.35,0.3
4120,1782,1151,25 ,23 ,20 ,13 ,2 ,7 ,3 ,3 ,21 ,22 ,2 ,1 ,2 ,0 ,0.34,0.56
4121,2049,1606,49 ,63 ,33 ,48 ,12 ,7 ,4 ,8 ,35 ,36 ,8 ,3 ,6 ,24 ,0.49,0.6
4122,1861,1834,68 ,36 ,42 ,17 ,17 ,11 ,9 ,8 ,20 ,15 ,11 ,20 ,37 ,1 ,0.64,0.5
4123,2620,1152,83 ,30 ,28 ,16 ,46 ,7 ,9 ,7 ,53 ,24 ,10 ,4 ,20 ,2 ,0.51,0.32
4124,1668,2642,41 ,57 ,35 ,34 ,4 ,15 ,2 ,8 ,27 ,30 ,3 ,12 ,11 ,15 ,0.42,0.62
4125,2664,1153,75 ,75 ,14 ,43 ,27 ,28 ,34 ,4 ,60 ,69 ,15 ,5 ,0 ,1 ,0.52,0.39
4126,1250,1248,37 ,36 ,20 ,16 ,11 ,14 ,6 ,6 ,21 ,18 ,15 ,17 ,1 ,1 ,0.5,0.73
4127,2668,1154,122 ,32 ,77 ,18 ,29 ,9 ,16 ,5 ,105 ,25 ,17 ,6 ,0 ,1 ,0.67,0.47
4128,2663,2546,56 ,70 ,28 ,39 ,7 ,3 ,21 ,28 ,53 ,66 ,3 ,1 ,0 ,3 ,0.27,0.6
4129,1568,2115,9 ,55 ,6 ,47 ,3 ,7 ,0 ,1 ,6 ,40 ,3 ,1 ,0 ,14 ,0.25,0.5
4130,2323,1905,47 ,22 ,42 ,5 ,3 ,4 ,2 ,13 ,9 ,19 ,5 ,2 ,33 ,1 ,0.65,0.66
4131,1293,1365,108 ,16 ,81 ,2 ,16 ,2 ,11 ,12 ,72 ,16 ,8 ,0 ,28 ,0 ,0.58,0.09
4132,1185,2247,32 ,16 ,22 ,8 ,6 ,4 ,4 ,4 ,5 ,6 ,17 ,10 ,10 ,0 ,0.64,0.4
4133,1876,1155,28 ,8 ,22 ,4 ,1 ,2 ,5 ,2 ,16 ,8 ,6 ,0 ,6 ,0 ,0.62,0.34
4134,1636,1156,51 ,47 ,21 ,34 ,17 ,6 ,13 ,7 ,35 ,28 ,9 ,8 ,7 ,11 ,0.41,0.32
4135,1946,1291,69 ,72 ,37 ,43 ,31 ,11 ,1 ,18 ,55 ,67 ,14 ,5 ,0 ,0 ,0.38,0.4
4136,1746,1157,104 ,83 ,70 ,50 ,8 ,19 ,26 ,14 ,64 ,73 ,4 ,3 ,36 ,7 ,0.54,0.48
4137,1346,2420,16 ,24 ,3 ,14 ,2 ,5 ,11 ,5 ,10 ,12 ,4 ,5 ,2 ,7 ,0.26,0.32
4138,1312,1699,38 ,27 ,8 ,22 ,6 ,5 ,24 ,0 ,37 ,20 ,1 ,7 ,0 ,0 ,0.55,0.3
4139,1300,1555,17 ,26 ,13 ,10 ,4 ,4 ,0 ,12 ,13 ,24 ,4 ,2 ,0 ,0 ,0.41,0.47
4140,1432,1435,46 ,109 ,42 ,94 ,4 ,14 ,0 ,1 ,20 ,67 ,1 ,18 ,25 ,24 ,0.6,0.55
4141,1488,1681,48 ,21 ,23 ,14 ,21 ,7 ,4 ,0 ,47 ,21 ,1 ,0 ,0 ,0 ,0.46,0.15
4142,1938,1863,21 ,17 ,15 ,3 ,4 ,5 ,2 ,9 ,12 ,17 ,1 ,0 ,8 ,0 ,0.51,0.37
4143,1618,1502,12 ,4 ,9 ,2 ,1 ,2 ,2 ,0 ,8 ,4 ,2 ,0 ,2 ,0 ,0.63,0.26
4144,2562,1318,209 ,123 ,114 ,79 ,47 ,17 ,48 ,27 ,171 ,117 ,29 ,5 ,9 ,1 ,0.7,0.44
4145,1171,1506,1 ,2 ,1 ,1 ,0 ,0 ,0 ,1 ,1 ,1 ,0 ,0 ,0 ,1 ,0.33,0.5
4146,1885,1462,51 ,46 ,33 ,33 ,12 ,7 ,6 ,6 ,49 ,36 ,1 ,7 ,1 ,3 ,0.33,0.31
4147,1362,1691,57 ,103 ,27 ,70 ,10 ,9 ,20 ,24 ,24 ,50 ,10 ,21 ,23 ,32 ,0.53,0.35
4148,1427,1415,20 ,16 ,14 ,3 ,5 ,6 ,1 ,7 ,13 ,12 ,1 ,4 ,6 ,0 ,0.38,0.38
4149,1790,1326,103 ,36 ,67 ,32 ,11 ,3 ,25 ,1 ,75 ,29 ,10 ,7 ,18 ,0 ,0.44,0.43
4150,1641,1320,29 ,59 ,23 ,46 ,4 ,7 ,2 ,6 ,28 ,30 ,1 ,6 ,0 ,23 ,0.46,0.54
4151,1290,2105,44 ,73 ,32 ,61 ,11 ,7 ,1 ,5 ,36 ,61 ,5 ,12 ,3 ,0 ,0.34,0.5
4152,1720,1363,28 ,39 ,17 ,16 ,11 ,13 ,0 ,10 ,13 ,23 ,15 ,11 ,0 ,5 ,0.32,0.31
4153,1743,2040,72 ,16 ,67 ,14 ,5 ,1 ,0 ,1 ,3 ,3 ,0 ,2 ,69 ,11 ,0.69,0.38
4154,1571,1779,23 ,39 ,22 ,27 ,0 ,7 ,1 ,5 ,2 ,15 ,6 ,6 ,15 ,18 ,0.6,0.61
4155,1679,2129,225 ,83 ,101 ,51 ,49 ,15 ,75 ,17 ,193 ,58 ,32 ,24 ,0 ,1 ,0.63,0.38
4156,1969,1528,26 ,12 ,23 ,4 ,0 ,3 ,3 ,5 ,15 ,12 ,3 ,0 ,8 ,0 ,0.46,0.66
4157,1199,1999,31 ,14 ,30 ,12 ,1 ,2 ,0 ,0 ,13 ,12 ,6 ,1 ,12 ,1 ,0.46,0.46
4158,1750,1503,31 ,28 ,27 ,21 ,2 ,5 ,2 ,2 ,19 ,13 ,1 ,11 ,11 ,4 ,0.44,0.25
4159,1158,1211,49 ,53 ,41 ,37 ,5 ,3 ,3 ,13 ,43 ,50 ,3 ,2 ,3 ,1 ,0.28,0.43
4160,1159,2155,26 ,40 ,18 ,30 ,8 ,10 ,0 ,0 ,17 ,28 ,7 ,4 ,2 ,8 ,0.41,0.28
4161,1444,1160,39 ,10 ,22 ,6 ,14 ,3 ,3 ,1 ,5 ,3 ,6 ,6 ,28 ,1 ,0.65,0.55
4162,1958,1285,65 ,44 ,39 ,35 ,11 ,7 ,15 ,2 ,53 ,43 ,10 ,1 ,2 ,0 ,0.43,0.29
4163,2276,1161,23 ,1 ,23 ,0 ,0 ,1 ,0 ,0 ,1 ,1 ,0 ,0 ,22 ,0 ,0.79,0.25
4164,1247,1408,34 ,57 ,15 ,38 ,14 ,9 ,5 ,10 ,22 ,39 ,12 ,6 ,0 ,12 ,0.33,0.64
4165,1994,1579,43 ,52 ,37 ,42 ,3 ,6 ,3 ,4 ,37 ,38 ,6 ,2 ,0 ,12 ,0.43,0.33
4166,1484,1447,46 ,19 ,40 ,9 ,1 ,7 ,5 ,3 ,36 ,14 ,1 ,0 ,9 ,5 ,0.47,0.27
4167,2278,1727,5 ,9 ,5 ,7 ,0 ,2 ,0 ,0 ,3 ,9 ,0 ,0 ,2 ,0 ,0.71,0.47
4168,1697,1757,97 ,42 ,77 ,34 ,11 ,7 ,9 ,1 ,77 ,39 ,7 ,3 ,13 ,0 ,0.42,0.31
4169,1197,2319,16 ,17 ,11 ,10 ,0 ,6 ,5 ,1 ,9 ,8 ,0 ,1 ,7 ,8 ,0.4,0.65
4170,1251,1162,95 ,32 ,72 ,24 ,4 ,7 ,19 ,1 ,88 ,31 ,4 ,1 ,3 ,0 ,0.6,0.2
4171,1269,1281,80 ,80 ,66 ,36 ,10 ,28 ,4 ,16 ,71 ,64 ,6 ,13 ,3 ,3 ,0.38,0.51
4172,1297,1911,12 ,4 ,8 ,1 ,4 ,2 ,0 ,1 ,10 ,4 ,2 ,0 ,0 ,0 ,0.42,0.26
4173,1603,1339,16 ,43 ,11 ,43 ,0 ,0 ,5 ,0 ,16 ,4 ,0 ,0 ,0 ,39 ,0.53,0.75
4174,1538,1384,12 ,17 ,9 ,17 ,2 ,0 ,1 ,0 ,1 ,1 ,0 ,0 ,11 ,16 ,0.52,0.65
4175,1773,1648,43 ,44 ,21 ,15 ,4 ,14 ,18 ,15 ,42 ,44 ,1 ,0 ,0 ,0 ,0.32,0.29
4176,1225,1575,29 ,33 ,12 ,26 ,10 ,5 ,7 ,2 ,28 ,27 ,1 ,1 ,0 ,5 ,0.51,0.35
4177,2567,1226,43 ,33 ,24 ,12 ,18 ,16 ,1 ,5 ,15 ,19 ,15 ,14 ,13 ,0 ,0.53,0.53
4178,1255,1207,37 ,57 ,30 ,21 ,6 ,16 ,1 ,20 ,25 ,52 ,11 ,5 ,1 ,0 ,0.47,0.5
4179,1519,2191,8 ,9 ,6 ,6 ,2 ,0 ,0 ,3 ,6 ,9 ,2 ,0 ,0 ,0 ,0.28,0.24
4180,2060,2443,55 ,104 ,41 ,87 ,13 ,16 ,1 ,1 ,53 ,61 ,2 ,2 ,0 ,41 ,0.48,0.5
4181,2576,1194,98 ,92 ,71 ,47 ,7 ,15 ,20 ,30 ,91 ,88 ,7 ,2 ,0 ,2 ,0.4,0.36
4182,1163,1355,25 ,37 ,11 ,20 ,2 ,7 ,12 ,10 ,17 ,32 ,3 ,2 ,5 ,3 ,0.53,0.48
4183,1299,1210,56 ,12 ,46 ,2 ,7 ,2 ,3 ,8 ,15 ,10 ,5 ,0 ,36 ,2 ,0.64,0.52
4184,1423,1164,40 ,44 ,27 ,25 ,9 ,15 ,4 ,4 ,31 ,23 ,9 ,12 ,0 ,9 ,0.48,0.53
4185,1238,2029,21 ,19 ,16 ,13 ,1 ,4 ,4 ,2 ,18 ,14 ,3 ,2 ,0 ,3 ,0.37,0.5
4186,2347,1333,87 ,46 ,55 ,39 ,9 ,2 ,23 ,5 ,46 ,42 ,18 ,2 ,23 ,2 ,0.62,0.3
4187,2642,1335,1 ,3 ,0 ,3 ,0 ,0 ,1 ,0 ,1 ,2 ,0 ,1 ,0 ,0 ,0.25,0.42
4188,2463,1195,15 ,1 ,15 ,1 ,0 ,0 ,0 ,0 ,4 ,1 ,0 ,0 ,11 ,0 ,0.83,0.5
4189,2345,1361,69 ,38 ,40 ,15 ,6 ,13 ,23 ,10 ,68 ,36 ,0 ,2 ,1 ,0 ,0.48,0.43
4190,1770,1260,8 ,1 ,6 ,0 ,0 ,0 ,2 ,1 ,4 ,1 ,0 ,0 ,4 ,0 ,0.47,0.25
4191,2325,1337,51 ,59 ,34 ,37 ,14 ,12 ,3 ,10 ,50 ,52 ,1 ,7 ,0 ,0 ,0.36,0.47
4192,1789,1909,60 ,53 ,42 ,42 ,9 ,6 ,9 ,5 ,53 ,44 ,7 ,9 ,0 ,0 ,0.37,0.31
4193,1268,1224,62 ,30 ,47 ,19 ,2 ,1 ,13 ,10 ,35 ,21 ,7 ,7 ,20 ,2 ,0.53,0.4
4194,1165,1243,10 ,17 ,5 ,13 ,1 ,1 ,4 ,3 ,10 ,12 ,0 ,1 ,0 ,4 ,0.41,0.36
4195,1925,1667,94 ,35 ,54 ,32 ,15 ,3 ,25 ,0 ,92 ,32 ,2 ,3 ,0 ,0 ,0.53,0.29
4196,1283,1325,37 ,21 ,28 ,11 ,5 ,3 ,4 ,7 ,15 ,17 ,2 ,3 ,20 ,1 ,0.59,0.51
4197,1890,1271,51 ,20 ,38 ,9 ,10 ,5 ,3 ,6 ,42 ,19 ,5 ,1 ,4 ,0 ,0.54,0.3
4198,1239,1570,2 ,21 ,1 ,17 ,1 ,2 ,0 ,2 ,2 ,7 ,0 ,0 ,0 ,14 ,0.14,0.51
4199,1196,1294,0 ,7 ,0 ,6 ,0 ,1 ,0 ,0 ,0 ,3 ,0 ,1 ,0 ,3 ,0.0,0.53
4200,1166,1952,60 ,81 ,34 ,35 ,14 ,37 ,12 ,9 ,44 ,56 ,16 ,20 ,0 ,5 ,0.43,0.51
4201,1167,1986,19 ,47 ,16 ,18 ,2 ,12 ,1 ,17 ,15 ,27 ,2 ,18 ,2 ,2 ,0.35,0.44
4202,1904,2504,28 ,51 ,18 ,46 ,7 ,3 ,3 ,2 ,17 ,5 ,10 ,4 ,1 ,42 ,0.5,0.55
4203,1884,1605,25 ,15 ,10 ,4 ,8 ,6 ,7 ,5 ,23 ,15 ,1 ,0 ,1 ,0 ,0.47,0.23
4204,1168,1286,4 ,17 ,1 ,13 ,1 ,1 ,2 ,3 ,4 ,8 ,0 ,1 ,0 ,8 ,0.33,0.68
4205,1469,1169,82 ,92 ,70 ,51 ,4 ,19 ,8 ,22 ,79 ,91 ,1 ,1 ,2 ,0 ,0.36,0.36
4206,2655,1206,67 ,16 ,54 ,6 ,5 ,4 ,8 ,6 ,27 ,15 ,4 ,1 ,36 ,0 ,0.55,0.2
4207,1324,1328,43 ,37 ,15 ,31 ,8 ,2 ,20 ,4 ,27 ,13 ,4 ,8 ,12 ,16 ,0.54,0.48
4208,1937,1870,40 ,38 ,32 ,35 ,4 ,3 ,4 ,0 ,19 ,32 ,8 ,0 ,13 ,6 ,0.42,0.31
4209,1287,2287,51 ,69 ,13 ,50 ,13 ,6 ,25 ,13 ,46 ,66 ,5 ,2 ,0 ,1 ,0.31,0.42
4210,1976,1395,38 ,13 ,33 ,10 ,4 ,2 ,1 ,1 ,4 ,10 ,1 ,3 ,33 ,0 ,0.43,0.33
4211,1376,1170,57 ,103 ,47 ,59 ,10 ,9 ,0 ,35 ,49 ,103 ,4 ,0 ,4 ,0 ,0.53,0.36
4212,1936,1317,64 ,32 ,31 ,26 ,26 ,5 ,7 ,1 ,63 ,31 ,1 ,1 ,0 ,0 ,0.36,0.21
4213,1171,2564,1 ,13 ,1 ,10 ,0 ,2 ,0 ,1 ,1 ,7 ,0 ,0 ,0 ,6 ,0.33,0.81
4214,1674,1560,47 ,40 ,40 ,28 ,7 ,8 ,0 ,4 ,24 ,28 ,1 ,5 ,22 ,7 ,0.5,0.55
4215,1356,1203,41 ,10 ,19 ,2 ,16 ,2 ,6 ,6 ,30 ,10 ,10 ,0 ,1 ,0 ,0.6,0.22
4216,2516,1804,4 ,22 ,3 ,19 ,1 ,1 ,0 ,2 ,2 ,3 ,0 ,0 ,2 ,19 ,0.44,0.73
4217,1315,1350,16 ,8 ,8 ,3 ,8 ,5 ,0 ,0 ,1 ,4 ,3 ,3 ,12 ,1 ,0.66,0.61
4218,2239,1231,15 ,6 ,5 ,1 ,4 ,2 ,6 ,3 ,8 ,3 ,6 ,3 ,1 ,0 ,0.65,0.19
4219,1781,1308,24 ,54 ,21 ,38 ,3 ,5 ,0 ,11 ,13 ,15 ,1 ,7 ,10 ,32 ,0.58,0.75
4220,1508,1172,106 ,53 ,102 ,24 ,3 ,17 ,1 ,12 ,105 ,51 ,1 ,2 ,0 ,0 ,0.56,0.26
4221,2252,1839,47 ,26 ,20 ,11 ,5 ,9 ,22 ,6 ,41 ,25 ,3 ,1 ,3 ,0 ,0.47,0.24
4222,1305,1205,42 ,53 ,39 ,28 ,3 ,14 ,0 ,11 ,35 ,51 ,1 ,2 ,6 ,0 ,0.3,0.51
4223,2451,1374,31 ,34 ,18 ,18 ,8 ,6 ,5 ,10 ,17 ,20 ,14 ,13 ,0 ,1 ,0.43,0.41
4224,2132,1173,84 ,28 ,75 ,22 ,5 ,6 ,4 ,0 ,57 ,25 ,18 ,3 ,9 ,0 ,0.56,0.17
4225,1845,2128,34 ,39 ,12 ,10 ,16 ,10 ,6 ,19 ,24 ,25 ,8 ,9 ,2 ,5 ,0.44,0.49
4226,1574,1174,4 ,21 ,4 ,21 ,0 ,0 ,0 ,0 ,1 ,1 ,0 ,0 ,3 ,20 ,1.0,0.87
4227,2436,2329,91 ,104 ,47 ,62 ,40 ,6 ,4 ,36 ,78 ,77 ,12 ,27 ,1 ,0 ,0.45,0.59
4228,1959,1252,41 ,5 ,34 ,1 ,6 ,2 ,1 ,2 ,8 ,4 ,3 ,0 ,30 ,1 ,0.77,0.2
4229,1961,1304,94 ,60 ,74 ,41 ,14 ,12 ,6 ,7 ,49 ,53 ,9 ,5 ,36 ,2 ,0.58,0.39
4230,1289,2280,36 ,45 ,4 ,30 ,6 ,13 ,26 ,2 ,35 ,27 ,1 ,13 ,0 ,5 ,0.59,0.4
4231,1700,2629,60 ,15 ,48 ,13 ,7 ,2 ,5 ,0 ,18 ,7 ,3 ,4 ,39 ,4 ,0.52,0.51
4232,1338,1241,76 ,47 ,31 ,29 ,33 ,9 ,12 ,9 ,64 ,47 ,5 ,0 ,7 ,0 ,0.42,0.25
4233,1175,1722,35 ,53 ,17 ,35 ,16 ,18 ,2 ,0 ,25 ,23 ,10 ,16 ,0 ,14 ,0.49,0.62
4234,2439,2403,70 ,28 ,50 ,16 ,14 ,4 ,6 ,8 ,54 ,27 ,12 ,1 ,4 ,0 ,0.48,0.3
4235,1530,2656,80 ,48 ,49 ,13 ,27 ,15 ,4 ,20 ,63 ,33 ,8 ,11 ,9 ,4 ,0.66,0.43
4236,1176,2566,51 ,72 ,29 ,41 ,17 ,23 ,5 ,8 ,36 ,39 ,15 ,20 ,0 ,13 ,0.38,0.42
4237,1485,1540,49 ,21 ,28 ,15 ,9 ,5 ,12 ,1 ,37 ,18 ,5 ,3 ,7 ,0 ,0.42,0.55
4238,1461,2115,48 ,74 ,20 ,46 ,12 ,23 ,16 ,5 ,41 ,59 ,3 ,7 ,4 ,8 ,0.44,0.33
4239,1177,2468,101 ,68 ,74 ,43 ,20 ,14 ,7 ,11 ,46 ,55 ,54 ,13 ,1 ,0 ,0.52,0.64
4240,1480,1242,56 ,28 ,52 ,20 ,2 ,2 ,2 ,6 ,19 ,23 ,0 ,0 ,37 ,5 ,0.53,0.24
4241,1476,1446,93 ,69 ,69 ,44 ,18 ,8 ,6 ,17 ,49 ,50 ,6 ,12 ,38 ,7 ,0.53,0.53
4242,1178,1228,3 ,10 ,2 ,6 ,1 ,2 ,0 ,2 ,3 ,8 ,0 ,0 ,0 ,2 ,0.25,0.4
4243,2295,1179,119 ,82 ,57 ,72 ,38 ,7 ,24 ,3 ,83 ,68 ,35 ,12 ,1 ,2 ,0.52,0.44
4244,1817,1214,24 ,25 ,14 ,15 ,7 ,5 ,3 ,5 ,18 ,18 ,5 ,7 ,1 ,0 ,0.36,0.39
4245,1180,1360,36 ,52 ,15 ,40 ,18 ,7 ,3 ,5 ,30 ,40 ,6 ,2 ,0 ,10 ,0.31,0.57
4246,2186,2152,15 ,17 ,14 ,1 ,1 ,3 ,0 ,13 ,13 ,17 ,0 ,0 ,2 ,0 ,0.31,0.58
4247,1515,1219,75 ,83 ,55 ,58 ,11 ,21 ,9 ,4 ,73 ,68 ,2 ,15 ,0 ,0 ,0.34,0.43
4248,1435,1521,5 ,23 ,2 ,14 ,2 ,7 ,1 ,2 ,2 ,4 ,3 ,7 ,0 ,12 ,0.55,0.65
4249,1871,1778,63 ,54 ,19 ,21 ,18 ,24 ,26 ,9 ,61 ,48 ,2 ,4 ,0 ,2 ,0.35,0.48
4250,2027,2056,5 ,7 ,4 ,7 ,0 ,0 ,1 ,0 ,5 ,4 ,0 ,0 ,0 ,3 ,0.71,0.58
4251,1182,1181,22 ,23 ,6 ,16 ,7 ,6 ,9 ,1 ,12 ,12 ,2 ,2 ,8 ,9 ,0.34,0.53
4252,1694,1232,102 ,51 ,87 ,40 ,9 ,9 ,6 ,2 ,77 ,49 ,13 ,2 ,12 ,0 ,0.51,0.28
4253,1235,1387,19 ,21 ,7 ,11 ,2 ,9 ,10 ,1 ,8 ,12 ,11 ,7 ,0 ,2 ,0.46,0.6
4254,1911,2418,8 ,5 ,2 ,2 ,3 ,2 ,3 ,1 ,5 ,4 ,3 ,1 ,0 ,0 ,0.5,0.33
4255,1430,1236,23 ,41 ,13 ,30 ,3 ,6 ,7 ,5 ,22 ,13 ,0 ,7 ,1 ,21 ,0.42,0.43
4256,1183,1790,68 ,111 ,40 ,61 ,15 ,21 ,13 ,29 ,58 ,97 ,10 ,14 ,0 ,0 ,0.36,0.48
4257,1314,1646,5 ,8 ,2 ,4 ,3 ,1 ,0 ,3 ,2 ,6 ,0 ,2 ,3 ,0 ,0.35,0.38
4258,1184,2450,14 ,23 ,8 ,22 ,2 ,1 ,4 ,0 ,13 ,10 ,1 ,2 ,0 ,11 ,0.6,0.79
4259,1474,2120,75 ,83 ,57 ,56 ,15 ,13 ,3 ,14 ,54 ,67 ,20 ,16 ,1 ,0 ,0.45,0.37
4260,1543,1549,70 ,72 ,38 ,36 ,17 ,13 ,15 ,23 ,58 ,67 ,8 ,5 ,4 ,0 ,0.43,0.43
4261,1377,1616,86 ,72 ,70 ,66 ,7 ,3 ,9 ,3 ,74 ,67 ,12 ,0 ,0 ,5 ,0.47,0.36
4262,1345,2037,69 ,70 ,39 ,42 ,18 ,24 ,12 ,4 ,47 ,34 ,22 ,33 ,0 ,3 ,0.43,0.45
4263,1977,2550,36 ,26 ,25 ,21 ,6 ,4 ,5 ,1 ,24 ,14 ,6 ,2 ,6 ,10 ,0.47,0.55
4264,1240,2437,11 ,15 ,4 ,5 ,4 ,4 ,3 ,6 ,7 ,9 ,4 ,5 ,0 ,1 ,0.61,0.51
4265,1358,1301,31 ,27 ,26 ,15 ,5 ,7 ,0 ,5 ,19 ,20 ,1 ,2 ,11 ,5 ,0.35,0.33
4266,1213,1433,86 ,82 ,62 ,60 ,17 ,20 ,7 ,2 ,60 ,47 ,13 ,20 ,13 ,15 ,0.54,0.45
4267,2466,2098,73 ,75 ,51 ,55 ,9 ,8 ,13 ,12 ,70 ,66 ,3 ,1 ,0 ,8 ,0.36,0.46
4268,2144,2546,65 ,109 ,49 ,91 ,14 ,8 ,2 ,10 ,64 ,109 ,1 ,0 ,0 ,0 ,0.29,0.43
4269,2620,1442,71 ,19 ,41 ,10 ,15 ,6 ,15 ,3 ,36 ,9 ,7 ,2 ,28 ,8 ,0.58,0.22
4270,1492,1320,42 ,8 ,37 ,7 ,2 ,1 ,3 ,0 ,25 ,5 ,7 ,2 ,10 ,1 ,0.67,0.22
4271,1383,2278,2 ,12 ,0 ,10 ,1 ,1 ,1 ,1 ,0 ,3 ,2 ,8 ,0 ,1 ,0.5,0.63
4272,1807,1689,77 ,82 ,47 ,50 ,28 ,26 ,2 ,6 ,35 ,56 ,42 ,25 ,0 ,1 ,0.49,0.49
4273,1399,1381,74 ,32 ,38 ,13 ,15 ,9 ,21 ,10 ,58 ,28 ,11 ,4 ,5 ,0 ,0.51,0.37
4274,1550,1571,57 ,28 ,40 ,23 ,13 ,2 ,4 ,3 ,56 ,26 ,1 ,2 ,0 ,0 ,0.37,0.31
4275,1489,1970,58 ,95 ,29 ,33 ,12 ,32 ,17 ,30 ,46 ,76 ,12 ,4 ,0 ,15 ,0.41,0.57
4276,1288,1357,2 ,6 ,2 ,3 ,0 ,0 ,0 ,3 ,2 ,6 ,0 ,0 ,0 ,0 ,0.28,0.5
4277,2246,1302,12 ,2 ,12 ,2 ,0 ,0 ,0 ,0 ,1 ,1 ,1 ,0 ,10 ,1 ,0.54,0.33
4278,1525,1258,59 ,27 ,34 ,11 ,11 ,6 ,14 ,10 ,48 ,25 ,1 ,1 ,10 ,1 ,0.52,0.35
4279,1257,1889,0 ,3 ,0 ,1 ,0 ,0 ,0 ,2 ,0 ,2 ,0 ,0 ,0 ,1 ,0.0,0.75
4280,1346,1185,8 ,1 ,7 ,1 ,1 ,0 ,0 ,0 ,4 ,1 ,0 ,0 ,4 ,0 ,0.8,0.16
4281,1259,2276,0 ,38 ,0 ,35 ,0 ,0 ,0 ,3 ,0 ,4 ,0 ,0 ,0 ,34 ,0.0,0.7
4282,1643,1405,44 ,43 ,22 ,26 ,6 ,9 ,16 ,8 ,38 ,42 ,3 ,1 ,3 ,0 ,0.31,0.4
4283,1699,1264,40 ,17 ,24 ,8 ,16 ,5 ,0 ,4 ,20 ,15 ,20 ,2 ,0 ,0 ,0.45,0.37
4284,1417,1402,1 ,5 ,0 ,3 ,1 ,1 ,0 ,1 ,1 ,3 ,0 ,0 ,0 ,2 ,0.33,0.71
4285,1522,2515,5 ,10 ,3 ,6 ,1 ,1 ,1 ,3 ,5 ,6 ,0 ,0 ,0 ,4 ,0.55,0.52
4286,1609,2518,45 ,64 ,40 ,44 ,5 ,7 ,0 ,13 ,29 ,47 ,6 ,13 ,10 ,4 ,0.39,0.4
4287,1414,2420,76 ,45 ,55 ,26 ,11 ,12 ,10 ,7 ,72 ,38 ,2 ,1 ,2 ,6 ,0.32,0.27
4288,1316,1186,41 ,22 ,37 ,14 ,3 ,6 ,1 ,2 ,24 ,19 ,13 ,3 ,4 ,0 ,0.47,0.4
4289,1188,1187,1 ,77 ,1 ,59 ,0 ,16 ,0 ,2 ,1 ,9 ,0 ,6 ,0 ,62 ,0.07,0.61
4290,1263,1440,24 ,45 ,6 ,34 ,7 ,8 ,11 ,3 ,10 ,25 ,14 ,8 ,0 ,12 ,0.35,0.69
4291,1230,2219,24 ,46 ,14 ,22 ,0 ,10 ,10 ,14 ,22 ,44 ,0 ,2 ,2 ,0 ,0.43,0.3
4292,1439,1378,34 ,47 ,22 ,22 ,6 ,7 ,6 ,18 ,31 ,39 ,3 ,8 ,0 ,0 ,0.31,0.42
4293,1577,1261,26 ,10 ,21 ,4 ,5 ,5 ,0 ,1 ,11 ,8 ,4 ,2 ,11 ,0 ,0.54,0.33
4294,1410,1256,2 ,0 ,1 ,0 ,0 ,0 ,1 ,0 ,2 ,0 ,0 ,0 ,0 ,0 ,0.5,0.0
4295,1750,1211,49 ,34 ,42 ,16 ,1 ,2 ,6 ,16 ,32 ,32 ,1 ,0 ,16 ,2 ,0.56,0.23
4296,2259,1876,23 ,44 ,13 ,28 ,3 ,9 ,7 ,7 ,21 ,17 ,2 ,23 ,0 ,4 ,0.45,0.5
4297,1582,1375,57 ,22 ,47 ,11 ,9 ,4 ,1 ,7 ,24 ,18 ,10 ,1 ,23 ,3 ,0.44,0.25
4298,1419,1237,43 ,24 ,36 ,11 ,7 ,4 ,0 ,9 ,18 ,22 ,14 ,2 ,11 ,0 ,0.53,0.52
4299,2668,1510,135 ,41 ,84 ,26 ,18 ,8 ,33 ,7 ,114 ,41 ,3 ,0 ,18 ,0 ,0.53,0.25
4300,1307,1189,26 ,16 ,7 ,8 ,12 ,0 ,7 ,8 ,24 ,16 ,0 ,0 ,2 ,0 ,0.41,0.51
4301,1313,1373,32 ,24 ,18 ,23 ,9 ,1 ,5 ,0 ,26 ,14 ,6 ,5 ,0 ,5 ,0.28,0.48
4302,1190,1434,28 ,57 ,11 ,46 ,8 ,10 ,9 ,1 ,18 ,28 ,10 ,28 ,0 ,1 ,0.33,0.49
4303,1819,1921,23 ,142 ,14 ,96 ,5 ,40 ,4 ,6 ,12 ,31 ,9 ,23 ,2 ,88 ,0.28,0.59
4304,1533,1808,3 ,3 ,2 ,1 ,0 ,2 ,1 ,0 ,0 ,0 ,0 ,2 ,3 ,1 ,0.5,0.33
4305,1653,2227,29 ,17 ,25 ,16 ,2 ,1 ,2 ,0 ,1 ,0 ,9 ,14 ,19 ,3 ,0.5,0.8
4306,2663,1389,96 ,29 ,53 ,27 ,11 ,1 ,32 ,1 ,79 ,27 ,7 ,2 ,10 ,0 ,0.38,0.22
4307,1794,1869,44 ,31 ,38 ,12 ,5 ,8 ,1 ,11 ,13 ,21 ,4 ,8 ,27 ,2 ,0.55,0.57
4308,2294,1365,34 ,5 ,24 ,4 ,7 ,0 ,3 ,1 ,24 ,5 ,2 ,0 ,8 ,0 ,0.58,0.2
4309,2304,1952,1 ,13 ,0 ,11 ,1 ,1 ,0 ,1 ,1 ,1 ,0 ,0 ,0 ,12 ,0.2,0.81
4310,1800,2262,86 ,72 ,16 ,30 ,14 ,9 ,56 ,33 ,85 ,65 ,1 ,3 ,0 ,4 ,0.48,0.37
4311,1191,2594,35 ,42 ,11 ,27 ,9 ,8 ,15 ,7 ,30 ,31 ,2 ,6 ,3 ,5 ,0.38,0.44
4312,1720,1688,44 ,26 ,40 ,15 ,3 ,6 ,1 ,5 ,15 ,19 ,15 ,0 ,14 ,7 ,0.48,0.59
4313,1208,1428,0 ,5 ,0 ,5 ,0 ,0 ,0 ,0 ,0 ,1 ,0 ,0 ,0 ,4 ,0.0,0.83
4314,1469,1398,15 ,20 ,13 ,10 ,1 ,3 ,1 ,7 ,9 ,10 ,2 ,3 ,4 ,7 ,0.36,0.43
4315,1513,1192,36 ,37 ,35 ,28 ,1 ,9 ,0 ,0 ,36 ,36 ,0 ,1 ,0 ,0 ,0.28,0.44
4316,2083,1443,16 ,13 ,8 ,10 ,4 ,3 ,4 ,0 ,15 ,13 ,0 ,0 ,1 ,0 ,0.33,0.48
4317,1565,1369,20 ,22 ,19 ,17 ,1 ,5 ,0 ,0 ,12 ,16 ,1 ,5 ,7 ,1 ,0.35,0.51
4318,1311,2049,65 ,35 ,26 ,27 ,7 ,6 ,32 ,2 ,52 ,27 ,10 ,6 ,3 ,2 ,0.48,0.3
4319,1555,1922,11 ,6 ,10 ,1 ,0 ,4 ,1 ,1 ,4 ,3 ,6 ,3 ,1 ,0 ,0.61,0.46
4320,1710,1363,58 ,25 ,40 ,13 ,8 ,10 ,10 ,2 ,21 ,17 ,3 ,8 ,34 ,0 ,0.68,0.44
4321,1273,1193,63 ,43 ,35 ,26 ,4 ,4 ,24 ,13 ,54 ,43 ,3 ,0 ,6 ,0 ,0.34,0.32
4322,1270,1423,51 ,49 ,36 ,29 ,13 ,7 ,2 ,13 ,22 ,19 ,28 ,30 ,1 ,0 ,0.53,0.51
4323,1386,1194,135 ,95 ,100 ,73 ,26 ,12 ,9 ,10 ,123 ,92 ,12 ,3 ,0 ,0 ,0.47,0.27
4324,1366,2359,27 ,38 ,11 ,32 ,14 ,3 ,2 ,3 ,27 ,37 ,0 ,1 ,0 ,0 ,0.31,0.3
4325,1467,1325,9 ,16 ,6 ,6 ,1 ,9 ,2 ,1 ,9 ,14 ,0 ,2 ,0 ,0 ,0.4,0.5
4326,1350,1271,50 ,48 ,32 ,30 ,6 ,15 ,12 ,3 ,25 ,33 ,2 ,13 ,23 ,2 ,0.51,0.56
4327,1282,1195,40 ,20 ,35 ,16 ,2 ,4 ,3 ,0 ,39 ,12 ,1 ,8 ,0 ,0 ,0.6,0.44
4328,1196,1449,2 ,13 ,1 ,8 ,1 ,2 ,0 ,3 ,2 ,8 ,0 ,0 ,0 ,5 ,0.66,0.65
4329,1519,2129,42 ,141 ,41 ,83 ,1 ,50 ,0 ,8 ,30 ,45 ,9 ,18 ,3 ,78 ,0.46,0.58
4331,1312,2451,46 ,70 ,31 ,43 ,1 ,4 ,14 ,23 ,46 ,60 ,0 ,5 ,0 ,5 ,0.34,0.51
4332,1299,1347,8 ,5 ,3 ,2 ,1 ,2 ,4 ,1 ,7 ,4 ,0 ,0 ,1 ,1 ,0.57,0.5
4333,2247,1197,38 ,34 ,24 ,14 ,2 ,7 ,12 ,13 ,35 ,33 ,3 ,1 ,0 ,0 ,0.27,0.31
4334,1198,1677,27 ,67 ,4 ,44 ,5 ,19 ,18 ,4 ,20 ,15 ,7 ,52 ,0 ,0 ,0.46,0.63
4335,2530,2664,104 ,93 ,67 ,66 ,19 ,15 ,18 ,12 ,89 ,74 ,6 ,19 ,9 ,0 ,0.44,0.4
4336,1248,1961,33 ,66 ,22 ,33 ,8 ,19 ,3 ,14 ,31 ,53 ,2 ,8 ,0 ,5 ,0.33,0.39
4337,2644,1466,81 ,36 ,60 ,32 ,8 ,4 ,13 ,0 ,48 ,32 ,10 ,4 ,23 ,0 ,0.51,0.31
4338,1498,1295,3 ,0 ,2 ,0 ,0 ,0 ,1 ,0 ,1 ,0 ,0 ,0 ,2 ,0 ,0.6,0.0
4339,1485,1570,0 ,0 ,0 ,0 ,0 ,0 ,0 ,0 ,0 ,0 ,0 ,0 ,0 ,0 ,0.0,0.0
4340,1293,1464,64 ,13 ,24 ,8 ,34 ,4 ,6 ,1 ,16 ,7 ,10 ,5 ,38 ,1 ,0.79,0.44
4341,1916,1804,54 ,55 ,40 ,41 ,6 ,14 ,8 ,0 ,40 ,35 ,1 ,0 ,13 ,20 ,0.52,0.46
4342,1272,2470,43 ,67 ,32 ,43 ,5 ,14 ,6 ,10 ,43 ,45 ,0 ,0 ,0 ,22 ,0.32,0.31
4343,1763,1656,41 ,26 ,7 ,19 ,25 ,7 ,9 ,0 ,7 ,6 ,34 ,8 ,0 ,12 ,0.64,0.43
4344,1400,1893,35 ,38 ,12 ,15 ,21 ,9 ,2 ,14 ,20 ,28 ,15 ,9 ,0 ,1 ,0.47,0.4
4345,1318,2466,55 ,55 ,17 ,32 ,14 ,5 ,24 ,18 ,54 ,49 ,1 ,0 ,0 ,6 ,0.47,0.37
4346,1699,1678,29 ,38 ,12 ,28 ,7 ,5 ,10 ,5 ,14 ,22 ,14 ,16 ,1 ,0 ,0.41,0.53
4347,1285,1911,43 ,79 ,26 ,55 ,8 ,7 ,9 ,17 ,42 ,48 ,1 ,8 ,0 ,23 ,0.38,0.53
4348,1199,2218,19 ,27 ,17 ,18 ,1 ,5 ,1 ,4 ,15 ,24 ,0 ,2 ,4 ,1 ,0.21,0.36
4349,1472,1200,56 ,17 ,40 ,9 ,8 ,2 ,8 ,6 ,30 ,17 ,12 ,0 ,14 ,0 ,0.6,0.28
4350,2292,1861,33 ,15 ,14 ,6 ,14 ,1 ,5 ,8 ,21 ,10 ,7 ,5 ,5 ,0 ,0.75,0.34
4351,2191,1404,127 ,65 ,95 ,37 ,28 ,17 ,4 ,11 ,95 ,57 ,27 ,4 ,5 ,4 ,0.38,0.37
4352,1689,1750,14 ,24 ,2 ,23 ,5 ,0 ,7 ,1 ,13 ,18 ,1 ,4 ,0 ,2 ,0.58,0.43
4353,1368,1201,35 ,2 ,32 ,1 ,1 ,1 ,2 ,0 ,7 ,1 ,8 ,1 ,20 ,0 ,0.64,0.25
4354,2319,1301,19 ,30 ,9 ,26 ,10 ,4 ,0 ,0 ,12 ,6 ,7 ,7 ,0 ,17 ,0.39,0.57
4355,2120,2598,84 ,51 ,56 ,41 ,19 ,8 ,9 ,2 ,42 ,32 ,33 ,13 ,9 ,6 ,0.47,0.38
4356,1202,2655,32 ,101 ,28 ,92 ,2 ,9 ,2 ,0 ,31 ,29 ,1 ,11 ,0 ,61 ,0.3,0.48
4357,1538,1515,11 ,1 ,9 ,0 ,0 ,1 ,2 ,0 ,5 ,1 ,0 ,0 ,6 ,0 ,0.4,0.06
4358,2549,2515,61 ,25 ,39 ,21 ,3 ,0 ,19 ,4 ,57 ,24 ,1 ,1 ,3 ,0 ,0.53,0.25
4359,1370,2418,77 ,49 ,33 ,21 ,33 ,10 ,11 ,18 ,58 ,43 ,7 ,6 ,12 ,0 ,0.45,0.41
4360,1700,2276,28 ,5 ,22 ,4 ,5 ,0 ,1 ,1 ,17 ,5 ,4 ,0 ,7 ,0 ,0.35,0.17
4361,1723,2656,63 ,34 ,40 ,18 ,18 ,8 ,5 ,8 ,41 ,26 ,9 ,3 ,13 ,5 ,0.45,0.42
4362,1958,2439,20 ,30 ,11 ,23 ,1 ,6 ,8 ,1 ,20 ,30 ,0 ,0 ,0 ,0 ,0.41,0.44
4363,1571,1986,53 ,88 ,53 ,65 ,0 ,1 ,0 ,22 ,51 ,81 ,2 ,4 ,0 ,3 ,0.35,0.27
4364,1770,1254,10 ,3 ,8 ,2 ,0 ,1 ,2 ,0 ,5 ,3 ,0 ,0 ,5 ,0 ,0.41,0.3
4365,2206,2195,46 ,42 ,38 ,30 ,8 ,3 ,0 ,9 ,39 ,38 ,7 ,0 ,0 ,4 ,0.43,0.44
4366,1722,2566,34 ,39 ,22 ,33 ,5 ,2 ,7 ,4 ,27 ,24 ,7 ,11 ,0 ,4 ,0.5,0.38
4367,2557,1965,41 ,7 ,35 ,7 ,3 ,0 ,3 ,0 ,7 ,3 ,4 ,0 ,30 ,4 ,0.58,0.43
4368,1938,1454,23 ,30 ,17 ,19 ,3 ,6 ,3 ,5 ,17 ,14 ,6 ,10 ,0 ,6 ,0.46,0.66
4369,1570,1246,21 ,3 ,17 ,2 ,4 ,1 ,0 ,0 ,5 ,2 ,1 ,1 ,15 ,0 ,0.55,0.2
4370,1427,1481,42 ,25 ,27 ,9 ,10 ,7 ,5 ,9 ,34 ,24 ,4 ,1 ,4 ,0 ,0.3,0.37
4371,1203,2567,27 ,49 ,10 ,25 ,2 ,23 ,15 ,1 ,27 ,45 ,0 ,3 ,0 ,1 ,0.5,0.54
4372,2099,1779,70 ,42 ,49 ,9 ,17 ,5 ,4 ,28 ,70 ,39 ,0 ,3 ,0 ,0 ,0.44,0.29
4373,1679,2323,5 ,15 ,2 ,14 ,1 ,0 ,2 ,1 ,5 ,8 ,0 ,0 ,0 ,7 ,0.11,0.44
4374,2433,1729,18 ,20 ,16 ,12 ,2 ,1 ,0 ,7 ,17 ,14 ,0 ,0 ,1 ,6 ,0.33,0.24
4375,1216,1204,27 ,59 ,20 ,41 ,1 ,5 ,6 ,13 ,25 ,39 ,0 ,1 ,2 ,19 ,0.25,0.49
4376,1592,1690,6 ,17 ,3 ,12 ,0 ,5 ,3 ,0 ,4 ,5 ,2 ,9 ,0 ,3 ,0.3,0.73
4377,1834,1205,94 ,59 ,55 ,49 ,19 ,9 ,20 ,1 ,88 ,54 ,2 ,5 ,4 ,0 ,0.38,0.42
4378,2081,2671,62 ,78 ,19 ,77 ,15 ,1 ,28 ,0 ,59 ,65 ,3 ,1 ,0 ,12 ,0.23,0.3
4379,2252,1703,107 ,143 ,68 ,81 ,18 ,23 ,21 ,39 ,99 ,135 ,8 ,7 ,0 ,1 ,0.46,0.46
4380,1284,1206,79 ,55 ,45 ,13 ,15 ,9 ,19 ,33 ,77 ,55 ,2 ,0 ,0 ,0 ,0.49,0.34
4381,2554,1269,71 ,13 ,45 ,10 ,14 ,2 ,12 ,1 ,11 ,7 ,3 ,2 ,57 ,4 ,0.66,0.56
4382,1488,1648,43 ,45 ,24 ,21 ,15 ,15 ,4 ,9 ,40 ,45 ,2 ,0 ,1 ,0 ,0.4,0.34
4383,1432,1976,1 ,24 ,1 ,20 ,0 ,1 ,0 ,3 ,1 ,6 ,0 ,0 ,0 ,18 ,0.14,0.6
4384,1773,1339,46 ,34 ,24 ,16 ,6 ,12 ,16 ,6 ,45 ,34 ,1 ,0 ,0 ,0 ,0.29,0.36
4385,1207,1392,36 ,47 ,22 ,14 ,8 ,15 ,6 ,18 ,23 ,35 ,7 ,1 ,6 ,11 ,0.55,0.58
4386,1387,1904,48 ,92 ,35 ,52 ,6 ,27 ,7 ,13 ,37 ,81 ,11 ,11 ,0 ,0 ,0.45,0.45
4387,1791,1502,18 ,12 ,14 ,7 ,2 ,2 ,2 ,3 ,12 ,10 ,6 ,2 ,0 ,0 ,0.52,0.6
4388,2105,1530,53 ,34 ,47 ,29 ,5 ,3 ,1 ,2 ,25 ,23 ,8 ,1 ,20 ,10 ,0.53,0.62
4389,1208,1319,32 ,42 ,6 ,23 ,21 ,15 ,5 ,4 ,11 ,26 ,6 ,11 ,15 ,5 ,0.56,0.44
4390,1267,1358,5 ,86 ,4 ,71 ,0 ,11 ,1 ,4 ,2 ,16 ,0 ,0 ,3 ,70 ,0.16,0.74
4391,1310,1421,45 ,52 ,28 ,25 ,10 ,17 ,7 ,10 ,29 ,36 ,2 ,11 ,14 ,5 ,0.64,0.49
4392,1238,1667,104 ,154 ,72 ,137 ,19 ,17 ,13 ,0 ,99 ,130 ,4 ,23 ,1 ,1 ,0.41,0.51
4393,1326,2636,10 ,22 ,2 ,16 ,7 ,3 ,1 ,3 ,3 ,14 ,7 ,6 ,0 ,2 ,0.52,0.61
4394,1537,1209,34 ,49 ,15 ,42 ,7 ,2 ,12 ,5 ,25 ,42 ,9 ,7 ,0 ,0 ,0.41,0.62
4395,1584,1210,45 ,42 ,40 ,20 ,4 ,11 ,1 ,11 ,40 ,41 ,1 ,1 ,4 ,0 ,0.48,0.41
4396,2347,1829,68 ,18 ,36 ,11 ,11 ,5 ,21 ,2 ,40 ,15 ,14 ,3 ,14 ,0 ,0.59,0.22
4397,1374,1260,118 ,42 ,49 ,37 ,33 ,4 ,36 ,1 ,105 ,25 ,13 ,17 ,0 ,0 ,0.47,0.35
4398,2169,1211,20 ,24 ,18 ,20 ,1 ,2 ,1 ,2 ,11 ,9 ,1 ,9 ,8 ,6 ,0.58,0.5
4399,1936,2280,91 ,88 ,49 ,72 ,29 ,10 ,13 ,6 ,90 ,88 ,1 ,0 ,0 ,0 ,0.38,0.39
4400,1249,1787,65 ,101 ,58 ,61 ,7 ,16 ,0 ,24 ,59 ,86 ,3 ,8 ,3 ,7 ,0.44,0.58
4401,1485,2504,155 ,127 ,104 ,83 ,32 ,13 ,19 ,31 ,137 ,118 ,15 ,8 ,3 ,1 ,0.58,0.49
4402,1239,1613,20 ,8 ,19 ,6 ,1 ,0 ,0 ,2 ,3 ,5 ,1 ,1 ,16 ,2 ,0.57,0.44
4403,1349,1271,17 ,26 ,11 ,11 ,3 ,10 ,3 ,5 ,14 ,16 ,3 ,5 ,0 ,5 ,0.28,0.26
4404,1709,1664,22 ,38 ,7 ,23 ,12 ,11 ,3 ,4 ,9 ,13 ,12 ,17 ,1 ,8 ,0.43,0.58
4405,1790,1754,5 ,6 ,4 ,5 ,0 ,1 ,1 ,0 ,5 ,6 ,0 ,0 ,0 ,0 ,0.38,0.6
4406,2326,1212,8 ,3 ,6 ,1 ,1 ,0 ,1 ,2 ,7 ,3 ,0 ,0 ,1 ,0 ,0.27,0.1
4407,1213,2038,52 ,96 ,33 ,80 ,12 ,5 ,7 ,11 ,34 ,76 ,13 ,18 ,5 ,2 ,0.38,0.45
4408,1975,1214,14 ,1 ,13 ,0 ,1 ,1 ,0 ,0 ,2 ,1 ,0 ,0 ,12 ,0 ,1.0,0.33
4409,1440,1391,34 ,18 ,28 ,7 ,1 ,7 ,5 ,4 ,14 ,17 ,0 ,0 ,20 ,1 ,0.48,0.58
4410,2245,1317,10 ,6 ,4 ,6 ,3 ,0 ,3 ,0 ,10 ,4 ,0 ,0 ,0 ,2 ,0.37,0.25
4411,1215,1890,71 ,49 ,30 ,22 ,11 ,21 ,30 ,6 ,61 ,43 ,2 ,6 ,8 ,0 ,0.43,0.39
4412,1925,1355,26 ,5 ,15 ,2 ,1 ,0 ,10 ,3 ,17 ,5 ,0 ,0 ,9 ,0 ,0.52,0.29
4413,1216,2550,7 ,14 ,5 ,7 ,1 ,5 ,1 ,2 ,7 ,9 ,0 ,1 ,0 ,4 ,0.29,0.51
4414,2467,1595,2 ,9 ,2 ,7 ,0 ,0 ,0 ,2 ,2 ,6 ,0 ,2 ,0 ,1 ,0.33,0.6
4415,1217,1541,35 ,34 ,8 ,19 ,16 ,9 ,11 ,6 ,34 ,31 ,1 ,3 ,0 ,0 ,0.34,0.35
4416,1218,1523,2 ,3 ,2 ,1 ,0 ,0 ,0 ,2 ,2 ,3 ,0 ,0 ,0 ,0 ,0.2,0.23
4417,1606,1219,96 ,159 ,90 ,121 ,6 ,32 ,0 ,6 ,80 ,131 ,9 ,28 ,7 ,0 ,0.52,0.59
4418,1220,1896,10 ,6 ,6 ,3 ,2 ,2 ,2 ,1 ,7 ,3 ,3 ,3 ,0 ,0 ,0.58,0.35
4419,1233,1480,0 ,1 ,0 ,1 ,0 ,0 ,0 ,0 ,0 ,1 ,0 ,0 ,0 ,0 ,0.0,0.11
4420,1221,1266,47 ,49 ,25 ,34 ,16 ,12 ,6 ,3 ,27 ,32 ,19 ,17 ,1 ,0 ,0.58,0.41
4421,1384,2629,17 ,36 ,15 ,30 ,2 ,6 ,0 ,0 ,11 ,33 ,1 ,1 ,5 ,2 ,0.54,0.42
4422,1278,2096,71 ,59 ,55 ,49 ,3 ,2 ,13 ,8 ,71 ,59 ,0 ,0 ,0 ,0 ,0.3,0.29
4423,2327,1304,141 ,88 ,119 ,59 ,20 ,17 ,2 ,12 ,131 ,83 ,6 ,5 ,4 ,0 ,0.55,0.3
4424,1390,1638,186 ,132 ,138 ,112 ,13 ,12 ,35 ,8 ,161 ,123 ,10 ,7 ,15 ,2 ,0.4,0.32
4425,1360,1385,22 ,15 ,21 ,6 ,1 ,1 ,0 ,8 ,14 ,13 ,6 ,2 ,2 ,0 ,0.5,0.39
4426,1286,2564,4 ,16 ,4 ,13 ,0 ,2 ,0 ,1 ,2 ,3 ,1 ,0 ,1 ,13 ,0.66,0.57
4427,1229,1994,39 ,27 ,23 ,22 ,12 ,2 ,4 ,3 ,16 ,18 ,18 ,9 ,5 ,0 ,0.65,0.44
4428,1323,1222,40 ,12 ,34 ,3 ,6 ,6 ,0 ,3 ,4 ,10 ,2 ,1 ,34 ,1 ,0.66,0.38
4429,1674,1691,76 ,91 ,47 ,68 ,11 ,3 ,18 ,20 ,75 ,90 ,1 ,1 ,0 ,0 ,0.29,0.39
4430,1348,2128,52 ,39 ,16 ,22 ,14 ,15 ,22 ,2 ,47 ,32 ,4 ,6 ,1 ,1 ,0.37,0.39
4431,1646,1575,93 ,75 ,61 ,56 ,29 ,13 ,3 ,6 ,69 ,51 ,23 ,13 ,1 ,11 ,0.57,0.49
4432,2442,1521,6 ,31 ,3 ,26 ,0 ,4 ,3 ,1 ,3 ,1 ,1 ,4 ,2 ,26 ,0.46,0.67
4433,2239,1905,95 ,56 ,72 ,29 ,21 ,25 ,2 ,2 ,55 ,34 ,23 ,19 ,17 ,3 ,0.54,0.4
4434,1290,2329,155 ,122 ,113 ,69 ,36 ,16 ,6 ,37 ,128 ,106 ,24 ,15 ,3 ,1 ,0.43,0.51
4435,2294,1414,36 ,25 ,18 ,19 ,10 ,3 ,8 ,3 ,16 ,23 ,3 ,1 ,17 ,1 ,0.43,0.25
4436,1540,1634,1 ,6 ,1 ,4 ,0 ,0 ,0 ,2 ,1 ,2 ,0 ,3 ,0 ,1 ,0.25,0.42
4437,2443,2060,174 ,87 ,135 ,65 ,36 ,13 ,3 ,9 ,144 ,84 ,16 ,3 ,14 ,0 ,0.43,0.53
4438,1223,1959,18 ,70 ,10 ,62 ,5 ,6 ,3 ,2 ,16 ,68 ,0 ,2 ,2 ,0 ,0.24,0.61
4439,1625,1479,46 ,55 ,25 ,49 ,10 ,4 ,11 ,2 ,39 ,44 ,4 ,9 ,3 ,2 ,0.47,0.44
4440,1643,1297,35 ,38 ,16 ,9 ,4 ,15 ,15 ,14 ,29 ,38 ,6 ,0 ,0 ,0 ,0.36,0.38
4441,1487,2297,58 ,47 ,22 ,34 ,31 ,10 ,5 ,3 ,22 ,24 ,34 ,21 ,2 ,2 ,0.54,0.39
4442,1224,2315,8 ,24 ,7 ,13 ,0 ,5 ,1 ,6 ,7 ,9 ,1 ,7 ,0 ,8 ,0.28,0.6
4443,1562,1405,23 ,20 ,19 ,16 ,4 ,3 ,0 ,1 ,21 ,10 ,2 ,3 ,0 ,7 ,0.34,0.4
4444,1636,1403,23 ,49 ,10 ,29 ,6 ,13 ,7 ,7 ,7 ,20 ,9 ,12 ,7 ,17 ,0.36,0.69
4445,1242,1736,78 ,78 ,45 ,55 ,14 ,15 ,19 ,8 ,73 ,74 ,5 ,4 ,0 ,0 ,0.39,0.41
4446,2450,1534,79 ,30 ,62 ,12 ,16 ,14 ,1 ,4 ,26 ,15 ,24 ,11 ,29 ,4 ,0.56,0.5
4447,1746,1328,49 ,36 ,28 ,28 ,20 ,5 ,1 ,3 ,12 ,13 ,13 ,15 ,24 ,8 ,0.59,0.57
4448,1648,2620,7 ,3 ,6 ,1 ,1 ,1 ,0 ,1 ,5 ,3 ,0 ,0 ,2 ,0 ,0.5,0.3
4449,1320,1885,36 ,85 ,22 ,61 ,10 ,14 ,4 ,10 ,33 ,81 ,3 ,0 ,0 ,4 ,0.19,0.44
4450,2562,2144,60 ,24 ,24 ,12 ,20 ,9 ,16 ,3 ,56 ,20 ,4 ,4 ,0 ,0 ,0.61,0.34
4451,1289,1225,51 ,13 ,44 ,5 ,3 ,4 ,4 ,4 ,21 ,12 ,7 ,1 ,23 ,0 ,0.4,0.27
4452,1712,1226,6 ,10 ,4 ,5 ,1 ,1 ,1 ,4 ,3 ,9 ,3 ,1 ,0 ,0 ,0.16,0.58
4453,1831,1227,47 ,29 ,17 ,23 ,13 ,3 ,17 ,3 ,47 ,28 ,0 ,1 ,0 ,0 ,0.45,0.31
4454,1408,1817,5 ,1 ,3 ,0 ,1 ,0 ,1 ,1 ,4 ,1 ,0 ,0 ,1 ,0 ,1.0,0.25
4455,1338,1228,20 ,13 ,20 ,13 ,0 ,0 ,0 ,0 ,0 ,3 ,0 ,0 ,20 ,10 ,0.51,0.5
4456,2010,1592,32 ,33 ,29 ,28 ,3 ,3 ,0 ,2 ,8 ,16 ,17 ,17 ,7 ,0 ,0.5,0.56
4457,2132,2292,26 ,50 ,17 ,35 ,1 ,6 ,8 ,9 ,23 ,47 ,0 ,0 ,3 ,3 ,0.29,0.39
4458,1757,1727,13 ,21 ,12 ,15 ,1 ,4 ,0 ,2 ,2 ,14 ,0 ,7 ,11 ,0 ,0.61,0.48
4459,2056,1555,78 ,51 ,56 ,34 ,8 ,12 ,14 ,5 ,67 ,51 ,1 ,0 ,10 ,0 ,0.39,0.37
4460,1492,2470,17 ,10 ,3 ,6 ,4 ,1 ,10 ,3 ,17 ,10 ,0 ,0 ,0 ,0 ,0.45,0.26
4461,1807,1952,86 ,172 ,53 ,100 ,32 ,48 ,1 ,24 ,48 ,104 ,38 ,58 ,0 ,10 ,0.4,0.59
4462,2642,1470,12 ,2 ,10 ,0 ,1 ,2 ,1 ,0 ,1 ,1 ,0 ,0 ,11 ,1 ,0.5,0.5
4463,1668,1948,49 ,87 ,20 ,47 ,23 ,38 ,6 ,2 ,49 ,72 ,0 ,0 ,0 ,15 ,0.3,0.5
4464,2287,1579,66 ,51 ,56 ,39 ,8 ,6 ,2 ,6 ,55 ,50 ,7 ,1 ,4 ,0 ,0.4,0.29
4465,1352,1921,41 ,14 ,27 ,6 ,14 ,4 ,0 ,4 ,29 ,10 ,7 ,2 ,5 ,2 ,0.49,0.16
4466,2186,2365,52 ,76 ,37 ,40 ,12 ,29 ,3 ,7 ,44 ,67 ,8 ,3 ,0 ,6 ,0.28,0.58
4467,1580,2304,37 ,32 ,10 ,14 ,10 ,13 ,17 ,5 ,32 ,24 ,5 ,6 ,0 ,2 ,0.33,0.28
4468,1778,1937,38 ,48 ,35 ,27 ,3 ,3 ,0 ,18 ,23 ,41 ,4 ,3 ,11 ,4 ,0.33,0.34
4469,2345,1845,17 ,24 ,3 ,9 ,3 ,4 ,11 ,11 ,17 ,23 ,0 ,1 ,0 ,0 ,0.42,0.34
4470,1512,2286,89 ,25 ,77 ,6 ,8 ,11 ,4 ,8 ,32 ,23 ,2 ,2 ,55 ,0 ,0.5,0.32
4471,1399,1884,118 ,44 ,70 ,33 ,29 ,8 ,19 ,3 ,101 ,43 ,17 ,1 ,0 ,0 ,0.52,0.19
4472,1261,1263,20 ,51 ,20 ,34 ,0 ,11 ,0 ,6 ,5 ,13 ,1 ,22 ,14 ,16 ,0.58,0.64
4473,1291,2576,38 ,54 ,21 ,47 ,8 ,5 ,9 ,2 ,35 ,48 ,2 ,6 ,1 ,0 ,0.27,0.36
4474,1295,1687,38 ,25 ,28 ,20 ,6 ,2 ,4 ,3 ,18 ,15 ,7 ,3 ,13 ,7 ,0.54,0.51
4475,1903,1774,3 ,19 ,3 ,12 ,0 ,4 ,0 ,3 ,1 ,9 ,1 ,5 ,1 ,5 ,0.27,0.48
4476,1375,1931,46 ,70 ,31 ,57 ,3 ,10 ,12 ,3 ,36 ,46 ,2 ,3 ,8 ,21 ,0.52,0.4
4477,2204,1415,9 ,18 ,5 ,17 ,4 ,1 ,0 ,0 ,8 ,17 ,1 ,0 ,0 ,1 ,0.3,0.46
4478,1508,1434,35 ,56 ,30 ,42 ,3 ,14 ,2 ,0 ,18 ,29 ,1 ,12 ,16 ,15 ,0.52,0.44
4479,2037,2436,18 ,45 ,13 ,29 ,5 ,9 ,0 ,7 ,17 ,45 ,0 ,0 ,1 ,0 ,0.28,0.45
4480,2083,1456,50 ,30 ,29 ,20 ,9 ,7 ,12 ,3 ,8 ,17 ,8 ,4 ,34 ,9 ,0.75,0.44
4481,1477,1787,54 ,55 ,29 ,36 ,18 ,12 ,7 ,7 ,40 ,32 ,2 ,7 ,12 ,16 ,0.45,0.56
4482,2663,1979,49 ,44 ,32 ,24 ,6 ,3 ,11 ,17 ,42 ,42 ,3 ,2 ,4 ,0 ,0.36,0.55
4483,2263,1262,3 ,2 ,2 ,1 ,1 ,0 ,0 ,1 ,2 ,2 ,0 ,0 ,1 ,0 ,0.5,0.5
4484,1274,1462,43 ,55 ,27 ,25 ,15 ,13 ,1 ,17 ,41 ,43 ,2 ,0 ,0 ,12 ,0.29,0.45
4485,2394,1881,35 ,72 ,15 ,60 ,6 ,11 ,14 ,1 ,33 ,61 ,2 ,8 ,0 ,3 ,0.3,0.35
4486,1346,2295,36 ,19 ,19 ,13 ,8 ,4 ,9 ,2 ,21 ,15 ,6 ,1 ,9 ,3 ,0.45,0.38
4487,1229,1994,8 ,13 ,3 ,11 ,5 ,0 ,0 ,2 ,4 ,11 ,4 ,2 ,0 ,0 ,0.32,0.39
4488,1430,1726,33 ,38 ,29 ,19 ,4 ,7 ,0 ,12 ,26 ,35 ,7 ,3 ,0 ,0 ,0.25,0.33
4489,1549,2439,24 ,41 ,11 ,35 ,2 ,4 ,11 ,2 ,24 ,26 ,0 ,11 ,0 ,4 ,0.26,0.31
4490,1616,1230,74 ,74 ,57 ,38 ,11 ,18 ,6 ,18 ,74 ,74 ,0 ,0 ,0 ,0 ,0.35,0.57
4491,2098,1694,85 ,89 ,73 ,46 ,5 ,25 ,7 ,18 ,79 ,86 ,1 ,3 ,5 ,0 ,0.43,0.47
4492,1489,2278,32 ,38 ,30 ,23 ,1 ,11 ,1 ,4 ,24 ,33 ,3 ,5 ,5 ,0 ,0.52,0.46
4493,1969,1634,70 ,21 ,45 ,17 ,9 ,4 ,16 ,0 ,37 ,19 ,5 ,2 ,28 ,0 ,0.73,0.18
4494,1351,2187,32 ,80 ,29 ,47 ,3 ,23 ,0 ,10 ,31 ,45 ,1 ,20 ,0 ,15 ,0.35,0.54
4495,2515,1296,24 ,21 ,13 ,15 ,7 ,3 ,4 ,3 ,11 ,7 ,7 ,4 ,6 ,10 ,0.51,0.34
4496,2029,2155,60 ,45 ,24 ,30 ,15 ,10 ,21 ,5 ,50 ,44 ,10 ,1 ,0 ,0 ,0.32,0.45
4497,1560,1789,96 ,68 ,43 ,60 ,22 ,5 ,31 ,3 ,93 ,66 ,3 ,2 ,0 ,0 ,0.47,0.31
4498,1609,1231,46 ,18 ,11 ,5 ,10 ,5 ,25 ,8 ,4 ,6 ,29 ,12 ,13 ,0 ,0.7,0.48
4499,1874,1498,68 ,79 ,37 ,46 ,22 ,3 ,9 ,30 ,63 ,78 ,5 ,1 ,0 ,0 ,0.26,0.37
4500,1499,1232,12 ,5 ,7 ,2 ,1 ,2 ,4 ,1 ,9 ,4 ,0 ,1 ,3 ,0 ,0.36,0.29
4501,1395,2664,56 ,110 ,45 ,48 ,7 ,43 ,4 ,19 ,45 ,55 ,3 ,37 ,8 ,18 ,0.38,0.56
4502,2437,1667,145 ,106 ,96 ,80 ,34 ,26 ,15 ,0 ,125 ,99 ,15 ,6 ,5 ,1 ,0.45,0.47
4503,1357,1565,7 ,34 ,5 ,31 ,1 ,1 ,1 ,2 ,7 ,5 ,0 ,1 ,0 ,28 ,0.43,0.61
4504,1345,2466,103 ,80 ,56 ,70 ,12 ,5 ,35 ,5 ,91 ,76 ,12 ,4 ,0 ,0 ,0.52,0.34
4505,1568,1770,9 ,8 ,7 ,5 ,2 ,2 ,0 ,1 ,6 ,8 ,1 ,0 ,2 ,0 ,0.42,0.23
4506,2319,2246,31 ,9 ,25 ,5 ,6 ,2 ,0 ,2 ,11 ,7 ,0 ,0 ,20 ,2 ,0.5,0.28
4507,1297,1233,17 ,1 ,13 ,1 ,3 ,0 ,1 ,0 ,8 ,1 ,1 ,0 ,8 ,0 ,0.56,0.5
4508,1234,2044,6 ,12 ,1 ,11 ,3 ,1 ,2 ,0 ,4 ,4 ,2 ,1 ,0 ,7 ,0.54,0.66
4509,1666,1999,28 ,20 ,20 ,5 ,5 ,15 ,3 ,0 ,8 ,6 ,3 ,11 ,17 ,3 ,0.62,0.8
4510,1443,1936,87 ,129 ,70 ,91 ,15 ,22 ,2 ,16 ,87 ,124 ,0 ,1 ,0 ,4 ,0.45,0.47
4511,1700,2049,58 ,10 ,33 ,10 ,20 ,0 ,5 ,0 ,13 ,8 ,3 ,1 ,42 ,1 ,0.7,0.45
4512,2403,2418,97 ,72 ,55 ,28 ,23 ,22 ,19 ,22 ,92 ,71 ,4 ,1 ,1 ,0 ,0.41,0.37
4513,1235,1368,77 ,59 ,42 ,40 ,25 ,13 ,10 ,6 ,23 ,27 ,54 ,32 ,0 ,0 ,0.52,0.67
4514,1577,1378,36 ,33 ,22 ,9 ,8 ,15 ,6 ,9 ,17 ,20 ,6 ,13 ,13 ,0 ,0.5,0.54
4515,2262,2348,95 ,2 ,87 ,2 ,8 ,0 ,0 ,0 ,11 ,2 ,0 ,0 ,84 ,0 ,0.84,0.16
4516,1254,2450,62 ,32 ,18 ,18 ,23 ,13 ,21 ,1 ,49 ,19 ,6 ,12 ,7 ,1 ,0.55,0.41
4517,1423,1273,63 ,63 ,35 ,43 ,11 ,7 ,17 ,13 ,58 ,47 ,2 ,8 ,3 ,8 ,0.48,0.36
4518,1350,1525,33 ,49 ,8 ,16 ,6 ,6 ,19 ,27 ,29 ,42 ,4 ,7 ,0 ,0 ,0.3,0.5
4519,1361,1333,58 ,77 ,31 ,49 ,16 ,3 ,11 ,25 ,57 ,73 ,1 ,4 ,0 ,0 ,0.32,0.36
4520,1467,1335,27 ,21 ,24 ,8 ,2 ,10 ,1 ,3 ,12 ,7 ,1 ,13 ,14 ,1 ,0.55,0.32
4521,2347,1236,73 ,8 ,57 ,7 ,10 ,1 ,6 ,0 ,4 ,1 ,5 ,0 ,64 ,7 ,0.6,0.32
4522,1237,2520,22 ,52 ,6 ,35 ,5 ,13 ,11 ,4 ,7 ,28 ,15 ,24 ,0 ,0 ,0.47,0.69
4523,1238,1449,46 ,67 ,16 ,43 ,12 ,7 ,18 ,17 ,46 ,67 ,0 ,0 ,0 ,0 ,0.37,0.43
4524,1869,1460,12 ,8 ,6 ,6 ,2 ,1 ,4 ,1 ,10 ,4 ,2 ,3 ,0 ,1 ,0.52,0.36
4525,2169,1925,63 ,49 ,61 ,35 ,0 ,4 ,2 ,10 ,38 ,40 ,1 ,4 ,24 ,5 ,0.49,0.32
4526,2636,1239,38 ,3 ,30 ,2 ,8 ,1 ,0 ,0 ,26 ,1 ,12 ,2 ,0 ,0 ,0.74,0.27
4527,1337,2566,14 ,56 ,13 ,46 ,0 ,6 ,1 ,4 ,11 ,11 ,2 ,1 ,1 ,44 ,0.43,0.53
4528,1461,1710,45 ,45 ,23 ,22 ,10 ,10 ,12 ,13 ,31 ,44 ,13 ,1 ,1 ,0 ,0.48,0.37
4529,1472,1298,17 ,8 ,13 ,4 ,2 ,0 ,2 ,4 ,10 ,8 ,0 ,0 ,7 ,0 ,0.77,0.44
4530,1240,2359,4 ,7 ,0 ,2 ,0 ,0 ,4 ,5 ,4 ,7 ,0 ,0 ,0 ,0 ,0.3,0.36
4531,1533,1909,43 ,75 ,33 ,70 ,8 ,3 ,2 ,2 ,12 ,48 ,3 ,5 ,28 ,22 ,0.35,0.55
4532,1302,1321,2 ,1 ,1 ,1 ,0 ,0 ,1 ,0 ,2 ,1 ,0 ,0 ,0 ,0 ,0.66,0.2
4533,2396,1241,14 ,7 ,11 ,3 ,1 ,2 ,2 ,2 ,14 ,7 ,0 ,0 ,0 ,0 ,0.45,0.24
4534,2655,2159,8 ,29 ,8 ,24 ,0 ,3 ,0 ,2 ,8 ,13 ,0 ,0 ,0 ,16 ,0.47,0.48
4535,1284,1316,63 ,28 ,32 ,21 ,16 ,2 ,15 ,5 ,41 ,25 ,9 ,0 ,13 ,3 ,0.45,0.42
4536,1777,1726,73 ,114 ,55 ,83 ,12 ,12 ,6 ,19 ,65 ,108 ,6 ,6 ,2 ,0 ,0.25,0.4
4537,1445,1364,33 ,47 ,3 ,31 ,3 ,7 ,27 ,9 ,33 ,44 ,0 ,0 ,0 ,3 ,0.31,0.44
4538,1427,1723,68 ,26 ,24 ,10 ,38 ,16 ,6 ,0 ,60 ,23 ,4 ,3 ,4 ,0 ,0.43,0.28
4539,2325,2504,30 ,37 ,27 ,19 ,2 ,8 ,1 ,10 ,7 ,9 ,3 ,5 ,20 ,23 ,0.66,0.66
4540,1689,1575,28 ,25 ,16 ,17 ,11 ,8 ,1 ,0 ,24 ,22 ,1 ,3 ,3 ,0 ,0.49,0.31
4541,1242,1431,19 ,12 ,16 ,12 ,1 ,0 ,2 ,0 ,12 ,6 ,0 ,0 ,7 ,6 ,0.35,0.42
4542,1358,2315,41 ,29 ,30 ,15 ,9 ,3 ,2 ,11 ,31 ,24 ,1 ,1 ,9 ,4 ,0.37,0.35
4543,1889,1243,17 ,2 ,1 ,0 ,14 ,2 ,2 ,0 ,2 ,2 ,0 ,0 ,15 ,0 ,0.85,0.25
4544,1699,2102,10 ,15 ,3 ,3 ,1 ,4 ,6 ,8 ,9 ,12 ,1 ,3 ,0 ,0 ,0.52,0.62
4545,1447,1522,33 ,78 ,21 ,53 ,8 ,10 ,4 ,15 ,25 ,60 ,8 ,16 ,0 ,2 ,0.41,0.55
4546,1870,2252,84 ,114 ,39 ,63 ,32 ,26 ,13 ,25 ,78 ,89 ,6 ,22 ,0 ,3 ,0.26,0.54
4547,1653,1582,9 ,23 ,5 ,23 ,2 ,0 ,2 ,0 ,6 ,11 ,3 ,1 ,0 ,11 ,0.18,0.58
4548,1442,1911,116 ,94 ,78 ,74 ,27 ,13 ,11 ,7 ,95 ,86 ,21 ,8 ,0 ,0 ,0.5,0.46
4549,1555,2598,45 ,78 ,23 ,58 ,8 ,7 ,14 ,13 ,44 ,74 ,1 ,1 ,0 ,3 ,0.4,0.46
4550,1938,1794,7 ,25 ,2 ,11 ,2 ,5 ,3 ,9 ,7 ,19 ,0 ,1 ,0 ,5 ,0.29,0.6
4551,2129,2239,92 ,69 ,46 ,54 ,43 ,6 ,3 ,9 ,37 ,61 ,17 ,5 ,38 ,3 ,0.51,0.46
4552,2470,2663,18 ,24 ,9 ,18 ,5 ,4 ,4 ,2 ,13 ,19 ,0 ,0 ,5 ,5 ,0.45,0.42
4553,1305,1341,59 ,58 ,44 ,47 ,7 ,6 ,8 ,5 ,57 ,44 ,2 ,13 ,0 ,1 ,0.55,0.43
4554,1330,1961,59 ,95 ,50 ,67 ,4 ,21 ,5 ,7 ,50 ,65 ,8 ,30 ,1 ,0 ,0.35,0.57
4555,1244,1355,4 ,22 ,1 ,18 ,3 ,2 ,0 ,2 ,4 ,9 ,0 ,0 ,0 ,13 ,0.2,0.44
4556,1308,1311,13 ,19 ,4 ,8 ,8 ,2 ,1 ,9 ,12 ,18 ,1 ,1 ,0 ,0 ,0.68,0.57
4557,1488,1958,76 ,69 ,47 ,39 ,22 ,21 ,7 ,9 ,76 ,63 ,0 ,4 ,0 ,2 ,0.41,0.4
4558,2644,2615,4 ,8 ,2 ,5 ,1 ,3 ,1 ,0 ,4 ,6 ,0 ,0 ,0 ,2 ,0.36,0.61
4559,1839,2220,52 ,70 ,27 ,39 ,17 ,14 ,8 ,17 ,37 ,43 ,15 ,19 ,0 ,8 ,0.36,0.48
4560,1342,2227,59 ,41 ,33 ,32 ,17 ,6 ,9 ,3 ,31 ,17 ,19 ,9 ,9 ,15 ,0.55,0.57
4561,1510,1904,34 ,46 ,9 ,12 ,8 ,16 ,17 ,18 ,32 ,42 ,0 ,2 ,2 ,2 ,0.45,0.52
4562,2327,1405,63 ,25 ,41 ,7 ,15 ,9 ,7 ,9 ,53 ,16 ,1 ,1 ,9 ,8 ,0.56,0.41
4563,1743,2144,27 ,25 ,12 ,21 ,10 ,3 ,5 ,1 ,27 ,17 ,0 ,6 ,0 ,2 ,0.35,0.32
4564,1399,2178,33 ,5 ,22 ,2 ,11 ,1 ,0 ,2 ,10 ,3 ,8 ,1 ,15 ,1 ,0.76,0.45
4565,1246,1245,24 ,28 ,11 ,22 ,12 ,5 ,1 ,1 ,7 ,10 ,3 ,5 ,14 ,13 ,0.64,0.7
4566,1435,1307,24 ,33 ,18 ,7 ,1 ,13 ,5 ,13 ,16 ,24 ,1 ,0 ,7 ,9 ,0.38,0.61
4567,2152,2189,18 ,59 ,2 ,36 ,10 ,19 ,6 ,4 ,12 ,20 ,6 ,8 ,0 ,31 ,0.36,0.61
4568,1476,1823,2 ,3 ,2 ,1 ,0 ,0 ,0 ,2 ,2 ,3 ,0 ,0 ,0 ,0 ,0.4,1.0
4569,1817,1247,4 ,7 ,2 ,1 ,1 ,1 ,1 ,5 ,3 ,5 ,0 ,2 ,1 ,0 ,0.4,0.58
4570,1507,1468,0 ,11 ,0 ,11 ,0 ,0 ,0 ,0 ,0 ,0 ,0 ,0 ,0 ,11 ,0.0,0.78
4571,2259,1484,42 ,16 ,37 ,8 ,5 ,3 ,0 ,5 ,16 ,15 ,1 ,1 ,25 ,0 ,0.48,0.37
4572,1248,1304,67 ,85 ,28 ,60 ,8 ,15 ,31 ,10 ,66 ,71 ,1 ,6 ,0 ,8 ,0.43,0.31
4573,1383,2292,37 ,97 ,16 ,81 ,17 ,11 ,4 ,5 ,32 ,88 ,5 ,8 ,0 ,1 ,0.33,0.5
4574,1485,2668,48 ,48 ,30 ,37 ,12 ,8 ,6 ,3 ,22 ,32 ,1 ,3 ,25 ,13 ,0.54,0.53
4575,1861,1599,50 ,40 ,30 ,17 ,12 ,21 ,8 ,2 ,17 ,11 ,19 ,27 ,14 ,2 ,0.78,0.6
4576,1249,1808,88 ,116 ,46 ,81 ,14 ,20 ,28 ,15 ,82 ,101 ,6 ,14 ,0 ,1 ,0.45,0.35
4577,1466,1398,4 ,13 ,4 ,9 ,0 ,4 ,0 ,0 ,3 ,3 ,1 ,8 ,0 ,2 ,0.28,0.72
4578,2191,1674,126 ,86 ,82 ,62 ,31 ,19 ,13 ,5 ,80 ,62 ,43 ,24 ,3 ,0 ,0.5,0.39
4579,1432,1625,48 ,128 ,40 ,72 ,7 ,45 ,1 ,11 ,35 ,68 ,11 ,51 ,2 ,9 ,0.35,0.65
4580,1440,1430,97 ,43 ,75 ,34 ,11 ,9 ,11 ,0 ,89 ,42 ,1 ,1 ,7 ,0 ,0.44,0.26
4581,2546,2098,116 ,41 ,60 ,35 ,18 ,5 ,38 ,1 ,115 ,41 ,1 ,0 ,0 ,0 ,0.56,0.29
4582,2323,1679,105 ,145 ,85 ,64 ,15 ,27 ,5 ,54 ,105 ,135 ,0 ,10 ,0 ,0 ,0.34,0.4
4583,1512,1618,134 ,41 ,122 ,27 ,7 ,11 ,5 ,3 ,100 ,41 ,0 ,0 ,34 ,0 ,0.44,0.29
4584,1562,1250,59 ,61 ,44 ,15 ,13 ,15 ,2 ,31 ,44 ,53 ,13 ,8 ,2 ,0 ,0.42,0.55
4585,1339,1643,22 ,44 ,14 ,27 ,7 ,8 ,1 ,9 ,19 ,39 ,1 ,5 ,2 ,0 ,0.61,0.44
4586,1373,1319,9 ,13 ,9 ,2 ,0 ,4 ,0 ,7 ,5 ,10 ,1 ,1 ,3 ,2 ,0.5,0.48
4587,1574,1336,11 ,15 ,6 ,14 ,3 ,0 ,2 ,1 ,6 ,2 ,3 ,0 ,2 ,13 ,0.45,0.78
4588,1541,1424,68 ,58 ,34 ,31 ,23 ,20 ,11 ,7 ,62 ,54 ,6 ,4 ,0 ,0 ,0.33,0.37
4589,2594,1388,31 ,20 ,22 ,10 ,8 ,4 ,1 ,6 ,28 ,19 ,1 ,1 ,2 ,0 ,0.47,0.34
4590,1720,2451,24 ,46 ,18 ,23 ,3 ,6 ,3 ,17 ,13 ,33 ,11 ,7 ,0 ,6 ,0.32,0.47
4591,1365,1299,12 ,46 ,6 ,30 ,1 ,12 ,5 ,4 ,12 ,34 ,0 ,6 ,0 ,6 ,0.19,0.5
4592,2245,1327,25 ,19 ,10 ,6 ,8 ,6 ,7 ,7 ,22 ,15 ,0 ,4 ,3 ,0 ,0.52,0.43
4593,1356,1538,7 ,31 ,4 ,23 ,1 ,4 ,2 ,4 ,7 ,20 ,0 ,2 ,0 ,9 ,0.38,0.64
4594,1905,1691,61 ,36 ,30 ,22 ,13 ,7 ,18 ,7 ,41 ,22 ,6 ,9 ,14 ,5 ,0.72,0.37
4595,2520,2287,57 ,46 ,31 ,20 ,11 ,7 ,15 ,19 ,57 ,44 ,0 ,2 ,0 ,0 ,0.46,0.29
4596,1580,1646,12 ,9 ,6 ,8 ,2 ,1 ,4 ,0 ,6 ,1 ,0 ,0 ,6 ,8 ,0.66,0.39
4597,2105,2329,174 ,115 ,142 ,56 ,21 ,9 ,11 ,50 ,162 ,98 ,12 ,17 ,0 ,0 ,0.49,0.54
4598,1469,1366,56 ,24 ,48 ,16 ,5 ,6 ,3 ,2 ,49 ,23 ,4 ,1 ,3 ,0 ,0.42,0.28
4599,1454,1377,64 ,31 ,56 ,24 ,6 ,6 ,2 ,1 ,38 ,18 ,16 ,12 ,10 ,1 ,0.53,0.31
4600,1419,1251,33 ,11 ,20 ,7 ,9 ,1 ,4 ,3 ,24 ,9 ,2 ,1 ,7 ,1 ,0.51,0.29
4601,2297,2498,61 ,34 ,42 ,25 ,8 ,6 ,11 ,3 ,56 ,28 ,5 ,5 ,0 ,1 ,0.29,0.33
4602,1314,1317,24 ,11 ,5 ,6 ,17 ,4 ,2 ,1 ,17 ,7 ,3 ,3 ,4 ,1 ,0.5,0.2
4603,2656,2345,10 ,24 ,6 ,15 ,2 ,4 ,2 ,5 ,8 ,23 ,2 ,0 ,0 ,1 ,0.5,0.54
4604,2620,1480,89 ,27 ,40 ,23 ,37 ,4 ,12 ,0 ,53 ,17 ,26 ,10 ,10 ,0 ,0.58,0.3
4605,1363,1700,5 ,14 ,5 ,4 ,0 ,2 ,0 ,8 ,1 ,14 ,0 ,0 ,4 ,0 ,0.33,0.48
4606,1360,1790,76 ,69 ,68 ,34 ,8 ,24 ,0 ,11 ,53 ,53 ,6 ,15 ,17 ,1 ,0.69,0.5
4607,1743,2562,58 ,48 ,33 ,32 ,6 ,11 ,19 ,5 ,52 ,42 ,6 ,6 ,0 ,0 ,0.42,0.36
4608,2286,1804,51 ,142 ,26 ,138 ,20 ,3 ,5 ,1 ,47 ,46 ,2 ,0 ,2 ,96 ,0.48,0.58
4609,1534,1252,4 ,3 ,3 ,1 ,1 ,2 ,0 ,0 ,0 ,1 ,1 ,1 ,3 ,1 ,1.0,0.5
4610,1253,1678,12 ,39 ,5 ,28 ,3 ,8 ,4 ,3 ,11 ,24 ,1 ,4 ,0 ,11 ,0.14,0.46
4611,1312,2276,11 ,35 ,5 ,25 ,1 ,4 ,5 ,6 ,6 ,14 ,1 ,2 ,4 ,19 ,0.64,0.62
4612,1893,1367,29 ,12 ,7 ,10 ,12 ,2 ,10 ,0 ,10 ,7 ,19 ,5 ,0 ,0 ,0.58,0.42
4613,2120,2671,15 ,14 ,9 ,13 ,2 ,0 ,4 ,1 ,9 ,13 ,0 ,1 ,6 ,0 ,0.25,0.38
4614,1479,1380,6 ,1 ,5 ,1 ,1 ,0 ,0 ,0 ,5 ,1 ,0 ,0 ,1 ,0 ,0.5,0.16
4615,1722,1387,10 ,10 ,6 ,7 ,2 ,2 ,2 ,1 ,10 ,9 ,0 ,1 ,0 ,0 ,0.58,0.66
4616,1392,1690,5 ,4 ,4 ,3 ,1 ,0 ,0 ,1 ,1 ,1 ,0 ,2 ,4 ,1 ,0.83,0.66
4617,1255,1254,2 ,11 ,2 ,2 ,0 ,7 ,0 ,2 ,2 ,11 ,0 ,0 ,0 ,0 ,0.16,0.5
4618,1370,1911,102 ,50 ,65 ,41 ,31 ,6 ,6 ,3 ,89 ,46 ,7 ,3 ,6 ,1 ,0.43,0.36
4619,2220,1323,15 ,6 ,14 ,5 ,1 ,0 ,0 ,1 ,9 ,6 ,0 ,0 ,6 ,0 ,0.46,0.24
4620,1568,2550,64 ,53 ,42 ,44 ,21 ,7 ,1 ,2 ,42 ,41 ,8 ,9 ,14 ,3 ,0.55,0.36
4621,1800,1939,124 ,64 ,72 ,49 ,31 ,10 ,21 ,5 ,96 ,56 ,15 ,7 ,13 ,1 ,0.48,0.37
4622,2156,1256,16 ,70 ,11 ,48 ,3 ,12 ,2 ,10 ,12 ,30 ,0 ,4 ,4 ,36 ,0.32,0.53
4623,1257,1487,44 ,66 ,25 ,36 ,10 ,18 ,9 ,12 ,40 ,40 ,4 ,16 ,0 ,10 ,0.42,0.55
4624,1462,1726,51 ,29 ,33 ,18 ,5 ,2 ,13 ,9 ,27 ,28 ,5 ,1 ,19 ,0 ,0.54,0.33
4625,1885,1402,9 ,2 ,7 ,1 ,1 ,0 ,1 ,1 ,2 ,2 ,0 ,0 ,7 ,0 ,0.47,1.0
4626,1677,1386,9 ,2 ,7 ,0 ,1 ,0 ,1 ,2 ,3 ,2 ,0 ,0 ,6 ,0 ,0.69,0.66
4627,2420,2295,45 ,79 ,32 ,58 ,4 ,7 ,9 ,14 ,43 ,69 ,2 ,3 ,0 ,7 ,0.33,0.47
4628,1782,1577,28 ,30 ,12 ,20 ,11 ,4 ,5 ,6 ,15 ,29 ,13 ,1 ,0 ,0 ,0.3,0.39
4629,2549,1338,14 ,13 ,9 ,6 ,1 ,3 ,4 ,4 ,10 ,9 ,1 ,4 ,3 ,0 ,0.4,0.44
4630,2175,2009,24 ,56 ,17 ,17 ,3 ,24 ,4 ,15 ,19 ,15 ,4 ,26 ,1 ,15 ,0.32,0.6
4631,1258,1774,22 ,25 ,10 ,12 ,7 ,6 ,5 ,7 ,8 ,10 ,13 ,7 ,1 ,8 ,0.47,0.47
4632,2132,2564,6 ,20 ,4 ,7 ,0 ,5 ,2 ,8 ,6 ,19 ,0 ,1 ,0 ,0 ,0.28,0.38
4633,2518,2554,6 ,2 ,4 ,1 ,2 ,0 ,0 ,1 ,0 ,1 ,4 ,0 ,2 ,1 ,0.75,0.22
4634,1571,2083,27 ,66 ,26 ,49 ,1 ,4 ,0 ,13 ,25 ,55 ,1 ,1 ,1 ,10 ,0.31,0.31
4635,1374,1444,77 ,41 ,37 ,14 ,33 ,21 ,7 ,6 ,23 ,14 ,51 ,24 ,3 ,3 ,0.55,0.5
4636,2467,2026,17 ,10 ,16 ,10 ,0 ,0 ,1 ,0 ,5 ,10 ,0 ,0 ,12 ,0 ,0.34,0.3
4637,1259,1354,58 ,67 ,32 ,39 ,16 ,22 ,10 ,6 ,55 ,65 ,2 ,0 ,1 ,2 ,0.37,0.37
4638,1763,1664,40 ,38 ,13 ,10 ,26 ,18 ,1 ,10 ,13 ,24 ,27 ,14 ,0 ,0 ,0.53,0.42
4639,1260,1535,6 ,23 ,1 ,21 ,1 ,2 ,4 ,0 ,6 ,22 ,0 ,0 ,0 ,1 ,0.21,0.52
4640,1384,1592,15 ,34 ,11 ,26 ,0 ,8 ,4 ,0 ,15 ,25 ,0 ,4 ,0 ,5 ,0.2,0.37
4641,1695,1408,18 ,6 ,11 ,1 ,6 ,3 ,1 ,2 ,6 ,4 ,3 ,2 ,9 ,0 ,0.46,0.5
4642,1320,1776,29 ,27 ,10 ,25 ,6 ,1 ,13 ,1 ,29 ,18 ,0 ,0 ,0 ,9 ,0.32,0.43
4643,2322,1261,29 ,20 ,21 ,13 ,8 ,3 ,0 ,4 ,29 ,16 ,0 ,1 ,0 ,3 ,0.32,0.35
4644,2304,1303,18 ,6 ,14 ,1 ,3 ,2 ,1 ,3 ,2 ,5 ,3 ,1 ,13 ,0 ,0.62,0.35
4645,2099,1750,30 ,38 ,8 ,18 ,13 ,5 ,9 ,15 ,29 ,34 ,1 ,4 ,0 ,0 ,0.23,0.3
4646,1301,1292,31 ,22 ,17 ,14 ,14 ,5 ,0 ,3 ,15 ,12 ,5 ,5 ,11 ,5 ,0.44,0.35
4647,1603,2480,37 ,33 ,27 ,20 ,3 ,3 ,7 ,10 ,35 ,33 ,2 ,0 ,0 ,0 ,0.42,0.34
4648,1378,1262,77 ,28 ,61 ,20 ,13 ,6 ,3 ,2 ,75 ,28 ,2 ,0 ,0 ,0 ,0.4,0.15
4649,2280,1437,70 ,16 ,45 ,8 ,8 ,3 ,17 ,5 ,65 ,16 ,0 ,0 ,5 ,0 ,0.53,0.13
4650,1537,1348,61 ,67 ,31 ,31 ,24 ,12 ,6 ,24 ,61 ,67 ,0 ,0 ,0 ,0 ,0.42,0.35
4651,1631,2096,75 ,49 ,51 ,35 ,13 ,11 ,11 ,3 ,61 ,39 ,3 ,7 ,11 ,3 ,0.35,0.39
4652,1616,1699,50 ,53 ,20 ,40 ,12 ,2 ,18 ,11 ,50 ,49 ,0 ,4 ,0 ,0 ,0.37,0.43
4653,1881,1446,63 ,37 ,37 ,5 ,21 ,4 ,5 ,28 ,52 ,31 ,8 ,6 ,3 ,0 ,0.35,0.36
4654,1300,1447,5 ,10 ,4 ,7 ,1 ,3 ,0 ,0 ,1 ,1 ,4 ,7 ,0 ,2 ,0.55,0.47
4655,1570,1428,29 ,17 ,19 ,1 ,6 ,5 ,4 ,11 ,18 ,17 ,2 ,0 ,9 ,0 ,0.36,0.4
4656,1565,2029,13 ,7 ,11 ,6 ,1 ,0 ,1 ,1 ,5 ,3 ,2 ,4 ,6 ,0 ,0.5,0.31
4657,1543,1648,0 ,7 ,0 ,6 ,0 ,0 ,0 ,1 ,0 ,2 ,0 ,0 ,0 ,5 ,0.0,0.77
4658,1263,2394,0 ,25 ,0 ,25 ,0 ,0 ,0 ,0 ,0 ,2 ,0 ,2 ,0 ,21 ,0.0,0.92
4659,1976,2442,9 ,14 ,4 ,6 ,3 ,1 ,2 ,7 ,8 ,14 ,1 ,0 ,0 ,0 ,0.36,0.48
4660,1546,1414,59 ,74 ,28 ,69 ,14 ,5 ,17 ,0 ,57 ,64 ,2 ,9 ,0 ,1 ,0.31,0.44
4661,1264,2049,1 ,6 ,1 ,4 ,0 ,0 ,0 ,2 ,0 ,2 ,1 ,2 ,0 ,2 ,0.16,0.66
4662,1326,1340,30 ,40 ,26 ,36 ,4 ,3 ,0 ,1 ,19 ,14 ,11 ,8 ,0 ,18 ,0.52,0.5
4663,1492,1499,34 ,31 ,8 ,12 ,21 ,15 ,5 ,4 ,15 ,15 ,19 ,14 ,0 ,2 ,0.54,0.34
4664,1519,1937,26 ,43 ,23 ,33 ,3 ,3 ,0 ,7 ,22 ,28 ,1 ,7 ,3 ,8 ,0.4,0.41
4665,1540,2566,7 ,37 ,3 ,32 ,4 ,5 ,0 ,0 ,6 ,3 ,0 ,12 ,1 ,22 ,0.58,0.69
4666,1265,1724,19 ,64 ,10 ,54 ,7 ,10 ,2 ,0 ,10 ,32 ,7 ,14 ,2 ,18 ,0.23,0.59
4667,1904,2636,51 ,54 ,32 ,36 ,7 ,12 ,12 ,6 ,46 ,49 ,5 ,5 ,0 ,0 ,0.4,0.45
4668,1884,1547,47 ,26 ,27 ,15 ,12 ,11 ,8 ,0 ,19 ,19 ,8 ,7 ,20 ,0 ,0.66,0.44
4669,1952,1986,105 ,99 ,54 ,54 ,37 ,14 ,14 ,31 ,70 ,90 ,32 ,8 ,3 ,1 ,0.53,0.33
4670,2115,1461,128 ,111 ,57 ,76 ,23 ,19 ,48 ,16 ,119 ,66 ,9 ,25 ,0 ,20 ,0.39,0.46
4671,1789,1266,73 ,72 ,46 ,39 ,22 ,11 ,5 ,22 ,52 ,66 ,21 ,6 ,0 ,0 ,0.3,0.41
4672,1267,1325,7 ,25 ,4 ,18 ,2 ,6 ,1 ,1 ,5 ,6 ,0 ,4 ,2 ,15 ,0.5,0.44
4673,2247,1268,71 ,48 ,43 ,35 ,5 ,2 ,23 ,11 ,68 ,42 ,3 ,6 ,0 ,0 ,0.38,0.24
4674,1269,2038,44 ,71 ,34 ,42 ,10 ,2 ,0 ,27 ,43 ,71 ,1 ,0 ,0 ,0 ,0.2,0.31
4675,1270,2169,1 ,12 ,0 ,9 ,1 ,3 ,0 ,0 ,0 ,5 ,1 ,5 ,0 ,2 ,0.2,0.63
4676,1975,1425,32 ,39 ,17 ,17 ,3 ,6 ,12 ,16 ,27 ,38 ,0 ,0 ,5 ,1 ,0.45,0.43
4677,1271,1829,57 ,104 ,41 ,74 ,13 ,20 ,3 ,10 ,49 ,89 ,8 ,15 ,0 ,0 ,0.37,0.48
4678,1272,2326,8 ,39 ,7 ,26 ,0 ,7 ,1 ,6 ,8 ,14 ,0 ,4 ,0 ,21 ,0.25,0.39
4679,1350,2296,11 ,25 ,4 ,18 ,2 ,7 ,5 ,0 ,9 ,19 ,2 ,1 ,0 ,5 ,0.36,0.62
4680,1925,1273,96 ,45 ,32 ,24 ,13 ,1 ,51 ,20 ,95 ,45 ,1 ,0 ,0 ,0 ,0.46,0.29
4681,1787,1687,51 ,67 ,30 ,38 ,13 ,23 ,8 ,6 ,46 ,60 ,4 ,0 ,1 ,7 ,0.36,0.29
4682,1938,1869,7 ,9 ,5 ,5 ,2 ,3 ,0 ,1 ,4 ,6 ,0 ,3 ,3 ,0 ,0.58,0.75
4683,1689,2259,60 ,84 ,17 ,37 ,30 ,19 ,13 ,28 ,48 ,62 ,11 ,22 ,1 ,0 ,0.45,0.5
4684,2629,1472,51 ,23 ,43 ,17 ,6 ,3 ,2 ,3 ,9 ,18 ,20 ,3 ,22 ,2 ,0.49,0.43
4685,1274,1777,57 ,74 ,42 ,44 ,12 ,19 ,3 ,11 ,45 ,46 ,10 ,16 ,2 ,12 ,0.4,0.42
4686,1275,2112,51 ,38 ,34 ,29 ,12 ,9 ,5 ,0 ,20 ,13 ,1 ,7 ,30 ,18 ,0.47,0.55
4687,1322,1276,27 ,59 ,22 ,33 ,2 ,18 ,3 ,8 ,20 ,44 ,5 ,14 ,2 ,1 ,0.38,0.52
4688,1559,1277,8 ,7 ,8 ,3 ,0 ,1 ,0 ,3 ,8 ,3 ,0 ,0 ,0 ,4 ,0.34,0.77
4689,1896,1523,56 ,40 ,46 ,23 ,7 ,15 ,3 ,2 ,39 ,36 ,2 ,4 ,15 ,0 ,0.37,0.41
4690,1712,2010,50 ,47 ,30 ,28 ,14 ,16 ,6 ,3 ,48 ,42 ,1 ,5 ,1 ,0 ,0.43,0.31
4691,1638,1278,51 ,24 ,50 ,23 ,1 ,1 ,0 ,0 ,20 ,24 ,0 ,0 ,31 ,0 ,0.39,0.3
4692,1890,1417,82 ,78 ,60 ,61 ,20 ,10 ,2 ,7 ,78 ,66 ,4 ,7 ,0 ,5 ,0.51,0.33
4693,1279,2057,14 ,71 ,8 ,42 ,5 ,8 ,1 ,21 ,13 ,50 ,1 ,0 ,0 ,21 ,0.21,0.63
4694,1740,1280,42 ,29 ,9 ,3 ,7 ,11 ,26 ,15 ,40 ,27 ,0 ,2 ,2 ,0 ,0.59,0.38
4695,2451,2520,40 ,119 ,34 ,61 ,3 ,21 ,3 ,37 ,37 ,99 ,1 ,12 ,2 ,8 ,0.22,0.55
4696,1281,1595,50 ,53 ,24 ,33 ,13 ,9 ,13 ,11 ,47 ,40 ,1 ,2 ,2 ,11 ,0.42,0.28
4697,2345,2594,22 ,13 ,12 ,5 ,4 ,1 ,6 ,7 ,19 ,13 ,0 ,0 ,3 ,0 ,0.64,0.46
4698,1364,2598,38 ,44 ,23 ,28 ,10 ,7 ,5 ,9 ,33 ,34 ,3 ,1 ,2 ,9 ,0.4,0.44
4699,2530,2128,50 ,55 ,18 ,29 ,15 ,9 ,17 ,17 ,37 ,36 ,13 ,19 ,0 ,0 ,0.37,0.56
4700,1773,2439,54 ,20 ,41 ,12 ,4 ,6 ,9 ,2 ,36 ,20 ,1 ,0 ,17 ,0 ,0.45,0.16
4701,1688,2567,58 ,75 ,45 ,39 ,8 ,33 ,5 ,3 ,54 ,66 ,4 ,8 ,0 ,1 ,0.47,0.64
4702,1282,2186,5 ,9 ,2 ,9 ,0 ,0 ,3 ,0 ,5 ,3 ,0 ,0 ,0 ,6 ,0.45,0.52
4703,2516,1530,12 ,9 ,4 ,3 ,7 ,4 ,1 ,2 ,8 ,7 ,3 ,1 ,1 ,1 ,0.46,0.4
4704,1521,1555,56 ,62 ,27 ,34 ,16 ,15 ,13 ,13 ,48 ,42 ,7 ,17 ,1 ,3 ,0.46,0.56
4705,1634,2325,11 ,20 ,7 ,1 ,3 ,11 ,1 ,8 ,9 ,18 ,2 ,2 ,0 ,0 ,0.23,0.37
4706,1969,1489,24 ,25 ,15 ,20 ,6 ,1 ,3 ,4 ,19 ,19 ,5 ,2 ,0 ,4 ,0.47,0.67
4707,1362,1404,128 ,81 ,83 ,54 ,32 ,27 ,13 ,0 ,85 ,73 ,43 ,8 ,0 ,0 ,0.64,0.42
4708,1470,1334,25 ,19 ,20 ,6 ,4 ,3 ,1 ,10 ,17 ,17 ,3 ,2 ,5 ,0 ,0.56,0.35
4709,1403,1841,53 ,42 ,32 ,19 ,12 ,14 ,9 ,9 ,31 ,30 ,3 ,10 ,19 ,2 ,0.67,0.4
4710,2069,2611,102 ,82 ,88 ,76 ,8 ,5 ,6 ,1 ,88 ,67 ,6 ,8 ,8 ,7 ,0.45,0.56
4711,1283,2111,32 ,65 ,18 ,40 ,4 ,13 ,10 ,12 ,29 ,45 ,2 ,14 ,1 ,6 ,0.36,0.57
4712,2037,2347,82 ,100 ,66 ,76 ,15 ,11 ,1 ,13 ,67 ,81 ,15 ,18 ,0 ,1 ,0.47,0.69
4713,1681,1643,48 ,53 ,23 ,40 ,20 ,4 ,5 ,9 ,47 ,52 ,1 ,1 ,0 ,0 ,0.26,0.24
4714,1342,1582,33 ,14 ,14 ,10 ,10 ,3 ,9 ,1 ,12 ,8 ,8 ,6 ,13 ,0 ,0.57,0.35
4715,1352,1343,3 ,17 ,0 ,16 ,1 ,0 ,2 ,1 ,3 ,2 ,0 ,0 ,0 ,15 ,0.25,0.62
4716,2557,2515,13 ,12 ,9 ,9 ,3 ,1 ,1 ,2 ,7 ,2 ,4 ,1 ,2 ,9 ,0.35,0.3
4717,1345,1921,42 ,48 ,25 ,32 ,13 ,13 ,4 ,3 ,29 ,41 ,5 ,2 ,8 ,5 ,0.36,0.35
4718,1284,1355,24 ,6 ,18 ,5 ,6 ,1 ,0 ,0 ,6 ,1 ,11 ,1 ,7 ,4 ,0.64,0.37
4719,1528,1803,110 ,51 ,66 ,40 ,41 ,10 ,3 ,1 ,110 ,49 ,0 ,2 ,0 ,0 ,0.44,0.22
4720,1285,1451,24 ,32 ,11 ,21 ,7 ,8 ,6 ,3 ,14 ,18 ,4 ,5 ,6 ,9 ,0.48,0.41
4721,1286,1452,4 ,9 ,1 ,8 ,0 ,0 ,3 ,1 ,4 ,1 ,0 ,0 ,0 ,8 ,0.25,0.56
4722,2614,1431,4 ,3 ,1 ,3 ,0 ,0 ,3 ,0 ,4 ,2 ,0 ,0 ,0 ,1 ,0.66,0.6
4723,1513,2219,12 ,104 ,12 ,88 ,0 ,5 ,0 ,11 ,12 ,24 ,0 ,2 ,0 ,78 ,0.46,0.72
4724,1711,1482,32 ,45 ,24 ,37 ,3 ,5 ,5 ,3 ,21 ,14 ,7 ,5 ,4 ,26 ,0.56,0.65
4725,1456,1557,21 ,35 ,20 ,28 ,1 ,4 ,0 ,3 ,14 ,12 ,3 ,3 ,4 ,20 ,0.32,0.72
4726,1380,1999,43 ,71 ,32 ,48 ,8 ,12 ,3 ,11 ,43 ,68 ,0 ,2 ,0 ,1 ,0.21,0.45
4727,2218,1845,93 ,50 ,79 ,28 ,7 ,20 ,7 ,2 ,75 ,49 ,10 ,1 ,8 ,0 ,0.46,0.22
4728,1817,1594,45 ,33 ,32 ,21 ,6 ,10 ,7 ,2 ,14 ,18 ,1 ,10 ,30 ,5 ,0.51,0.51
4729,2504,1510,41 ,31 ,17 ,20 ,10 ,3 ,14 ,8 ,19 ,27 ,0 ,3 ,22 ,1 ,0.6,0.39
4730,1287,1844,19 ,48 ,10 ,33 ,3 ,11 ,6 ,4 ,12 ,30 ,3 ,5 ,4 ,13 ,0.42,0.37
4731,1757,1454,20 ,48 ,15 ,39 ,5 ,8 ,0 ,1 ,17 ,31 ,1 ,5 ,2 ,12 ,0.43,0.49
4732,1756,2049,4 ,23 ,0 ,21 ,1 ,0 ,3 ,2 ,4 ,23 ,0 ,0 ,0 ,0 ,0.33,0.74
4733,1324,1288,12 ,7 ,3 ,3 ,5 ,4 ,4 ,0 ,10 ,6 ,0 ,0 ,2 ,1 ,0.46,0.3
4734,1609,1703,23 ,49 ,20 ,20 ,2 ,6 ,1 ,23 ,17 ,44 ,0 ,1 ,6 ,4 ,0.31,0.41
4735,1346,1948,8 ,7 ,6 ,2 ,0 ,2 ,2 ,3 ,5 ,7 ,0 ,0 ,3 ,0 ,0.18,0.43
4736,1636,1874,70 ,62 ,24 ,50 ,10 ,9 ,36 ,3 ,66 ,61 ,4 ,1 ,0 ,0 ,0.34,0.3
4737,1831,1361,131 ,79 ,99 ,51 ,13 ,9 ,19 ,19 ,120 ,79 ,11 ,0 ,0 ,0 ,0.5,0.35
4738,1506,2463,12 ,40 ,8 ,27 ,3 ,13 ,1 ,0 ,0 ,2 ,9 ,38 ,3 ,0 ,0.66,0.86
4739,1307,2263,7 ,7 ,0 ,6 ,3 ,1 ,4 ,0 ,7 ,1 ,0 ,0 ,0 ,6 ,0.41,0.38
4740,1823,1351,75 ,23 ,28 ,22 ,8 ,1 ,39 ,0 ,70 ,22 ,5 ,1 ,0 ,0 ,0.44,0.33
4741,1289,2359,14 ,20 ,9 ,15 ,3 ,3 ,2 ,2 ,6 ,16 ,0 ,0 ,8 ,4 ,0.36,0.29
4742,2615,1398,39 ,19 ,24 ,8 ,15 ,9 ,0 ,2 ,10 ,9 ,17 ,9 ,12 ,1 ,0.48,0.59
4743,1679,2239,62 ,33 ,21 ,11 ,27 ,2 ,14 ,20 ,40 ,29 ,22 ,4 ,0 ,0 ,0.37,0.42
4744,2060,2663,29 ,20 ,21 ,16 ,3 ,2 ,5 ,2 ,16 ,16 ,1 ,4 ,12 ,0 ,0.46,0.33
4745,1290,2105,26 ,54 ,10 ,44 ,10 ,4 ,6 ,6 ,21 ,47 ,1 ,7 ,4 ,0 ,0.34,0.46
4746,2418,1349,45 ,31 ,24 ,16 ,8 ,9 ,13 ,6 ,30 ,19 ,8 ,6 ,7 ,6 ,0.52,0.5
4747,1291,2261,34 ,77 ,22 ,31 ,8 ,15 ,4 ,31 ,31 ,71 ,3 ,4 ,0 ,2 ,0.27,0.39
4748,2315,1292,84 ,29 ,67 ,22 ,11 ,7 ,6 ,0 ,64 ,25 ,20 ,4 ,0 ,0 ,0.51,0.38
4749,1629,1391,77 ,73 ,39 ,31 ,23 ,40 ,15 ,2 ,67 ,64 ,10 ,9 ,0 ,0 ,0.32,0.42
4750,2195,1903,54 ,65 ,40 ,38 ,6 ,6 ,8 ,21 ,50 ,60 ,1 ,0 ,3 ,5 ,0.36,0.41
4751,2498,2612,25 ,42 ,7 ,27 ,10 ,13 ,8 ,2 ,18 ,23 ,7 ,16 ,0 ,3 ,0.47,0.44
4752,1958,1480,117 ,73 ,78 ,61 ,16 ,10 ,23 ,2 ,78 ,65 ,18 ,8 ,21 ,0 ,0.47,0.43
4753,1700,2558,69 ,31 ,50 ,20 ,14 ,6 ,5 ,5 ,20 ,17 ,2 ,1 ,47 ,13 ,0.45,0.56
4754,2044,2576,46 ,40 ,24 ,36 ,15 ,3 ,7 ,1 ,37 ,31 ,6 ,7 ,3 ,2 ,0.35,0.48
4755,2562,2546,20 ,17 ,5 ,14 ,3 ,2 ,12 ,1 ,20 ,8 ,0 ,2 ,0 ,7 ,0.52,0.36
4756,1293,2294,81 ,51 ,23 ,29 ,19 ,18 ,39 ,4 ,73 ,31 ,7 ,17 ,1 ,3 ,0.6,0.34
4757,1729,2433,45 ,17 ,37 ,14 ,5 ,2 ,3 ,1 ,16 ,14 ,15 ,3 ,14 ,0 ,0.62,0.39
4758,1889,1562,4 ,2 ,1 ,2 ,1 ,0 ,2 ,0 ,4 ,2 ,0 ,0 ,0 ,0 ,0.5,0.5
4759,2437,1294,60 ,33 ,42 ,16 ,9 ,10 ,9 ,7 ,36 ,29 ,3 ,1 ,21 ,3 ,0.44,0.44
4760,1871,1295,5 ,13 ,4 ,10 ,0 ,3 ,1 ,0 ,1 ,2 ,0 ,1 ,4 ,10 ,0.83,0.76
4761,1965,1296,0 ,0 ,0 ,0 ,0 ,0 ,0 ,0 ,0 ,0 ,0 ,0 ,0 ,0 ,0.0,0.0
4762,1606,1534,73 ,54 ,44 ,22 ,21 ,29 ,8 ,3 ,65 ,41 ,8 ,13 ,0 ,0 ,0.45,0.44
4763,2187,1297,66 ,9 ,65 ,9 ,0 ,0 ,1 ,0 ,6 ,1 ,0 ,1 ,60 ,7 ,0.58,0.37
4764,1508,1893,59 ,28 ,43 ,20 ,14 ,6 ,2 ,2 ,43 ,18 ,16 ,10 ,0 ,0 ,0.55,0.43
4765,2450,1298,42 ,43 ,30 ,29 ,12 ,5 ,0 ,9 ,38 ,38 ,4 ,3 ,0 ,2 ,0.45,0.38
4766,1299,2319,14 ,29 ,6 ,20 ,6 ,9 ,2 ,0 ,8 ,6 ,4 ,1 ,2 ,22 ,0.53,0.74
4767,1300,1876,12 ,19 ,6 ,17 ,2 ,1 ,4 ,1 ,10 ,7 ,2 ,2 ,0 ,10 ,0.85,0.54
4768,1691,2252,111 ,121 ,80 ,65 ,17 ,34 ,14 ,22 ,100 ,110 ,9 ,10 ,2 ,1 ,0.33,0.54
4769,2436,2466,65 ,37 ,31 ,25 ,22 ,11 ,12 ,1 ,58 ,36 ,1 ,1 ,6 ,0 ,0.56,0.31
4770,2329,1427,7 ,10 ,3 ,3 ,2 ,5 ,2 ,2 ,6 ,10 ,0 ,0 ,1 ,0 ,0.46,0.5
4771,1302,1301,16 ,24 ,10 ,15 ,6 ,7 ,0 ,2 ,3 ,4 ,1 ,6 ,12 ,14 ,0.4,0.57
4772,1931,1909,119 ,105 ,80 ,81 ,10 ,11 ,29 ,13 ,111 ,99 ,8 ,6 ,0 ,0 ,0.52,0.31
4773,2656,1434,15 ,5 ,11 ,3 ,2 ,2 ,2 ,0 ,8 ,4 ,0 ,1 ,7 ,0 ,0.62,0.35
4774,1502,1303,46 ,18 ,34 ,16 ,12 ,2 ,0 ,0 ,3 ,8 ,1 ,1 ,42 ,9 ,0.59,0.42
4775,1468,1592,38 ,24 ,32 ,17 ,3 ,6 ,3 ,1 ,25 ,10 ,13 ,14 ,0 ,0 ,0.6,0.36
4776,2396,1667,59 ,25 ,56 ,12 ,3 ,10 ,0 ,3 ,46 ,23 ,6 ,2 ,7 ,0 ,0.57,0.43
4777,2620,1961,33 ,12 ,23 ,2 ,7 ,6 ,3 ,4 ,13 ,7 ,3 ,5 ,17 ,0 ,0.44,0.27
4778,1937,2554,6 ,82 ,1 ,64 ,5 ,15 ,0 ,3 ,0 ,6 ,6 ,6 ,0 ,70 ,0.6,0.83
4779,1994,2515,15 ,4 ,11 ,2 ,3 ,2 ,1 ,0 ,14 ,4 ,1 ,0 ,0 ,0 ,0.71,0.4
4780,1543,1488,62 ,41 ,25 ,21 ,16 ,15 ,21 ,5 ,60 ,34 ,2 ,7 ,0 ,0 ,0.49,0.35
4781,1440,1726,38 ,27 ,26 ,8 ,4 ,7 ,8 ,12 ,25 ,24 ,5 ,3 ,8 ,0 ,0.71,0.39
4782,2129,2191,38 ,24 ,32 ,15 ,4 ,5 ,2 ,4 ,31 ,18 ,7 ,6 ,0 ,0 ,0.52,0.42
4783,1550,1750,57 ,0 ,47 ,0 ,7 ,0 ,3 ,0 ,7 ,0 ,5 ,0 ,45 ,0 ,0.72,0.0
4784,2297,1304,62 ,8 ,51 ,5 ,5 ,3 ,6 ,0 ,6 ,3 ,5 ,0 ,51 ,5 ,0.37,0.23
4785,1678,1561,36 ,22 ,22 ,6 ,12 ,3 ,2 ,13 ,17 ,19 ,12 ,3 ,7 ,0 ,0.42,0.37
4786,1306,1305,1 ,35 ,0 ,33 ,0 ,1 ,1 ,1 ,1 ,3 ,0 ,2 ,0 ,30 ,0.08,0.63
4787,2189,2102,12 ,3 ,10 ,1 ,1 ,0 ,1 ,2 ,8 ,3 ,2 ,0 ,2 ,0 ,0.44,0.13
4788,1410,1378,27 ,27 ,11 ,16 ,5 ,4 ,11 ,7 ,26 ,27 ,1 ,0 ,0 ,0 ,0.32,0.32
4789,1439,1307,17 ,44 ,16 ,15 ,1 ,6 ,0 ,23 ,11 ,42 ,2 ,2 ,4 ,0 ,0.24,0.35
4790,2296,1393,100 ,58 ,87 ,51 ,10 ,4 ,3 ,3 ,73 ,47 ,20 ,7 ,7 ,4 ,0.43,0.26
4791,1309,1308,48 ,4 ,33 ,1 ,11 ,2 ,4 ,1 ,8 ,4 ,3 ,0 ,37 ,0 ,0.69,0.21
4792,1463,1445,44 ,56 ,32 ,19 ,5 ,11 ,7 ,26 ,40 ,56 ,4 ,0 ,0 ,0 ,0.28,0.32
4793,1904,1754,18 ,32 ,8 ,19 ,6 ,9 ,4 ,4 ,9 ,12 ,6 ,6 ,3 ,14 ,0.31,0.45
4794,2292,2317,10 ,4 ,10 ,3 ,0 ,0 ,0 ,1 ,1 ,2 ,0 ,0 ,9 ,2 ,0.55,0.18
4795,1337,1722,6 ,3 ,2 ,2 ,0 ,0 ,4 ,1 ,6 ,3 ,0 ,0 ,0 ,0 ,0.22,0.11
4796,1610,1310,10 ,4 ,7 ,4 ,1 ,0 ,2 ,0 ,6 ,3 ,2 ,1 ,2 ,0 ,0.55,0.44
4797,2120,1593,15 ,4 ,8 ,1 ,2 ,2 ,5 ,1 ,9 ,4 ,3 ,0 ,3 ,0 ,0.46,0.23
4798,1312,1311,54 ,46 ,26 ,16 ,18 ,3 ,10 ,27 ,45 ,42 ,9 ,4 ,0 ,0 ,0.46,0.57
4799,2604,2467,11 ,11 ,9 ,10 ,2 ,1 ,0 ,0 ,5 ,2 ,0 ,1 ,6 ,8 ,0.34,0.61
4800,1443,1447,2 ,1 ,2 ,0 ,0 ,1 ,0 ,0 ,0 ,1 ,0 ,0 ,2 ,0 ,0.66,0.5
4801,1768,1790,111 ,79 ,81 ,37 ,21 ,24 ,9 ,18 ,69 ,73 ,30 ,6 ,12 ,0 ,0.5,0.44
4802,1313,2609,30 ,46 ,22 ,38 ,6 ,8 ,2 ,0 ,14 ,23 ,2 ,5 ,14 ,18 ,0.5,0.47
4803,1723,1466,28 ,25 ,20 ,21 ,7 ,3 ,1 ,1 ,22 ,18 ,4 ,6 ,2 ,1 ,0.4,0.29
4804,2442,1883,28 ,18 ,13 ,13 ,7 ,3 ,8 ,2 ,25 ,16 ,1 ,1 ,2 ,1 ,0.46,0.22
4805,1609,2053,48 ,60 ,44 ,26 ,3 ,13 ,1 ,21 ,26 ,45 ,11 ,15 ,11 ,0 ,0.41,0.42
4806,1442,1630,44 ,53 ,23 ,41 ,12 ,11 ,9 ,1 ,26 ,52 ,2 ,0 ,16 ,1 ,0.43,0.43
4807,1699,1486,34 ,26 ,20 ,20 ,2 ,5 ,12 ,1 ,32 ,20 ,2 ,4 ,0 ,2 ,0.41,0.5
4808,1646,1354,7 ,2 ,7 ,0 ,0 ,1 ,0 ,1 ,2 ,2 ,0 ,0 ,5 ,0 ,0.7,0.5
4809,1700,2450,100 ,32 ,65 ,26 ,25 ,5 ,10 ,1 ,41 ,17 ,46 ,6 ,13 ,9 ,0.65,0.47
4810,1314,1469,35 ,36 ,8 ,33 ,20 ,1 ,7 ,2 ,31 ,18 ,3 ,2 ,1 ,16 ,0.51,0.46
4811,1315,1537,13 ,75 ,11 ,67 ,2 ,5 ,0 ,3 ,11 ,23 ,2 ,12 ,0 ,40 ,0.48,0.74
4812,1763,2178,43 ,72 ,18 ,26 ,23 ,30 ,2 ,16 ,22 ,33 ,20 ,30 ,1 ,9 ,0.49,0.64
4813,1746,1666,73 ,25 ,55 ,16 ,8 ,8 ,10 ,1 ,27 ,22 ,6 ,3 ,40 ,0 ,0.65,0.4
4814,1656,1381,50 ,9 ,43 ,2 ,7 ,6 ,0 ,1 ,3 ,3 ,7 ,6 ,40 ,0 ,0.68,0.56
4815,2549,2285,41 ,31 ,25 ,25 ,2 ,5 ,14 ,1 ,31 ,31 ,2 ,0 ,8 ,0 ,0.64,0.53
4816,1414,1467,30 ,18 ,23 ,17 ,3 ,0 ,4 ,1 ,30 ,16 ,0 ,0 ,0 ,2 ,0.3,0.48
4817,1905,1674,76 ,51 ,47 ,15 ,26 ,26 ,3 ,10 ,16 ,19 ,34 ,30 ,26 ,2 ,0.71,0.51
4818,2325,2668,39 ,121 ,31 ,78 ,6 ,29 ,2 ,14 ,21 ,88 ,1 ,20 ,17 ,13 ,0.55,0.7
4819,1938,2564,38 ,94 ,23 ,48 ,9 ,21 ,6 ,25 ,37 ,67 ,1 ,27 ,0 ,0 ,0.53,0.66
4820,1916,1530,114 ,45 ,66 ,32 ,21 ,9 ,27 ,4 ,106 ,38 ,4 ,2 ,4 ,5 ,0.58,0.45
4821,1512,1581,70 ,51 ,58 ,34 ,11 ,16 ,1 ,1 ,24 ,35 ,1 ,10 ,45 ,6 ,0.58,0.62
4822,1435,1503,75 ,63 ,23 ,49 ,6 ,7 ,46 ,7 ,72 ,60 ,3 ,3 ,0 ,0 ,0.43,0.45
4823,1373,1368,47 ,43 ,40 ,17 ,4 ,10 ,3 ,16 ,26 ,34 ,12 ,9 ,9 ,0 ,0.55,0.49
4824,1344,1407,5 ,21 ,4 ,14 ,1 ,6 ,0 ,1 ,5 ,12 ,0 ,3 ,0 ,6 ,0.33,0.67
4825,1533,1375,37 ,60 ,36 ,36 ,1 ,9 ,0 ,15 ,26 ,49 ,3 ,3 ,8 ,8 ,0.38,0.58
4826,2098,1478,24 ,20 ,23 ,14 ,1 ,1 ,0 ,5 ,17 ,19 ,0 ,1 ,7 ,0 ,0.5,0.26
4827,1316,2218,78 ,124 ,56 ,98 ,14 ,20 ,8 ,6 ,78 ,84 ,0 ,15 ,0 ,25 ,0.27,0.48
4828,1408,2671,48 ,65 ,11 ,60 ,12 ,4 ,25 ,1 ,48 ,51 ,0 ,3 ,0 ,11 ,0.5,0.36
4829,1317,2081,27 ,51 ,17 ,32 ,4 ,9 ,6 ,10 ,14 ,24 ,10 ,1 ,3 ,26 ,0.45,0.57
4830,1616,1781,81 ,84 ,69 ,63 ,8 ,7 ,4 ,14 ,81 ,83 ,0 ,1 ,0 ,0 ,0.37,0.37
4831,1405,1967,79 ,71 ,29 ,36 ,42 ,27 ,8 ,8 ,30 ,24 ,45 ,18 ,4 ,29 ,0.57,0.63
4832,1727,1377,11 ,3 ,2 ,0 ,9 ,3 ,0 ,0 ,1 ,0 ,9 ,3 ,1 ,0 ,0.61,0.6
4833,2436,1318,99 ,67 ,46 ,29 ,35 ,12 ,18 ,26 ,98 ,66 ,0 ,1 ,1 ,0 ,0.45,0.35
4834,2278,2049,77 ,63 ,48 ,41 ,10 ,16 ,19 ,6 ,45 ,48 ,9 ,14 ,23 ,1 ,0.52,0.53
4835,1319,1863,7 ,28 ,3 ,18 ,2 ,2 ,2 ,8 ,7 ,16 ,0 ,4 ,0 ,8 ,0.18,0.47
4836,1694,2069,17 ,21 ,13 ,14 ,2 ,1 ,2 ,6 ,17 ,19 ,0 ,1 ,0 ,1 ,0.7,0.41
4837,2204,2530,66 ,67 ,43 ,38 ,10 ,16 ,13 ,13 ,59 ,62 ,7 ,3 ,0 ,2 ,0.37,0.4
4838,1474,1447,14 ,12 ,10 ,2 ,2 ,10 ,2 ,0 ,2 ,5 ,9 ,7 ,3 ,0 ,0.63,0.52
4839,1881,1391,25 ,32 ,16 ,22 ,9 ,9 ,0 ,1 ,23 ,16 ,2 ,9 ,0 ,7 ,0.21,0.31
4840,1631,1638,57 ,28 ,44 ,27 ,9 ,0 ,4 ,1 ,44 ,28 ,3 ,0 ,10 ,0 ,0.32,0.23
4841,1320,1357,12 ,20 ,5 ,12 ,4 ,2 ,3 ,6 ,8 ,9 ,3 ,0 ,1 ,11 ,0.28,0.5
4842,1770,2520,3 ,13 ,2 ,9 ,0 ,3 ,1 ,1 ,2 ,11 ,1 ,2 ,0 ,0 ,0.21,0.56
4843,1690,1515,34 ,21 ,24 ,12 ,6 ,3 ,4 ,6 ,24 ,19 ,5 ,2 ,5 ,0 ,0.47,0.21
4844,1363,2132,10 ,26 ,8 ,22 ,0 ,2 ,2 ,2 ,8 ,5 ,1 ,11 ,1 ,10 ,0.4,0.46
4845,1977,1568,68 ,74 ,52 ,42 ,14 ,24 ,2 ,8 ,61 ,57 ,7 ,15 ,0 ,2 ,0.35,0.56
4846,1489,2325,19 ,4 ,16 ,2 ,2 ,1 ,1 ,1 ,4 ,4 ,1 ,0 ,14 ,0 ,0.76,0.3
4847,1470,1321,66 ,55 ,34 ,45 ,13 ,9 ,19 ,1 ,53 ,51 ,13 ,4 ,0 ,0 ,0.39,0.44
4848,2246,1358,24 ,16 ,14 ,7 ,8 ,4 ,2 ,5 ,16 ,13 ,1 ,1 ,7 ,2 ,0.35,0.28
4849,1644,2514,13 ,4 ,9 ,1 ,2 ,1 ,2 ,2 ,9 ,4 ,0 ,0 ,4 ,0 ,0.68,0.57
4850,1479,1322,4 ,1 ,3 ,0 ,1 ,0 ,0 ,1 ,0 ,1 ,0 ,0 ,4 ,0 ,0.8,0.33
4851,1641,1401,30 ,20 ,26 ,13 ,3 ,1 ,1 ,6 ,15 ,18 ,15 ,1 ,0 ,1 ,0.5,0.35
4852,1839,1323,38 ,51 ,32 ,28 ,6 ,9 ,0 ,14 ,28 ,38 ,5 ,2 ,5 ,11 ,0.42,0.48
4853,1740,1559,51 ,23 ,25 ,12 ,10 ,9 ,16 ,2 ,37 ,20 ,9 ,2 ,5 ,1 ,0.51,0.27
4854,2517,1490,68 ,41 ,46 ,10 ,16 ,19 ,6 ,12 ,20 ,17 ,25 ,24 ,23 ,0 ,0.7,0.59
4855,2644,2586,44 ,8 ,22 ,5 ,11 ,3 ,11 ,0 ,7 ,6 ,3 ,1 ,34 ,1 ,0.64,0.5
4856,1939,1882,24 ,42 ,4 ,17 ,11 ,17 ,9 ,8 ,13 ,25 ,11 ,17 ,0 ,0 ,0.28,0.39
4857,1689,1555,9 ,11 ,2 ,0 ,4 ,6 ,3 ,5 ,4 ,4 ,5 ,6 ,0 ,1 ,0.69,0.55
4858,1827,2040,126 ,119 ,111 ,59 ,9 ,24 ,6 ,36 ,114 ,113 ,12 ,6 ,0 ,0 ,0.4,0.43
4859,1482,1586,84 ,46 ,63 ,32 ,9 ,7 ,12 ,7 ,57 ,39 ,10 ,5 ,17 ,2 ,0.45,0.27
4860,1324,1359,58 ,60 ,18 ,35 ,15 ,16 ,25 ,9 ,50 ,38 ,7 ,7 ,1 ,15 ,0.41,0.42
4861,1612,1425,97 ,69 ,71 ,45 ,15 ,7 ,11 ,17 ,94 ,63 ,3 ,6 ,0 ,0 ,0.35,0.4
4862,1402,1351,30 ,74 ,12 ,43 ,10 ,30 ,8 ,1 ,24 ,40 ,6 ,16 ,0 ,18 ,0.35,0.63
4863,2295,1325,4 ,7 ,3 ,6 ,1 ,1 ,0 ,0 ,4 ,3 ,0 ,0 ,0 ,4 ,0.57,0.63
4864,1577,1557,18 ,1 ,18 ,0 ,0 ,0 ,0 ,1 ,3 ,1 ,1 ,0 ,14 ,0 ,0.78,0.2
4865,1778,1677,22 ,6 ,7 ,1 ,11 ,1 ,4 ,4 ,9 ,5 ,2 ,0 ,11 ,1 ,0.53,0.3
4866,1774,2418,24 ,24 ,11 ,13 ,8 ,10 ,5 ,1 ,8 ,3 ,8 ,17 ,8 ,4 ,0.57,0.68
4867,1392,1583,26 ,55 ,17 ,38 ,3 ,10 ,6 ,7 ,22 ,30 ,4 ,14 ,0 ,11 ,0.47,0.57
4868,2186,2563,4 ,10 ,3 ,7 ,0 ,1 ,1 ,2 ,1 ,5 ,3 ,3 ,0 ,2 ,0.44,0.9
4869,1492,2037,70 ,62 ,39 ,50 ,14 ,10 ,17 ,2 ,43 ,48 ,10 ,13 ,17 ,1 ,0.56,0.35
4870,2304,2056,72 ,79 ,51 ,51 ,9 ,7 ,12 ,21 ,70 ,74 ,0 ,2 ,2 ,3 ,0.28,0.44
4871,2426,1668,18 ,32 ,18 ,30 ,0 ,2 ,0 ,0 ,4 ,1 ,0 ,2 ,14 ,29 ,0.6,0.51
4872,2558,1507,123 ,51 ,74 ,21 ,33 ,16 ,16 ,14 ,95 ,43 ,11 ,7 ,17 ,1 ,0.65,0.33
4873,2038,1386,150 ,86 ,115 ,60 ,9 ,12 ,26 ,14 ,146 ,82 ,4 ,4 ,0 ,0 ,0.45,0.38
4874,1451,1539,55 ,100 ,41 ,54 ,9 ,38 ,5 ,8 ,47 ,82 ,4 ,4 ,4 ,14 ,0.41,0.54
4875,2261,1362,45 ,9 ,36 ,0 ,7 ,8 ,2 ,1 ,3 ,0 ,3 ,9 ,39 ,0 ,0.77,0.75
4876,1613,1326,92 ,98 ,33 ,80 ,24 ,12 ,35 ,6 ,70 ,69 ,22 ,27 ,0 ,2 ,0.52,0.62
4877,1709,1424,18 ,17 ,8 ,9 ,1 ,7 ,9 ,1 ,15 ,12 ,3 ,4 ,0 ,1 ,0.5,0.39
4878,1975,2359,61 ,98 ,36 ,74 ,13 ,14 ,12 ,10 ,53 ,90 ,8 ,8 ,0 ,0 ,0.4,0.46
4879,1925,1594,89 ,73 ,59 ,52 ,10 ,19 ,20 ,2 ,81 ,63 ,3 ,10 ,5 ,0 ,0.4,0.39
4880,2326,2627,79 ,74 ,55 ,52 ,13 ,14 ,11 ,8 ,74 ,67 ,2 ,6 ,3 ,1 ,0.45,0.36
4881,1540,2143,22 ,13 ,13 ,9 ,8 ,3 ,1 ,1 ,3 ,8 ,7 ,5 ,12 ,0 ,0.84,0.4
4882,2566,1634,1 ,13 ,1 ,11 ,0 ,1 ,0 ,1 ,1 ,3 ,0 ,5 ,0 ,5 ,0.12,0.76
4883,2611,2177,35 ,26 ,33 ,9 ,0 ,0 ,2 ,17 ,3 ,23 ,0 ,0 ,32 ,3 ,0.55,0.5
4884,1936,1327,19 ,6 ,17 ,6 ,1 ,0 ,1 ,0 ,5 ,6 ,0 ,0 ,14 ,0 ,0.59,0.5
4885,1934,1328,16 ,10 ,10 ,5 ,4 ,5 ,2 ,0 ,15 ,8 ,1 ,2 ,0 ,0 ,0.45,0.3
4886,2123,1621,57 ,73 ,39 ,40 ,7 ,19 ,11 ,14 ,50 ,66 ,5 ,6 ,2 ,1 ,0.36,0.4
4887,1566,1329,9 ,0 ,6 ,0 ,1 ,0 ,2 ,0 ,4 ,0 ,5 ,0 ,0 ,0 ,0.6,0.0
4888,1546,2315,35 ,14 ,20 ,5 ,11 ,7 ,4 ,2 ,19 ,9 ,1 ,5 ,15 ,0 ,0.48,0.43
4889,1921,1567,74 ,86 ,50 ,47 ,11 ,33 ,13 ,6 ,63 ,62 ,11 ,11 ,0 ,13 ,0.39,0.51
4890,1789,1692,33 ,66 ,18 ,41 ,5 ,18 ,10 ,7 ,26 ,46 ,7 ,14 ,0 ,6 ,0.25,0.49
4891,1592,2180,34 ,22 ,29 ,12 ,4 ,6 ,1 ,4 ,11 ,10 ,12 ,11 ,11 ,1 ,0.47,0.59
4892,1958,1330,35 ,20 ,24 ,18 ,2 ,1 ,9 ,1 ,27 ,20 ,4 ,0 ,4 ,0 ,0.6,0.41
4893,1919,2406,19 ,24 ,10 ,11 ,9 ,12 ,0 ,1 ,8 ,12 ,11 ,10 ,0 ,2 ,0.48,0.48
4894,1558,1331,22 ,4 ,19 ,0 ,3 ,4 ,0 ,0 ,0 ,0 ,5 ,4 ,17 ,0 ,0.95,0.66
4895,1952,2083,62 ,130 ,27 ,95 ,19 ,29 ,16 ,6 ,35 ,48 ,22 ,33 ,5 ,49 ,0.55,0.58
4896,1332,1805,10 ,34 ,5 ,22 ,3 ,9 ,2 ,3 ,5 ,20 ,5 ,3 ,0 ,11 ,0.32,0.61
4897,1333,1883,19 ,31 ,15 ,22 ,4 ,8 ,0 ,1 ,12 ,14 ,4 ,3 ,3 ,14 ,0.34,0.34
4898,1334,2091,16 ,86 ,13 ,74 ,1 ,9 ,2 ,3 ,15 ,33 ,1 ,0 ,0 ,53 ,0.21,0.48
4899,1366,1400,41 ,34 ,32 ,14 ,2 ,17 ,7 ,3 ,36 ,25 ,5 ,9 ,0 ,0 ,0.42,0.43
4900,1365,1335,32 ,39 ,18 ,31 ,4 ,7 ,10 ,1 ,30 ,37 ,2 ,2 ,0 ,0 ,0.27,0.35
4901,1336,1463,10 ,72 ,7 ,44 ,2 ,11 ,1 ,17 ,10 ,51 ,0 ,15 ,0 ,6 ,0.17,0.55
4902,2173,2152,17 ,12 ,16 ,7 ,0 ,5 ,1 ,0 ,2 ,8 ,0 ,1 ,15 ,3 ,0.44,0.54
4903,1450,2067,5 ,23 ,1 ,18 ,3 ,4 ,1 ,1 ,3 ,19 ,2 ,4 ,0 ,0 ,0.55,0.53
4904,2169,1469,24 ,25 ,15 ,15 ,6 ,1 ,3 ,9 ,23 ,23 ,1 ,1 ,0 ,1 ,0.32,0.29
4905,1337,1360,19 ,59 ,3 ,45 ,11 ,3 ,5 ,11 ,19 ,59 ,0 ,0 ,0 ,0 ,0.31,0.57
4906,1756,1869,30 ,31 ,23 ,21 ,2 ,9 ,5 ,1 ,12 ,21 ,1 ,10 ,17 ,0 ,0.53,0.7
4907,1528,2636,26 ,16 ,20 ,9 ,4 ,4 ,2 ,3 ,15 ,10 ,0 ,6 ,11 ,0 ,0.4,0.38
4908,1861,2219,19 ,31 ,15 ,12 ,0 ,10 ,4 ,9 ,3 ,11 ,9 ,10 ,7 ,10 ,0.61,0.68
4909,2159,2509,54 ,20 ,42 ,12 ,8 ,6 ,4 ,2 ,27 ,19 ,1 ,1 ,26 ,0 ,0.52,0.4
4910,1338,1574,8 ,5 ,2 ,4 ,0 ,1 ,6 ,0 ,8 ,5 ,0 ,0 ,0 ,0 ,0.5,0.2
4911,2057,1339,76 ,69 ,40 ,41 ,12 ,17 ,24 ,11 ,67 ,65 ,4 ,3 ,5 ,1 ,0.48,0.48
4912,1374,2450,92 ,65 ,31 ,54 ,31 ,10 ,30 ,1 ,64 ,48 ,28 ,17 ,0 ,0 ,0.43,0.48
4913,1874,1687,65 ,81 ,51 ,39 ,9 ,24 ,5 ,18 ,49 ,70 ,8 ,11 ,8 ,0 ,0.32,0.42
4914,1398,2594,40 ,76 ,35 ,57 ,5 ,16 ,0 ,3 ,37 ,37 ,3 ,6 ,0 ,33 ,0.41,0.53
4915,1519,1703,49 ,96 ,45 ,62 ,3 ,5 ,1 ,29 ,38 ,91 ,4 ,5 ,7 ,0 ,0.43,0.45
4916,1383,1700,27 ,42 ,15 ,27 ,12 ,13 ,0 ,2 ,8 ,20 ,17 ,22 ,2 ,0 ,0.64,0.56
4917,1823,1430,103 ,42 ,51 ,27 ,35 ,4 ,17 ,11 ,99 ,37 ,4 ,3 ,0 ,2 ,0.48,0.38
4918,1646,2027,36 ,11 ,27 ,10 ,6 ,1 ,3 ,0 ,3 ,1 ,9 ,1 ,24 ,9 ,0.73,1.0
4919,2262,1679,89 ,78 ,50 ,12 ,16 ,44 ,23 ,22 ,65 ,59 ,16 ,19 ,8 ,0 ,0.46,0.31
4920,2443,2144,290 ,110 ,244 ,87 ,41 ,16 ,5 ,7 ,281 ,101 ,8 ,9 ,1 ,0 ,0.59,0.37
4921,1340,1453,41 ,86 ,30 ,74 ,10 ,8 ,1 ,4 ,36 ,38 ,3 ,13 ,2 ,35 ,0.53,0.59
4922,1341,1599,10 ,35 ,5 ,25 ,2 ,8 ,3 ,2 ,9 ,16 ,0 ,5 ,1 ,14 ,0.47,0.83
4923,2394,1551,56 ,56 ,46 ,49 ,7 ,7 ,3 ,0 ,20 ,31 ,4 ,4 ,32 ,21 ,0.52,0.52
4924,1444,1782,54 ,56 ,42 ,30 ,11 ,9 ,1 ,17 ,41 ,48 ,5 ,4 ,8 ,4 ,0.52,0.4
4925,2629,2276,1 ,41 ,0 ,37 ,1 ,3 ,0 ,1 ,0 ,1 ,1 ,2 ,0 ,38 ,0.5,0.69
4926,2655,2155,116 ,95 ,94 ,54 ,10 ,30 ,12 ,11 ,88 ,78 ,13 ,15 ,15 ,2 ,0.59,0.49
4927,2664,2128,92 ,58 ,39 ,26 ,27 ,12 ,26 ,20 ,69 ,45 ,13 ,9 ,10 ,4 ,0.59,0.44
4928,1355,1693,14 ,25 ,5 ,15 ,7 ,7 ,2 ,3 ,11 ,19 ,2 ,5 ,1 ,1 ,0.19,0.29
4929,2656,2442,1 ,0 ,0 ,0 ,0 ,0 ,1 ,0 ,1 ,0 ,0 ,0 ,0 ,0 ,0.5,0.0
4930,2439,1414,111 ,71 ,79 ,53 ,25 ,7 ,7 ,11 ,102 ,71 ,1 ,0 ,8 ,0 ,0.44,0.38
4931,2286,2345,126 ,81 ,71 ,59 ,36 ,12 ,19 ,10 ,117 ,78 ,9 ,3 ,0 ,0 ,0.55,0.39
4932,1804,1618,102 ,111 ,80 ,82 ,14 ,19 ,8 ,10 ,81 ,110 ,1 ,0 ,20 ,1 ,0.34,0.48
4933,1911,2612,6 ,10 ,0 ,6 ,0 ,2 ,6 ,2 ,6 ,7 ,0 ,1 ,0 ,2 ,0.6,0.62
4934,1364,1419,89 ,40 ,59 ,30 ,8 ,4 ,22 ,6 ,84 ,29 ,5 ,2 ,0 ,9 ,0.53,0.33
4935,1688,1518,39 ,68 ,13 ,27 ,5 ,4 ,21 ,37 ,39 ,56 ,0 ,12 ,0 ,0 ,0.44,0.43
4936,2480,1630,61 ,15 ,32 ,10 ,16 ,5 ,13 ,0 ,28 ,13 ,4 ,2 ,29 ,0 ,0.53,0.25
4937,1376,1628,3 ,6 ,1 ,0 ,1 ,1 ,1 ,5 ,2 ,6 ,0 ,0 ,1 ,0 ,0.37,0.4
4938,2403,2296,28 ,76 ,13 ,49 ,10 ,23 ,5 ,4 ,26 ,42 ,2 ,8 ,0 ,26 ,0.36,0.64
4939,1342,1547,3 ,3 ,0 ,2 ,0 ,1 ,3 ,0 ,3 ,3 ,0 ,0 ,0 ,0 ,0.5,0.33
4940,1904,1570,44 ,24 ,20 ,13 ,11 ,11 ,13 ,0 ,43 ,21 ,1 ,3 ,0 ,0 ,0.47,0.25
4941,1343,2347,28 ,54 ,16 ,36 ,6 ,10 ,6 ,8 ,24 ,46 ,4 ,5 ,0 ,3 ,0.54,0.43
4942,1794,1454,33 ,40 ,23 ,24 ,3 ,11 ,7 ,5 ,23 ,38 ,10 ,2 ,0 ,0 ,0.42,0.33
4943,1580,2516,5 ,10 ,2 ,8 ,2 ,2 ,1 ,0 ,2 ,2 ,2 ,2 ,1 ,6 ,0.2,0.45
4944,1399,1800,3 ,13 ,1 ,12 ,2 ,0 ,0 ,1 ,3 ,12 ,0 ,1 ,0 ,0 ,0.2,0.61
4945,1970,1697,59 ,22 ,26 ,12 ,15 ,4 ,18 ,6 ,40 ,19 ,7 ,3 ,12 ,0 ,0.57,0.26
4946,1394,1437,2 ,6 ,0 ,5 ,2 ,0 ,0 ,1 ,2 ,4 ,0 ,0 ,0 ,2 ,0.18,0.66
4947,2280,2396,63 ,71 ,39 ,61 ,18 ,8 ,6 ,2 ,59 ,55 ,4 ,11 ,0 ,5 ,0.3,0.37
4948,1345,1344,63 ,23 ,42 ,16 ,12 ,3 ,9 ,4 ,27 ,15 ,3 ,4 ,33 ,4 ,0.51,0.41
4949,2187,2371,17 ,9 ,9 ,4 ,2 ,3 ,6 ,2 ,13 ,9 ,0 ,0 ,4 ,0 ,0.31,0.3
4950,2277,1536,33 ,11 ,32 ,0 ,0 ,6 ,1 ,5 ,24 ,8 ,0 ,3 ,9 ,0 ,0.55,0.52
4951,1871,2074,85 ,53 ,47 ,29 ,18 ,19 ,20 ,5 ,57 ,42 ,14 ,10 ,14 ,1 ,0.49,0.34
4952,2615,1689,49 ,80 ,20 ,58 ,25 ,18 ,4 ,4 ,32 ,52 ,17 ,14 ,0 ,14 ,0.46,0.49
4953,1757,1690,6 ,24 ,6 ,22 ,0 ,2 ,0 ,0 ,0 ,1 ,0 ,6 ,6 ,17 ,0.54,0.8
4954,1477,1523,17 ,10 ,13 ,7 ,1 ,2 ,3 ,1 ,5 ,8 ,0 ,0 ,12 ,2 ,0.62,0.71
4955,1546,1346,21 ,49 ,7 ,21 ,6 ,28 ,8 ,0 ,20 ,20 ,0 ,22 ,1 ,7 ,0.42,0.56
4956,1565,1575,51 ,1 ,38 ,1 ,10 ,0 ,3 ,0 ,1 ,1 ,6 ,0 ,44 ,0 ,0.71,0.08
4957,1645,1385,29 ,12 ,21 ,12 ,5 ,0 ,3 ,0 ,17 ,8 ,6 ,1 ,6 ,3 ,0.45,0.4
4958,2294,1729,18 ,1 ,17 ,0 ,1 ,0 ,0 ,1 ,3 ,1 ,0 ,0 ,15 ,0 ,0.78,0.33
4959,1347,1633,58 ,40 ,21 ,27 ,35 ,11 ,2 ,2 ,41 ,33 ,14 ,6 ,3 ,1 ,0.59,0.51
4960,2195,2111,2 ,17 ,1 ,6 ,1 ,6 ,0 ,5 ,2 ,12 ,0 ,5 ,0 ,0 ,0.25,0.7
4961,1520,1669,49 ,21 ,31 ,11 ,14 ,6 ,4 ,4 ,33 ,12 ,13 ,8 ,3 ,1 ,0.64,0.41
4962,1387,2000,18 ,19 ,7 ,15 ,3 ,0 ,8 ,4 ,15 ,9 ,1 ,5 ,2 ,5 ,0.66,0.7
4963,1445,2598,83 ,112 ,45 ,77 ,16 ,35 ,22 ,0 ,68 ,76 ,15 ,36 ,0 ,0 ,0.61,0.72
4964,1498,1826,29 ,36 ,14 ,17 ,7 ,10 ,8 ,9 ,15 ,27 ,5 ,9 ,9 ,0 ,0.34,0.36
4965,1534,2397,16 ,17 ,9 ,15 ,5 ,0 ,2 ,2 ,12 ,6 ,4 ,11 ,0 ,0 ,0.5,0.48
4966,1610,1396,23 ,32 ,14 ,23 ,6 ,7 ,3 ,2 ,15 ,23 ,3 ,4 ,5 ,5 ,0.35,0.35
4967,2563,1513,7 ,0 ,6 ,0 ,0 ,0 ,1 ,0 ,4 ,0 ,0 ,0 ,3 ,0 ,0.87,0.0
4968,2442,1348,28 ,26 ,21 ,16 ,4 ,6 ,3 ,4 ,21 ,23 ,7 ,0 ,0 ,3 ,0.48,0.49
4969,1571,1474,0 ,0 ,0 ,0 ,0 ,0 ,0 ,0 ,0 ,0 ,0 ,0 ,0 ,0 ,0.0,0.0
4970,2060,2546,26 ,24 ,18 ,17 ,6 ,1 ,2 ,6 ,19 ,24 ,7 ,0 ,0 ,0 ,0.52,0.45
4971,1773,1648,2 ,10 ,1 ,8 ,0 ,0 ,1 ,2 ,2 ,7 ,0 ,0 ,0 ,3 ,0.16,0.43
4972,1349,1967,17 ,47 ,8 ,27 ,5 ,5 ,4 ,15 ,12 ,18 ,0 ,4 ,5 ,25 ,0.54,0.54
4973,1455,2285,3 ,9 ,1 ,6 ,0 ,3 ,2 ,0 ,3 ,5 ,0 ,1 ,0 ,3 ,0.75,0.52
4974,1350,1903,17 ,26 ,12 ,19 ,1 ,7 ,4 ,0 ,11 ,15 ,6 ,11 ,0 ,0 ,0.36,0.44
4975,2091,1685,58 ,67 ,33 ,36 ,17 ,21 ,8 ,10 ,55 ,61 ,1 ,1 ,2 ,5 ,0.34,0.36
4976,1829,1351,120 ,77 ,69 ,72 ,32 ,3 ,19 ,2 ,119 ,76 ,1 ,1 ,0 ,0 ,0.38,0.36
4977,1644,1449,19 ,1 ,14 ,0 ,1 ,0 ,4 ,1 ,15 ,1 ,0 ,0 ,4 ,0 ,0.44,0.11
4978,2173,1699,14 ,3 ,7 ,3 ,2 ,0 ,5 ,0 ,9 ,3 ,0 ,0 ,5 ,0 ,0.43,0.21
4979,1896,1421,21 ,5 ,20 ,1 ,1 ,1 ,0 ,3 ,7 ,3 ,0 ,1 ,14 ,1 ,0.6,0.71
4980,1889,2498,47 ,54 ,29 ,40 ,10 ,9 ,8 ,5 ,47 ,38 ,0 ,0 ,0 ,16 ,0.25,0.39
4981,2530,1413,20 ,3 ,18 ,2 ,0 ,0 ,2 ,1 ,2 ,1 ,0 ,0 ,18 ,2 ,0.5,0.33
4982,2520,1516,65 ,31 ,27 ,16 ,9 ,8 ,29 ,7 ,63 ,26 ,2 ,5 ,0 ,0 ,0.49,0.43
4983,1433,1595,2 ,3 ,2 ,2 ,0 ,0 ,0 ,1 ,2 ,3 ,0 ,0 ,0 ,0 ,0.4,0.6
4984,1442,1562,40 ,39 ,10 ,26 ,27 ,6 ,3 ,7 ,34 ,34 ,6 ,2 ,0 ,3 ,0.51,0.52
4985,1746,1537,54 ,71 ,39 ,39 ,13 ,16 ,2 ,16 ,40 ,55 ,7 ,16 ,7 ,0 ,0.44,0.58
4986,1808,2009,66 ,111 ,38 ,47 ,20 ,34 ,8 ,30 ,56 ,98 ,8 ,11 ,2 ,2 ,0.29,0.53
4987,1736,1431,7 ,7 ,3 ,3 ,0 ,4 ,4 ,0 ,2 ,2 ,5 ,1 ,0 ,4 ,0.58,0.7
4988,1543,2620,24 ,101 ,8 ,36 ,7 ,39 ,9 ,26 ,17 ,77 ,7 ,23 ,0 ,1 ,0.28,0.57
4989,2466,1352,98 ,76 ,65 ,47 ,9 ,10 ,24 ,19 ,98 ,72 ,0 ,0 ,0 ,4 ,0.43,0.53
4990,2549,1876,163 ,169 ,132 ,146 ,17 ,16 ,14 ,7 ,140 ,147 ,16 ,14 ,7 ,8 ,0.67,0.47
4991,1890,1980,4 ,2 ,3 ,1 ,0 ,0 ,1 ,1 ,4 ,2 ,0 ,0 ,0 ,0 ,0.28,0.2
4992,1691,1778,73 ,82 ,41 ,41 ,6 ,17 ,26 ,24 ,72 ,79 ,1 ,3 ,0 ,0 ,0.41,0.42
4993,1427,1521,61 ,55 ,24 ,31 ,16 ,4 ,21 ,20 ,57 ,48 ,4 ,7 ,0 ,0 ,0.5,0.46
4994,1634,1353,6 ,1 ,6 ,0 ,0 ,1 ,0 ,0 ,3 ,1 ,1 ,0 ,2 ,0 ,0.6,0.33
4995,1805,2660,64 ,38 ,25 ,26 ,30 ,5 ,9 ,7 ,64 ,37 ,0 ,1 ,0 ,0 ,0.42,0.29
4996,1439,2159,43 ,83 ,32 ,55 ,10 ,18 ,1 ,10 ,36 ,69 ,6 ,10 ,1 ,4 ,0.29,0.29
4997,1577,2267,15 ,63 ,11 ,36 ,2 ,14 ,2 ,13 ,11 ,36 ,1 ,6 ,3 ,21 ,0.42,0.61
4998,1999,1415,58 ,24 ,48 ,13 ,6 ,4 ,4 ,7 ,30 ,24 ,2 ,0 ,26 ,0 ,0.53,0.22
4999,2175,2467,23 ,5 ,21 ,5 ,2 ,0 ,0 ,0 ,8 ,4 ,2 ,0 ,13 ,1 ,0.56,0.62
5000,1446,1478,17 ,14 ,14 ,13 ,3 ,1 ,0 ,0 ,7 ,8 ,1 ,4 ,9 ,2 ,0.51,0.43
5001,1693,1354,20 ,17 ,14 ,7 ,2 ,9 ,4 ,1 ,12 ,14 ,2 ,3 ,6 ,0 ,0.37,0.37
5002,2189,1465,30 ,23 ,22 ,10 ,6 ,8 ,2 ,5 ,18 ,16 ,6 ,7 ,6 ,0 ,0.44,0.37
5003,1488,2296,30 ,80 ,18 ,61 ,8 ,16 ,4 ,3 ,25 ,61 ,4 ,15 ,1 ,4 ,0.37,0.51
5004,1403,1909,14 ,33 ,3 ,13 ,4 ,3 ,7 ,17 ,9 ,15 ,2 ,2 ,3 ,16 ,0.48,0.31
5005,1616,2365,9 ,14 ,6 ,10 ,0 ,4 ,3 ,0 ,9 ,13 ,0 ,0 ,0 ,1 ,0.45,0.63
5006,1510,1863,0 ,25 ,0 ,18 ,0 ,7 ,0 ,0 ,0 ,1 ,0 ,0 ,0 ,24 ,0.0,0.78
5007,2292,1700,20 ,52 ,7 ,21 ,6 ,5 ,7 ,26 ,19 ,38 ,1 ,1 ,0 ,13 ,0.37,0.5
5008,2044,1490,77 ,67 ,29 ,21 ,28 ,31 ,20 ,15 ,65 ,54 ,8 ,8 ,4 ,5 ,0.44,0.43
5009,1664,2406,14 ,25 ,6 ,15 ,6 ,9 ,2 ,1 ,13 ,18 ,1 ,3 ,0 ,4 ,0.56,0.51
5010,2180,1468,13 ,1 ,13 ,0 ,0 ,0 ,0 ,1 ,4 ,1 ,7 ,0 ,2 ,0 ,0.61,0.16
5011,1502,1965,56 ,23 ,37 ,19 ,13 ,2 ,6 ,2 ,7 ,8 ,10 ,9 ,39 ,6 ,0.64,0.35
5012,1961,1643,48 ,41 ,21 ,17 ,19 ,8 ,8 ,16 ,46 ,33 ,2 ,3 ,0 ,5 ,0.39,0.33
5013,1727,2563,1 ,4 ,0 ,4 ,0 ,0 ,1 ,0 ,1 ,1 ,0 ,0 ,0 ,3 ,0.5,0.5
5014,2663,1440,41 ,70 ,20 ,43 ,11 ,12 ,10 ,15 ,41 ,60 ,0 ,1 ,0 ,9 ,0.33,0.54
5015,2433,1958,21 ,25 ,19 ,16 ,1 ,3 ,1 ,6 ,20 ,18 ,0 ,1 ,1 ,6 ,0.35,0.53
5016,2239,2261,30 ,63 ,14 ,29 ,5 ,6 ,11 ,28 ,25 ,43 ,2 ,6 ,3 ,14 ,0.48,0.44
5017,1807,1436,26 ,0 ,21 ,0 ,5 ,0 ,0 ,0 ,1 ,0 ,9 ,0 ,16 ,0 ,0.89,0.0
5018,1550,2083,34 ,141 ,12 ,56 ,18 ,83 ,4 ,2 ,10 ,27 ,24 ,78 ,0 ,36 ,0.66,0.72
5019,1970,2049,125 ,36 ,45 ,15 ,35 ,9 ,45 ,12 ,64 ,31 ,31 ,5 ,30 ,0 ,0.74,0.54
5020,1434,1388,49 ,42 ,31 ,29 ,17 ,6 ,1 ,7 ,27 ,16 ,22 ,20 ,0 ,6 ,0.59,0.47
5021,2359,1355,25 ,10 ,22 ,6 ,3 ,2 ,0 ,2 ,10 ,10 ,0 ,0 ,15 ,0 ,0.45,0.32
5022,1668,2247,13 ,14 ,9 ,11 ,1 ,2 ,3 ,1 ,12 ,13 ,0 ,1 ,1 ,0 ,0.54,0.35
5023,1566,1501,70 ,66 ,42 ,42 ,10 ,11 ,18 ,13 ,58 ,62 ,12 ,4 ,0 ,0 ,0.43,0.46
5024,2658,2514,57 ,49 ,48 ,37 ,2 ,9 ,7 ,3 ,28 ,30 ,5 ,8 ,24 ,11 ,0.44,0.57
5025,1582,2178,58 ,98 ,42 ,35 ,10 ,27 ,6 ,36 ,54 ,78 ,2 ,19 ,2 ,1 ,0.4,0.43
5026,1469,1443,50 ,19 ,29 ,13 ,4 ,5 ,17 ,1 ,48 ,19 ,2 ,0 ,0 ,0 ,0.32,0.22
5027,1356,1579,41 ,52 ,20 ,32 ,12 ,13 ,9 ,7 ,32 ,35 ,9 ,17 ,0 ,0 ,0.42,0.38
5028,2644,2437,37 ,31 ,22 ,17 ,12 ,9 ,3 ,5 ,17 ,17 ,10 ,14 ,10 ,0 ,0.56,0.53
5029,1803,1623,72 ,70 ,50 ,47 ,19 ,6 ,3 ,17 ,70 ,69 ,2 ,1 ,0 ,0 ,0.4,0.42
5030,1936,2515,31 ,32 ,27 ,21 ,3 ,3 ,1 ,8 ,24 ,23 ,1 ,4 ,6 ,5 ,0.64,0.47
5031,2120,1364,6 ,0 ,4 ,0 ,1 ,0 ,1 ,0 ,3 ,0 ,0 ,0 ,3 ,0 ,0.66,0.0
5032,2325,1528,7 ,29 ,2 ,15 ,3 ,7 ,2 ,7 ,7 ,20 ,0 ,6 ,0 ,3 ,0.28,0.52
5033,1650,1482,33 ,22 ,32 ,16 ,1 ,1 ,0 ,5 ,20 ,20 ,9 ,2 ,4 ,0 ,0.58,0.23
5034,2026,2348,107 ,75 ,81 ,54 ,13 ,15 ,13 ,6 ,90 ,68 ,12 ,7 ,5 ,0 ,0.54,0.32
5035,1476,2394,4 ,10 ,2 ,7 ,1 ,3 ,1 ,0 ,4 ,4 ,0 ,0 ,0 ,6 ,0.57,0.58
5036,1739,1460,11 ,70 ,5 ,60 ,3 ,2 ,3 ,8 ,7 ,16 ,4 ,4 ,0 ,50 ,0.4,0.81
5037,1845,1481,63 ,15 ,19 ,8 ,22 ,3 ,22 ,4 ,55 ,14 ,6 ,1 ,2 ,0 ,0.59,0.25
5038,2322,1357,37 ,30 ,25 ,5 ,10 ,6 ,2 ,19 ,35 ,30 ,0 ,0 ,2 ,0 ,0.33,0.28
5039,1515,1507,31 ,32 ,19 ,15 ,10 ,8 ,2 ,9 ,31 ,29 ,0 ,3 ,0 ,0 ,0.2,0.33
5040,1817,1695,26 ,19 ,24 ,10 ,2 ,2 ,0 ,7 ,6 ,11 ,2 ,1 ,18 ,7 ,0.57,0.5
5041,2480,1525,30 ,34 ,14 ,7 ,4 ,5 ,12 ,22 ,27 ,33 ,3 ,1 ,0 ,0 ,0.37,0.56
5042,2278,2564,35 ,44 ,24 ,16 ,4 ,16 ,7 ,12 ,30 ,41 ,5 ,3 ,0 ,0 ,0.35,0.36
5043,2259,2027,31 ,9 ,17 ,3 ,13 ,4 ,1 ,2 ,4 ,4 ,16 ,5 ,11 ,0 ,0.63,0.5
5044,1750,1779,21 ,35 ,17 ,18 ,3 ,10 ,1 ,7 ,20 ,31 ,1 ,3 ,0 ,1 ,0.48,0.48
5045,1358,1545,25 ,47 ,18 ,19 ,1 ,10 ,6 ,18 ,25 ,46 ,0 ,1 ,0 ,0 ,0.3,0.44
5046,1411,2177,15 ,69 ,4 ,15 ,1 ,21 ,10 ,33 ,15 ,69 ,0 ,0 ,0 ,0 ,0.2,0.57
5047,1609,2252,13 ,2 ,9 ,1 ,4 ,1 ,0 ,0 ,0 ,2 ,5 ,0 ,8 ,0 ,0.5,0.28
5048,1636,1841,72 ,60 ,16 ,44 ,28 ,12 ,28 ,4 ,50 ,49 ,21 ,11 ,1 ,0 ,0.59,0.46
5049,2418,1487,12 ,4 ,7 ,1 ,0 ,1 ,5 ,2 ,7 ,4 ,0 ,0 ,5 ,0 ,0.75,0.4
5050,2112,1401,17 ,9 ,7 ,5 ,7 ,1 ,3 ,3 ,16 ,8 ,1 ,1 ,0 ,0 ,0.38,0.21
5051,2517,2576,55 ,25 ,34 ,23 ,6 ,1 ,15 ,1 ,39 ,19 ,16 ,5 ,0 ,1 ,0.5,0.29
5052,1559,1777,52 ,34 ,43 ,15 ,9 ,9 ,0 ,10 ,36 ,27 ,12 ,7 ,4 ,0 ,0.46,0.4
5053,1467,2319,26 ,14 ,19 ,6 ,5 ,7 ,2 ,1 ,15 ,9 ,2 ,3 ,9 ,2 ,0.5,0.28
5054,1831,1359,73 ,37 ,25 ,18 ,8 ,10 ,40 ,9 ,73 ,37 ,0 ,0 ,0 ,0 ,0.53,0.32
5055,2566,1360,22 ,2 ,10 ,2 ,1 ,0 ,11 ,0 ,8 ,2 ,1 ,0 ,13 ,0 ,0.66,0.22
5056,2099,1530,47 ,32 ,28 ,5 ,9 ,7 ,10 ,20 ,47 ,30 ,0 ,0 ,0 ,2 ,0.43,0.58
5057,2315,1470,60 ,26 ,37 ,19 ,2 ,2 ,21 ,5 ,26 ,15 ,1 ,2 ,33 ,9 ,0.54,0.3
5058,1647,1870,64 ,56 ,21 ,27 ,19 ,18 ,24 ,11 ,61 ,47 ,2 ,4 ,1 ,5 ,0.44,0.29
5059,1464,1588,17 ,32 ,8 ,9 ,8 ,19 ,1 ,4 ,2 ,9 ,13 ,19 ,2 ,4 ,0.48,0.61
5060,2558,2629,27 ,10 ,19 ,4 ,4 ,3 ,4 ,3 ,10 ,4 ,0 ,4 ,17 ,2 ,0.62,0.76
5061,1462,1567,52 ,58 ,28 ,36 ,9 ,20 ,15 ,2 ,50 ,58 ,2 ,0 ,0 ,0 ,0.41,0.23
5062,1361,1378,12 ,25 ,1 ,17 ,4 ,6 ,7 ,2 ,12 ,10 ,0 ,1 ,0 ,14 ,0.5,0.78
5063,2053,1362,118 ,50 ,58 ,23 ,38 ,27 ,22 ,0 ,67 ,22 ,39 ,27 ,12 ,1 ,0.58,0.43
5064,2067,1391,73 ,54 ,32 ,21 ,25 ,26 ,16 ,7 ,49 ,42 ,15 ,12 ,9 ,0 ,0.49,0.45
5065,2305,2152,40 ,25 ,33 ,6 ,7 ,13 ,0 ,6 ,11 ,21 ,7 ,4 ,22 ,0 ,0.55,0.32
5066,2191,1905,57 ,64 ,16 ,25 ,20 ,17 ,21 ,22 ,42 ,41 ,13 ,17 ,2 ,6 ,0.48,0.42
5067,2470,2436,22 ,24 ,7 ,13 ,7 ,9 ,8 ,2 ,22 ,24 ,0 ,0 ,0 ,0 ,0.25,0.18
5068,1363,2276,1 ,3 ,1 ,1 ,0 ,0 ,0 ,2 ,1 ,3 ,0 ,0 ,0 ,0 ,0.16,0.3
5069,2286,2329,13 ,20 ,6 ,13 ,3 ,2 ,4 ,5 ,11 ,12 ,2 ,8 ,0 ,0 ,0.4,0.57
5070,1726,1719,35 ,46 ,20 ,37 ,6 ,8 ,9 ,1 ,30 ,44 ,5 ,2 ,0 ,0 ,0.39,0.45
5071,1424,1677,47 ,47 ,28 ,19 ,9 ,14 ,10 ,14 ,42 ,33 ,4 ,8 ,1 ,6 ,0.4,0.55
5072,2612,1405,64 ,30 ,38 ,6 ,17 ,7 ,9 ,17 ,38 ,26 ,11 ,4 ,15 ,0 ,0.59,0.48
5073,1364,2280,48 ,47 ,19 ,39 ,7 ,4 ,22 ,4 ,46 ,33 ,2 ,0 ,0 ,14 ,0.5,0.43
5074,1429,1711,0 ,5 ,0 ,5 ,0 ,0 ,0 ,0 ,0 ,2 ,0 ,0 ,0 ,3 ,0.0,1.0
5075,2598,1494,47 ,64 ,23 ,46 ,16 ,12 ,8 ,6 ,34 ,47 ,11 ,17 ,2 ,0 ,0.51,0.42
5076,1365,2295,1 ,23 ,0 ,19 ,0 ,4 ,1 ,0 ,1 ,7 ,0 ,0 ,0 ,16 ,0.16,0.69
5077,2285,2204,35 ,31 ,27 ,18 ,8 ,5 ,0 ,8 ,31 ,24 ,1 ,0 ,3 ,7 ,0.3,0.4
5078,1938,2317,4 ,27 ,3 ,15 ,1 ,7 ,0 ,5 ,2 ,17 ,1 ,6 ,1 ,4 ,0.5,0.61
5079,1522,1693,24 ,38 ,9 ,13 ,3 ,4 ,12 ,21 ,19 ,37 ,1 ,1 ,4 ,0 ,0.24,0.31
5080,2450,2186,16 ,79 ,12 ,26 ,4 ,15 ,0 ,38 ,16 ,75 ,0 ,0 ,0 ,4 ,0.23,0.5
5081,2550,2520,91 ,109 ,68 ,70 ,12 ,16 ,11 ,23 ,91 ,100 ,0 ,1 ,0 ,8 ,0.41,0.45
5082,2443,2105,181 ,178 ,141 ,153 ,39 ,18 ,1 ,7 ,167 ,165 ,14 ,13 ,0 ,0 ,0.4,0.46
5083,1457,2343,10 ,1 ,7 ,0 ,1 ,0 ,2 ,1 ,4 ,1 ,0 ,0 ,6 ,0 ,0.83,1.0
5084,1506,2365,6 ,8 ,5 ,8 ,1 ,0 ,0 ,0 ,6 ,3 ,0 ,1 ,0 ,4 ,0.46,0.8
5085,2504,1754,28 ,36 ,17 ,24 ,6 ,10 ,5 ,2 ,26 ,26 ,2 ,10 ,0 ,0 ,0.4,0.41
5086,1509,1673,14 ,8 ,9 ,3 ,4 ,3 ,1 ,2 ,2 ,2 ,5 ,3 ,7 ,3 ,0.73,0.42
5087,1367,1366,25 ,29 ,22 ,18 ,2 ,7 ,1 ,4 ,20 ,21 ,4 ,4 ,1 ,4 ,0.39,0.35
5088,2494,2019,50 ,26 ,42 ,19 ,7 ,5 ,1 ,2 ,6 ,10 ,15 ,10 ,29 ,6 ,0.64,0.44
5089,1720,1718,43 ,6 ,37 ,6 ,4 ,0 ,2 ,0 ,8 ,3 ,0 ,0 ,35 ,3 ,0.62,0.35
5090,1638,1692,33 ,64 ,29 ,50 ,3 ,12 ,1 ,2 ,18 ,49 ,3 ,10 ,12 ,5 ,0.41,0.55
5091,2143,1368,17 ,5 ,17 ,4 ,0 ,0 ,0 ,1 ,14 ,4 ,3 ,1 ,0 ,0 ,0.65,0.33
5092,2263,2281,14 ,13 ,7 ,5 ,6 ,7 ,1 ,1 ,4 ,6 ,8 ,7 ,2 ,0 ,0.7,0.3
5093,1540,1722,29 ,38 ,23 ,15 ,6 ,23 ,0 ,0 ,5 ,12 ,12 ,26 ,12 ,0 ,0.87,0.65
5094,2081,1574,65 ,65 ,28 ,47 ,15 ,16 ,22 ,2 ,60 ,62 ,4 ,3 ,1 ,0 ,0.28,0.4
5095,2252,1404,117 ,57 ,83 ,40 ,30 ,15 ,4 ,2 ,103 ,50 ,13 ,7 ,1 ,0 ,0.49,0.19
5096,2656,1369,6 ,10 ,4 ,5 ,0 ,0 ,2 ,5 ,6 ,10 ,0 ,0 ,0 ,0 ,0.54,0.4
5097,2594,2094,49 ,13 ,36 ,5 ,4 ,6 ,9 ,2 ,28 ,11 ,4 ,2 ,17 ,0 ,0.56,0.29
5098,1937,2544,25 ,17 ,18 ,13 ,6 ,4 ,1 ,0 ,12 ,13 ,8 ,3 ,5 ,1 ,0.49,0.45
5099,1904,1768,75 ,42 ,31 ,26 ,29 ,8 ,15 ,8 ,65 ,30 ,10 ,12 ,0 ,0 ,0.42,0.31
5100,1447,1792,46 ,28 ,9 ,25 ,22 ,2 ,15 ,1 ,29 ,13 ,17 ,2 ,0 ,13 ,0.51,0.4
5101,1934,1426,53 ,30 ,41 ,16 ,7 ,5 ,5 ,9 ,31 ,24 ,3 ,4 ,19 ,2 ,0.62,0.42
5102,1370,2187,106 ,120 ,57 ,72 ,39 ,16 ,10 ,32 ,105 ,119 ,1 ,1 ,0 ,0 ,0.41,0.43
5103,1757,2463,30 ,74 ,24 ,57 ,6 ,16 ,0 ,1 ,16 ,43 ,9 ,20 ,5 ,11 ,0.52,0.54
5104,1646,1555,48 ,65 ,30 ,48 ,7 ,6 ,11 ,11 ,42 ,32 ,6 ,18 ,0 ,15 ,0.35,0.59
5105,1645,1371,14 ,1 ,12 ,1 ,2 ,0 ,0 ,0 ,4 ,1 ,2 ,0 ,8 ,0 ,0.46,0.33
5106,1568,2276,90 ,148 ,65 ,96 ,24 ,32 ,1 ,20 ,74 ,120 ,15 ,24 ,1 ,4 ,0.51,0.39
5107,1372,1493,15 ,38 ,11 ,13 ,2 ,9 ,2 ,16 ,9 ,27 ,4 ,10 ,2 ,1 ,0.27,0.43
5108,1373,1453,41 ,81 ,32 ,56 ,8 ,21 ,1 ,4 ,18 ,50 ,19 ,30 ,4 ,1 ,0.66,0.43
5109,2509,1629,26 ,75 ,18 ,45 ,8 ,15 ,0 ,15 ,24 ,48 ,2 ,3 ,0 ,24 ,0.27,0.51
5110,1408,2203,90 ,52 ,32 ,27 ,27 ,22 ,31 ,3 ,89 ,51 ,0 ,1 ,1 ,0 ,0.44,0.33
5111,2206,2627,28 ,59 ,14 ,31 ,9 ,20 ,5 ,8 ,27 ,58 ,1 ,1 ,0 ,0 ,0.34,0.3
5112,2406,1533,43 ,9 ,38 ,9 ,5 ,0 ,0 ,0 ,1 ,1 ,0 ,0 ,42 ,8 ,0.65,0.81
5113,2364,1606,69 ,72 ,55 ,44 ,12 ,21 ,2 ,7 ,35 ,54 ,29 ,12 ,5 ,6 ,0.53,0.48
5114,1570,2392,17 ,1 ,17 ,0 ,0 ,0 ,0 ,1 ,9 ,1 ,3 ,0 ,5 ,0 ,0.6,0.33
5115,2057,2297,32 ,55 ,21 ,43 ,4 ,6 ,7 ,6 ,17 ,24 ,12 ,4 ,3 ,27 ,0.57,0.53
5116,2562,1694,129 ,134 ,66 ,82 ,14 ,18 ,49 ,34 ,113 ,128 ,11 ,6 ,5 ,0 ,0.5,0.5
5117,1770,1374,56 ,65 ,34 ,16 ,11 ,27 ,11 ,22 ,45 ,53 ,6 ,12 ,5 ,0 ,0.59,0.38
5118,1618,1689,90 ,138 ,49 ,87 ,23 ,17 ,18 ,34 ,90 ,129 ,0 ,3 ,0 ,6 ,0.4,0.38
5119,1375,2089,46 ,61 ,28 ,34 ,8 ,9 ,10 ,18 ,45 ,57 ,1 ,0 ,0 ,4 ,0.33,0.53
5120,2611,1416,59 ,20 ,52 ,17 ,3 ,2 ,4 ,1 ,23 ,19 ,1 ,1 ,35 ,0 ,0.47,0.15
5121,2163,2348,111 ,69 ,75 ,39 ,31 ,21 ,5 ,9 ,82 ,55 ,21 ,13 ,8 ,1 ,0.48,0.46
5122,1376,1976,64 ,80 ,56 ,52 ,8 ,13 ,0 ,15 ,54 ,64 ,10 ,16 ,0 ,0 ,0.36,0.38
5123,1893,1443,72 ,20 ,36 ,12 ,10 ,7 ,26 ,1 ,70 ,19 ,2 ,1 ,0 ,0 ,0.45,0.32
5124,2586,2069,66 ,39 ,59 ,16 ,2 ,21 ,5 ,2 ,28 ,24 ,8 ,14 ,30 ,1 ,0.64,0.33
5125,1486,2609,6 ,13 ,6 ,11 ,0 ,1 ,0 ,1 ,6 ,10 ,0 ,0 ,0 ,3 ,0.25,0.4
5126,1931,1605,83 ,81 ,67 ,43 ,11 ,18 ,5 ,20 ,80 ,80 ,3 ,1 ,0 ,0 ,0.33,0.41
5127,1445,1612,58 ,54 ,27 ,37 ,5 ,15 ,26 ,2 ,54 ,53 ,4 ,1 ,0 ,0 ,0.39,0.26
5128,2060,2347,29 ,95 ,19 ,28 ,7 ,17 ,3 ,50 ,26 ,67 ,3 ,28 ,0 ,0 ,0.36,0.53
5129,2132,1516,17 ,8 ,5 ,1 ,2 ,3 ,10 ,4 ,14 ,7 ,3 ,1 ,0 ,0 ,0.54,0.53
5130,2323,2129,55 ,47 ,54 ,17 ,1 ,11 ,0 ,19 ,50 ,41 ,3 ,5 ,2 ,1 ,0.44,0.44
5131,1881,2514,74 ,43 ,61 ,23 ,12 ,15 ,1 ,5 ,71 ,39 ,2 ,4 ,1 ,0 ,0.46,0.26
5132,1782,1959,34 ,31 ,10 ,21 ,11 ,7 ,13 ,3 ,28 ,29 ,6 ,2 ,0 ,0 ,0.34,0.48
5133,1377,1781,22 ,11 ,21 ,11 ,0 ,0 ,1 ,0 ,18 ,8 ,4 ,1 ,0 ,2 ,0.66,0.31
5134,1740,2658,20 ,27 ,10 ,9 ,7 ,12 ,3 ,6 ,16 ,15 ,4 ,11 ,0 ,1 ,0.48,0.48
5135,1817,2387,2 ,6 ,0 ,4 ,0 ,2 ,2 ,0 ,2 ,5 ,0 ,1 ,0 ,0 ,0.5,0.54
5136,1378,2591,78 ,55 ,56 ,11 ,15 ,14 ,7 ,30 ,61 ,54 ,7 ,1 ,10 ,0 ,0.54,0.37
5137,1656,1631,69 ,77 ,57 ,60 ,7 ,16 ,5 ,1 ,38 ,61 ,14 ,12 ,17 ,4 ,0.55,0.46
5138,1479,2138,63 ,44 ,44 ,19 ,7 ,8 ,12 ,17 ,41 ,40 ,5 ,2 ,17 ,2 ,0.55,0.37
5139,2442,1537,38 ,18 ,23 ,10 ,13 ,5 ,2 ,3 ,20 ,10 ,10 ,6 ,8 ,2 ,0.64,0.36
5140,2549,1406,18 ,6 ,14 ,5 ,1 ,1 ,3 ,0 ,10 ,5 ,1 ,0 ,7 ,1 ,0.72,0.33
5141,1547,1622,3 ,22 ,2 ,13 ,1 ,0 ,0 ,9 ,2 ,1 ,1 ,8 ,0 ,13 ,0.5,0.7
5142,1538,1583,15 ,39 ,10 ,26 ,1 ,2 ,4 ,11 ,11 ,13 ,2 ,5 ,2 ,21 ,0.45,0.58
5143,1952,1804,60 ,35 ,36 ,23 ,17 ,10 ,7 ,2 ,33 ,27 ,18 ,7 ,9 ,1 ,0.54,0.36
5144,2660,1420,19 ,13 ,16 ,9 ,1 ,0 ,2 ,4 ,5 ,8 ,1 ,0 ,13 ,5 ,0.46,0.65
5145,1452,1861,26 ,40 ,23 ,26 ,3 ,5 ,0 ,9 ,12 ,28 ,11 ,11 ,3 ,1 ,0.47,0.42
5146,1590,1379,19 ,42 ,12 ,36 ,5 ,2 ,2 ,4 ,18 ,40 ,0 ,0 ,1 ,2 ,0.26,0.39
5147,1380,1667,37 ,100 ,20 ,68 ,8 ,30 ,9 ,2 ,36 ,93 ,1 ,7 ,0 ,0 ,0.46,0.49
5148,1435,1707,2 ,12 ,0 ,4 ,0 ,6 ,2 ,2 ,2 ,12 ,0 ,0 ,0 ,0 ,0.18,0.75
5149,1381,1763,6 ,50 ,2 ,45 ,4 ,5 ,0 ,0 ,4 ,1 ,1 ,7 ,1 ,42 ,0.54,0.73
5150,1422,1663,39 ,60 ,30 ,30 ,6 ,11 ,3 ,19 ,31 ,55 ,8 ,5 ,0 ,0 ,0.39,0.4
5151,1446,1382,40 ,21 ,22 ,13 ,5 ,7 ,13 ,1 ,24 ,12 ,8 ,8 ,8 ,1 ,0.48,0.33
5152,1999,1883,24 ,47 ,20 ,28 ,3 ,12 ,1 ,7 ,14 ,38 ,5 ,6 ,5 ,3 ,0.39,0.41
5153,1776,1478,9 ,16 ,6 ,4 ,1 ,3 ,2 ,9 ,6 ,16 ,0 ,0 ,3 ,0 ,0.33,0.3
5154,1383,2219,2 ,2 ,1 ,1 ,0 ,0 ,1 ,1 ,2 ,2 ,0 ,0 ,0 ,0 ,0.66,0.28
5155,1697,2049,72 ,49 ,26 ,19 ,8 ,11 ,38 ,19 ,70 ,44 ,0 ,0 ,2 ,5 ,0.47,0.47
5156,1874,1871,82 ,112 ,50 ,24 ,20 ,19 ,12 ,69 ,78 ,104 ,3 ,7 ,1 ,1 ,0.37,0.42
5157,1681,1438,74 ,55 ,48 ,24 ,23 ,20 ,3 ,11 ,70 ,52 ,0 ,3 ,4 ,0 ,0.43,0.36
5158,1518,1592,31 ,30 ,13 ,11 ,12 ,5 ,6 ,14 ,15 ,18 ,16 ,12 ,0 ,0 ,0.36,0.41
5159,2038,2252,94 ,71 ,64 ,44 ,11 ,21 ,19 ,6 ,83 ,56 ,8 ,13 ,3 ,2 ,0.37,0.49
5160,1492,2098,12 ,22 ,2 ,11 ,4 ,11 ,6 ,0 ,12 ,16 ,0 ,2 ,0 ,4 ,0.41,0.53
5161,2191,2518,90 ,148 ,55 ,92 ,27 ,33 ,8 ,23 ,79 ,123 ,11 ,25 ,0 ,0 ,0.38,0.4
5162,2620,1958,174 ,105 ,123 ,44 ,36 ,29 ,15 ,32 ,172 ,102 ,2 ,3 ,0 ,0 ,0.49,0.39
5163,2554,1703,75 ,48 ,29 ,31 ,22 ,15 ,24 ,2 ,42 ,39 ,7 ,4 ,26 ,5 ,0.52,0.48
5164,2636,1803,64 ,73 ,39 ,65 ,6 ,7 ,19 ,1 ,50 ,62 ,14 ,5 ,0 ,6 ,0.44,0.59
5165,1543,2296,73 ,56 ,42 ,40 ,15 ,13 ,16 ,3 ,60 ,42 ,9 ,10 ,4 ,4 ,0.38,0.29
5166,1916,1689,104 ,68 ,65 ,43 ,25 ,15 ,14 ,10 ,103 ,68 ,1 ,0 ,0 ,0 ,0.52,0.36
5167,2262,1687,8 ,2 ,4 ,0 ,4 ,0 ,0 ,2 ,5 ,2 ,2 ,0 ,1 ,0 ,0.72,0.16
5168,2294,1648,90 ,57 ,73 ,35 ,13 ,7 ,4 ,15 ,45 ,54 ,19 ,2 ,26 ,1 ,0.52,0.47
5169,1680,1384,169 ,108 ,125 ,90 ,39 ,17 ,5 ,1 ,137 ,74 ,32 ,34 ,0 ,0 ,0.46,0.48
5170,2074,2026,68 ,108 ,33 ,66 ,20 ,9 ,15 ,33 ,65 ,96 ,2 ,4 ,1 ,8 ,0.25,0.5
5171,1385,2000,0 ,4 ,0 ,3 ,0 ,1 ,0 ,0 ,0 ,1 ,0 ,0 ,0 ,3 ,0.0,1.0
5172,1526,1559,24 ,87 ,2 ,84 ,3 ,3 ,19 ,0 ,24 ,18 ,0 ,9 ,0 ,60 ,0.57,0.58
5173,1839,1386,75 ,23 ,61 ,17 ,12 ,6 ,2 ,0 ,13 ,7 ,5 ,13 ,57 ,3 ,0.75,0.57
5174,2394,1567,71 ,33 ,52 ,21 ,12 ,10 ,7 ,2 ,44 ,21 ,6 ,5 ,21 ,7 ,0.56,0.31
5175,2558,1712,58 ,51 ,13 ,29 ,18 ,6 ,27 ,16 ,43 ,35 ,15 ,15 ,0 ,1 ,0.49,0.6
5176,2009,1896,73 ,14 ,38 ,9 ,25 ,4 ,10 ,1 ,43 ,11 ,17 ,3 ,13 ,0 ,0.57,0.13
5177,1630,1586,73 ,35 ,67 ,26 ,5 ,3 ,1 ,6 ,72 ,29 ,1 ,4 ,0 ,2 ,0.42,0.26
5178,1876,2557,47 ,89 ,15 ,44 ,11 ,31 ,21 ,14 ,29 ,59 ,15 ,30 ,3 ,0 ,0.46,0.58
5179,2546,1827,0 ,16 ,0 ,15 ,0 ,0 ,0 ,1 ,0 ,3 ,0 ,0 ,0 ,13 ,0.0,0.66
5180,1566,1387,37 ,19 ,17 ,10 ,9 ,7 ,11 ,2 ,31 ,17 ,4 ,2 ,2 ,0 ,0.44,0.43
5181,1595,2109,7 ,21 ,4 ,16 ,3 ,4 ,0 ,1 ,4 ,10 ,2 ,4 ,1 ,7 ,0.28,0.51
5182,1748,1504,32 ,13 ,22 ,8 ,9 ,4 ,1 ,1 ,7 ,8 ,2 ,2 ,23 ,3 ,0.74,0.43
5183,2655,1388,48 ,34 ,43 ,11 ,4 ,18 ,1 ,5 ,17 ,21 ,8 ,12 ,23 ,1 ,0.6,0.46
5184,2450,1536,11 ,2 ,11 ,0 ,0 ,1 ,0 ,1 ,5 ,2 ,2 ,0 ,4 ,0 ,0.73,0.66
5185,2195,1784,40 ,38 ,23 ,9 ,8 ,9 ,9 ,20 ,37 ,37 ,1 ,1 ,2 ,0 ,0.33,0.3
5186,2277,2152,8 ,7 ,6 ,3 ,1 ,4 ,1 ,0 ,3 ,4 ,1 ,3 ,4 ,0 ,0.36,0.53
5187,2437,1415,16 ,5 ,15 ,4 ,0 ,0 ,1 ,1 ,11 ,5 ,1 ,0 ,4 ,0 ,0.59,0.35
5188,1934,2029,31 ,60 ,22 ,29 ,6 ,16 ,3 ,15 ,26 ,26 ,5 ,14 ,0 ,20 ,0.35,0.59
5189,1571,1469,3 ,22 ,3 ,13 ,0 ,7 ,0 ,2 ,2 ,16 ,0 ,1 ,1 ,5 ,0.25,0.23
5190,1467,1546,15 ,50 ,15 ,27 ,0 ,14 ,0 ,9 ,15 ,44 ,0 ,3 ,0 ,3 ,0.31,0.43
5191,1634,1528,9 ,4 ,5 ,1 ,1 ,1 ,3 ,2 ,5 ,4 ,0 ,0 ,4 ,0 ,0.47,0.66
5192,2005,1919,49 ,33 ,30 ,26 ,11 ,3 ,8 ,4 ,28 ,25 ,17 ,7 ,4 ,1 ,0.4,0.39
5193,2267,1437,21 ,4 ,13 ,1 ,8 ,2 ,0 ,1 ,13 ,3 ,7 ,1 ,1 ,0 ,0.48,0.16
5194,2180,1515,13 ,0 ,11 ,0 ,1 ,0 ,1 ,0 ,3 ,0 ,0 ,0 ,10 ,0 ,0.54,0.0
5195,1643,2326,1 ,8 ,0 ,6 ,0 ,1 ,1 ,1 ,1 ,7 ,0 ,0 ,0 ,1 ,0.07,0.4
5196,1519,1609,40 ,25 ,36 ,19 ,1 ,3 ,3 ,3 ,37 ,17 ,3 ,8 ,0 ,0 ,0.37,0.22
5197,2418,1418,10 ,22 ,5 ,13 ,1 ,4 ,4 ,5 ,7 ,7 ,0 ,2 ,3 ,13 ,0.37,0.47
5198,1389,2322,23 ,102 ,19 ,62 ,2 ,26 ,2 ,14 ,22 ,102 ,1 ,0 ,0 ,0 ,0.2,0.53
5199,1502,2516,7 ,47 ,1 ,46 ,0 ,1 ,6 ,0 ,1 ,4 ,2 ,5 ,4 ,38 ,0.63,0.7
5200,2292,1710,30 ,14 ,11 ,4 ,8 ,8 ,11 ,2 ,23 ,9 ,4 ,5 ,3 ,0 ,0.71,0.38
5201,1779,1436,3 ,0 ,3 ,0 ,0 ,0 ,0 ,0 ,1 ,0 ,0 ,0 ,2 ,0 ,1.0,0.0
5202,1800,1884,17 ,11 ,8 ,3 ,6 ,0 ,3 ,8 ,11 ,11 ,3 ,0 ,3 ,0 ,0.48,0.78
5203,1970,1700,59 ,43 ,11 ,9 ,16 ,7 ,32 ,27 ,55 ,42 ,4 ,1 ,0 ,0 ,0.65,0.25
5204,1736,2627,54 ,64 ,6 ,46 ,9 ,9 ,39 ,9 ,54 ,56 ,0 ,2 ,0 ,6 ,0.4,0.43
5205,1610,1473,23 ,72 ,8 ,48 ,10 ,15 ,5 ,9 ,15 ,51 ,7 ,17 ,1 ,4 ,0.34,0.38
5206,1451,1967,27 ,32 ,12 ,22 ,9 ,7 ,6 ,3 ,24 ,31 ,3 ,0 ,0 ,1 ,0.18,0.28
5207,2037,1628,29 ,36 ,8 ,15 ,11 ,13 ,10 ,8 ,16 ,34 ,1 ,0 ,12 ,2 ,0.23,0.43
5208,2077,1390,45 ,38 ,32 ,13 ,12 ,10 ,1 ,15 ,21 ,26 ,8 ,6 ,16 ,6 ,0.5,0.48
5209,2466,1391,19 ,11 ,16 ,2 ,2 ,3 ,1 ,6 ,15 ,11 ,0 ,0 ,4 ,0 ,0.34,0.5
5210,1599,1615,70 ,55 ,29 ,38 ,22 ,10 ,19 ,7 ,67 ,31 ,2 ,9 ,1 ,15 ,0.43,0.42
5211,2287,1392,78 ,39 ,69 ,17 ,7 ,7 ,2 ,15 ,50 ,33 ,20 ,6 ,8 ,0 ,0.52,0.44
5212,1690,1848,50 ,25 ,35 ,20 ,11 ,5 ,4 ,0 ,15 ,8 ,8 ,5 ,27 ,12 ,0.62,0.49
5213,2470,1499,27 ,10 ,22 ,8 ,3 ,1 ,2 ,1 ,12 ,10 ,0 ,0 ,15 ,0 ,0.51,0.15
5214,1448,2498,11 ,4 ,9 ,2 ,1 ,0 ,1 ,2 ,3 ,4 ,0 ,0 ,8 ,0 ,0.73,0.5
5215,1882,1656,4 ,0 ,3 ,0 ,1 ,0 ,0 ,0 ,3 ,0 ,0 ,0 ,1 ,0 ,0.8,0.0
5216,1591,1669,11 ,23 ,5 ,15 ,4 ,6 ,2 ,2 ,5 ,9 ,6 ,7 ,0 ,7 ,0.52,0.54
5217,2371,1393,129 ,95 ,92 ,74 ,27 ,14 ,10 ,7 ,104 ,78 ,25 ,17 ,0 ,0 ,0.52,0.47
5218,1464,1459,15 ,8 ,12 ,7 ,2 ,0 ,1 ,1 ,4 ,6 ,4 ,2 ,7 ,0 ,0.65,0.5
5219,1638,1841,29 ,83 ,25 ,72 ,1 ,9 ,3 ,2 ,28 ,65 ,1 ,17 ,0 ,1 ,0.26,0.47
5220,1699,1465,28 ,36 ,12 ,17 ,5 ,4 ,11 ,15 ,21 ,35 ,4 ,1 ,3 ,0 ,0.36,0.4
5221,1939,1931,47 ,52 ,29 ,32 ,9 ,10 ,9 ,10 ,41 ,46 ,2 ,6 ,4 ,0 ,0.34,0.28
5222,1890,1777,94 ,67 ,63 ,41 ,27 ,13 ,4 ,13 ,91 ,65 ,3 ,0 ,0 ,2 ,0.47,0.3
5223,1904,1623,152 ,70 ,103 ,55 ,34 ,9 ,15 ,6 ,152 ,70 ,0 ,0 ,0 ,0 ,0.57,0.39
5224,2615,1723,25 ,25 ,9 ,13 ,13 ,11 ,3 ,1 ,25 ,24 ,0 ,1 ,0 ,0 ,0.27,0.48
5225,1427,2345,7 ,22 ,2 ,13 ,0 ,0 ,5 ,9 ,7 ,19 ,0 ,0 ,0 ,3 ,0.3,0.53
5226,1645,1453,36 ,3 ,35 ,3 ,1 ,0 ,0 ,0 ,5 ,3 ,0 ,0 ,31 ,0 ,0.94,0.42
5227,1722,1570,1 ,4 ,0 ,2 ,1 ,2 ,0 ,0 ,1 ,2 ,0 ,0 ,0 ,2 ,0.33,0.57
5228,1952,2259,81 ,92 ,41 ,72 ,17 ,14 ,23 ,6 ,81 ,77 ,0 ,12 ,0 ,3 ,0.47,0.42
5229,1395,1394,37 ,23 ,30 ,13 ,7 ,3 ,0 ,7 ,16 ,19 ,5 ,4 ,16 ,0 ,0.58,0.35
5230,2467,1396,29 ,9 ,24 ,8 ,2 ,1 ,3 ,0 ,7 ,3 ,0 ,0 ,22 ,6 ,0.69,0.45
5231,2295,2319,61 ,67 ,41 ,53 ,9 ,12 ,11 ,2 ,48 ,46 ,13 ,11 ,0 ,10 ,0.4,0.59
5232,1819,2019,37 ,23 ,21 ,11 ,7 ,12 ,9 ,0 ,24 ,13 ,5 ,10 ,8 ,0 ,0.59,0.23
5233,1823,1397,80 ,39 ,42 ,24 ,27 ,7 ,11 ,8 ,38 ,35 ,42 ,4 ,0 ,0 ,0.51,0.49
5234,1636,2089,68 ,67 ,33 ,52 ,20 ,12 ,15 ,3 ,53 ,64 ,6 ,2 ,9 ,1 ,0.49,0.45
5235,2364,1720,39 ,40 ,18 ,20 ,11 ,17 ,10 ,3 ,18 ,19 ,21 ,21 ,0 ,0 ,0.5,0.34
5236,1398,2281,23 ,47 ,14 ,28 ,8 ,11 ,1 ,8 ,17 ,20 ,1 ,5 ,5 ,22 ,0.47,0.44
5237,2396,2515,41 ,24 ,41 ,15 ,0 ,7 ,0 ,2 ,8 ,14 ,6 ,6 ,27 ,4 ,0.67,0.42
5238,1399,1622,122 ,38 ,59 ,21 ,43 ,9 ,20 ,8 ,81 ,31 ,34 ,3 ,7 ,4 ,0.56,0.44
5239,2443,1743,129 ,96 ,109 ,57 ,20 ,21 ,0 ,18 ,120 ,93 ,8 ,2 ,1 ,1 ,0.39,0.36
5240,1698,1833,61 ,55 ,31 ,20 ,8 ,20 ,22 ,15 ,47 ,43 ,14 ,12 ,0 ,0 ,0.42,0.33
5241,1695,1514,32 ,2 ,25 ,2 ,5 ,0 ,2 ,0 ,8 ,2 ,1 ,0 ,23 ,0 ,0.86,0.33
5242,2096,1498,24 ,22 ,20 ,16 ,3 ,0 ,1 ,6 ,17 ,22 ,3 ,0 ,4 ,0 ,0.19,0.3
5243,1545,2247,5 ,3 ,2 ,2 ,0 ,0 ,3 ,1 ,5 ,3 ,0 ,0 ,0 ,0 ,0.83,0.25
5244,1692,1909,16 ,6 ,3 ,3 ,9 ,3 ,4 ,0 ,1 ,0 ,15 ,5 ,0 ,1 ,0.69,0.37
5245,1965,1400,50 ,48 ,41 ,23 ,3 ,20 ,6 ,5 ,24 ,32 ,18 ,9 ,8 ,7 ,0.42,0.5
5246,1452,2305,60 ,50 ,21 ,38 ,7 ,10 ,32 ,2 ,48 ,47 ,10 ,0 ,2 ,3 ,0.44,0.4
5247,1746,1449,44 ,16 ,37 ,13 ,2 ,2 ,5 ,1 ,33 ,15 ,5 ,1 ,6 ,0 ,0.47,0.27
5248,1959,2629,8 ,6 ,8 ,3 ,0 ,2 ,0 ,1 ,2 ,4 ,1 ,0 ,5 ,2 ,0.53,0.31
5249,2155,2218,15 ,21 ,0 ,18 ,6 ,2 ,9 ,1 ,15 ,12 ,0 ,0 ,0 ,9 ,0.26,0.55
5250,2656,1976,2 ,2 ,1 ,1 ,0 ,0 ,1 ,1 ,2 ,2 ,0 ,0 ,0 ,0 ,0.25,0.4
5251,1986,1807,179 ,78 ,128 ,61 ,20 ,10 ,31 ,7 ,154 ,66 ,25 ,12 ,0 ,0 ,0.34,0.46
5252,2175,2044,1 ,1 ,0 ,0 ,1 ,1 ,0 ,0 ,1 ,1 ,0 ,0 ,0 ,0 ,1.0,0.33
5253,1651,1673,20 ,17 ,16 ,14 ,2 ,1 ,2 ,2 ,13 ,7 ,0 ,1 ,7 ,9 ,0.47,0.43
5254,1520,2177,40 ,48 ,26 ,18 ,10 ,6 ,4 ,24 ,38 ,40 ,2 ,2 ,0 ,6 ,0.35,0.55
5255,1633,1685,8 ,3 ,6 ,3 ,0 ,0 ,2 ,0 ,7 ,3 ,1 ,0 ,0 ,0 ,0.53,0.2
5256,2239,2053,41 ,84 ,17 ,31 ,17 ,36 ,7 ,17 ,29 ,44 ,12 ,39 ,0 ,1 ,0.37,0.5
5257,2221,1483,15 ,7 ,7 ,5 ,4 ,2 ,4 ,0 ,14 ,6 ,1 ,1 ,0 ,0 ,0.68,0.17
5258,2594,1463,42 ,47 ,22 ,20 ,8 ,7 ,12 ,20 ,31 ,33 ,1 ,11 ,10 ,3 ,0.5,0.46
5259,1462,1401,83 ,90 ,51 ,56 ,24 ,21 ,8 ,13 ,82 ,88 ,1 ,2 ,0 ,0 ,0.34,0.38
5260,2608,1472,18 ,22 ,16 ,19 ,1 ,3 ,1 ,0 ,5 ,8 ,1 ,12 ,12 ,2 ,0.46,0.51
5261,2278,1794,64 ,18 ,44 ,16 ,11 ,2 ,9 ,0 ,47 ,17 ,12 ,1 ,5 ,0 ,0.46,0.3
5262,1517,1402,65 ,32 ,46 ,23 ,11 ,9 ,8 ,0 ,51 ,26 ,8 ,6 ,6 ,0 ,0.56,0.45
5263,2549,1555,84 ,87 ,43 ,56 ,6 ,11 ,35 ,20 ,83 ,75 ,1 ,12 ,0 ,0 ,0.46,0.49
5264,2262,1403,42 ,18 ,16 ,1 ,4 ,4 ,22 ,13 ,38 ,17 ,1 ,1 ,3 ,0 ,0.36,0.23
5265,1647,1541,108 ,33 ,49 ,19 ,50 ,11 ,9 ,3 ,44 ,14 ,38 ,15 ,26 ,4 ,0.63,0.33
5266,1903,1726,50 ,77 ,46 ,32 ,1 ,17 ,3 ,28 ,42 ,62 ,0 ,4 ,8 ,11 ,0.49,0.41
5267,1490,1404,70 ,43 ,39 ,29 ,12 ,14 ,19 ,0 ,61 ,36 ,7 ,5 ,2 ,2 ,0.42,0.33
5268,1431,1588,37 ,43 ,29 ,21 ,8 ,10 ,0 ,12 ,22 ,26 ,2 ,6 ,13 ,11 ,0.62,0.62
5269,1883,2128,87 ,99 ,55 ,56 ,29 ,29 ,3 ,14 ,69 ,39 ,16 ,38 ,2 ,22 ,0.56,0.61
5270,1773,2187,45 ,62 ,15 ,23 ,20 ,16 ,10 ,23 ,30 ,55 ,12 ,3 ,3 ,4 ,0.55,0.53
5271,1644,1611,15 ,21 ,3 ,9 ,2 ,2 ,10 ,10 ,15 ,18 ,0 ,0 ,0 ,3 ,0.55,0.41
5272,1770,1583,81 ,58 ,51 ,37 ,26 ,16 ,4 ,5 ,69 ,49 ,7 ,8 ,5 ,1 ,0.43,0.4
5273,1885,2067,24 ,34 ,11 ,25 ,4 ,4 ,9 ,5 ,24 ,30 ,0 ,0 ,0 ,4 ,0.33,0.43
5274,1461,2567,125 ,118 ,96 ,67 ,11 ,46 ,18 ,5 ,118 ,110 ,7 ,5 ,0 ,3 ,0.44,0.55
5275,1530,1715,69 ,114 ,54 ,94 ,10 ,16 ,5 ,4 ,46 ,51 ,20 ,43 ,3 ,20 ,0.51,0.56
5276,1489,1969,181 ,123 ,162 ,86 ,9 ,27 ,10 ,10 ,139 ,102 ,21 ,19 ,21 ,2 ,0.68,0.53
5277,2121,1572,171 ,165 ,108 ,122 ,11 ,13 ,52 ,30 ,159 ,158 ,7 ,7 ,5 ,0 ,0.48,0.56
5278,2046,1783,36 ,85 ,35 ,74 ,1 ,6 ,0 ,5 ,33 ,68 ,0 ,5 ,3 ,12 ,0.4,0.36
5279,1805,2586,71 ,36 ,28 ,16 ,21 ,7 ,22 ,13 ,58 ,32 ,2 ,4 ,11 ,0 ,0.37,0.31
5280,1935,1500,81 ,88 ,69 ,83 ,12 ,4 ,0 ,1 ,69 ,70 ,12 ,18 ,0 ,0 ,0.42,0.52
5281,2426,1405,93 ,23 ,72 ,13 ,10 ,4 ,11 ,6 ,64 ,20 ,3 ,2 ,26 ,1 ,0.59,0.31
5282,2216,2397,81 ,59 ,76 ,51 ,5 ,7 ,0 ,1 ,73 ,49 ,8 ,3 ,0 ,7 ,0.54,0.53
5283,1709,2208,123 ,93 ,65 ,86 ,41 ,7 ,17 ,0 ,95 ,74 ,28 ,19 ,0 ,0 ,0.45,0.45
5284,1975,1406,58 ,33 ,44 ,23 ,6 ,6 ,8 ,4 ,54 ,30 ,4 ,1 ,0 ,2 ,0.45,0.38
5285,2091,1470,91 ,60 ,58 ,51 ,9 ,4 ,24 ,5 ,85 ,58 ,2 ,2 ,4 ,0 ,0.47,0.3
5286,1925,2120,59 ,54 ,45 ,23 ,4 ,21 ,10 ,10 ,47 ,51 ,8 ,3 ,4 ,0 ,0.46,0.33
5287,2129,2261,4 ,29 ,2 ,16 ,1 ,7 ,1 ,6 ,3 ,15 ,1 ,13 ,0 ,1 ,0.33,0.76
5288,1407,2288,21 ,10 ,11 ,6 ,6 ,1 ,4 ,3 ,8 ,8 ,3 ,2 ,10 ,0 ,0.42,0.32
5289,1579,1782,26 ,17 ,14 ,6 ,5 ,2 ,7 ,9 ,21 ,17 ,0 ,0 ,5 ,0 ,0.33,0.24
5290,1408,2245,6 ,10 ,3 ,1 ,0 ,2 ,3 ,7 ,6 ,10 ,0 ,0 ,0 ,0 ,0.23,0.43
5291,2280,1792,49 ,29 ,40 ,23 ,7 ,4 ,2 ,2 ,42 ,29 ,3 ,0 ,4 ,0 ,0.46,0.32
5292,1984,1409,27 ,8 ,22 ,3 ,2 ,5 ,3 ,0 ,18 ,3 ,8 ,5 ,1 ,0 ,0.5,0.42
5293,1619,1533,19 ,44 ,12 ,35 ,6 ,6 ,1 ,3 ,16 ,16 ,1 ,1 ,2 ,27 ,0.42,0.5
5294,1759,2493,22 ,28 ,20 ,12 ,2 ,13 ,0 ,3 ,10 ,23 ,7 ,2 ,5 ,3 ,0.37,0.35
5295,1871,2009,101 ,61 ,40 ,13 ,16 ,26 ,45 ,22 ,94 ,57 ,7 ,2 ,0 ,2 ,0.43,0.44
5296,1410,2159,51 ,109 ,40 ,77 ,5 ,25 ,6 ,7 ,51 ,107 ,0 ,2 ,0 ,0 ,0.31,0.33
5297,2566,1754,25 ,3 ,23 ,3 ,1 ,0 ,1 ,0 ,2 ,3 ,0 ,0 ,23 ,0 ,0.58,0.37
5298,2263,1479,43 ,7 ,32 ,5 ,7 ,1 ,4 ,1 ,29 ,5 ,3 ,2 ,11 ,0 ,0.45,0.12
5299,2286,1521,60 ,56 ,27 ,41 ,19 ,9 ,14 ,6 ,55 ,51 ,0 ,1 ,5 ,4 ,0.52,0.36
5300,1512,2105,22 ,12 ,16 ,5 ,3 ,2 ,3 ,5 ,10 ,12 ,1 ,0 ,11 ,0 ,0.53,0.3
5301,2203,2138,44 ,51 ,23 ,20 ,9 ,14 ,12 ,17 ,42 ,41 ,2 ,0 ,0 ,10 ,0.36,0.45
5302,1668,1411,59 ,30 ,27 ,20 ,31 ,6 ,1 ,4 ,57 ,30 ,2 ,0 ,0 ,0 ,0.51,0.37
5303,1641,1551,21 ,37 ,20 ,36 ,1 ,1 ,0 ,0 ,20 ,32 ,0 ,0 ,1 ,5 ,0.35,0.42
5304,2057,1552,21 ,41 ,18 ,25 ,2 ,11 ,1 ,5 ,17 ,33 ,4 ,6 ,0 ,2 ,0.35,0.34
5305,1493,2237,11 ,31 ,4 ,29 ,7 ,2 ,0 ,0 ,9 ,20 ,2 ,7 ,0 ,4 ,0.19,0.47
5306,2504,1768,6 ,15 ,1 ,13 ,1 ,2 ,4 ,0 ,6 ,6 ,0 ,7 ,0 ,2 ,0.85,0.55
5307,1727,2173,6 ,21 ,4 ,19 ,2 ,2 ,0 ,0 ,1 ,2 ,2 ,4 ,3 ,15 ,0.6,0.6
5308,1688,1538,34 ,22 ,31 ,16 ,3 ,5 ,0 ,1 ,22 ,18 ,1 ,2 ,11 ,2 ,0.43,0.31
5309,2387,1665,32 ,64 ,13 ,51 ,17 ,7 ,2 ,6 ,23 ,23 ,9 ,14 ,0 ,27 ,0.42,0.51
5310,1412,1501,30 ,16 ,25 ,12 ,5 ,0 ,0 ,4 ,19 ,14 ,9 ,2 ,2 ,0 ,0.45,0.55
5311,1757,2317,43 ,47 ,39 ,20 ,4 ,17 ,0 ,10 ,22 ,37 ,10 ,3 ,11 ,7 ,0.6,0.49
5312,1689,2329,17 ,40 ,12 ,27 ,4 ,0 ,1 ,13 ,17 ,36 ,0 ,2 ,0 ,2 ,0.32,0.65
5313,2156,1413,22 ,2 ,21 ,0 ,1 ,2 ,0 ,0 ,1 ,2 ,0 ,0 ,21 ,0 ,0.64,0.22
5314,1631,1605,77 ,59 ,58 ,42 ,12 ,12 ,7 ,5 ,55 ,54 ,8 ,5 ,14 ,0 ,0.45,0.46
5315,1536,2152,1 ,18 ,0 ,16 ,0 ,2 ,1 ,0 ,1 ,1 ,0 ,6 ,0 ,11 ,0.33,0.66
5316,1414,1811,96 ,40 ,76 ,28 ,5 ,7 ,15 ,5 ,90 ,38 ,5 ,2 ,1 ,0 ,0.37,0.23
5317,2223,2252,72 ,92 ,36 ,60 ,15 ,32 ,21 ,0 ,57 ,57 ,15 ,35 ,0 ,0 ,0.38,0.5
5318,1415,2509,6 ,12 ,0 ,8 ,5 ,4 ,1 ,0 ,3 ,2 ,3 ,10 ,0 ,0 ,0.6,0.75
5319,1525,1416,60 ,32 ,36 ,22 ,8 ,6 ,16 ,4 ,40 ,30 ,0 ,0 ,20 ,2 ,0.51,0.27
5320,1417,1777,86 ,49 ,60 ,33 ,20 ,12 ,6 ,4 ,85 ,46 ,1 ,1 ,0 ,2 ,0.43,0.46
5321,1931,1532,125 ,68 ,79 ,48 ,21 ,9 ,25 ,11 ,124 ,68 ,1 ,0 ,0 ,0 ,0.37,0.27
5322,2420,1654,34 ,30 ,28 ,24 ,6 ,4 ,0 ,2 ,18 ,9 ,2 ,4 ,14 ,17 ,0.41,0.47
5323,1937,2518,44 ,45 ,27 ,41 ,11 ,4 ,6 ,0 ,28 ,34 ,6 ,3 ,10 ,8 ,0.55,0.43
5324,2040,2663,2 ,0 ,0 ,0 ,0 ,0 ,2 ,0 ,2 ,0 ,0 ,0 ,0 ,0 ,1.0,0.0
5325,1957,1418,46 ,6 ,33 ,5 ,2 ,0 ,11 ,1 ,26 ,4 ,3 ,2 ,17 ,0 ,0.5,0.16
5326,1845,2530,40 ,25 ,16 ,4 ,10 ,8 ,14 ,13 ,31 ,24 ,2 ,1 ,7 ,0 ,0.4,0.35
5327,2406,1763,26 ,21 ,4 ,18 ,21 ,2 ,1 ,1 ,4 ,2 ,22 ,8 ,0 ,11 ,0.55,0.53
5328,1726,2309,34 ,59 ,20 ,44 ,5 ,8 ,9 ,7 ,26 ,43 ,3 ,0 ,5 ,16 ,0.34,0.49
5329,1419,2267,12 ,69 ,10 ,30 ,2 ,15 ,0 ,24 ,12 ,63 ,0 ,0 ,0 ,6 ,0.12,0.54
5330,1712,1857,36 ,54 ,31 ,32 ,0 ,19 ,5 ,3 ,30 ,49 ,6 ,5 ,0 ,0 ,0.31,0.31
5331,1718,1507,2 ,5 ,2 ,4 ,0 ,1 ,0 ,0 ,2 ,3 ,0 ,0 ,0 ,2 ,0.18,0.62
5332,2273,1646,31 ,18 ,19 ,14 ,5 ,0 ,7 ,4 ,9 ,13 ,11 ,1 ,11 ,4 ,0.36,0.38
5333,2365,1938,37 ,14 ,23 ,5 ,13 ,9 ,1 ,0 ,32 ,11 ,2 ,3 ,3 ,0 ,0.47,0.29
5334,2463,2186,15 ,5 ,14 ,4 ,1 ,1 ,0 ,0 ,1 ,3 ,1 ,2 ,13 ,0 ,0.57,0.41
5335,2027,2594,20 ,30 ,9 ,8 ,4 ,8 ,7 ,14 ,18 ,19 ,2 ,10 ,0 ,1 ,0.55,0.39
5336,1846,1420,22 ,0 ,22 ,0 ,0 ,0 ,0 ,0 ,0 ,0 ,1 ,0 ,21 ,0 ,0.75,0.0
5337,2276,2132,20 ,28 ,5 ,21 ,2 ,2 ,13 ,5 ,19 ,10 ,1 ,1 ,0 ,17 ,0.47,0.52
5338,1711,2059,38 ,20 ,29 ,9 ,4 ,8 ,5 ,3 ,19 ,10 ,6 ,1 ,13 ,9 ,0.43,0.4
5339,1421,1789,45 ,80 ,9 ,64 ,31 ,12 ,5 ,4 ,40 ,74 ,4 ,5 ,1 ,1 ,0.34,0.44
5340,1547,1828,10 ,2 ,10 ,2 ,0 ,0 ,0 ,0 ,0 ,2 ,0 ,0 ,10 ,0 ,0.55,0.4
5341,1742,2340,91 ,36 ,70 ,25 ,14 ,4 ,7 ,7 ,63 ,35 ,3 ,0 ,25 ,1 ,0.59,0.37
5342,1455,1627,48 ,60 ,44 ,49 ,2 ,9 ,2 ,2 ,41 ,60 ,4 ,0 ,3 ,0 ,0.5,0.38
5343,2169,1422,59 ,15 ,19 ,8 ,20 ,6 ,20 ,1 ,53 ,11 ,6 ,4 ,0 ,0 ,0.44,0.13
5344,2004,1554,6 ,4 ,5 ,2 ,1 ,2 ,0 ,0 ,2 ,4 ,4 ,0 ,0 ,0 ,0.66,0.33
5345,1423,1574,24 ,32 ,17 ,15 ,1 ,2 ,6 ,15 ,24 ,30 ,0 ,0 ,0 ,2 ,0.25,0.3
5346,2636,2392,21 ,23 ,8 ,22 ,4 ,1 ,9 ,0 ,17 ,8 ,4 ,1 ,0 ,14 ,0.42,0.54
5347,1618,2345,37 ,98 ,21 ,68 ,7 ,7 ,9 ,23 ,37 ,76 ,0 ,0 ,0 ,22 ,0.31,0.47
5348,2115,2520,32 ,40 ,20 ,27 ,3 ,6 ,9 ,7 ,32 ,37 ,0 ,0 ,0 ,3 ,0.27,0.42
5349,2576,1424,74 ,54 ,59 ,34 ,10 ,10 ,5 ,10 ,70 ,52 ,4 ,2 ,0 ,0 ,0.46,0.36
5350,2287,1606,85 ,39 ,72 ,21 ,10 ,6 ,3 ,12 ,74 ,38 ,11 ,1 ,0 ,0 ,0.41,0.21
5351,1898,1425,35 ,8 ,16 ,2 ,3 ,0 ,16 ,6 ,29 ,8 ,0 ,0 ,6 ,0 ,0.57,0.19
5352,2418,1630,80 ,50 ,41 ,38 ,19 ,11 ,20 ,1 ,51 ,49 ,15 ,1 ,14 ,0 ,0.6,0.38
5353,2319,2642,8 ,26 ,8 ,10 ,0 ,1 ,0 ,15 ,6 ,20 ,2 ,6 ,0 ,0 ,0.61,0.68
5354,2598,2359,75 ,81 ,37 ,60 ,33 ,11 ,5 ,10 ,69 ,68 ,5 ,12 ,1 ,1 ,0.45,0.31
5355,2094,1426,139 ,88 ,96 ,45 ,32 ,18 ,11 ,25 ,98 ,80 ,17 ,8 ,24 ,0 ,0.62,0.36
5356,2609,1861,17 ,17 ,14 ,8 ,3 ,7 ,0 ,2 ,8 ,11 ,9 ,6 ,0 ,0 ,0.35,0.45
5357,2450,2629,64 ,72 ,31 ,56 ,14 ,13 ,19 ,3 ,61 ,71 ,2 ,1 ,1 ,0 ,0.35,0.35
5358,2204,1559,48 ,51 ,27 ,43 ,10 ,7 ,11 ,1 ,46 ,37 ,2 ,8 ,0 ,6 ,0.43,0.42
5359,2220,2109,20 ,74 ,16 ,40 ,3 ,21 ,1 ,13 ,19 ,72 ,0 ,0 ,1 ,2 ,0.13,0.35
5360,2515,1427,11 ,9 ,10 ,6 ,0 ,1 ,1 ,2 ,2 ,5 ,0 ,0 ,9 ,4 ,0.5,0.5
5361,2562,1980,135 ,86 ,84 ,73 ,40 ,4 ,11 ,9 ,110 ,74 ,24 ,11 ,1 ,1 ,0.46,0.43
5362,1679,1905,180 ,58 ,48 ,25 ,54 ,12 ,78 ,21 ,132 ,44 ,48 ,14 ,0 ,0 ,0.6,0.36
5363,1428,2580,32 ,93 ,20 ,33 ,6 ,25 ,6 ,35 ,32 ,93 ,0 ,0 ,0 ,0 ,0.29,0.61
5364,2207,2558,10 ,22 ,7 ,14 ,1 ,5 ,2 ,3 ,5 ,12 ,1 ,0 ,4 ,10 ,0.45,0.57
5365,2081,2666,107 ,119 ,71 ,85 ,12 ,8 ,24 ,26 ,101 ,116 ,6 ,3 ,0 ,0 ,0.36,0.56
5366,1719,1429,22 ,12 ,21 ,4 ,1 ,7 ,0 ,1 ,19 ,11 ,0 ,1 ,3 ,0 ,0.5,0.54
5367,1430,2039,42 ,111 ,17 ,93 ,15 ,8 ,10 ,10 ,32 ,104 ,10 ,7 ,0 ,0 ,0.27,0.44
5368,2026,2035,113 ,98 ,86 ,58 ,17 ,23 ,10 ,17 ,73 ,76 ,8 ,18 ,32 ,4 ,0.47,0.38
5369,1696,1431,6 ,27 ,1 ,25 ,2 ,2 ,3 ,0 ,6 ,1 ,0 ,0 ,0 ,26 ,0.75,0.71
5370,1680,1592,29 ,57 ,25 ,54 ,1 ,3 ,3 ,0 ,11 ,31 ,7 ,14 ,11 ,12 ,0.54,0.47
5371,2517,2467,34 ,12 ,31 ,8 ,3 ,2 ,0 ,2 ,15 ,11 ,16 ,1 ,3 ,0 ,0.5,0.42
5372,1432,1943,25 ,8 ,24 ,4 ,1 ,2 ,0 ,2 ,9 ,8 ,1 ,0 ,15 ,0 ,0.69,0.42
5373,1645,1458,54 ,26 ,22 ,15 ,5 ,10 ,27 ,1 ,52 ,26 ,2 ,0 ,0 ,0 ,0.51,0.26
5374,2040,2663,96 ,50 ,65 ,35 ,14 ,10 ,17 ,5 ,54 ,19 ,6 ,6 ,36 ,25 ,0.56,0.52
5375,2564,1977,8 ,3 ,7 ,1 ,0 ,2 ,1 ,0 ,2 ,1 ,2 ,1 ,4 ,1 ,0.72,0.5
5376,1483,1501,39 ,34 ,22 ,10 ,3 ,6 ,14 ,18 ,32 ,28 ,7 ,3 ,0 ,3 ,0.28,0.44
5377,2161,1433,99 ,65 ,31 ,42 ,54 ,21 ,14 ,2 ,38 ,34 ,61 ,29 ,0 ,2 ,0.65,0.41
5378,1566,2143,8 ,20 ,1 ,20 ,1 ,0 ,6 ,0 ,8 ,7 ,0 ,5 ,0 ,8 ,0.36,0.54
5379,1462,2494,78 ,71 ,48 ,63 ,21 ,3 ,9 ,5 ,64 ,66 ,6 ,4 ,8 ,1 ,0.33,0.3
5380,1434,2343,55 ,66 ,37 ,40 ,15 ,12 ,3 ,14 ,36 ,52 ,18 ,14 ,1 ,0 ,0.41,0.5
5381,1609,1839,78 ,44 ,58 ,30 ,10 ,11 ,10 ,3 ,42 ,24 ,26 ,5 ,10 ,15 ,0.55,0.41
5382,2245,1612,63 ,42 ,41 ,26 ,15 ,13 ,7 ,3 ,49 ,40 ,11 ,2 ,3 ,0 ,0.47,0.3
5383,2221,2051,94 ,32 ,50 ,14 ,30 ,5 ,14 ,13 ,68 ,30 ,22 ,2 ,4 ,0 ,0.55,0.26
5384,1667,2644,3 ,13 ,1 ,8 ,2 ,3 ,0 ,2 ,2 ,11 ,1 ,2 ,0 ,0 ,0.33,0.72
5385,2436,1435,78 ,85 ,46 ,59 ,19 ,4 ,13 ,22 ,77 ,57 ,1 ,0 ,0 ,28 ,0.45,0.45
5386,1571,1436,69 ,63 ,44 ,54 ,25 ,4 ,0 ,5 ,49 ,46 ,17 ,11 ,3 ,6 ,0.56,0.49
5387,1881,1823,32 ,55 ,21 ,15 ,11 ,25 ,0 ,15 ,28 ,40 ,4 ,11 ,0 ,4 ,0.25,0.39
5388,1474,1437,68 ,23 ,52 ,6 ,6 ,14 ,10 ,3 ,59 ,20 ,8 ,3 ,1 ,0 ,0.5,0.27
5389,1874,1841,73 ,58 ,45 ,31 ,15 ,5 ,13 ,22 ,73 ,57 ,0 ,1 ,0 ,0 ,0.4,0.25
5390,1904,2000,4 ,5 ,1 ,4 ,0 ,0 ,3 ,1 ,4 ,5 ,0 ,0 ,0 ,0 ,0.44,0.55
5391,2451,2180,3 ,14 ,1 ,12 ,1 ,2 ,1 ,0 ,3 ,10 ,0 ,2 ,0 ,2 ,0.13,0.36
5392,1694,1776,105 ,22 ,61 ,21 ,41 ,1 ,3 ,0 ,39 ,21 ,15 ,0 ,51 ,1 ,0.67,0.45
5393,1454,2563,22 ,1 ,21 ,0 ,1 ,0 ,0 ,1 ,5 ,1 ,10 ,0 ,7 ,0 ,0.56,0.33
5394,1804,1565,21 ,9 ,19 ,8 ,2 ,0 ,0 ,1 ,20 ,9 ,0 ,0 ,1 ,0 ,0.35,0.19
5395,2325,1803,31 ,20 ,21 ,12 ,8 ,7 ,2 ,1 ,9 ,12 ,22 ,8 ,0 ,0 ,0.45,0.52
5396,2099,2549,138 ,77 ,111 ,26 ,21 ,9 ,6 ,42 ,126 ,76 ,3 ,1 ,9 ,0 ,0.57,0.44
5397,2550,1750,40 ,36 ,8 ,19 ,11 ,2 ,21 ,15 ,26 ,34 ,14 ,2 ,0 ,0 ,0.49,0.53
5398,1779,1715,112 ,43 ,78 ,23 ,27 ,12 ,7 ,8 ,52 ,33 ,20 ,10 ,40 ,0 ,0.62,0.41
5399,1438,2614,35 ,30 ,16 ,8 ,14 ,12 ,5 ,10 ,25 ,27 ,4 ,0 ,6 ,3 ,0.39,0.47
5400,1787,1919,65 ,98 ,37 ,71 ,6 ,14 ,22 ,13 ,65 ,93 ,0 ,5 ,0 ,0 ,0.41,0.41
5401,1509,1934,20 ,28 ,8 ,22 ,6 ,2 ,6 ,4 ,12 ,27 ,1 ,1 ,7 ,0 ,0.4,0.28
5402,1797,1594,4 ,2 ,3 ,0 ,0 ,1 ,1 ,1 ,4 ,2 ,0 ,0 ,0 ,0 ,0.44,0.18
5403,2654,1690,37 ,43 ,19 ,14 ,15 ,3 ,3 ,26 ,37 ,41 ,0 ,2 ,0 ,0 ,0.38,0.36
5404,1439,1663,12 ,25 ,6 ,12 ,3 ,0 ,3 ,13 ,8 ,23 ,0 ,2 ,4 ,0 ,0.42,0.49
5405,2189,1748,44 ,6 ,28 ,4 ,12 ,2 ,4 ,0 ,23 ,5 ,4 ,1 ,17 ,0 ,0.65,0.23
5406,1614,1465,64 ,32 ,10 ,11 ,23 ,7 ,31 ,14 ,64 ,31 ,0 ,1 ,0 ,0 ,0.46,0.41
5407,1678,1469,30 ,41 ,26 ,22 ,2 ,0 ,2 ,19 ,24 ,41 ,6 ,0 ,0 ,0 ,0.32,0.29
5408,1500,1781,53 ,81 ,48 ,49 ,4 ,17 ,1 ,15 ,43 ,36 ,10 ,43 ,0 ,2 ,0.51,0.57
5409,1494,1817,28 ,37 ,15 ,10 ,10 ,17 ,3 ,10 ,19 ,18 ,9 ,19 ,0 ,0 ,0.39,0.6
5410,2668,1645,86 ,46 ,44 ,23 ,26 ,13 ,16 ,10 ,86 ,46 ,0 ,0 ,0 ,0 ,0.56,0.34
5411,1440,2098,96 ,80 ,46 ,61 ,14 ,11 ,36 ,8 ,95 ,71 ,0 ,0 ,1 ,9 ,0.38,0.37
5412,1532,2256,40 ,79 ,32 ,53 ,7 ,16 ,1 ,10 ,32 ,46 ,6 ,12 ,2 ,21 ,0.32,0.56
5413,2074,1441,31 ,15 ,27 ,15 ,4 ,0 ,0 ,0 ,18 ,6 ,0 ,0 ,13 ,9 ,0.49,0.35
5414,2403,1442,74 ,58 ,51 ,31 ,15 ,14 ,8 ,13 ,68 ,49 ,4 ,7 ,2 ,2 ,0.45,0.36
5415,1893,2557,3 ,16 ,1 ,11 ,0 ,3 ,2 ,2 ,1 ,9 ,0 ,3 ,2 ,4 ,0.27,0.53
5416,1723,2664,31 ,50 ,20 ,27 ,5 ,13 ,6 ,10 ,26 ,43 ,5 ,1 ,0 ,6 ,0.25,0.43
5417,2195,1517,10 ,6 ,3 ,3 ,3 ,3 ,4 ,0 ,9 ,6 ,0 ,0 ,1 ,0 ,0.29,0.37
5418,1443,1508,41 ,102 ,36 ,79 ,3 ,7 ,2 ,16 ,41 ,97 ,0 ,0 ,0 ,5 ,0.41,0.58
5419,1534,1848,49 ,48 ,33 ,35 ,13 ,8 ,3 ,5 ,26 ,23 ,21 ,19 ,2 ,6 ,0.51,0.4
5420,1600,2179,29 ,22 ,20 ,12 ,5 ,8 ,4 ,2 ,21 ,20 ,0 ,1 ,8 ,1 ,0.61,0.52
5421,2442,2655,10 ,7 ,5 ,7 ,1 ,0 ,4 ,0 ,8 ,7 ,0 ,0 ,2 ,0 ,0.62,0.38
5422,1756,2152,25 ,51 ,19 ,30 ,1 ,14 ,5 ,7 ,16 ,39 ,1 ,9 ,8 ,3 ,0.37,0.51
5423,2292,1568,71 ,20 ,38 ,8 ,13 ,3 ,20 ,9 ,59 ,18 ,12 ,2 ,0 ,0 ,0.41,0.41
5424,1857,1444,91 ,39 ,59 ,20 ,32 ,5 ,0 ,14 ,91 ,38 ,0 ,1 ,0 ,0 ,0.49,0.4
5425,2544,1626,7 ,9 ,4 ,6 ,3 ,3 ,0 ,0 ,5 ,7 ,2 ,2 ,0 ,0 ,0.35,0.3
5426,1987,1526,56 ,10 ,50 ,7 ,4 ,1 ,2 ,2 ,7 ,3 ,1 ,1 ,48 ,6 ,0.8,0.45
5427,2112,1629,6 ,2 ,5 ,2 ,1 ,0 ,0 ,0 ,1 ,0 ,0 ,0 ,5 ,2 ,0.85,0.5
5428,1985,1531,74 ,3 ,63 ,0 ,9 ,3 ,2 ,0 ,2 ,2 ,4 ,1 ,68 ,0 ,0.86,0.5
5429,1445,1936,13 ,23 ,7 ,14 ,3 ,8 ,3 ,1 ,12 ,12 ,1 ,2 ,0 ,9 ,0.5,0.56
5430,2439,2498,90 ,59 ,78 ,45 ,10 ,10 ,2 ,4 ,84 ,46 ,6 ,11 ,0 ,2 ,0.44,0.38
5431,1961,2326,41 ,30 ,34 ,21 ,5 ,2 ,2 ,7 ,23 ,27 ,0 ,1 ,18 ,2 ,0.61,0.28
5432,1656,2178,47 ,47 ,40 ,10 ,7 ,28 ,0 ,9 ,20 ,21 ,2 ,26 ,25 ,0 ,0.55,0.58
5433,1510,1623,53 ,58 ,18 ,41 ,20 ,13 ,15 ,4 ,46 ,33 ,7 ,20 ,0 ,5 ,0.68,0.57
5434,2053,1778,56 ,78 ,30 ,51 ,18 ,17 ,8 ,10 ,39 ,30 ,17 ,2 ,0 ,46 ,0.4,0.6
5435,1540,2000,74 ,89 ,48 ,57 ,12 ,16 ,14 ,16 ,46 ,68 ,9 ,19 ,19 ,2 ,0.7,0.42
5436,2378,1472,26 ,8 ,20 ,4 ,6 ,3 ,0 ,1 ,10 ,3 ,2 ,4 ,14 ,1 ,0.59,0.47
5437,1687,2089,98 ,56 ,40 ,39 ,29 ,7 ,29 ,10 ,91 ,51 ,7 ,2 ,0 ,3 ,0.5,0.45
5438,2420,2091,91 ,82 ,78 ,57 ,12 ,10 ,1 ,15 ,91 ,82 ,0 ,0 ,0 ,0 ,0.32,0.35
5439,2506,1446,20 ,2 ,17 ,2 ,2 ,0 ,1 ,0 ,3 ,2 ,1 ,0 ,16 ,0 ,0.55,0.33
5440,1791,1447,30 ,12 ,27 ,10 ,2 ,2 ,1 ,0 ,10 ,5 ,2 ,0 ,18 ,7 ,0.63,0.52
5441,1583,1579,53 ,55 ,26 ,41 ,13 ,10 ,14 ,4 ,46 ,48 ,4 ,7 ,3 ,0 ,0.51,0.33
5442,2227,1931,20 ,26 ,19 ,13 ,1 ,7 ,0 ,6 ,20 ,24 ,0 ,0 ,0 ,2 ,0.26,0.36
5443,2396,1555,15 ,5 ,12 ,1 ,1 ,2 ,2 ,2 ,12 ,5 ,0 ,0 ,3 ,0 ,0.65,0.5
5444,2296,1448,54 ,18 ,40 ,14 ,11 ,2 ,3 ,2 ,26 ,15 ,14 ,3 ,14 ,0 ,0.5,0.23
5445,1648,2060,59 ,58 ,48 ,39 ,7 ,16 ,4 ,3 ,58 ,57 ,1 ,1 ,0 ,0 ,0.43,0.39
5446,1800,1882,79 ,40 ,63 ,19 ,4 ,11 ,12 ,10 ,15 ,19 ,2 ,12 ,62 ,9 ,0.42,0.54
5447,2443,2347,134 ,157 ,85 ,67 ,32 ,15 ,17 ,75 ,132 ,156 ,2 ,1 ,0 ,0 ,0.44,0.51
5448,2083,1986,175 ,143 ,116 ,103 ,53 ,28 ,6 ,12 ,156 ,143 ,5 ,0 ,14 ,0 ,0.48,0.36
5449,2046,1584,47 ,68 ,27 ,45 ,11 ,17 ,9 ,6 ,47 ,53 ,0 ,15 ,0 ,0 ,0.35,0.53
5450,1698,2468,4 ,8 ,1 ,6 ,0 ,0 ,3 ,2 ,4 ,3 ,0 ,0 ,0 ,5 ,0.5,0.66
5451,2611,2111,42 ,55 ,16 ,24 ,8 ,10 ,18 ,21 ,32 ,49 ,5 ,2 ,5 ,4 ,0.42,0.31
5452,2295,2247,34 ,20 ,32 ,16 ,0 ,2 ,2 ,2 ,27 ,18 ,0 ,0 ,7 ,2 ,0.54,0.38
5453,1449,1775,15 ,32 ,6 ,22 ,2 ,9 ,7 ,1 ,15 ,20 ,0 ,0 ,0 ,12 ,0.26,0.35
5454,2019,1450,95 ,33 ,66 ,14 ,26 ,8 ,3 ,11 ,48 ,29 ,25 ,2 ,22 ,2 ,0.5,0.41
5455,2221,2580,65 ,32 ,36 ,13 ,22 ,5 ,7 ,14 ,57 ,32 ,8 ,0 ,0 ,0 ,0.4,0.3
5456,1903,1451,20 ,25 ,17 ,16 ,2 ,2 ,1 ,7 ,8 ,8 ,0 ,0 ,12 ,17 ,0.5,0.47
5457,2216,2364,77 ,51 ,59 ,22 ,12 ,8 ,6 ,21 ,69 ,49 ,8 ,2 ,0 ,0 ,0.41,0.31
5458,1935,1599,5 ,4 ,5 ,0 ,0 ,2 ,0 ,2 ,1 ,4 ,0 ,0 ,4 ,0 ,0.5,0.5
5459,1979,2591,42 ,64 ,30 ,38 ,9 ,23 ,3 ,3 ,36 ,52 ,3 ,4 ,3 ,8 ,0.44,0.49
5460,2278,2219,63 ,75 ,28 ,49 ,14 ,16 ,21 ,10 ,47 ,57 ,16 ,18 ,0 ,0 ,0.43,0.51
5461,1743,1827,9 ,46 ,6 ,46 ,1 ,0 ,2 ,0 ,9 ,8 ,0 ,0 ,0 ,38 ,0.64,0.76
5462,1647,2576,118 ,58 ,66 ,45 ,29 ,10 ,23 ,3 ,92 ,49 ,26 ,9 ,0 ,0 ,0.36,0.4
5463,1818,1513,80 ,44 ,40 ,34 ,24 ,10 ,16 ,0 ,62 ,38 ,17 ,6 ,1 ,0 ,0.48,0.33
5464,2437,2218,13 ,7 ,12 ,3 ,1 ,2 ,0 ,2 ,2 ,7 ,0 ,0 ,11 ,0 ,0.5,0.63
5465,2642,1654,47 ,73 ,15 ,57 ,18 ,4 ,14 ,12 ,35 ,57 ,12 ,8 ,0 ,8 ,0.42,0.48
5466,2466,2067,49 ,73 ,36 ,54 ,10 ,10 ,3 ,9 ,46 ,50 ,3 ,3 ,0 ,20 ,0.33,0.47
5467,1638,2517,19 ,16 ,17 ,15 ,2 ,1 ,0 ,0 ,11 ,9 ,1 ,0 ,7 ,7 ,0.44,0.51
5468,1530,2159,22 ,25 ,12 ,18 ,9 ,4 ,1 ,3 ,18 ,16 ,3 ,3 ,1 ,6 ,0.48,0.47
5469,1911,2384,7 ,9 ,5 ,9 ,0 ,0 ,2 ,0 ,3 ,3 ,0 ,1 ,4 ,5 ,0.58,0.64
5470,1722,1566,7 ,13 ,4 ,10 ,2 ,1 ,1 ,2 ,4 ,10 ,0 ,3 ,3 ,0 ,0.31,0.44
5471,1884,1939,30 ,38 ,12 ,9 ,9 ,27 ,9 ,2 ,20 ,10 ,10 ,28 ,0 ,0 ,0.48,0.48
5472,1581,1689,19 ,0 ,19 ,0 ,0 ,0 ,0 ,0 ,3 ,0 ,3 ,0 ,13 ,0 ,0.73,0.0
5473,1923,2561,7 ,4 ,2 ,3 ,5 ,1 ,0 ,0 ,4 ,3 ,3 ,1 ,0 ,0 ,0.41,0.44
5474,1480,1772,36 ,26 ,33 ,9 ,2 ,6 ,1 ,11 ,3 ,5 ,8 ,21 ,25 ,0 ,0.76,0.59
5475,1653,1763,38 ,1 ,22 ,0 ,15 ,1 ,1 ,0 ,1 ,1 ,1 ,0 ,36 ,0 ,0.76,0.2
5476,2612,1669,75 ,7 ,64 ,2 ,9 ,4 ,2 ,1 ,32 ,6 ,43 ,1 ,0 ,0 ,0.72,0.25
5477,1560,1909,62 ,29 ,17 ,22 ,16 ,6 ,29 ,1 ,50 ,25 ,10 ,4 ,2 ,0 ,0.48,0.2
5478,2322,1537,63 ,49 ,58 ,25 ,5 ,16 ,0 ,8 ,61 ,42 ,2 ,7 ,0 ,0 ,0.48,0.28
5479,1518,1504,36 ,28 ,16 ,7 ,14 ,18 ,6 ,3 ,22 ,16 ,14 ,12 ,0 ,0 ,0.43,0.43
5480,2087,1452,101 ,31 ,49 ,20 ,40 ,3 ,12 ,8 ,101 ,25 ,0 ,0 ,0 ,6 ,0.43,0.43
5481,1490,2252,46 ,70 ,16 ,57 ,12 ,12 ,18 ,1 ,43 ,38 ,3 ,3 ,0 ,29 ,0.42,0.45
5482,1545,2315,2 ,2 ,1 ,0 ,0 ,0 ,1 ,2 ,2 ,2 ,0 ,0 ,0 ,0 ,0.15,0.22
5483,1952,2516,14 ,9 ,2 ,6 ,4 ,2 ,8 ,1 ,14 ,9 ,0 ,0 ,0 ,0 ,0.38,0.17
5484,2566,1528,28 ,7 ,20 ,3 ,3 ,2 ,5 ,2 ,19 ,7 ,9 ,0 ,0 ,0 ,0.46,0.23
5485,1813,2619,12 ,31 ,5 ,16 ,5 ,6 ,2 ,9 ,11 ,28 ,1 ,2 ,0 ,1 ,0.19,0.56
5486,1630,1967,80 ,66 ,32 ,30 ,43 ,15 ,5 ,21 ,78 ,65 ,2 ,1 ,0 ,0 ,0.45,0.46
5487,1591,1784,1 ,6 ,0 ,6 ,1 ,0 ,0 ,0 ,0 ,1 ,1 ,0 ,0 ,5 ,0.25,0.6
5488,2237,2371,13 ,18 ,11 ,18 ,0 ,0 ,2 ,0 ,13 ,9 ,0 ,0 ,0 ,9 ,0.29,0.26
5489,2359,2075,1 ,10 ,1 ,6 ,0 ,4 ,0 ,0 ,1 ,4 ,0 ,4 ,0 ,2 ,0.25,0.58
5490,2096,2009,80 ,104 ,70 ,51 ,9 ,34 ,1 ,19 ,75 ,99 ,5 ,4 ,0 ,1 ,0.4,0.38
5491,1959,1508,71 ,44 ,63 ,18 ,6 ,8 ,2 ,18 ,36 ,39 ,7 ,5 ,28 ,0 ,0.47,0.55
5492,2325,1794,20 ,5 ,12 ,2 ,8 ,1 ,0 ,2 ,12 ,3 ,8 ,2 ,0 ,0 ,0.4,0.41
5493,1499,2394,17 ,43 ,14 ,27 ,3 ,15 ,0 ,1 ,14 ,28 ,3 ,12 ,0 ,3 ,0.28,0.48
5494,1453,2004,7 ,10 ,3 ,5 ,2 ,0 ,2 ,5 ,7 ,8 ,0 ,1 ,0 ,1 ,0.63,0.66
5495,2262,1874,40 ,17 ,26 ,0 ,3 ,5 ,11 ,12 ,23 ,17 ,0 ,0 ,17 ,0 ,0.61,0.3
5496,1970,2564,104 ,116 ,31 ,41 ,30 ,48 ,43 ,27 ,101 ,109 ,3 ,7 ,0 ,0 ,0.62,0.44
5497,1470,1685,45 ,54 ,21 ,33 ,15 ,10 ,9 ,11 ,44 ,45 ,1 ,8 ,0 ,1 ,0.36,0.42
5498,2406,1737,86 ,40 ,48 ,32 ,38 ,7 ,0 ,1 ,16 ,24 ,45 ,16 ,25 ,0 ,0.51,0.56
5499,1588,2297,45 ,63 ,22 ,30 ,10 ,14 ,13 ,19 ,42 ,43 ,3 ,7 ,0 ,13 ,0.38,0.34
5500,1861,1504,39 ,6 ,19 ,4 ,13 ,2 ,7 ,0 ,9 ,2 ,3 ,4 ,27 ,0 ,0.72,0.16
5501,2656,1746,58 ,88 ,33 ,77 ,13 ,5 ,12 ,6 ,44 ,70 ,11 ,10 ,3 ,8 ,0.47,0.44
5502,1488,2480,39 ,46 ,31 ,24 ,5 ,6 ,3 ,16 ,31 ,40 ,4 ,5 ,4 ,1 ,0.54,0.46
5503,1936,2104,41 ,49 ,19 ,37 ,12 ,5 ,10 ,7 ,41 ,49 ,0 ,0 ,0 ,0 ,0.43,0.4
5504,2530,1575,99 ,68 ,36 ,42 ,29 ,14 ,34 ,12 ,98 ,66 ,1 ,2 ,0 ,0 ,0.52,0.35
5505,1633,1464,9 ,35 ,3 ,35 ,5 ,0 ,1 ,0 ,3 ,2 ,5 ,12 ,1 ,21 ,0.45,0.77
5506,1496,1651,5 ,15 ,3 ,6 ,0 ,5 ,2 ,4 ,4 ,9 ,0 ,3 ,1 ,3 ,0.55,0.51
5507,1896,1498,27 ,23 ,15 ,15 ,8 ,3 ,4 ,5 ,14 ,15 ,4 ,5 ,9 ,3 ,0.4,0.43
5508,1502,2387,25 ,53 ,6 ,20 ,10 ,28 ,9 ,5 ,23 ,39 ,1 ,10 ,1 ,4 ,0.39,0.58
5509,1454,2292,11 ,13 ,4 ,11 ,3 ,1 ,4 ,1 ,11 ,12 ,0 ,0 ,0 ,1 ,0.4,0.41
5510,2348,1541,8 ,5 ,8 ,4 ,0 ,1 ,0 ,0 ,8 ,5 ,0 ,0 ,0 ,0 ,0.44,0.45
5511,2161,2252,53 ,48 ,24 ,38 ,15 ,8 ,14 ,2 ,43 ,31 ,10 ,14 ,0 ,3 ,0.4,0.38
5512,2091,1811,78 ,50 ,51 ,34 ,9 ,11 ,18 ,5 ,72 ,48 ,5 ,2 ,1 ,0 ,0.3,0.32
5513,1455,1975,7 ,17 ,6 ,12 ,1 ,5 ,0 ,0 ,5 ,14 ,2 ,2 ,0 ,1 ,0.46,0.48
5514,2169,1456,33 ,50 ,32 ,35 ,1 ,10 ,0 ,5 ,26 ,19 ,4 ,21 ,3 ,10 ,0.45,0.42
5515,2285,1924,55 ,12 ,38 ,7 ,17 ,4 ,0 ,1 ,14 ,9 ,9 ,3 ,32 ,0 ,0.6,0.42
5516,1567,1759,9 ,28 ,4 ,26 ,3 ,2 ,2 ,0 ,9 ,15 ,0 ,0 ,0 ,13 ,0.32,0.77
5517,1742,1457,38 ,28 ,21 ,10 ,12 ,7 ,5 ,11 ,20 ,12 ,3 ,8 ,15 ,8 ,0.52,0.6
5518,1458,1863,5 ,19 ,4 ,15 ,1 ,2 ,0 ,2 ,5 ,18 ,0 ,0 ,0 ,1 ,0.29,0.55
5519,2191,2038,38 ,93 ,19 ,59 ,7 ,20 ,12 ,14 ,35 ,73 ,3 ,7 ,0 ,13 ,0.44,0.52
5520,2173,2365,2 ,3 ,2 ,3 ,0 ,0 ,0 ,0 ,2 ,3 ,0 ,0 ,0 ,0 ,0.25,0.5
5521,1521,2345,110 ,122 ,64 ,72 ,19 ,10 ,27 ,40 ,105 ,120 ,5 ,2 ,0 ,0 ,0.47,0.55
5522,2666,2267,47 ,37 ,30 ,16 ,3 ,10 ,14 ,11 ,32 ,33 ,1 ,4 ,14 ,0 ,0.51,0.42
5523,1544,1524,2 ,20 ,2 ,19 ,0 ,0 ,0 ,1 ,2 ,2 ,0 ,4 ,0 ,14 ,0.16,0.68
5524,1551,1840,15 ,32 ,13 ,26 ,2 ,6 ,0 ,0 ,9 ,9 ,3 ,10 ,3 ,13 ,0.65,0.68
5525,1559,2235,27 ,21 ,24 ,15 ,1 ,2 ,2 ,4 ,6 ,14 ,2 ,1 ,19 ,6 ,0.64,0.53
5526,2504,2392,43 ,26 ,36 ,23 ,7 ,3 ,0 ,0 ,15 ,20 ,5 ,6 ,23 ,0 ,0.4,0.31
5527,2207,1535,20 ,4 ,17 ,0 ,3 ,4 ,0 ,0 ,2 ,0 ,2 ,4 ,16 ,0 ,0.68,0.8
5528,1459,2592,31 ,89 ,22 ,66 ,6 ,13 ,3 ,10 ,27 ,58 ,1 ,11 ,3 ,20 ,0.31,0.52
5529,2658,1738,15 ,4 ,14 ,1 ,1 ,1 ,0 ,2 ,1 ,2 ,0 ,1 ,14 ,1 ,0.68,0.57
5530,1547,2618,7 ,5 ,6 ,1 ,1 ,4 ,0 ,0 ,5 ,1 ,2 ,4 ,0 ,0 ,0.5,0.31
5531,2463,2189,5 ,8 ,3 ,6 ,0 ,1 ,2 ,1 ,5 ,8 ,0 ,0 ,0 ,0 ,0.45,0.66
5532,1622,1828,40 ,13 ,38 ,12 ,1 ,1 ,1 ,0 ,9 ,12 ,1 ,1 ,30 ,0 ,0.62,0.46
5533,1546,2319,46 ,25 ,28 ,18 ,8 ,7 ,10 ,0 ,36 ,20 ,10 ,2 ,0 ,3 ,0.48,0.51
5534,1783,1774,17 ,11 ,16 ,0 ,0 ,3 ,1 ,8 ,12 ,9 ,0 ,2 ,5 ,0 ,0.51,0.47
5535,2309,2242,38 ,54 ,19 ,32 ,10 ,15 ,9 ,7 ,37 ,48 ,0 ,3 ,1 ,3 ,0.31,0.42
5536,2629,1680,86 ,53 ,66 ,37 ,20 ,11 ,0 ,5 ,81 ,47 ,5 ,6 ,0 ,0 ,0.45,0.47
5537,2608,1460,5 ,5 ,5 ,2 ,0 ,1 ,0 ,2 ,0 ,5 ,0 ,0 ,5 ,0 ,0.5,0.5
5538,1846,2138,15 ,41 ,14 ,25 ,0 ,8 ,1 ,8 ,5 ,37 ,3 ,4 ,7 ,0 ,0.25,0.54
5539,2327,1525,18 ,0 ,9 ,0 ,6 ,0 ,3 ,0 ,13 ,0 ,0 ,0 ,5 ,0 ,0.81,0.0
5540,1646,2598,40 ,23 ,21 ,17 ,11 ,4 ,8 ,2 ,35 ,20 ,3 ,3 ,2 ,0 ,0.51,0.46
5541,2304,1925,74 ,16 ,56 ,11 ,12 ,1 ,6 ,4 ,34 ,13 ,18 ,3 ,22 ,0 ,0.53,0.25
5542,2644,2128,12 ,15 ,8 ,12 ,3 ,0 ,1 ,3 ,12 ,13 ,0 ,2 ,0 ,0 ,0.6,0.6
5543,2261,1679,165 ,186 ,96 ,96 ,11 ,32 ,58 ,58 ,158 ,171 ,7 ,15 ,0 ,0 ,0.4,0.51
5544,2520,1461,48 ,40 ,14 ,20 ,9 ,7 ,25 ,13 ,48 ,35 ,0 ,5 ,0 ,0 ,0.36,0.44
5545,2175,1590,93 ,130 ,67 ,92 ,14 ,34 ,12 ,4 ,90 ,107 ,3 ,11 ,0 ,12 ,0.36,0.52
5546,2059,1799,45 ,67 ,25 ,35 ,12 ,24 ,8 ,8 ,35 ,51 ,8 ,14 ,2 ,2 ,0.46,0.5
5547,2604,1870,88 ,139 ,45 ,75 ,20 ,49 ,23 ,15 ,73 ,111 ,15 ,10 ,0 ,18 ,0.6,0.56
5548,1889,1462,24 ,57 ,12 ,39 ,5 ,18 ,7 ,0 ,19 ,10 ,1 ,1 ,4 ,46 ,0.53,0.66
5549,2120,1463,62 ,57 ,25 ,29 ,16 ,11 ,21 ,17 ,56 ,48 ,4 ,8 ,2 ,1 ,0.39,0.5
5550,2109,1609,85 ,36 ,57 ,22 ,18 ,3 ,10 ,11 ,45 ,33 ,8 ,3 ,32 ,0 ,0.53,0.46
5551,1467,2420,15 ,33 ,9 ,29 ,4 ,4 ,2 ,0 ,12 ,20 ,0 ,4 ,3 ,9 ,0.46,0.4
5552,1723,1831,55 ,67 ,34 ,15 ,17 ,16 ,4 ,36 ,53 ,65 ,2 ,2 ,0 ,0 ,0.43,0.54
5553,2563,2317,37 ,45 ,33 ,38 ,2 ,6 ,2 ,1 ,10 ,10 ,8 ,2 ,19 ,33 ,0.74,0.77
5554,2546,1999,1 ,1 ,1 ,0 ,0 ,0 ,0 ,1 ,1 ,1 ,0 ,0 ,0 ,0 ,0.5,0.2
5555,1571,2594,4 ,13 ,4 ,10 ,0 ,1 ,0 ,2 ,4 ,5 ,0 ,0 ,0 ,8 ,0.57,0.81
5556,1804,2442,41 ,43 ,35 ,28 ,6 ,9 ,0 ,6 ,31 ,35 ,0 ,2 ,10 ,6 ,0.51,0.66
5557,2609,1699,51 ,57 ,41 ,40 ,10 ,3 ,0 ,14 ,48 ,46 ,3 ,11 ,0 ,0 ,0.44,0.52
5558,2112,1696,40 ,5 ,27 ,2 ,13 ,1 ,0 ,2 ,0 ,4 ,0 ,0 ,40 ,1 ,0.81,0.5
5559,2549,2515,130 ,129 ,85 ,81 ,8 ,15 ,37 ,33 ,126 ,116 ,1 ,9 ,3 ,4 ,0.54,0.44
5560,1937,1905,45 ,44 ,34 ,15 ,6 ,13 ,5 ,16 ,39 ,39 ,5 ,5 ,1 ,0 ,0.43,0.44
5561,1722,1485,94 ,53 ,79 ,27 ,10 ,16 ,5 ,10 ,72 ,34 ,22 ,16 ,0 ,3 ,0.51,0.63
5562,1530,1689,63 ,62 ,44 ,31 ,10 ,18 ,9 ,13 ,60 ,59 ,1 ,3 ,2 ,0 ,0.55,0.41
5563,1645,1554,55 ,24 ,21 ,6 ,7 ,2 ,27 ,16 ,55 ,24 ,0 ,0 ,0 ,0 ,0.44,0.34
5564,2663,2098,57 ,52 ,24 ,32 ,9 ,12 ,24 ,8 ,56 ,47 ,1 ,1 ,0 ,4 ,0.54,0.46
5565,1634,2000,6 ,5 ,5 ,3 ,1 ,0 ,0 ,2 ,3 ,5 ,0 ,0 ,3 ,0 ,0.46,1.0
5566,2294,1704,53 ,33 ,24 ,15 ,6 ,8 ,23 ,10 ,44 ,31 ,0 ,2 ,9 ,0 ,0.63,0.4
5567,1916,2329,136 ,143 ,64 ,100 ,36 ,13 ,36 ,30 ,136 ,143 ,0 ,0 ,0 ,0 ,0.45,0.72
5568,1790,1662,51 ,16 ,27 ,13 ,13 ,3 ,11 ,0 ,46 ,16 ,4 ,0 ,1 ,0 ,0.58,0.29
5569,1552,1911,62 ,29 ,37 ,18 ,13 ,5 ,12 ,6 ,59 ,27 ,3 ,0 ,0 ,2 ,0.46,0.29
5570,1885,1775,50 ,63 ,17 ,36 ,21 ,20 ,12 ,7 ,50 ,61 ,0 ,2 ,0 ,0 ,0.27,0.29
5571,1631,1533,85 ,44 ,69 ,22 ,12 ,12 ,4 ,10 ,62 ,41 ,5 ,3 ,18 ,0 ,0.49,0.31
5572,2436,2586,27 ,1 ,8 ,0 ,13 ,0 ,6 ,1 ,26 ,1 ,0 ,0 ,1 ,0 ,0.45,0.06
5573,1904,1873,50 ,41 ,22 ,26 ,7 ,7 ,21 ,8 ,46 ,38 ,4 ,3 ,0 ,0 ,0.46,0.41
5574,2498,1464,67 ,47 ,44 ,33 ,13 ,14 ,10 ,0 ,54 ,47 ,5 ,0 ,8 ,0 ,0.46,0.51
5575,2615,2437,34 ,61 ,22 ,48 ,12 ,6 ,0 ,7 ,28 ,54 ,5 ,7 ,1 ,0 ,0.31,0.42
5576,1623,1938,56 ,42 ,37 ,27 ,15 ,13 ,4 ,2 ,40 ,33 ,14 ,9 ,2 ,0 ,0.5,0.51
5577,2049,1757,86 ,138 ,63 ,112 ,17 ,17 ,6 ,9 ,85 ,63 ,1 ,12 ,0 ,63 ,0.4,0.61
5578,1955,2051,32 ,27 ,14 ,10 ,6 ,7 ,12 ,10 ,26 ,21 ,3 ,6 ,3 ,0 ,0.61,0.56
5579,1691,1498,6 ,5 ,4 ,2 ,1 ,1 ,1 ,2 ,2 ,2 ,1 ,2 ,3 ,1 ,0.5,0.71
5580,2037,2561,121 ,118 ,101 ,96 ,14 ,8 ,6 ,14 ,103 ,96 ,17 ,22 ,1 ,0 ,0.47,0.5
5581,2309,1497,61 ,34 ,33 ,20 ,13 ,10 ,15 ,4 ,55 ,34 ,2 ,0 ,4 ,0 ,0.45,0.36
5582,2397,2558,0 ,14 ,0 ,9 ,0 ,4 ,0 ,1 ,0 ,4 ,0 ,5 ,0 ,5 ,0.0,0.77
5583,1791,1898,33 ,37 ,25 ,21 ,8 ,5 ,0 ,11 ,21 ,29 ,12 ,1 ,0 ,7 ,0.54,0.5
5584,2326,2418,101 ,92 ,79 ,41 ,12 ,29 ,10 ,22 ,79 ,68 ,21 ,20 ,1 ,4 ,0.5,0.56
5585,2450,1720,41 ,66 ,19 ,47 ,22 ,13 ,0 ,6 ,23 ,53 ,18 ,13 ,0 ,0 ,0.42,0.56
5586,2394,2286,79 ,80 ,54 ,40 ,17 ,25 ,8 ,15 ,67 ,54 ,5 ,8 ,7 ,18 ,0.48,0.55
5587,1519,2252,84 ,90 ,61 ,60 ,14 ,29 ,9 ,1 ,78 ,86 ,2 ,4 ,4 ,0 ,0.4,0.51
5588,1540,1570,68 ,25 ,58 ,19 ,8 ,6 ,2 ,0 ,7 ,6 ,1 ,1 ,60 ,18 ,0.8,0.52
5589,2177,2627,60 ,8 ,20 ,4 ,4 ,4 ,36 ,0 ,56 ,8 ,0 ,0 ,4 ,0 ,0.63,0.29
5590,1668,1588,18 ,32 ,4 ,15 ,14 ,5 ,0 ,12 ,16 ,31 ,2 ,1 ,0 ,0 ,0.41,0.61
5591,2642,2311,17 ,16 ,6 ,9 ,3 ,4 ,8 ,3 ,11 ,12 ,3 ,1 ,3 ,3 ,0.53,0.48
5592,2087,1465,14 ,5 ,9 ,0 ,4 ,1 ,1 ,4 ,9 ,4 ,2 ,1 ,3 ,0 ,0.58,0.71
5593,2104,2065,175 ,127 ,139 ,61 ,27 ,51 ,9 ,15 ,169 ,125 ,4 ,2 ,2 ,0 ,0.5,0.46
5594,1874,1692,73 ,25 ,55 ,14 ,12 ,6 ,6 ,5 ,22 ,21 ,4 ,4 ,47 ,0 ,0.67,0.39
5595,2220,1490,5 ,7 ,2 ,3 ,1 ,3 ,2 ,1 ,5 ,3 ,0 ,4 ,0 ,0 ,0.23,0.26
5596,1934,1496,40 ,14 ,27 ,5 ,7 ,9 ,6 ,0 ,25 ,10 ,2 ,4 ,13 ,0 ,0.65,0.29
5597,1985,1524,49 ,37 ,42 ,34 ,6 ,2 ,1 ,1 ,12 ,12 ,5 ,4 ,32 ,21 ,0.74,0.56
5598,1803,1768,66 ,78 ,47 ,35 ,18 ,28 ,1 ,15 ,52 ,62 ,12 ,14 ,2 ,2 ,0.52,0.48
5599,1550,2594,28 ,83 ,14 ,41 ,12 ,27 ,2 ,15 ,19 ,51 ,9 ,13 ,0 ,19 ,0.43,0.6
5600,1466,1923,3 ,5 ,2 ,4 ,1 ,1 ,0 ,0 ,2 ,4 ,1 ,0 ,0 ,1 ,0.5,0.5
5601,2277,1861,39 ,79 ,31 ,23 ,6 ,56 ,2 ,0 ,13 ,21 ,26 ,57 ,0 ,1 ,0.45,0.63
5602,1467,2315,18 ,29 ,17 ,12 ,0 ,2 ,1 ,15 ,17 ,24 ,1 ,5 ,0 ,0 ,0.43,0.47
5603,1468,1627,11 ,29 ,10 ,20 ,1 ,9 ,0 ,0 ,7 ,16 ,0 ,5 ,4 ,8 ,0.44,0.49
5604,1961,1911,89 ,57 ,68 ,26 ,16 ,12 ,5 ,19 ,77 ,53 ,7 ,3 ,5 ,1 ,0.49,0.32
5605,1583,2629,20 ,3 ,17 ,1 ,1 ,2 ,2 ,0 ,5 ,3 ,0 ,0 ,15 ,0 ,0.8,0.3
5606,1890,2506,103 ,53 ,79 ,38 ,13 ,11 ,11 ,4 ,84 ,46 ,5 ,4 ,14 ,3 ,0.62,0.28
5607,1681,2327,4 ,13 ,3 ,5 ,1 ,5 ,0 ,3 ,4 ,13 ,0 ,0 ,0 ,0 ,0.57,0.65
5608,2304,1469,64 ,37 ,30 ,26 ,17 ,4 ,17 ,7 ,48 ,34 ,16 ,3 ,0 ,0 ,0.58,0.45
5609,2620,2187,2 ,1 ,0 ,0 ,0 ,1 ,2 ,0 ,2 ,1 ,0 ,0 ,0 ,0 ,0.66,0.5
5610,1773,2433,17 ,19 ,4 ,7 ,2 ,2 ,11 ,10 ,17 ,19 ,0 ,0 ,0 ,0 ,0.32,0.44
5611,1800,1622,124 ,42 ,90 ,24 ,13 ,7 ,21 ,11 ,91 ,36 ,1 ,4 ,32 ,2 ,0.57,0.32
5612,1495,1564,4 ,10 ,0 ,9 ,0 ,1 ,4 ,0 ,4 ,10 ,0 ,0 ,0 ,0 ,0.36,0.43
5613,1811,1676,2 ,2 ,2 ,1 ,0 ,0 ,0 ,1 ,1 ,2 ,0 ,0 ,1 ,0 ,0.66,0.33
5614,2005,1664,11 ,2 ,10 ,2 ,1 ,0 ,0 ,0 ,1 ,1 ,10 ,1 ,0 ,0 ,0.55,0.5
5615,2297,1596,73 ,14 ,47 ,5 ,13 ,5 ,13 ,4 ,23 ,10 ,3 ,4 ,47 ,0 ,0.57,0.24
5616,1908,1490,29 ,11 ,20 ,4 ,8 ,3 ,1 ,4 ,19 ,7 ,10 ,4 ,0 ,0 ,0.55,0.34
5617,1545,1470,126 ,37 ,93 ,14 ,16 ,12 ,17 ,11 ,69 ,32 ,39 ,5 ,18 ,0 ,0.68,0.31
5618,2466,2591,44 ,62 ,36 ,26 ,5 ,15 ,3 ,21 ,42 ,61 ,0 ,0 ,2 ,1 ,0.25,0.44
5619,1696,1567,69 ,53 ,33 ,34 ,15 ,17 ,21 ,2 ,69 ,50 ,0 ,3 ,0 ,0 ,0.39,0.39
5620,1690,2287,4 ,45 ,4 ,45 ,0 ,0 ,0 ,0 ,4 ,2 ,0 ,0 ,0 ,43 ,0.25,0.7
5621,1687,1778,70 ,113 ,59 ,77 ,10 ,32 ,1 ,4 ,69 ,105 ,1 ,1 ,0 ,7 ,0.25,0.47
5622,2138,1471,58 ,17 ,28 ,9 ,15 ,1 ,15 ,7 ,55 ,17 ,3 ,0 ,0 ,0 ,0.57,0.31
5623,1638,2096,44 ,72 ,34 ,46 ,5 ,8 ,5 ,18 ,39 ,65 ,5 ,3 ,0 ,4 ,0.25,0.45
5624,1667,1576,4 ,16 ,4 ,14 ,0 ,2 ,0 ,0 ,4 ,10 ,0 ,4 ,0 ,2 ,0.26,0.53
5625,1691,2467,22 ,21 ,16 ,15 ,2 ,2 ,4 ,4 ,20 ,8 ,2 ,1 ,0 ,12 ,0.4,0.42
5626,2364,1472,74 ,37 ,61 ,27 ,5 ,7 ,8 ,3 ,37 ,33 ,23 ,4 ,14 ,0 ,0.54,0.44
5627,2239,1473,74 ,34 ,42 ,9 ,21 ,21 ,11 ,4 ,55 ,18 ,17 ,16 ,2 ,0 ,0.46,0.5
5628,1976,2664,23 ,85 ,10 ,38 ,1 ,36 ,12 ,11 ,23 ,55 ,0 ,16 ,0 ,14 ,0.35,0.56
5629,2656,1934,2 ,1 ,0 ,1 ,1 ,0 ,1 ,0 ,1 ,0 ,0 ,0 ,1 ,1 ,0.66,0.5
5630,2280,1474,82 ,81 ,58 ,54 ,14 ,22 ,10 ,5 ,73 ,64 ,9 ,17 ,0 ,0 ,0.47,0.47
5631,1939,1582,107 ,46 ,54 ,20 ,46 ,20 ,7 ,6 ,51 ,22 ,52 ,24 ,4 ,0 ,0.69,0.39
5632,2470,1694,127 ,128 ,98 ,68 ,16 ,20 ,13 ,40 ,111 ,121 ,0 ,7 ,16 ,0 ,0.47,0.51
5633,2566,2668,69 ,31 ,34 ,22 ,7 ,6 ,28 ,3 ,30 ,31 ,6 ,0 ,33 ,0 ,0.69,0.4
5634,1551,2619,28 ,59 ,26 ,42 ,2 ,11 ,0 ,6 ,28 ,47 ,0 ,12 ,0 ,0 ,0.4,0.52
5635,1655,1842,31 ,26 ,16 ,7 ,12 ,4 ,3 ,15 ,16 ,23 ,1 ,3 ,14 ,0 ,0.56,0.56
5636,1873,2580,6 ,15 ,3 ,6 ,3 ,2 ,0 ,7 ,6 ,14 ,0 ,0 ,0 ,1 ,0.35,0.68
5637,1559,1611,38 ,55 ,25 ,20 ,6 ,18 ,7 ,17 ,33 ,51 ,0 ,1 ,5 ,3 ,0.49,0.54
5638,2039,2514,106 ,103 ,93 ,61 ,7 ,22 ,6 ,20 ,102 ,84 ,3 ,19 ,1 ,0 ,0.48,0.5
5639,1792,1701,18 ,2 ,18 ,0 ,0 ,1 ,0 ,1 ,3 ,2 ,0 ,0 ,15 ,0 ,0.85,0.4
5640,2207,2254,41 ,34 ,31 ,29 ,9 ,3 ,1 ,2 ,13 ,19 ,3 ,2 ,25 ,13 ,0.62,0.58
5641,1616,1566,72 ,63 ,35 ,24 ,11 ,12 ,26 ,27 ,51 ,62 ,0 ,1 ,21 ,0 ,0.68,0.45
5642,1555,1965,76 ,55 ,49 ,39 ,14 ,8 ,13 ,8 ,51 ,51 ,6 ,3 ,19 ,1 ,0.58,0.51
5643,2105,2345,153 ,155 ,131 ,98 ,20 ,36 ,2 ,21 ,116 ,136 ,20 ,12 ,17 ,7 ,0.66,0.61
5644,1539,2614,62 ,74 ,45 ,47 ,15 ,19 ,2 ,8 ,60 ,69 ,0 ,2 ,2 ,3 ,0.38,0.41
5645,2121,1532,120 ,45 ,82 ,22 ,11 ,5 ,27 ,18 ,87 ,43 ,1 ,2 ,32 ,0 ,0.52,0.33
5646,1685,1802,52 ,66 ,14 ,19 ,22 ,17 ,16 ,30 ,51 ,64 ,1 ,1 ,0 ,1 ,0.42,0.55
5647,2504,1796,24 ,18 ,15 ,9 ,5 ,4 ,4 ,5 ,14 ,14 ,6 ,4 ,4 ,0 ,0.46,0.56
5648,1707,1475,66 ,50 ,56 ,24 ,6 ,20 ,4 ,6 ,42 ,37 ,10 ,6 ,14 ,7 ,0.55,0.42
5649,1776,1476,2 ,6 ,1 ,1 ,1 ,3 ,0 ,2 ,2 ,6 ,0 ,0 ,0 ,0 ,0.33,0.37
5650,2120,2245,46 ,40 ,23 ,23 ,11 ,8 ,12 ,9 ,35 ,38 ,3 ,2 ,8 ,0 ,0.33,0.45
5651,2278,2570,41 ,33 ,30 ,29 ,3 ,3 ,8 ,1 ,41 ,33 ,0 ,0 ,0 ,0 ,0.44,0.45
5652,2109,1477,6 ,3 ,1 ,1 ,4 ,0 ,1 ,2 ,3 ,3 ,3 ,0 ,0 ,0 ,0.85,0.6
5653,2129,2323,71 ,82 ,31 ,63 ,25 ,12 ,15 ,7 ,64 ,77 ,7 ,5 ,0 ,0 ,0.34,0.34
5654,2296,2060,194 ,83 ,150 ,38 ,35 ,28 ,9 ,17 ,99 ,81 ,9 ,2 ,86 ,0 ,0.62,0.52
5655,2347,2443,137 ,102 ,64 ,44 ,6 ,27 ,67 ,31 ,136 ,95 ,1 ,7 ,0 ,0 ,0.5,0.38
5656,2083,1779,94 ,66 ,43 ,23 ,49 ,29 ,2 ,14 ,42 ,38 ,39 ,27 ,13 ,1 ,0.62,0.52
5657,1957,1780,29 ,6 ,19 ,1 ,5 ,5 ,5 ,0 ,7 ,5 ,6 ,1 ,16 ,0 ,0.64,0.4
5658,2035,1619,5 ,2 ,3 ,1 ,2 ,1 ,0 ,0 ,3 ,1 ,2 ,1 ,0 ,0 ,0.55,0.66
5659,2655,1478,44 ,20 ,35 ,13 ,6 ,5 ,3 ,2 ,19 ,16 ,2 ,4 ,23 ,0 ,0.63,0.34
5660,2316,1670,18 ,23 ,11 ,8 ,4 ,7 ,3 ,8 ,11 ,23 ,7 ,0 ,0 ,0 ,0.36,0.5
5661,2195,2493,10 ,22 ,3 ,14 ,1 ,5 ,6 ,3 ,7 ,3 ,1 ,2 ,2 ,17 ,0.34,0.55
5662,1507,2672,1 ,43 ,1 ,40 ,0 ,1 ,0 ,2 ,1 ,1 ,0 ,0 ,0 ,42 ,0.5,0.82
5663,1994,1755,67 ,98 ,49 ,51 ,6 ,25 ,12 ,22 ,61 ,78 ,6 ,14 ,0 ,6 ,0.5,0.55
5664,2026,1826,48 ,57 ,25 ,24 ,13 ,21 ,10 ,12 ,43 ,34 ,5 ,12 ,0 ,11 ,0.45,0.39
5665,1543,1961,48 ,26 ,16 ,13 ,13 ,8 ,19 ,5 ,32 ,18 ,12 ,8 ,4 ,0 ,0.53,0.36
5666,2642,1584,67 ,55 ,31 ,39 ,16 ,13 ,20 ,3 ,44 ,47 ,14 ,8 ,9 ,0 ,0.39,0.45
5667,2098,2394,105 ,84 ,70 ,37 ,19 ,30 ,16 ,17 ,95 ,82 ,1 ,2 ,9 ,0 ,0.4,0.38
5668,1607,2392,44 ,73 ,30 ,72 ,14 ,1 ,0 ,0 ,44 ,47 ,0 ,3 ,0 ,23 ,0.36,0.48
5669,1479,2281,33 ,91 ,20 ,60 ,10 ,13 ,3 ,18 ,29 ,80 ,4 ,6 ,0 ,5 ,0.32,0.46
5670,1852,2369,3 ,12 ,1 ,8 ,1 ,2 ,1 ,2 ,3 ,10 ,0 ,0 ,0 ,2 ,0.18,0.42
5671,1480,2612,11 ,26 ,7 ,18 ,2 ,6 ,2 ,2 ,4 ,14 ,6 ,5 ,1 ,7 ,0.57,0.59
5672,1481,2660,14 ,18 ,6 ,7 ,4 ,3 ,4 ,8 ,14 ,18 ,0 ,0 ,0 ,0 ,0.53,0.48
5673,2658,1482,53 ,31 ,25 ,17 ,5 ,12 ,23 ,2 ,48 ,28 ,0 ,2 ,5 ,1 ,0.46,0.4
5674,2486,1500,19 ,4 ,9 ,0 ,1 ,1 ,9 ,3 ,13 ,3 ,0 ,0 ,6 ,1 ,0.86,0.28
5675,2295,1654,32 ,41 ,17 ,31 ,12 ,1 ,3 ,9 ,30 ,34 ,1 ,5 ,1 ,2 ,0.51,0.65
5676,2074,2163,3 ,2 ,1 ,0 ,2 ,0 ,0 ,2 ,3 ,2 ,0 ,0 ,0 ,0 ,0.75,0.5
5677,1845,2343,68 ,78 ,31 ,28 ,19 ,33 ,18 ,17 ,66 ,67 ,2 ,9 ,0 ,2 ,0.45,0.62
5678,2276,2550,2 ,0 ,0 ,0 ,0 ,0 ,2 ,0 ,2 ,0 ,0 ,0 ,0 ,0 ,0.5,0.0
5679,2319,1546,35 ,18 ,31 ,8 ,4 ,5 ,0 ,5 ,12 ,18 ,0 ,0 ,23 ,0 ,0.87,0.64
5680,2480,2574,131 ,55 ,59 ,35 ,14 ,6 ,58 ,14 ,123 ,53 ,8 ,2 ,0 ,0 ,0.56,0.42
5681,1678,1672,29 ,30 ,22 ,13 ,5 ,3 ,2 ,14 ,19 ,27 ,7 ,1 ,3 ,2 ,0.43,0.41
5682,1605,1919,56 ,103 ,40 ,76 ,14 ,10 ,2 ,17 ,46 ,97 ,9 ,6 ,1 ,0 ,0.39,0.51
5683,2580,1483,43 ,12 ,15 ,6 ,7 ,2 ,21 ,4 ,34 ,12 ,0 ,0 ,9 ,0 ,0.71,0.33
5684,2494,1650,79 ,20 ,53 ,11 ,13 ,9 ,13 ,0 ,72 ,18 ,7 ,1 ,0 ,1 ,0.52,0.3
5685,2222,1834,10 ,3 ,7 ,1 ,1 ,0 ,2 ,2 ,9 ,3 ,0 ,0 ,1 ,0 ,1.0,0.33
5686,2273,1721,20 ,30 ,10 ,22 ,8 ,1 ,2 ,7 ,17 ,21 ,3 ,2 ,0 ,7 ,0.4,0.66
5687,1723,2589,30 ,21 ,15 ,15 ,7 ,4 ,8 ,2 ,19 ,16 ,3 ,5 ,8 ,0 ,0.51,0.3
5688,2672,2151,40 ,0 ,40 ,0 ,0 ,0 ,0 ,0 ,0 ,0 ,0 ,0 ,40 ,0 ,0.64,0.0
5689,1646,1484,45 ,29 ,19 ,13 ,16 ,7 ,10 ,9 ,37 ,29 ,7 ,0 ,1 ,0 ,0.48,0.43
5690,2152,1506,2 ,11 ,2 ,9 ,0 ,2 ,0 ,0 ,2 ,1 ,0 ,0 ,0 ,10 ,0.4,0.68
5691,1937,2053,33 ,40 ,29 ,34 ,3 ,0 ,1 ,6 ,4 ,15 ,1 ,0 ,28 ,25 ,0.55,0.52
5692,1485,1697,4 ,11 ,1 ,9 ,0 ,2 ,3 ,0 ,3 ,4 ,0 ,0 ,1 ,7 ,0.8,0.57
5693,1756,1486,54 ,46 ,27 ,39 ,11 ,7 ,16 ,0 ,45 ,41 ,6 ,1 ,3 ,4 ,0.52,0.46
5694,2115,1750,69 ,41 ,32 ,29 ,7 ,7 ,30 ,5 ,57 ,31 ,7 ,7 ,5 ,3 ,0.43,0.41
5695,2177,2601,66 ,36 ,28 ,20 ,9 ,6 ,29 ,10 ,59 ,34 ,3 ,0 ,4 ,2 ,0.6,0.42
5696,2242,1542,103 ,76 ,58 ,58 ,37 ,10 ,8 ,8 ,78 ,62 ,23 ,11 ,2 ,3 ,0.52,0.5
5697,1837,1900,49 ,21 ,18 ,9 ,25 ,12 ,6 ,0 ,16 ,7 ,20 ,14 ,13 ,0 ,0.62,0.42
5698,1487,1967,39 ,79 ,12 ,48 ,8 ,28 ,19 ,3 ,30 ,57 ,9 ,3 ,0 ,19 ,0.54,0.59
5699,2530,2664,54 ,115 ,31 ,67 ,16 ,20 ,7 ,28 ,45 ,89 ,9 ,11 ,0 ,15 ,0.42,0.58
5700,2549,2557,64 ,61 ,33 ,35 ,5 ,13 ,26 ,13 ,56 ,53 ,3 ,8 ,5 ,0 ,0.52,0.45
5701,1871,1841,26 ,20 ,6 ,16 ,9 ,3 ,11 ,1 ,24 ,18 ,0 ,2 ,2 ,0 ,0.53,0.54
5702,1770,2180,88 ,35 ,58 ,17 ,15 ,18 ,15 ,0 ,53 ,26 ,9 ,9 ,26 ,0 ,0.6,0.48
5703,1497,1505,36 ,44 ,30 ,28 ,5 ,7 ,1 ,9 ,28 ,36 ,5 ,8 ,3 ,0 ,0.49,0.41
5704,2619,1527,54 ,23 ,40 ,13 ,6 ,9 ,8 ,1 ,41 ,15 ,1 ,8 ,12 ,0 ,0.58,0.4
5705,1819,1576,87 ,41 ,61 ,30 ,23 ,11 ,3 ,0 ,86 ,31 ,1 ,2 ,0 ,8 ,0.41,0.4
5706,1606,1848,28 ,21 ,23 ,16 ,4 ,1 ,1 ,4 ,26 ,21 ,0 ,0 ,2 ,0 ,0.5,0.41
5707,2218,1810,104 ,37 ,93 ,32 ,11 ,3 ,0 ,2 ,103 ,33 ,1 ,4 ,0 ,0 ,0.48,0.25
5708,2558,2665,79 ,40 ,45 ,6 ,18 ,31 ,16 ,3 ,71 ,33 ,5 ,7 ,3 ,0 ,0.58,0.33
5709,1936,1612,85 ,71 ,55 ,47 ,23 ,19 ,7 ,5 ,61 ,70 ,22 ,1 ,2 ,0 ,0.57,0.44
5710,2644,1746,36 ,9 ,30 ,4 ,3 ,3 ,3 ,2 ,33 ,9 ,3 ,0 ,0 ,0 ,0.56,0.5
5711,2178,2123,43 ,6 ,20 ,5 ,20 ,1 ,3 ,0 ,8 ,5 ,29 ,1 ,6 ,0 ,0.75,0.23
5712,1627,1592,12 ,13 ,7 ,9 ,4 ,2 ,1 ,2 ,12 ,13 ,0 ,0 ,0 ,0 ,0.38,0.34
5713,1579,1977,33 ,29 ,25 ,25 ,7 ,4 ,1 ,0 ,21 ,17 ,8 ,1 ,4 ,11 ,0.36,0.51
5714,2325,1722,35 ,2 ,34 ,1 ,1 ,1 ,0 ,0 ,5 ,1 ,0 ,0 ,30 ,1 ,0.83,0.33
5715,2522,1684,114 ,114 ,49 ,63 ,64 ,35 ,1 ,16 ,90 ,76 ,22 ,38 ,2 ,0 ,0.61,0.5
5716,1822,1825,37 ,17 ,29 ,12 ,4 ,1 ,4 ,4 ,29 ,14 ,6 ,3 ,2 ,0 ,0.62,0.32
5717,1839,1610,32 ,46 ,23 ,15 ,6 ,8 ,3 ,23 ,32 ,36 ,0 ,5 ,0 ,5 ,0.28,0.65
5718,1840,1683,43 ,49 ,25 ,23 ,12 ,8 ,6 ,18 ,38 ,40 ,5 ,0 ,0 ,9 ,0.3,0.44
5719,1674,2544,1 ,4 ,0 ,4 ,0 ,0 ,1 ,0 ,1 ,0 ,0 ,0 ,0 ,4 ,1.0,0.8
5720,2656,2029,14 ,41 ,6 ,27 ,5 ,11 ,3 ,3 ,7 ,15 ,4 ,9 ,3 ,17 ,0.35,0.52
5721,1488,2297,27 ,50 ,11 ,16 ,9 ,4 ,7 ,30 ,26 ,25 ,1 ,25 ,0 ,0 ,0.31,0.37
5722,1923,1949,10 ,57 ,6 ,50 ,2 ,4 ,2 ,3 ,5 ,8 ,1 ,1 ,4 ,48 ,0.45,0.76
5723,1528,2000,24 ,42 ,6 ,21 ,13 ,1 ,5 ,20 ,24 ,30 ,0 ,0 ,0 ,12 ,0.54,0.63
5724,2327,2418,10 ,18 ,3 ,5 ,4 ,4 ,3 ,9 ,10 ,11 ,0 ,0 ,0 ,7 ,0.47,0.6
5725,1969,1489,115 ,105 ,67 ,70 ,31 ,11 ,17 ,24 ,101 ,95 ,14 ,10 ,0 ,0 ,0.61,0.57
5726,1649,1771,66 ,26 ,28 ,21 ,25 ,3 ,13 ,2 ,60 ,11 ,6 ,1 ,0 ,14 ,0.7,0.52
5727,1529,1962,77 ,118 ,61 ,79 ,8 ,16 ,8 ,23 ,76 ,107 ,1 ,7 ,0 ,4 ,0.42,0.5
5728,1662,1765,7 ,15 ,5 ,10 ,2 ,5 ,0 ,0 ,0 ,1 ,7 ,12 ,0 ,2 ,1.0,1.0
5729,2468,2208,83 ,57 ,51 ,30 ,27 ,18 ,5 ,9 ,48 ,34 ,27 ,23 ,8 ,0 ,0.64,0.6
5730,2104,1693,15 ,30 ,10 ,25 ,3 ,2 ,2 ,3 ,11 ,13 ,0 ,0 ,4 ,17 ,0.46,0.44
5731,1908,1541,22 ,24 ,18 ,18 ,4 ,5 ,0 ,1 ,10 ,6 ,2 ,3 ,10 ,15 ,0.47,0.66
5732,2138,1987,9 ,13 ,2 ,8 ,4 ,2 ,3 ,3 ,6 ,9 ,3 ,4 ,0 ,0 ,0.64,0.65
5733,2102,1599,14 ,21 ,1 ,9 ,4 ,7 ,9 ,5 ,9 ,8 ,5 ,11 ,0 ,2 ,0.7,0.8
5734,1958,1743,166 ,135 ,98 ,105 ,24 ,23 ,44 ,7 ,166 ,134 ,0 ,1 ,0 ,0 ,0.47,0.37
5735,1626,1490,22 ,49 ,21 ,35 ,1 ,10 ,0 ,4 ,17 ,30 ,0 ,15 ,5 ,4 ,0.57,0.49
5736,2044,1595,9 ,2 ,6 ,1 ,0 ,0 ,3 ,1 ,6 ,2 ,0 ,0 ,3 ,0 ,0.6,0.18
5737,2666,1564,34 ,16 ,16 ,6 ,1 ,2 ,17 ,8 ,28 ,16 ,0 ,0 ,6 ,0 ,0.56,0.41
5738,1890,1491,18 ,14 ,11 ,3 ,4 ,2 ,3 ,9 ,18 ,13 ,0 ,1 ,0 ,0 ,0.58,0.43
5739,1712,1782,53 ,54 ,33 ,34 ,12 ,11 ,8 ,9 ,52 ,54 ,1 ,0 ,0 ,0 ,0.33,0.38
5740,1627,1597,71 ,85 ,54 ,68 ,13 ,12 ,4 ,5 ,71 ,82 ,0 ,3 ,0 ,0 ,0.41,0.42
5741,1492,1912,104 ,89 ,64 ,57 ,20 ,22 ,20 ,10 ,62 ,71 ,14 ,16 ,28 ,2 ,0.66,0.52
5742,1789,2518,68 ,88 ,61 ,51 ,4 ,19 ,3 ,18 ,65 ,81 ,3 ,3 ,0 ,4 ,0.36,0.48
5743,1807,2304,26 ,62 ,18 ,36 ,4 ,21 ,4 ,5 ,15 ,39 ,6 ,16 ,5 ,7 ,0.57,0.7
5744,2049,2219,9 ,44 ,5 ,16 ,0 ,7 ,4 ,21 ,6 ,25 ,1 ,2 ,2 ,17 ,0.42,0.77
5745,1493,1552,31 ,42 ,16 ,29 ,8 ,5 ,7 ,8 ,20 ,24 ,5 ,5 ,6 ,13 ,0.38,0.75
5746,2089,1896,82 ,85 ,57 ,57 ,12 ,12 ,13 ,16 ,80 ,76 ,2 ,9 ,0 ,0 ,0.58,0.39
5747,1911,1548,1 ,1 ,0 ,0 ,0 ,0 ,1 ,1 ,1 ,1 ,0 ,0 ,0 ,0 ,0.33,0.2
5748,2179,1557,4 ,5 ,2 ,3 ,2 ,2 ,0 ,0 ,2 ,1 ,2 ,4 ,0 ,0 ,0.5,0.62
5749,2387,1494,88 ,23 ,39 ,10 ,38 ,6 ,11 ,7 ,82 ,22 ,6 ,1 ,0 ,0 ,0.57,0.25
5750,1938,2277,33 ,19 ,12 ,12 ,17 ,3 ,4 ,4 ,33 ,17 ,0 ,2 ,0 ,0 ,0.41,0.47
5751,1540,1768,92 ,99 ,53 ,66 ,30 ,25 ,9 ,8 ,28 ,62 ,16 ,35 ,48 ,2 ,0.8,0.57
5752,1647,1560,131 ,93 ,45 ,25 ,27 ,23 ,59 ,45 ,123 ,88 ,8 ,4 ,0 ,1 ,0.47,0.44
5753,1876,1495,63 ,36 ,49 ,26 ,10 ,10 ,4 ,0 ,40 ,19 ,18 ,11 ,5 ,6 ,0.5,0.42
5754,1496,2285,56 ,66 ,17 ,42 ,14 ,17 ,25 ,7 ,48 ,47 ,6 ,6 ,2 ,13 ,0.7,0.43
5755,1956,1573,55 ,7 ,47 ,3 ,8 ,0 ,0 ,4 ,4 ,6 ,1 ,1 ,50 ,0 ,0.37,0.46
5756,1934,1657,2 ,5 ,2 ,2 ,0 ,1 ,0 ,2 ,2 ,4 ,0 ,0 ,0 ,1 ,0.4,0.83
5757,2005,1631,34 ,53 ,26 ,46 ,4 ,7 ,4 ,0 ,32 ,25 ,1 ,0 ,1 ,28 ,0.39,0.49
5758,1985,2509,79 ,56 ,52 ,40 ,15 ,13 ,12 ,3 ,69 ,43 ,10 ,10 ,0 ,3 ,0.52,0.49
5759,2664,1666,61 ,19 ,41 ,8 ,18 ,7 ,2 ,4 ,35 ,18 ,17 ,0 ,9 ,1 ,0.64,0.27
5760,1781,1599,40 ,89 ,14 ,42 ,16 ,30 ,10 ,17 ,19 ,34 ,21 ,48 ,0 ,7 ,0.54,0.71
5761,1638,2009,60 ,97 ,56 ,50 ,2 ,23 ,2 ,24 ,57 ,89 ,0 ,5 ,3 ,3 ,0.35,0.51
5762,1984,1611,16 ,1 ,12 ,0 ,4 ,1 ,0 ,0 ,3 ,1 ,6 ,0 ,7 ,0 ,0.72,0.11
5763,1905,2252,128 ,131 ,65 ,82 ,40 ,45 ,23 ,4 ,110 ,105 ,13 ,25 ,5 ,1 ,0.39,0.5
5764,1811,1578,36 ,30 ,27 ,9 ,7 ,2 ,2 ,19 ,18 ,29 ,3 ,1 ,15 ,0 ,0.5,0.37
5765,1630,1497,123 ,81 ,78 ,49 ,36 ,14 ,9 ,18 ,119 ,74 ,4 ,1 ,0 ,6 ,0.41,0.46
5766,1784,1719,1 ,4 ,1 ,4 ,0 ,0 ,0 ,0 ,1 ,2 ,0 ,0 ,0 ,2 ,0.2,0.66
5767,1738,1659,15 ,0 ,1 ,0 ,13 ,0 ,1 ,0 ,2 ,0 ,13 ,0 ,0 ,0 ,0.88,0.0
5768,1787,1598,76 ,12 ,66 ,3 ,9 ,3 ,1 ,6 ,15 ,12 ,25 ,0 ,36 ,0 ,0.71,0.4
5769,2604,1498,2 ,6 ,1 ,5 ,0 ,0 ,1 ,1 ,2 ,4 ,0 ,0 ,0 ,2 ,0.28,0.66
5770,1499,1966,13 ,12 ,9 ,10 ,1 ,2 ,3 ,0 ,4 ,2 ,0 ,3 ,9 ,7 ,0.61,0.46
5771,1545,1799,50 ,68 ,16 ,30 ,14 ,8 ,20 ,30 ,47 ,61 ,3 ,7 ,0 ,0 ,0.3,0.46
5772,2558,1592,74 ,57 ,54 ,26 ,9 ,6 ,11 ,25 ,62 ,33 ,11 ,6 ,1 ,18 ,0.57,0.51
5773,2220,1609,9 ,3 ,6 ,3 ,2 ,0 ,1 ,0 ,2 ,3 ,0 ,0 ,7 ,0 ,0.69,0.6
5774,2563,2609,26 ,7 ,24 ,7 ,1 ,0 ,1 ,0 ,4 ,3 ,0 ,0 ,22 ,4 ,0.86,0.53
5775,2672,2629,4 ,0 ,3 ,0 ,1 ,0 ,0 ,0 ,2 ,0 ,0 ,0 ,2 ,0 ,0.66,0.0
5776,1689,2515,113 ,150 ,69 ,80 ,38 ,30 ,6 ,40 ,101 ,129 ,11 ,18 ,1 ,3 ,0.49,0.48
5777,1986,1550,78 ,34 ,47 ,14 ,22 ,15 ,9 ,5 ,43 ,26 ,19 ,8 ,16 ,0 ,0.54,0.4
5778,1500,1635,19 ,16 ,16 ,7 ,1 ,6 ,2 ,3 ,12 ,15 ,3 ,0 ,4 ,1 ,0.41,0.72
5779,1558,1501,10 ,0 ,9 ,0 ,1 ,0 ,0 ,0 ,2 ,0 ,0 ,0 ,8 ,0 ,0.58,0.0
5780,1764,1818,38 ,17 ,29 ,8 ,3 ,8 ,6 ,1 ,10 ,9 ,9 ,8 ,19 ,0 ,0.7,0.56
5781,1829,2215,4 ,9 ,0 ,6 ,1 ,3 ,3 ,0 ,4 ,8 ,0 ,0 ,0 ,1 ,0.57,0.69
5782,1502,2169,25 ,72 ,12 ,69 ,4 ,3 ,9 ,0 ,23 ,42 ,0 ,1 ,2 ,29 ,0.3,0.48
5783,1742,1673,67 ,54 ,47 ,35 ,13 ,10 ,7 ,9 ,61 ,49 ,5 ,4 ,1 ,1 ,0.4,0.48
5784,1823,1759,69 ,35 ,31 ,31 ,14 ,4 ,24 ,0 ,69 ,34 ,0 ,0 ,0 ,1 ,0.5,0.37
5785,2227,1631,68 ,69 ,65 ,34 ,3 ,22 ,0 ,13 ,66 ,65 ,2 ,2 ,0 ,2 ,0.39,0.46
5786,2091,2311,22 ,39 ,12 ,27 ,1 ,7 ,9 ,5 ,21 ,34 ,1 ,4 ,0 ,1 ,0.57,0.54
5787,2564,2292,21 ,41 ,9 ,25 ,2 ,6 ,10 ,10 ,21 ,37 ,0 ,1 ,0 ,3 ,0.41,0.46
5788,2520,2567,55 ,12 ,24 ,2 ,5 ,7 ,26 ,3 ,45 ,12 ,2 ,0 ,8 ,0 ,0.65,0.46
5789,1593,1503,13 ,2 ,11 ,1 ,1 ,0 ,1 ,1 ,11 ,2 ,0 ,0 ,2 ,0 ,0.56,0.2
5790,1588,2046,109 ,46 ,57 ,26 ,41 ,11 ,11 ,9 ,109 ,46 ,0 ,0 ,0 ,0 ,0.41,0.26
5791,2161,1842,80 ,26 ,27 ,21 ,35 ,4 ,18 ,1 ,42 ,13 ,38 ,13 ,0 ,0 ,0.58,0.42
5792,1617,2153,30 ,68 ,25 ,50 ,4 ,13 ,1 ,5 ,23 ,48 ,7 ,12 ,0 ,8 ,0.3,0.61
5793,2591,1924,44 ,46 ,17 ,19 ,10 ,22 ,17 ,5 ,34 ,40 ,0 ,2 ,10 ,4 ,0.43,0.37
5794,1580,2081,88 ,84 ,50 ,9 ,17 ,28 ,21 ,47 ,87 ,84 ,0 ,0 ,1 ,0 ,0.38,0.46
5795,1504,2157,13 ,85 ,5 ,66 ,6 ,11 ,2 ,8 ,10 ,39 ,3 ,17 ,0 ,29 ,0.31,0.63
5796,2592,1661,32 ,11 ,22 ,4 ,5 ,6 ,5 ,1 ,13 ,10 ,0 ,0 ,19 ,1 ,0.41,0.36
5797,1882,2077,37 ,27 ,32 ,19 ,5 ,7 ,0 ,1 ,32 ,18 ,4 ,2 ,1 ,7 ,0.4,0.29
5798,1554,1607,48 ,78 ,24 ,39 ,8 ,28 ,16 ,11 ,48 ,65 ,0 ,13 ,0 ,0 ,0.48,0.44
5799,1884,1931,154 ,69 ,81 ,38 ,56 ,12 ,17 ,19 ,140 ,65 ,1 ,4 ,13 ,0 ,0.51,0.37
5800,2059,2275,47 ,46 ,20 ,38 ,10 ,3 ,17 ,5 ,40 ,45 ,7 ,1 ,0 ,0 ,0.41,0.37
5801,2256,1849,20 ,10 ,11 ,6 ,3 ,0 ,6 ,4 ,9 ,8 ,0 ,2 ,11 ,0 ,0.47,0.31
5802,2309,1775,65 ,34 ,32 ,23 ,24 ,7 ,9 ,4 ,54 ,34 ,0 ,0 ,11 ,0 ,0.41,0.26
5803,1505,1684,29 ,23 ,12 ,11 ,3 ,5 ,14 ,7 ,27 ,21 ,1 ,2 ,1 ,0 ,0.43,0.37
5804,1597,2665,28 ,29 ,17 ,19 ,5 ,5 ,6 ,5 ,28 ,25 ,0 ,2 ,0 ,2 ,0.35,0.3
5805,1822,1955,13 ,1 ,13 ,0 ,0 ,0 ,0 ,1 ,6 ,1 ,0 ,0 ,7 ,0 ,0.61,0.25
5806,1535,1563,17 ,2 ,15 ,0 ,0 ,0 ,2 ,2 ,11 ,2 ,0 ,0 ,6 ,0 ,0.62,0.13
5807,2619,2092,17 ,13 ,10 ,7 ,4 ,6 ,3 ,0 ,15 ,12 ,2 ,1 ,0 ,0 ,0.32,0.39
5808,2222,1686,16 ,3 ,15 ,1 ,0 ,0 ,1 ,2 ,4 ,3 ,0 ,0 ,12 ,0 ,0.64,0.25
5809,1534,2133,14 ,26 ,8 ,7 ,3 ,4 ,3 ,15 ,14 ,23 ,0 ,0 ,0 ,3 ,0.32,0.44
5810,1623,2504,89 ,94 ,63 ,69 ,16 ,15 ,10 ,10 ,78 ,89 ,11 ,3 ,0 ,2 ,0.32,0.51
5811,2286,1776,32 ,11 ,8 ,10 ,18 ,1 ,6 ,0 ,31 ,10 ,0 ,0 ,1 ,1 ,0.43,0.28
5812,1648,2187,14 ,38 ,10 ,16 ,1 ,9 ,3 ,13 ,14 ,36 ,0 ,0 ,0 ,2 ,0.28,0.43
5813,2111,1640,18 ,3 ,17 ,1 ,0 ,0 ,1 ,2 ,3 ,3 ,4 ,0 ,11 ,0 ,0.75,0.42
5814,1506,1796,12 ,34 ,5 ,20 ,4 ,6 ,3 ,8 ,8 ,22 ,3 ,3 ,1 ,9 ,0.52,0.44
5815,2340,2288,20 ,47 ,7 ,34 ,2 ,4 ,11 ,9 ,18 ,35 ,2 ,6 ,0 ,6 ,0.27,0.52
5816,2216,1507,10 ,5 ,10 ,1 ,0 ,2 ,0 ,2 ,2 ,5 ,0 ,0 ,8 ,0 ,0.47,0.35
5817,2467,1677,57 ,22 ,43 ,11 ,7 ,8 ,7 ,3 ,9 ,15 ,0 ,4 ,48 ,3 ,0.58,0.51
5818,2556,2020,52 ,37 ,42 ,12 ,6 ,12 ,4 ,13 ,37 ,35 ,4 ,0 ,11 ,2 ,0.41,0.43
5819,1549,1967,64 ,73 ,33 ,53 ,17 ,18 ,14 ,2 ,56 ,69 ,8 ,4 ,0 ,0 ,0.37,0.35
5820,1695,1508,64 ,94 ,30 ,73 ,11 ,18 ,23 ,3 ,64 ,94 ,0 ,0 ,0 ,0 ,0.29,0.59
5821,2173,2316,17 ,7 ,8 ,2 ,1 ,2 ,8 ,3 ,14 ,7 ,1 ,0 ,2 ,0 ,0.7,0.41
5822,1874,2129,19 ,28 ,7 ,11 ,12 ,11 ,0 ,6 ,10 ,14 ,9 ,8 ,0 ,6 ,0.35,0.65
5823,2144,1827,127 ,62 ,64 ,35 ,22 ,14 ,41 ,13 ,118 ,62 ,5 ,0 ,4 ,0 ,0.59,0.38
5824,2660,1509,4 ,1 ,1 ,0 ,0 ,0 ,3 ,1 ,3 ,1 ,0 ,0 ,1 ,0 ,0.66,1.0
5825,1619,2082,30 ,49 ,26 ,25 ,4 ,15 ,0 ,9 ,30 ,49 ,0 ,0 ,0 ,0 ,0.37,0.51
5826,1935,1699,56 ,59 ,43 ,38 ,5 ,3 ,8 ,18 ,46 ,56 ,6 ,2 ,4 ,1 ,0.44,0.35
5827,1646,1981,9 ,13 ,3 ,6 ,3 ,4 ,3 ,3 ,4 ,10 ,5 ,3 ,0 ,0 ,0.5,0.52
5828,2480,1588,136 ,123 ,70 ,74 ,9 ,25 ,57 ,24 ,134 ,118 ,2 ,4 ,0 ,1 ,0.42,0.49
5829,1510,2636,13 ,27 ,4 ,15 ,4 ,4 ,5 ,8 ,13 ,14 ,0 ,10 ,0 ,3 ,0.68,0.64
5830,2189,2463,21 ,11 ,17 ,5 ,2 ,2 ,2 ,4 ,14 ,11 ,1 ,0 ,6 ,0 ,0.51,0.3
5831,2096,1511,22 ,23 ,16 ,7 ,6 ,7 ,0 ,9 ,12 ,23 ,8 ,0 ,2 ,0 ,0.25,0.3
5832,2630,1851,0 ,7 ,0 ,7 ,0 ,0 ,0 ,0 ,0 ,5 ,0 ,0 ,0 ,2 ,0.0,0.63
5833,2668,1570,45 ,16 ,32 ,7 ,11 ,5 ,2 ,4 ,42 ,16 ,3 ,0 ,0 ,0 ,0.61,0.27
5834,2115,2132,69 ,53 ,59 ,17 ,5 ,14 ,5 ,22 ,62 ,49 ,1 ,4 ,6 ,0 ,0.45,0.59
5835,1512,2329,26 ,29 ,18 ,12 ,7 ,2 ,1 ,15 ,25 ,29 ,0 ,0 ,1 ,0 ,0.32,0.64
5836,2237,1744,48 ,33 ,39 ,23 ,3 ,8 ,6 ,2 ,46 ,31 ,2 ,2 ,0 ,0 ,0.45,0.24
5837,2361,1513,22 ,10 ,10 ,8 ,2 ,0 ,10 ,2 ,17 ,10 ,0 ,0 ,5 ,0 ,0.57,0.32
5838,1514,1701,1 ,20 ,1 ,17 ,0 ,1 ,0 ,2 ,1 ,5 ,0 ,0 ,0 ,15 ,0.2,0.64
5839,2671,1515,106 ,48 ,88 ,19 ,15 ,18 ,3 ,11 ,106 ,48 ,0 ,0 ,0 ,0 ,0.46,0.19
5840,2497,1569,17 ,6 ,15 ,5 ,2 ,1 ,0 ,0 ,16 ,6 ,1 ,0 ,0 ,0 ,0.5,0.46
5841,1625,2615,8 ,29 ,4 ,16 ,0 ,4 ,4 ,9 ,8 ,28 ,0 ,1 ,0 ,0 ,0.29,0.55
5842,2664,2586,85 ,42 ,29 ,29 ,31 ,5 ,25 ,8 ,82 ,42 ,3 ,0 ,0 ,0 ,0.48,0.35
5843,2558,1702,11 ,2 ,10 ,2 ,0 ,0 ,1 ,0 ,2 ,2 ,0 ,0 ,9 ,0 ,0.91,1.0
5844,1566,1645,17 ,46 ,6 ,32 ,3 ,5 ,8 ,9 ,16 ,19 ,0 ,0 ,1 ,27 ,0.45,0.62
5845,2112,2466,46 ,27 ,28 ,19 ,14 ,5 ,4 ,3 ,29 ,23 ,0 ,0 ,17 ,4 ,0.66,0.37
5846,1688,1516,60 ,53 ,41 ,16 ,10 ,18 ,9 ,19 ,45 ,51 ,0 ,2 ,15 ,0 ,0.54,0.48
5847,1596,1556,26 ,17 ,17 ,8 ,9 ,5 ,0 ,4 ,15 ,12 ,5 ,3 ,6 ,2 ,0.6,0.42
5848,2598,2379,74 ,45 ,50 ,40 ,14 ,3 ,10 ,2 ,73 ,45 ,1 ,0 ,0 ,0 ,0.44,0.36
5849,2037,1517,32 ,36 ,21 ,28 ,10 ,8 ,1 ,0 ,18 ,30 ,12 ,3 ,2 ,3 ,0.44,0.46
5850,1956,1863,6 ,18 ,3 ,7 ,1 ,5 ,2 ,6 ,0 ,12 ,3 ,5 ,3 ,1 ,0.85,0.62
5851,1959,1518,38 ,26 ,34 ,15 ,2 ,6 ,2 ,5 ,34 ,21 ,3 ,5 ,1 ,0 ,0.64,0.34
5852,1519,2038,36 ,74 ,29 ,54 ,6 ,15 ,1 ,5 ,30 ,58 ,1 ,14 ,5 ,2 ,0.37,0.43
5853,2309,1585,8 ,2 ,6 ,2 ,2 ,0 ,0 ,0 ,4 ,1 ,0 ,1 ,4 ,0 ,0.5,0.5
5854,2611,1711,120 ,49 ,85 ,40 ,17 ,5 ,18 ,4 ,108 ,49 ,7 ,0 ,5 ,0 ,0.57,0.24
5855,1904,2580,34 ,68 ,16 ,16 ,6 ,6 ,12 ,46 ,33 ,68 ,1 ,0 ,0 ,0 ,0.41,0.57
5856,1700,1757,40 ,46 ,38 ,46 ,0 ,0 ,2 ,0 ,11 ,2 ,0 ,0 ,29 ,44 ,0.62,0.73
5857,2051,1573,59 ,58 ,34 ,30 ,20 ,16 ,5 ,12 ,54 ,54 ,5 ,4 ,0 ,0 ,0.43,0.52
5858,2359,2151,176 ,124 ,146 ,81 ,21 ,36 ,9 ,7 ,145 ,117 ,22 ,6 ,9 ,1 ,0.54,0.53
5859,1520,1772,76 ,49 ,61 ,37 ,12 ,4 ,3 ,8 ,69 ,27 ,4 ,5 ,3 ,17 ,0.59,0.48
5860,1609,1838,29 ,29 ,12 ,24 ,10 ,5 ,7 ,0 ,19 ,11 ,9 ,1 ,1 ,17 ,0.47,0.67
5861,1655,1942,67 ,57 ,47 ,56 ,15 ,0 ,5 ,1 ,54 ,49 ,11 ,5 ,2 ,3 ,0.6,0.41
5862,2207,2671,51 ,94 ,28 ,90 ,11 ,2 ,12 ,2 ,50 ,90 ,1 ,4 ,0 ,0 ,0.56,0.58
5863,1839,1698,26 ,33 ,14 ,19 ,5 ,9 ,7 ,5 ,12 ,15 ,3 ,14 ,11 ,4 ,0.61,0.64
5864,1994,2075,2 ,5 ,0 ,2 ,0 ,0 ,2 ,3 ,2 ,4 ,0 ,0 ,0 ,1 ,1.0,0.5
5865,1521,1952,98 ,92 ,64 ,53 ,20 ,35 ,14 ,4 ,76 ,61 ,21 ,26 ,1 ,5 ,0.51,0.56
5866,1717,1589,99 ,125 ,76 ,100 ,12 ,24 ,11 ,1 ,58 ,82 ,16 ,25 ,25 ,18 ,0.48,0.52
5867,2254,2160,64 ,32 ,56 ,14 ,7 ,8 ,1 ,10 ,38 ,18 ,14 ,13 ,12 ,1 ,0.52,0.5
5868,1522,1944,168 ,100 ,116 ,79 ,39 ,21 ,13 ,0 ,150 ,90 ,18 ,10 ,0 ,0 ,0.5,0.47
5869,2104,2273,83 ,50 ,44 ,24 ,19 ,7 ,20 ,19 ,81 ,50 ,2 ,0 ,0 ,0 ,0.41,0.34
5870,1692,2074,39 ,15 ,32 ,7 ,4 ,5 ,3 ,3 ,8 ,13 ,5 ,2 ,26 ,0 ,0.68,0.57
5871,2665,1765,43 ,18 ,31 ,5 ,12 ,12 ,0 ,1 ,33 ,16 ,3 ,2 ,7 ,0 ,0.53,0.38
5872,2420,2311,16 ,17 ,10 ,7 ,3 ,5 ,3 ,5 ,12 ,15 ,0 ,0 ,4 ,2 ,0.47,0.32
5873,1756,2152,10 ,29 ,6 ,17 ,2 ,4 ,2 ,8 ,9 ,16 ,0 ,4 ,1 ,9 ,0.35,0.5
5874,1874,1778,69 ,60 ,45 ,31 ,11 ,17 ,13 ,12 ,68 ,59 ,1 ,1 ,0 ,0 ,0.3,0.3
5875,1555,1936,64 ,128 ,44 ,86 ,8 ,26 ,12 ,16 ,62 ,121 ,2 ,6 ,0 ,1 ,0.39,0.66
5876,2262,1841,62 ,36 ,46 ,22 ,13 ,10 ,3 ,4 ,50 ,23 ,10 ,11 ,2 ,2 ,0.52,0.4
5877,2319,2315,5 ,6 ,2 ,3 ,3 ,2 ,0 ,1 ,5 ,5 ,0 ,0 ,0 ,1 ,0.62,0.42
5878,1562,1900,55 ,33 ,40 ,27 ,7 ,4 ,8 ,2 ,47 ,28 ,8 ,3 ,0 ,2 ,0.49,0.47
5879,2426,1852,9 ,0 ,6 ,0 ,0 ,0 ,3 ,0 ,9 ,0 ,0 ,0 ,0 ,0 ,0.5,0.0
5880,1664,1523,72 ,41 ,53 ,25 ,10 ,16 ,9 ,0 ,41 ,34 ,13 ,7 ,18 ,0 ,0.44,0.43
5881,1539,1586,9 ,11 ,3 ,5 ,3 ,2 ,3 ,4 ,9 ,8 ,0 ,0 ,0 ,3 ,0.75,0.55
5882,1943,2522,51 ,47 ,34 ,20 ,12 ,20 ,5 ,7 ,27 ,44 ,6 ,2 ,18 ,1 ,0.51,0.56
5883,1808,2618,42 ,94 ,12 ,78 ,17 ,8 ,13 ,8 ,37 ,71 ,5 ,9 ,0 ,14 ,0.25,0.58
5884,1524,1912,23 ,70 ,14 ,44 ,3 ,18 ,6 ,8 ,19 ,42 ,1 ,14 ,3 ,14 ,0.43,0.73
5885,1872,1825,114 ,126 ,71 ,90 ,35 ,16 ,8 ,20 ,89 ,105 ,25 ,20 ,0 ,1 ,0.5,0.55
5886,1898,1792,40 ,15 ,16 ,10 ,20 ,4 ,4 ,1 ,32 ,15 ,3 ,0 ,5 ,0 ,0.54,0.25
5887,2049,1861,1 ,1 ,1 ,1 ,0 ,0 ,0 ,0 ,0 ,1 ,0 ,0 ,1 ,0 ,0.25,0.33
5888,1616,1834,80 ,123 ,58 ,88 ,14 ,19 ,8 ,16 ,79 ,121 ,1 ,2 ,0 ,0 ,0.4,0.45
5889,2092,1966,31 ,16 ,12 ,10 ,18 ,5 ,1 ,1 ,30 ,15 ,0 ,1 ,1 ,0 ,0.49,0.3
5890,1668,1525,59 ,43 ,35 ,13 ,18 ,12 ,6 ,18 ,34 ,37 ,13 ,4 ,12 ,2 ,0.5,0.4
5891,1526,2375,0 ,1 ,0 ,0 ,0 ,1 ,0 ,0 ,0 ,1 ,0 ,0 ,0 ,0 ,0.0,1.0
5892,2486,1615,51 ,29 ,31 ,15 ,15 ,5 ,5 ,9 ,47 ,28 ,1 ,1 ,3 ,0 ,0.46,0.33
5893,1885,1576,38 ,22 ,20 ,16 ,10 ,6 ,8 ,0 ,34 ,22 ,0 ,0 ,4 ,0 ,0.36,0.42
5894,1938,2087,36 ,68 ,7 ,39 ,14 ,23 ,15 ,6 ,35 ,62 ,1 ,6 ,0 ,0 ,0.5,0.53
5895,2276,2287,122 ,164 ,86 ,143 ,18 ,18 ,18 ,3 ,118 ,156 ,4 ,0 ,0 ,8 ,0.35,0.49
5896,2506,1527,57 ,48 ,18 ,17 ,10 ,9 ,29 ,22 ,55 ,48 ,0 ,0 ,2 ,0 ,0.48,0.55
5897,2239,2444,52 ,20 ,27 ,9 ,13 ,2 ,12 ,9 ,50 ,19 ,2 ,1 ,0 ,0 ,0.5,0.37
5898,1819,1985,106 ,84 ,68 ,45 ,31 ,33 ,7 ,6 ,71 ,55 ,32 ,29 ,3 ,0 ,0.63,0.47
5899,2546,2343,15 ,21 ,10 ,7 ,3 ,7 ,2 ,7 ,14 ,20 ,1 ,0 ,0 ,1 ,0.4,0.6
5900,2562,1949,46 ,21 ,35 ,9 ,7 ,3 ,4 ,9 ,37 ,19 ,3 ,2 ,6 ,0 ,0.69,0.46
5901,1528,2221,10 ,59 ,6 ,13 ,3 ,17 ,1 ,29 ,10 ,53 ,0 ,4 ,0 ,2 ,0.28,0.73
5902,2558,1568,15 ,2 ,14 ,2 ,0 ,0 ,1 ,0 ,1 ,0 ,2 ,0 ,12 ,2 ,0.83,1.0
5903,2220,2544,82 ,63 ,57 ,46 ,16 ,15 ,9 ,2 ,62 ,43 ,17 ,18 ,3 ,2 ,0.47,0.47
5904,1916,2442,19 ,41 ,14 ,26 ,3 ,7 ,2 ,8 ,15 ,17 ,1 ,0 ,3 ,24 ,0.45,0.65
5905,2319,2420,137 ,132 ,93 ,118 ,34 ,13 ,10 ,1 ,126 ,129 ,3 ,1 ,8 ,2 ,0.57,0.53
5906,1883,1529,31 ,28 ,23 ,18 ,3 ,4 ,5 ,6 ,17 ,28 ,1 ,0 ,13 ,0 ,0.46,0.35
5907,2048,2601,6 ,21 ,4 ,17 ,0 ,3 ,2 ,1 ,6 ,17 ,0 ,2 ,0 ,2 ,0.42,0.65
5908,1821,1868,120 ,40 ,70 ,28 ,49 ,8 ,1 ,4 ,59 ,39 ,57 ,1 ,4 ,0 ,0.64,0.49
5909,2467,1826,9 ,27 ,7 ,21 ,1 ,3 ,1 ,3 ,4 ,4 ,0 ,1 ,5 ,22 ,0.64,0.72
5910,1680,1600,20 ,45 ,10 ,29 ,5 ,11 ,5 ,5 ,18 ,43 ,2 ,0 ,0 ,2 ,0.52,0.72
5911,1631,1919,49 ,92 ,43 ,57 ,5 ,22 ,1 ,13 ,38 ,65 ,4 ,26 ,7 ,1 ,0.47,0.64
5912,1530,2359,50 ,31 ,26 ,22 ,11 ,6 ,13 ,3 ,48 ,26 ,1 ,0 ,1 ,5 ,0.62,0.39
5913,2504,1645,51 ,50 ,34 ,29 ,10 ,12 ,7 ,9 ,33 ,46 ,0 ,4 ,18 ,0 ,0.5,0.54
5914,1648,2439,9 ,30 ,8 ,27 ,1 ,3 ,0 ,0 ,8 ,13 ,0 ,1 ,1 ,16 ,0.75,0.81
5915,2387,2075,44 ,55 ,24 ,23 ,20 ,9 ,0 ,23 ,33 ,48 ,9 ,7 ,2 ,0 ,0.55,0.43
5916,2060,2418,44 ,46 ,17 ,8 ,21 ,11 ,6 ,27 ,36 ,34 ,8 ,12 ,0 ,0 ,0.62,0.56
5917,2099,2396,171 ,85 ,124 ,71 ,41 ,8 ,6 ,6 ,165 ,79 ,6 ,6 ,0 ,0 ,0.42,0.47
5918,1531,1813,64 ,95 ,47 ,81 ,8 ,10 ,9 ,4 ,60 ,93 ,3 ,2 ,1 ,0 ,0.31,0.52
5919,1533,1532,44 ,56 ,12 ,43 ,7 ,9 ,25 ,4 ,44 ,56 ,0 ,0 ,0 ,0 ,0.22,0.33
5920,1594,1678,44 ,53 ,24 ,36 ,6 ,13 ,14 ,4 ,30 ,36 ,13 ,12 ,1 ,5 ,0.38,0.52
5921,1607,2004,77 ,86 ,46 ,50 ,28 ,20 ,3 ,16 ,64 ,74 ,13 ,12 ,0 ,0 ,0.54,0.58
5922,1709,2617,58 ,88 ,34 ,44 ,14 ,23 ,10 ,21 ,51 ,72 ,5 ,5 ,2 ,11 ,0.44,0.49
5923,2378,2157,30 ,22 ,25 ,15 ,4 ,7 ,1 ,0 ,21 ,18 ,4 ,4 ,5 ,0 ,0.45,0.38
5924,2665,1712,3 ,12 ,2 ,6 ,1 ,4 ,0 ,2 ,3 ,9 ,0 ,0 ,0 ,3 ,0.13,0.52
5925,2056,1925,11 ,21 ,7 ,6 ,0 ,3 ,4 ,12 ,11 ,20 ,0 ,0 ,0 ,1 ,0.61,0.42
5926,1580,1791,39 ,28 ,30 ,13 ,4 ,11 ,5 ,4 ,22 ,11 ,5 ,8 ,12 ,9 ,0.44,0.75
5927,2443,2098,445 ,133 ,274 ,99 ,117 ,16 ,54 ,18 ,439 ,129 ,6 ,4 ,0 ,0 ,0.59,0.47
5928,1926,2205,17 ,53 ,7 ,31 ,3 ,14 ,7 ,8 ,15 ,42 ,2 ,10 ,0 ,1 ,0.2,0.53
5929,2320,1751,25 ,7 ,14 ,2 ,4 ,3 ,7 ,2 ,18 ,7 ,6 ,0 ,1 ,0 ,0.6,0.23
5930,2094,2482,108 ,117 ,54 ,83 ,42 ,18 ,12 ,16 ,97 ,104 ,8 ,11 ,3 ,2 ,0.52,0.37
5931,1705,1578,29 ,31 ,11 ,12 ,7 ,8 ,11 ,11 ,20 ,22 ,4 ,9 ,5 ,0 ,0.54,0.23
5932,1748,1534,29 ,25 ,17 ,7 ,12 ,15 ,0 ,3 ,5 ,18 ,5 ,7 ,19 ,0 ,0.44,0.51
5933,2426,1676,50 ,28 ,22 ,20 ,9 ,3 ,19 ,5 ,50 ,24 ,0 ,4 ,0 ,0 ,0.39,0.22
5934,2498,1604,17 ,6 ,14 ,4 ,3 ,0 ,0 ,2 ,3 ,5 ,4 ,1 ,10 ,0 ,0.53,0.42
5935,1579,1535,25 ,1 ,23 ,0 ,1 ,1 ,1 ,0 ,4 ,1 ,0 ,0 ,21 ,0 ,0.65,0.25
5936,2493,2403,48 ,39 ,29 ,16 ,8 ,11 ,11 ,12 ,37 ,33 ,6 ,6 ,5 ,0 ,0.41,0.36
5937,2247,1811,85 ,58 ,69 ,36 ,10 ,10 ,6 ,12 ,83 ,58 ,2 ,0 ,0 ,0 ,0.39,0.3
5938,1638,2089,46 ,86 ,40 ,79 ,2 ,5 ,4 ,2 ,45 ,85 ,1 ,1 ,0 ,0 ,0.25,0.43
5939,1662,1536,24 ,24 ,18 ,4 ,6 ,10 ,0 ,10 ,24 ,23 ,0 ,1 ,0 ,0 ,0.42,0.57
5940,1893,1755,17 ,2 ,9 ,1 ,7 ,1 ,1 ,0 ,7 ,0 ,4 ,2 ,6 ,0 ,0.8,1.0
5941,2516,2304,24 ,12 ,19 ,7 ,3 ,5 ,2 ,0 ,10 ,8 ,1 ,4 ,13 ,0 ,0.46,0.24
5942,2369,1802,68 ,59 ,40 ,22 ,15 ,31 ,13 ,6 ,64 ,58 ,2 ,1 ,2 ,0 ,0.4,0.44
5943,1537,2494,46 ,82 ,24 ,70 ,15 ,7 ,7 ,5 ,41 ,78 ,5 ,0 ,0 ,4 ,0.36,0.48
5944,2186,2102,49 ,102 ,29 ,33 ,13 ,29 ,7 ,40 ,49 ,100 ,0 ,2 ,0 ,0 ,0.33,0.47
5945,2077,1653,38 ,21 ,27 ,10 ,11 ,7 ,0 ,4 ,20 ,12 ,10 ,6 ,8 ,3 ,0.5,0.38
5946,2451,1538,54 ,34 ,28 ,24 ,6 ,2 ,20 ,8 ,50 ,33 ,4 ,1 ,0 ,0 ,0.5,0.33
5947,2281,2204,50 ,16 ,32 ,8 ,12 ,6 ,6 ,2 ,39 ,9 ,5 ,7 ,6 ,0 ,0.48,0.28
5948,2053,2109,15 ,7 ,14 ,4 ,1 ,2 ,0 ,1 ,5 ,3 ,3 ,1 ,7 ,3 ,0.41,0.3
5949,1606,1857,48 ,79 ,34 ,52 ,8 ,16 ,6 ,11 ,48 ,72 ,0 ,5 ,0 ,2 ,0.34,0.45
5950,1687,1871,77 ,148 ,39 ,52 ,35 ,53 ,3 ,43 ,44 ,113 ,32 ,35 ,1 ,0 ,0.44,0.61
5951,2345,2041,8 ,17 ,0 ,12 ,0 ,4 ,8 ,1 ,8 ,7 ,0 ,0 ,0 ,10 ,0.42,0.7
5952,2105,1581,48 ,29 ,30 ,23 ,0 ,4 ,18 ,2 ,46 ,27 ,0 ,2 ,2 ,0 ,0.52,0.43
5953,2384,1578,5 ,2 ,5 ,0 ,0 ,1 ,0 ,1 ,1 ,2 ,0 ,0 ,4 ,0 ,0.83,0.66
5954,1649,1539,55 ,8 ,37 ,7 ,4 ,0 ,14 ,1 ,20 ,6 ,2 ,0 ,33 ,2 ,0.72,0.28
5955,2019,2619,41 ,23 ,25 ,12 ,10 ,9 ,6 ,2 ,26 ,21 ,12 ,1 ,3 ,1 ,0.37,0.48
5956,2026,1572,37 ,36 ,17 ,20 ,13 ,11 ,7 ,5 ,21 ,19 ,11 ,9 ,5 ,8 ,0.78,0.62
5957,2121,2617,57 ,38 ,33 ,22 ,9 ,4 ,15 ,12 ,27 ,31 ,11 ,3 ,19 ,4 ,0.67,0.64
5958,1644,1576,34 ,11 ,25 ,6 ,5 ,3 ,4 ,2 ,21 ,10 ,5 ,0 ,8 ,1 ,0.52,0.4
5959,1599,1635,16 ,29 ,3 ,27 ,5 ,2 ,8 ,0 ,11 ,2 ,5 ,0 ,0 ,27 ,0.66,1.0
5960,2159,2644,54 ,62 ,43 ,46 ,10 ,10 ,1 ,6 ,45 ,51 ,5 ,3 ,4 ,8 ,0.44,0.53
5961,2295,2310,74 ,49 ,27 ,36 ,26 ,8 ,21 ,5 ,72 ,49 ,1 ,0 ,1 ,0 ,0.49,0.53
5962,2436,1976,58 ,49 ,52 ,31 ,5 ,12 ,1 ,6 ,47 ,32 ,6 ,14 ,5 ,3 ,0.46,0.55
5963,2187,1743,2 ,2 ,1 ,1 ,0 ,0 ,1 ,1 ,2 ,2 ,0 ,0 ,0 ,0 ,0.4,0.66
5964,1540,2668,10 ,54 ,3 ,47 ,2 ,3 ,5 ,4 ,10 ,40 ,0 ,11 ,0 ,3 ,0.5,0.61
5965,2065,2377,70 ,42 ,36 ,25 ,15 ,8 ,19 ,9 ,51 ,40 ,4 ,1 ,15 ,1 ,0.46,0.48
5966,1630,2177,59 ,69 ,15 ,23 ,28 ,14 ,16 ,32 ,59 ,61 ,0 ,8 ,0 ,0 ,0.49,0.54
5967,2044,1626,4 ,5 ,0 ,1 ,3 ,4 ,1 ,0 ,4 ,5 ,0 ,0 ,0 ,0 ,0.25,0.71
5968,2280,1574,129 ,69 ,109 ,26 ,20 ,17 ,0 ,26 ,118 ,69 ,11 ,0 ,0 ,0 ,0.48,0.33
5969,2608,2397,9 ,32 ,9 ,28 ,0 ,4 ,0 ,0 ,7 ,28 ,2 ,4 ,0 ,0 ,0.34,0.64
5970,1627,2010,32 ,41 ,16 ,37 ,12 ,3 ,4 ,1 ,22 ,18 ,7 ,15 ,3 ,8 ,0.49,0.41
5971,2498,1911,45 ,19 ,25 ,7 ,3 ,4 ,17 ,8 ,29 ,18 ,6 ,1 ,10 ,0 ,0.45,0.26
5972,2550,1583,38 ,27 ,20 ,10 ,10 ,6 ,8 ,11 ,28 ,26 ,8 ,0 ,2 ,1 ,0.45,0.4
5973,2517,2518,40 ,38 ,23 ,24 ,14 ,9 ,3 ,5 ,18 ,25 ,20 ,13 ,2 ,0 ,0.26,0.46
5974,2083,2594,83 ,45 ,56 ,18 ,11 ,13 ,16 ,14 ,54 ,44 ,3 ,1 ,26 ,0 ,0.61,0.41
5975,2392,1732,51 ,13 ,51 ,8 ,0 ,3 ,0 ,2 ,7 ,11 ,0 ,2 ,44 ,0 ,0.7,0.54
5976,2206,1587,9 ,11 ,8 ,6 ,1 ,1 ,0 ,4 ,6 ,8 ,1 ,3 ,2 ,0 ,0.81,0.33
5977,1541,2502,16 ,49 ,9 ,44 ,5 ,3 ,2 ,2 ,11 ,17 ,3 ,1 ,2 ,31 ,0.57,0.72
5978,2561,2514,9 ,15 ,5 ,11 ,1 ,2 ,3 ,2 ,6 ,12 ,3 ,2 ,0 ,1 ,0.64,0.65
5979,1681,2574,17 ,42 ,10 ,23 ,3 ,4 ,4 ,15 ,16 ,34 ,0 ,2 ,1 ,6 ,0.25,0.73
5980,2655,1683,82 ,39 ,41 ,23 ,19 ,5 ,22 ,11 ,67 ,38 ,6 ,1 ,9 ,0 ,0.62,0.34
5981,1904,2222,20 ,37 ,8 ,22 ,7 ,6 ,5 ,9 ,17 ,24 ,3 ,13 ,0 ,0 ,0.36,0.61
5982,1851,2153,31 ,57 ,13 ,39 ,7 ,14 ,11 ,4 ,23 ,29 ,7 ,27 ,1 ,1 ,0.57,0.61
5983,1722,1822,5 ,34 ,3 ,32 ,1 ,2 ,1 ,0 ,5 ,28 ,0 ,2 ,0 ,4 ,0.5,0.6
5984,1696,1738,15 ,45 ,9 ,35 ,4 ,5 ,2 ,5 ,8 ,21 ,0 ,5 ,7 ,19 ,0.6,0.75
5985,2227,2178,7 ,47 ,3 ,7 ,3 ,30 ,1 ,10 ,3 ,8 ,4 ,21 ,0 ,18 ,0.43,0.78
5986,2566,2325,28 ,7 ,18 ,6 ,3 ,1 ,7 ,0 ,25 ,4 ,3 ,1 ,0 ,2 ,0.53,0.3
5987,2361,1796,57 ,66 ,25 ,31 ,7 ,8 ,25 ,27 ,55 ,59 ,2 ,2 ,0 ,5 ,0.41,0.42
5988,1542,1801,15 ,77 ,8 ,53 ,3 ,14 ,4 ,10 ,10 ,22 ,5 ,5 ,0 ,50 ,0.32,0.63
5989,1636,1647,49 ,64 ,8 ,50 ,4 ,5 ,37 ,9 ,46 ,64 ,0 ,0 ,3 ,0 ,0.59,0.38
5990,2615,2586,50 ,53 ,15 ,36 ,18 ,5 ,17 ,12 ,50 ,53 ,0 ,0 ,0 ,0 ,0.24,0.28
5991,1890,1657,48 ,16 ,33 ,10 ,11 ,1 ,4 ,5 ,30 ,14 ,12 ,2 ,6 ,0 ,0.7,0.31
5992,1958,1543,94 ,65 ,35 ,48 ,19 ,4 ,40 ,13 ,93 ,65 ,1 ,0 ,0 ,0 ,0.48,0.33
5993,1896,2604,30 ,52 ,19 ,28 ,11 ,22 ,0 ,2 ,23 ,20 ,5 ,29 ,2 ,3 ,0.41,0.65
5994,2317,2189,47 ,43 ,18 ,37 ,22 ,4 ,7 ,2 ,45 ,29 ,2 ,2 ,0 ,12 ,0.39,0.46
5995,2000,2221,42 ,102 ,14 ,33 ,5 ,23 ,23 ,46 ,38 ,98 ,4 ,3 ,0 ,1 ,0.4,0.57
5996,2371,1771,21 ,23 ,11 ,11 ,6 ,1 ,4 ,11 ,16 ,17 ,5 ,2 ,0 ,4 ,0.5,0.76
5997,2395,1544,45 ,0 ,43 ,0 ,1 ,0 ,1 ,0 ,7 ,0 ,3 ,0 ,35 ,0 ,0.71,0.0
5998,1610,2468,1 ,29 ,0 ,22 ,0 ,3 ,1 ,4 ,1 ,12 ,0 ,0 ,0 ,17 ,0.14,0.63
5999,2666,2169,37 ,21 ,23 ,17 ,1 ,3 ,13 ,1 ,21 ,19 ,0 ,0 ,16 ,2 ,0.54,0.25
6000,2305,2569,82 ,146 ,81 ,101 ,1 ,31 ,0 ,14 ,72 ,132 ,3 ,14 ,7 ,0 ,0.55,0.64
6001,2642,1545,25 ,13 ,14 ,7 ,10 ,4 ,1 ,2 ,4 ,6 ,6 ,4 ,15 ,3 ,0.56,0.52
6002,1633,2091,6 ,13 ,5 ,8 ,1 ,2 ,0 ,3 ,5 ,11 ,0 ,2 ,1 ,0 ,0.35,0.59
6003,1546,1654,46 ,58 ,13 ,39 ,21 ,14 ,12 ,5 ,41 ,50 ,4 ,4 ,1 ,4 ,0.4,0.65
6004,2326,2592,67 ,59 ,39 ,38 ,20 ,16 ,8 ,5 ,67 ,54 ,0 ,2 ,0 ,3 ,0.41,0.41
6005,1704,1588,89 ,74 ,51 ,41 ,24 ,10 ,14 ,23 ,85 ,72 ,4 ,2 ,0 ,0 ,0.44,0.38
6006,1700,2219,49 ,36 ,10 ,8 ,23 ,13 ,16 ,15 ,35 ,29 ,14 ,7 ,0 ,0 ,0.5,0.4
6007,2263,2437,15 ,10 ,12 ,5 ,2 ,3 ,1 ,2 ,5 ,6 ,1 ,1 ,9 ,3 ,0.6,0.5
6008,2296,2620,86 ,97 ,48 ,40 ,21 ,43 ,17 ,14 ,64 ,79 ,12 ,13 ,10 ,5 ,0.62,0.42
6009,1800,1547,18 ,2 ,15 ,0 ,0 ,1 ,3 ,1 ,10 ,2 ,0 ,0 ,8 ,0 ,0.72,0.4
6010,2292,2520,107 ,78 ,67 ,32 ,29 ,17 ,11 ,29 ,85 ,77 ,6 ,0 ,16 ,1 ,0.55,0.48
6011,1962,1701,3 ,4 ,2 ,2 ,0 ,0 ,1 ,2 ,2 ,4 ,0 ,0 ,1 ,0 ,0.6,1.0
6012,1682,1842,31 ,24 ,18 ,10 ,7 ,3 ,6 ,11 ,27 ,17 ,4 ,1 ,0 ,6 ,0.49,0.3
6013,1691,2576,55 ,45 ,35 ,41 ,9 ,4 ,11 ,0 ,45 ,36 ,10 ,4 ,0 ,5 ,0.41,0.56
6014,2218,2616,99 ,52 ,60 ,32 ,38 ,15 ,1 ,5 ,99 ,48 ,0 ,4 ,0 ,0 ,0.45,0.23
6015,1889,1548,8 ,3 ,0 ,2 ,1 ,1 ,7 ,0 ,8 ,3 ,0 ,0 ,0 ,0 ,0.61,0.16
6016,2591,1745,106 ,74 ,68 ,25 ,21 ,22 ,17 ,27 ,73 ,63 ,14 ,11 ,19 ,0 ,0.48,0.36
6017,2252,1839,77 ,34 ,26 ,17 ,35 ,11 ,16 ,6 ,47 ,34 ,29 ,0 ,1 ,0 ,0.57,0.29
6018,2450,1592,43 ,15 ,38 ,7 ,3 ,2 ,2 ,6 ,17 ,11 ,11 ,4 ,15 ,0 ,0.68,0.35
6019,2310,1948,61 ,55 ,37 ,27 ,10 ,21 ,14 ,7 ,58 ,50 ,1 ,2 ,2 ,3 ,0.4,0.53
6020,1967,2614,29 ,48 ,16 ,14 ,5 ,19 ,8 ,15 ,26 ,46 ,0 ,0 ,3 ,2 ,0.4,0.43
6021,2394,1819,1 ,1 ,1 ,0 ,0 ,0 ,0 ,1 ,1 ,1 ,0 ,0 ,0 ,0 ,0.25,1.0
6022,1727,2609,5 ,16 ,5 ,14 ,0 ,2 ,0 ,0 ,5 ,4 ,0 ,0 ,0 ,12 ,0.27,0.55
6023,2259,2280,19 ,8 ,10 ,7 ,5 ,1 ,4 ,0 ,19 ,6 ,0 ,2 ,0 ,0 ,0.48,0.3
6024,2059,1820,37 ,17 ,29 ,8 ,4 ,4 ,4 ,5 ,26 ,15 ,1 ,2 ,10 ,0 ,0.6,0.3
6025,2612,1639,15 ,14 ,11 ,3 ,2 ,3 ,2 ,8 ,5 ,12 ,3 ,0 ,7 ,2 ,0.57,0.56
6026,1959,2486,27 ,32 ,22 ,10 ,4 ,7 ,1 ,15 ,15 ,28 ,4 ,3 ,8 ,1 ,0.47,0.47
6027,1707,2658,30 ,46 ,14 ,16 ,6 ,23 ,10 ,7 ,28 ,33 ,2 ,9 ,0 ,4 ,0.44,0.54
6028,1582,2406,30 ,51 ,14 ,29 ,7 ,15 ,9 ,7 ,25 ,36 ,5 ,13 ,0 ,2 ,0.47,0.36
6029,2636,1708,14 ,2 ,10 ,1 ,0 ,0 ,4 ,1 ,9 ,2 ,0 ,0 ,5 ,0 ,0.77,0.33
6030,2497,1596,41 ,23 ,32 ,14 ,8 ,5 ,1 ,4 ,41 ,23 ,0 ,0 ,0 ,0 ,0.39,0.45
6031,1753,2225,31 ,15 ,26 ,10 ,5 ,0 ,0 ,5 ,26 ,15 ,2 ,0 ,3 ,0 ,0.47,0.36
6032,1975,2598,14 ,17 ,5 ,11 ,5 ,2 ,4 ,4 ,14 ,16 ,0 ,0 ,0 ,1 ,0.58,0.6
6033,1770,2558,43 ,36 ,28 ,28 ,7 ,2 ,8 ,6 ,14 ,29 ,10 ,5 ,19 ,2 ,0.46,0.48
6034,2364,1844,141 ,108 ,126 ,45 ,9 ,48 ,6 ,15 ,83 ,82 ,15 ,26 ,43 ,0 ,0.51,0.49
6035,1829,1775,46 ,69 ,17 ,48 ,19 ,7 ,10 ,14 ,40 ,59 ,6 ,9 ,0 ,1 ,0.43,0.47
6036,2316,2365,58 ,56 ,44 ,30 ,14 ,26 ,0 ,0 ,55 ,53 ,3 ,3 ,0 ,0 ,0.34,0.45
6037,1944,1797,43 ,60 ,30 ,45 ,12 ,9 ,1 ,6 ,35 ,56 ,3 ,4 ,5 ,0 ,0.31,0.5
6038,2277,1637,3 ,0 ,3 ,0 ,0 ,0 ,0 ,0 ,3 ,0 ,0 ,0 ,0 ,0 ,1.0,0.0
6039,2340,1611,6 ,5 ,5 ,3 ,0 ,0 ,1 ,2 ,3 ,5 ,0 ,0 ,3 ,0 ,0.46,0.5
6040,2467,2082,27 ,71 ,16 ,54 ,10 ,14 ,1 ,3 ,26 ,48 ,1 ,4 ,0 ,19 ,0.39,0.47
6041,2327,1549,86 ,25 ,41 ,9 ,24 ,3 ,21 ,13 ,83 ,23 ,2 ,0 ,1 ,2 ,0.57,0.35
6042,1550,2549,18 ,25 ,7 ,15 ,10 ,10 ,1 ,0 ,8 ,16 ,10 ,9 ,0 ,0 ,0.45,0.75
6043,1969,1634,12 ,36 ,3 ,28 ,2 ,2 ,7 ,6 ,12 ,17 ,0 ,8 ,0 ,11 ,0.92,0.64
6044,1597,1589,13 ,13 ,11 ,6 ,0 ,4 ,2 ,3 ,10 ,7 ,3 ,6 ,0 ,0 ,0.44,0.54
6045,1935,1764,28 ,17 ,20 ,5 ,0 ,1 ,8 ,11 ,11 ,17 ,0 ,0 ,17 ,0 ,0.6,0.58
6046,1706,1551,36 ,33 ,19 ,22 ,8 ,9 ,9 ,2 ,30 ,27 ,6 ,4 ,0 ,2 ,0.4,0.47
6047,1552,1957,45 ,36 ,12 ,24 ,14 ,4 ,19 ,8 ,35 ,27 ,6 ,6 ,4 ,3 ,0.56,0.63
6048,1554,1553,2 ,10 ,2 ,3 ,0 ,1 ,0 ,6 ,2 ,8 ,0 ,1 ,0 ,1 ,0.18,0.83
6049,1831,2508,124 ,112 ,72 ,75 ,33 ,22 ,19 ,15 ,109 ,99 ,15 ,13 ,0 ,0 ,0.53,0.35
6050,1746,2556,10 ,39 ,5 ,17 ,2 ,8 ,3 ,14 ,10 ,30 ,0 ,6 ,0 ,3 ,0.2,0.61
6051,2656,1987,11 ,19 ,7 ,12 ,2 ,2 ,2 ,5 ,9 ,18 ,2 ,1 ,0 ,0 ,0.32,0.45
6052,1555,2104,61 ,129 ,27 ,90 ,14 ,11 ,20 ,28 ,60 ,129 ,1 ,0 ,0 ,0 ,0.46,0.54
6053,1703,2220,4 ,12 ,2 ,10 ,1 ,0 ,1 ,2 ,4 ,8 ,0 ,0 ,0 ,4 ,0.57,0.54
6054,1699,2010,29 ,61 ,21 ,46 ,4 ,15 ,4 ,0 ,28 ,41 ,1 ,1 ,0 ,19 ,0.37,0.61
6055,2322,2067,21 ,47 ,15 ,24 ,6 ,12 ,0 ,11 ,16 ,29 ,4 ,18 ,1 ,0 ,0.34,0.41
6056,2287,2558,24 ,37 ,22 ,24 ,2 ,5 ,0 ,8 ,15 ,31 ,2 ,6 ,7 ,0 ,0.37,0.35
6057,1772,1556,39 ,18 ,31 ,11 ,5 ,4 ,3 ,3 ,17 ,11 ,1 ,3 ,21 ,4 ,0.52,0.4
6058,2138,1632,67 ,41 ,32 ,17 ,10 ,6 ,25 ,18 ,49 ,41 ,2 ,0 ,16 ,0 ,0.58,0.39
6059,1557,2629,6 ,8 ,2 ,7 ,4 ,1 ,0 ,0 ,2 ,5 ,4 ,3 ,0 ,0 ,0.46,0.8
6060,1946,2553,31 ,40 ,19 ,31 ,12 ,7 ,0 ,2 ,29 ,37 ,2 ,3 ,0 ,0 ,0.35,0.54
6061,1956,1558,32 ,12 ,23 ,8 ,4 ,2 ,5 ,2 ,8 ,7 ,6 ,4 ,18 ,1 ,0.6,0.54
6062,1559,1810,90 ,80 ,74 ,40 ,12 ,20 ,4 ,20 ,88 ,77 ,2 ,3 ,0 ,0 ,0.46,0.47
6063,2256,1560,66 ,55 ,40 ,30 ,19 ,8 ,7 ,17 ,39 ,50 ,7 ,4 ,20 ,1 ,0.58,0.46
6064,1994,2630,21 ,27 ,11 ,24 ,9 ,2 ,1 ,1 ,14 ,18 ,5 ,3 ,2 ,6 ,0.44,0.49
6065,1904,1790,105 ,88 ,54 ,55 ,26 ,16 ,25 ,17 ,103 ,84 ,2 ,4 ,0 ,0 ,0.47,0.45
6066,2115,2550,150 ,62 ,115 ,42 ,13 ,7 ,22 ,13 ,138 ,59 ,5 ,3 ,7 ,0 ,0.52,0.29
6067,1886,2223,19 ,24 ,13 ,23 ,6 ,0 ,0 ,1 ,10 ,6 ,7 ,5 ,2 ,13 ,0.7,0.75
6068,2201,1671,116 ,189 ,77 ,167 ,33 ,18 ,6 ,4 ,111 ,178 ,5 ,10 ,0 ,1 ,0.44,0.53
6069,1651,2139,96 ,42 ,50 ,40 ,29 ,2 ,17 ,0 ,94 ,40 ,1 ,0 ,1 ,2 ,0.54,0.4
6070,1783,1744,7 ,3 ,7 ,1 ,0 ,2 ,0 ,0 ,3 ,3 ,0 ,0 ,4 ,0 ,0.46,0.37
6071,2652,1665,26 ,19 ,18 ,10 ,7 ,6 ,1 ,3 ,11 ,14 ,4 ,4 ,11 ,1 ,0.57,0.38
6072,1690,2207,6 ,9 ,5 ,4 ,0 ,1 ,1 ,4 ,6 ,9 ,0 ,0 ,0 ,0 ,0.42,0.56
6073,1693,1561,49 ,33 ,28 ,14 ,10 ,5 ,11 ,14 ,45 ,31 ,2 ,0 ,2 ,2 ,0.31,0.63
6074,1646,2557,7 ,16 ,1 ,10 ,1 ,1 ,5 ,5 ,7 ,8 ,0 ,0 ,0 ,8 ,0.58,0.5
6075,2049,2173,26 ,18 ,20 ,7 ,4 ,2 ,2 ,9 ,26 ,17 ,0 ,0 ,0 ,1 ,0.66,0.51
6076,1688,1977,0 ,1 ,0 ,0 ,0 ,0 ,0 ,1 ,0 ,1 ,0 ,0 ,0 ,0 ,0.0,0.5
6077,2262,2129,32 ,10 ,27 ,2 ,3 ,8 ,2 ,0 ,9 ,4 ,5 ,6 ,18 ,0 ,0.82,0.66
6078,2261,2323,7 ,5 ,1 ,5 ,0 ,0 ,6 ,0 ,7 ,2 ,0 ,0 ,0 ,3 ,0.63,0.5
6079,2083,1779,21 ,31 ,15 ,13 ,5 ,3 ,1 ,15 ,12 ,27 ,0 ,0 ,9 ,4 ,0.52,0.59
6080,1562,1669,118 ,78 ,93 ,51 ,16 ,26 ,9 ,1 ,97 ,70 ,12 ,3 ,9 ,5 ,0.55,0.59
6081,1670,1563,73 ,70 ,46 ,5 ,19 ,12 ,8 ,53 ,66 ,69 ,4 ,1 ,3 ,0 ,0.53,0.53
6082,2161,2444,84 ,49 ,23 ,32 ,53 ,15 ,8 ,2 ,34 ,30 ,43 ,17 ,7 ,2 ,0.67,0.67
6083,1677,2163,34 ,25 ,12 ,6 ,14 ,13 ,8 ,6 ,22 ,13 ,6 ,11 ,6 ,1 ,0.59,0.54
6084,2522,1840,61 ,82 ,38 ,54 ,14 ,19 ,9 ,9 ,51 ,77 ,1 ,3 ,9 ,2 ,0.47,0.38
6085,1609,2061,18 ,29 ,12 ,22 ,6 ,4 ,0 ,3 ,12 ,20 ,5 ,7 ,1 ,2 ,0.45,0.54
6086,2297,1961,71 ,48 ,49 ,27 ,16 ,20 ,6 ,1 ,64 ,41 ,4 ,6 ,3 ,1 ,0.36,0.35
6087,2671,1720,84 ,37 ,46 ,17 ,24 ,14 ,14 ,6 ,84 ,37 ,0 ,0 ,0 ,0 ,0.46,0.18
6088,2463,2361,71 ,84 ,62 ,67 ,5 ,8 ,4 ,9 ,44 ,80 ,8 ,3 ,19 ,1 ,0.46,0.56
6089,2309,2562,12 ,4 ,9 ,1 ,2 ,0 ,1 ,3 ,7 ,4 ,0 ,0 ,5 ,0 ,0.66,0.66
6090,2564,2570,63 ,77 ,39 ,61 ,21 ,16 ,3 ,0 ,57 ,70 ,1 ,1 ,5 ,6 ,0.58,0.56
6091,1564,1995,1 ,5 ,1 ,3 ,0 ,1 ,0 ,1 ,1 ,5 ,0 ,0 ,0 ,0 ,0.1,0.38
6092,2216,1821,71 ,58 ,61 ,20 ,4 ,25 ,6 ,13 ,48 ,51 ,3 ,7 ,20 ,0 ,0.48,0.42
6093,2215,1740,45 ,56 ,23 ,34 ,15 ,11 ,7 ,11 ,44 ,54 ,1 ,2 ,0 ,0 ,0.52,0.53
6094,1851,2254,66 ,28 ,42 ,20 ,23 ,6 ,1 ,2 ,33 ,26 ,18 ,2 ,15 ,0 ,0.65,0.34
6095,2159,1565,31 ,45 ,31 ,37 ,0 ,7 ,0 ,1 ,10 ,9 ,3 ,6 ,18 ,30 ,0.51,0.72
6096,1566,1863,5 ,14 ,3 ,11 ,1 ,2 ,1 ,1 ,5 ,3 ,0 ,1 ,0 ,10 ,0.62,0.53
6097,2304,2396,55 ,35 ,34 ,30 ,18 ,5 ,3 ,0 ,45 ,30 ,7 ,4 ,3 ,1 ,0.31,0.47
6098,1689,2359,17 ,35 ,5 ,28 ,10 ,5 ,2 ,2 ,16 ,30 ,1 ,5 ,0 ,0 ,0.48,0.41
6099,2053,1905,125 ,88 ,60 ,43 ,28 ,25 ,37 ,20 ,106 ,74 ,19 ,7 ,0 ,7 ,0.44,0.42
6100,1883,1624,22 ,33 ,15 ,16 ,5 ,8 ,2 ,9 ,19 ,30 ,2 ,3 ,1 ,0 ,0.4,0.62
6101,1567,1814,81 ,99 ,45 ,59 ,31 ,21 ,5 ,19 ,72 ,91 ,9 ,5 ,0 ,3 ,0.56,0.55
6102,1664,2348,33 ,36 ,21 ,31 ,10 ,5 ,2 ,0 ,19 ,24 ,5 ,10 ,9 ,2 ,0.68,0.63
6103,2009,1692,45 ,23 ,32 ,13 ,11 ,8 ,2 ,2 ,19 ,15 ,6 ,8 ,20 ,0 ,0.72,0.56
6104,1765,1868,26 ,4 ,21 ,2 ,5 ,1 ,0 ,1 ,5 ,4 ,12 ,0 ,9 ,0 ,0.81,0.8
6105,2530,1650,80 ,32 ,40 ,19 ,27 ,13 ,13 ,0 ,73 ,28 ,7 ,4 ,0 ,0 ,0.47,0.5
6106,1568,2179,11 ,7 ,5 ,3 ,4 ,2 ,2 ,2 ,7 ,6 ,0 ,1 ,4 ,0 ,0.57,0.58
6107,1694,2286,80 ,98 ,41 ,51 ,24 ,14 ,15 ,33 ,80 ,96 ,0 ,0 ,0 ,2 ,0.44,0.51
6108,1874,2089,127 ,89 ,87 ,60 ,31 ,24 ,9 ,5 ,121 ,85 ,6 ,4 ,0 ,0 ,0.43,0.45
6109,2247,1633,65 ,72 ,38 ,57 ,21 ,4 ,6 ,11 ,57 ,57 ,8 ,3 ,0 ,12 ,0.48,0.58
6110,1916,2644,15 ,23 ,10 ,16 ,5 ,3 ,0 ,4 ,6 ,15 ,1 ,1 ,8 ,7 ,0.44,0.41
6111,2442,2041,24 ,30 ,20 ,22 ,1 ,6 ,3 ,2 ,13 ,13 ,3 ,0 ,8 ,17 ,0.75,0.54
6112,1766,1805,30 ,56 ,20 ,30 ,6 ,16 ,4 ,10 ,28 ,37 ,2 ,0 ,0 ,19 ,0.47,0.44
6113,1799,1761,9 ,11 ,4 ,5 ,4 ,2 ,1 ,4 ,9 ,8 ,0 ,3 ,0 ,0 ,0.32,0.34
6114,1924,1899,53 ,17 ,34 ,13 ,1 ,3 ,18 ,1 ,51 ,12 ,2 ,5 ,0 ,0 ,0.5,0.26
6115,2059,1569,6 ,0 ,4 ,0 ,1 ,0 ,1 ,0 ,3 ,0 ,1 ,0 ,2 ,0 ,0.5,0.0
6116,2081,1695,37 ,21 ,22 ,8 ,9 ,9 ,6 ,4 ,23 ,19 ,2 ,2 ,12 ,0 ,0.5,0.37
6117,1623,2212,60 ,33 ,47 ,20 ,10 ,4 ,3 ,9 ,54 ,31 ,6 ,2 ,0 ,0 ,0.59,0.38
6118,2276,2180,55 ,40 ,44 ,34 ,3 ,6 ,8 ,0 ,20 ,30 ,0 ,3 ,35 ,7 ,0.55,0.43
6119,2195,1912,53 ,76 ,30 ,35 ,16 ,25 ,7 ,16 ,45 ,71 ,8 ,4 ,0 ,1 ,0.51,0.44
6120,1622,2618,47 ,68 ,27 ,40 ,14 ,14 ,6 ,14 ,38 ,59 ,9 ,9 ,0 ,0 ,0.41,0.5
6121,2004,1732,74 ,121 ,35 ,64 ,32 ,34 ,7 ,23 ,70 ,104 ,4 ,17 ,0 ,0 ,0.5,0.48
6122,2038,1937,5 ,27 ,4 ,27 ,1 ,0 ,0 ,0 ,2 ,1 ,0 ,0 ,3 ,26 ,0.45,0.81
6123,2439,2433,176 ,63 ,145 ,45 ,23 ,8 ,8 ,10 ,168 ,51 ,6 ,8 ,2 ,4 ,0.48,0.44
6124,2156,2375,20 ,21 ,6 ,4 ,12 ,5 ,2 ,12 ,7 ,19 ,0 ,2 ,13 ,0 ,0.6,0.61
6125,2039,2619,40 ,42 ,23 ,18 ,6 ,9 ,11 ,15 ,33 ,40 ,7 ,2 ,0 ,0 ,0.34,0.47
6126,2205,2543,84 ,17 ,68 ,6 ,8 ,5 ,8 ,6 ,61 ,16 ,17 ,1 ,6 ,0 ,0.48,0.18
6127,1666,2482,10 ,46 ,5 ,32 ,5 ,13 ,0 ,1 ,7 ,11 ,3 ,9 ,0 ,26 ,0.31,0.54
6128,1776,1806,20 ,28 ,14 ,8 ,4 ,9 ,2 ,11 ,15 ,27 ,0 ,0 ,5 ,1 ,0.4,0.44
6129,1723,2245,39 ,62 ,22 ,29 ,16 ,26 ,1 ,7 ,34 ,48 ,5 ,1 ,0 ,13 ,0.3,0.52
6130,2580,1794,45 ,10 ,32 ,8 ,11 ,2 ,2 ,0 ,28 ,10 ,4 ,0 ,13 ,0 ,0.42,0.26
6131,1896,2074,29 ,11 ,28 ,5 ,0 ,6 ,1 ,0 ,2 ,11 ,0 ,0 ,27 ,0 ,0.52,0.45
6132,2157,2435,37 ,71 ,23 ,49 ,10 ,19 ,4 ,3 ,27 ,63 ,10 ,8 ,0 ,0 ,0.3,0.47
6133,2056,1898,121 ,104 ,98 ,36 ,12 ,24 ,11 ,44 ,121 ,104 ,0 ,0 ,0 ,0 ,0.44,0.41
6134,2486,1612,14 ,9 ,9 ,3 ,0 ,2 ,5 ,4 ,5 ,7 ,9 ,1 ,0 ,1 ,0.35,0.23
6135,1570,2504,23 ,4 ,17 ,2 ,6 ,2 ,0 ,0 ,19 ,4 ,4 ,0 ,0 ,0 ,0.57,0.4
6136,2000,1768,16 ,3 ,6 ,0 ,5 ,1 ,5 ,2 ,15 ,3 ,0 ,0 ,1 ,0 ,0.55,0.21
6137,1607,1834,94 ,130 ,64 ,86 ,25 ,20 ,5 ,24 ,92 ,127 ,2 ,3 ,0 ,0 ,0.48,0.46
6138,2288,1593,39 ,34 ,24 ,19 ,8 ,11 ,7 ,4 ,37 ,26 ,2 ,3 ,0 ,5 ,0.32,0.35
6139,2506,1777,31 ,49 ,21 ,38 ,9 ,8 ,1 ,3 ,28 ,19 ,0 ,5 ,3 ,25 ,0.5,0.72
6140,2204,2510,0 ,4 ,0 ,4 ,0 ,0 ,0 ,0 ,0 ,2 ,0 ,0 ,0 ,2 ,0.0,0.8
6141,1919,1636,124 ,132 ,99 ,95 ,24 ,12 ,1 ,25 ,122 ,125 ,2 ,7 ,0 ,0 ,0.49,0.52
6142,2494,1823,42 ,39 ,37 ,26 ,3 ,7 ,2 ,6 ,21 ,37 ,5 ,2 ,16 ,0 ,0.46,0.42
6143,2096,1871,80 ,123 ,66 ,62 ,14 ,30 ,0 ,31 ,55 ,99 ,10 ,23 ,15 ,1 ,0.54,0.53
6144,2450,1592,44 ,33 ,36 ,8 ,7 ,7 ,1 ,18 ,9 ,22 ,17 ,11 ,18 ,0 ,0.59,0.56
6145,2437,1742,73 ,89 ,52 ,66 ,18 ,15 ,3 ,8 ,67 ,78 ,2 ,5 ,4 ,6 ,0.43,0.64
6146,2152,2087,23 ,1 ,18 ,0 ,4 ,0 ,1 ,1 ,6 ,1 ,0 ,0 ,17 ,0 ,0.92,0.12
6147,1571,2280,21 ,45 ,21 ,38 ,0 ,3 ,0 ,4 ,20 ,43 ,1 ,2 ,0 ,0 ,0.39,0.35
6148,2259,1715,77 ,76 ,48 ,52 ,6 ,16 ,23 ,8 ,68 ,66 ,4 ,10 ,5 ,0 ,0.58,0.46
6149,2319,2420,24 ,47 ,9 ,29 ,11 ,9 ,4 ,9 ,14 ,36 ,1 ,5 ,9 ,6 ,0.66,0.55
6150,2520,2287,96 ,58 ,44 ,42 ,11 ,7 ,41 ,9 ,85 ,58 ,10 ,0 ,1 ,0 ,0.53,0.32
6151,2502,1572,71 ,41 ,41 ,17 ,23 ,15 ,7 ,9 ,43 ,26 ,9 ,14 ,19 ,1 ,0.55,0.63
6152,2155,1921,1 ,10 ,1 ,9 ,0 ,0 ,0 ,1 ,1 ,2 ,0 ,2 ,0 ,6 ,0.5,0.58
6153,1872,1573,79 ,64 ,43 ,48 ,29 ,15 ,7 ,1 ,49 ,39 ,30 ,25 ,0 ,0 ,0.49,0.56
6154,2075,1962,91 ,64 ,44 ,42 ,18 ,9 ,29 ,13 ,87 ,62 ,4 ,2 ,0 ,0 ,0.35,0.45
6155,1838,2544,23 ,36 ,15 ,32 ,5 ,4 ,3 ,0 ,12 ,35 ,3 ,1 ,8 ,0 ,0.52,0.45
6156,1818,1739,102 ,71 ,68 ,65 ,29 ,2 ,5 ,4 ,88 ,61 ,14 ,10 ,0 ,0 ,0.68,0.36
6157,1791,1574,27 ,23 ,12 ,8 ,11 ,4 ,4 ,11 ,22 ,22 ,5 ,1 ,0 ,0 ,0.55,0.42
6158,1848,2059,1 ,19 ,0 ,18 ,1 ,1 ,0 ,0 ,1 ,0 ,0 ,0 ,0 ,19 ,1.0,0.73
6159,2514,2019,10 ,13 ,5 ,10 ,2 ,2 ,3 ,1 ,10 ,7 ,0 ,0 ,0 ,6 ,0.5,0.44
6160,2418,2614,105 ,83 ,62 ,39 ,28 ,32 ,15 ,12 ,61 ,75 ,19 ,2 ,25 ,6 ,0.64,0.49
6161,1722,2392,59 ,71 ,33 ,67 ,13 ,3 ,13 ,1 ,52 ,55 ,4 ,4 ,3 ,12 ,0.48,0.52
6162,1827,2394,92 ,80 ,78 ,46 ,5 ,23 ,9 ,11 ,79 ,69 ,4 ,9 ,9 ,2 ,0.55,0.47
6163,1575,1999,103 ,121 ,68 ,101 ,28 ,10 ,7 ,10 ,84 ,107 ,12 ,14 ,7 ,0 ,0.47,0.51
6164,1696,1576,51 ,44 ,33 ,32 ,8 ,9 ,10 ,3 ,47 ,42 ,0 ,2 ,4 ,0 ,0.28,0.47
6165,2005,2123,48 ,40 ,31 ,27 ,11 ,5 ,6 ,8 ,42 ,37 ,2 ,3 ,4 ,0 ,0.52,0.42
6166,2102,1662,59 ,34 ,23 ,29 ,15 ,4 ,21 ,1 ,55 ,27 ,4 ,4 ,0 ,3 ,0.64,0.43
6167,1893,2233,15 ,21 ,1 ,17 ,7 ,4 ,7 ,0 ,10 ,12 ,2 ,0 ,3 ,9 ,0.88,0.4
6168,1981,1577,21 ,6 ,15 ,1 ,6 ,0 ,0 ,5 ,10 ,6 ,4 ,0 ,7 ,0 ,0.6,0.42
6169,2305,1635,31 ,10 ,28 ,6 ,3 ,4 ,0 ,0 ,31 ,10 ,0 ,0 ,0 ,0 ,0.38,0.55
6170,2546,2589,26 ,7 ,24 ,4 ,1 ,0 ,1 ,3 ,3 ,7 ,0 ,0 ,23 ,0 ,0.63,0.28
6171,1936,2273,53 ,54 ,20 ,37 ,29 ,13 ,4 ,4 ,32 ,35 ,17 ,19 ,4 ,0 ,0.56,0.46
6172,2466,1949,34 ,15 ,29 ,7 ,4 ,3 ,1 ,5 ,28 ,15 ,2 ,0 ,4 ,0 ,0.5,0.44
6173,2611,1649,69 ,77 ,50 ,38 ,8 ,18 ,11 ,21 ,53 ,73 ,1 ,4 ,15 ,0 ,0.52,0.4
6174,2580,1938,33 ,9 ,10 ,2 ,10 ,6 ,13 ,1 ,31 ,9 ,1 ,0 ,1 ,0 ,0.45,0.42
6175,2221,2668,135 ,115 ,60 ,41 ,35 ,18 ,40 ,56 ,134 ,115 ,1 ,0 ,0 ,0 ,0.52,0.47
6176,1802,1578,10 ,11 ,4 ,2 ,4 ,7 ,2 ,2 ,10 ,11 ,0 ,0 ,0 ,0 ,0.41,0.27
6177,1579,2451,48 ,84 ,37 ,48 ,5 ,12 ,6 ,24 ,46 ,78 ,2 ,5 ,0 ,1 ,0.28,0.56
6178,1841,1687,98 ,100 ,71 ,56 ,16 ,24 ,11 ,20 ,88 ,98 ,10 ,0 ,0 ,2 ,0.36,0.36
6179,1959,2133,10 ,25 ,6 ,7 ,3 ,7 ,1 ,11 ,8 ,22 ,2 ,0 ,0 ,3 ,0.31,0.52
6180,1628,2092,10 ,18 ,2 ,11 ,4 ,2 ,4 ,5 ,9 ,3 ,0 ,0 ,1 ,15 ,0.58,0.56
6181,2515,2387,76 ,92 ,40 ,52 ,14 ,34 ,22 ,6 ,65 ,64 ,9 ,18 ,2 ,10 ,0.42,0.59
6182,1580,2598,63 ,93 ,35 ,59 ,17 ,6 ,11 ,28 ,61 ,81 ,2 ,2 ,0 ,10 ,0.35,0.54
6183,2327,2404,230 ,70 ,177 ,39 ,45 ,7 ,8 ,24 ,228 ,69 ,2 ,1 ,0 ,0 ,0.72,0.32
6184,1931,2178,37 ,24 ,28 ,8 ,6 ,9 ,3 ,7 ,13 ,18 ,3 ,6 ,21 ,0 ,0.56,0.48
6185,2636,1645,11 ,6 ,5 ,5 ,0 ,0 ,6 ,1 ,9 ,6 ,0 ,0 ,2 ,0 ,0.47,0.4
6186,2594,2099,29 ,19 ,17 ,14 ,2 ,2 ,10 ,3 ,16 ,19 ,0 ,0 ,13 ,0 ,0.67,0.35
6187,2105,1581,36 ,27 ,35 ,13 ,0 ,6 ,1 ,8 ,8 ,17 ,0 ,1 ,28 ,9 ,0.54,0.71
6188,1686,1955,60 ,49 ,45 ,41 ,10 ,6 ,5 ,2 ,36 ,45 ,19 ,4 ,5 ,0 ,0.65,0.59
6189,1705,1852,28 ,46 ,16 ,40 ,7 ,2 ,5 ,4 ,18 ,22 ,4 ,5 ,6 ,19 ,0.62,0.54
6190,1711,1751,33 ,50 ,9 ,45 ,12 ,2 ,12 ,3 ,30 ,33 ,3 ,6 ,0 ,11 ,0.26,0.48
6191,2468,2225,7 ,3 ,6 ,2 ,1 ,1 ,0 ,0 ,6 ,3 ,0 ,0 ,1 ,0 ,0.53,0.42
6192,2104,1990,45 ,23 ,36 ,14 ,2 ,4 ,7 ,5 ,38 ,23 ,1 ,0 ,6 ,0 ,0.54,0.53
6193,1885,1985,57 ,100 ,38 ,73 ,13 ,20 ,6 ,7 ,44 ,61 ,6 ,11 ,7 ,28 ,0.51,0.64
6194,2608,2160,49 ,67 ,42 ,53 ,2 ,11 ,5 ,3 ,49 ,64 ,0 ,2 ,0 ,1 ,0.55,0.34
6195,2663,2556,0 ,1 ,0 ,1 ,0 ,0 ,0 ,0 ,0 ,1 ,0 ,0 ,0 ,0 ,0.0,1.0
6196,1582,2054,25 ,65 ,16 ,44 ,7 ,16 ,2 ,5 ,15 ,32 ,7 ,8 ,3 ,25 ,0.39,0.54
6197,2263,2586,61 ,13 ,28 ,6 ,31 ,5 ,2 ,2 ,22 ,9 ,27 ,3 ,12 ,1 ,0.66,0.29
6198,2035,1833,117 ,92 ,68 ,56 ,22 ,25 ,27 ,11 ,101 ,58 ,14 ,18 ,2 ,16 ,0.55,0.5
6199,1631,2063,22 ,1 ,22 ,1 ,0 ,0 ,0 ,0 ,3 ,1 ,0 ,0 ,19 ,0 ,0.55,0.25
6200,1881,1630,42 ,31 ,27 ,10 ,6 ,10 ,9 ,11 ,42 ,31 ,0 ,0 ,0 ,0 ,0.37,0.31
6201,1965,1617,11 ,13 ,9 ,7 ,1 ,1 ,1 ,5 ,9 ,13 ,2 ,0 ,0 ,0 ,0.55,0.37
6202,2153,1583,39 ,24 ,32 ,4 ,7 ,2 ,0 ,18 ,29 ,22 ,6 ,2 ,4 ,0 ,0.4,0.46
6203,2378,2207,66 ,94 ,46 ,47 ,17 ,37 ,3 ,10 ,63 ,85 ,3 ,9 ,0 ,0 ,0.44,0.44
6204,2497,1719,64 ,69 ,41 ,61 ,6 ,5 ,17 ,3 ,58 ,69 ,0 ,0 ,6 ,0 ,0.34,0.45
6205,2082,2517,47 ,36 ,21 ,30 ,13 ,5 ,13 ,1 ,43 ,26 ,4 ,10 ,0 ,0 ,0.32,0.32
6206,2037,1738,20 ,19 ,18 ,14 ,2 ,4 ,0 ,1 ,2 ,5 ,2 ,4 ,16 ,10 ,0.66,0.54
6207,2592,1685,74 ,51 ,62 ,37 ,7 ,14 ,5 ,0 ,43 ,41 ,8 ,7 ,23 ,3 ,0.56,0.43
6208,2187,1729,128 ,110 ,110 ,59 ,10 ,10 ,8 ,41 ,126 ,98 ,2 ,8 ,0 ,4 ,0.45,0.41
6209,2377,1795,46 ,22 ,32 ,17 ,13 ,3 ,1 ,2 ,33 ,16 ,13 ,3 ,0 ,3 ,0.49,0.42
6210,1584,1676,37 ,78 ,32 ,50 ,2 ,12 ,3 ,16 ,33 ,74 ,0 ,2 ,4 ,2 ,0.28,0.54
6211,1842,1839,88 ,91 ,46 ,59 ,15 ,15 ,27 ,17 ,77 ,90 ,10 ,1 ,1 ,0 ,0.47,0.38
6212,1683,2522,41 ,48 ,25 ,9 ,7 ,15 ,9 ,24 ,28 ,42 ,10 ,6 ,3 ,0 ,0.37,0.62
6213,1625,2616,100 ,72 ,60 ,58 ,31 ,7 ,9 ,7 ,76 ,58 ,24 ,11 ,0 ,3 ,0.52,0.49
6214,1876,1701,50 ,35 ,50 ,27 ,0 ,8 ,0 ,0 ,40 ,25 ,4 ,6 ,6 ,4 ,0.44,0.42
6215,1620,2007,25 ,44 ,14 ,28 ,9 ,12 ,2 ,4 ,19 ,32 ,6 ,10 ,0 ,2 ,0.49,0.58
6216,1672,1944,7 ,14 ,4 ,11 ,2 ,0 ,1 ,3 ,7 ,13 ,0 ,0 ,0 ,1 ,0.53,0.6
6217,1753,1682,11 ,5 ,11 ,5 ,0 ,0 ,0 ,0 ,4 ,5 ,0 ,0 ,7 ,0 ,0.68,0.62
6218,1688,2671,107 ,186 ,56 ,173 ,33 ,10 ,18 ,3 ,106 ,169 ,1 ,9 ,0 ,8 ,0.41,0.43
6219,1837,1585,14 ,7 ,6 ,4 ,2 ,1 ,6 ,2 ,13 ,7 ,0 ,0 ,1 ,0 ,0.19,0.18
6220,1926,2523,43 ,70 ,14 ,42 ,13 ,12 ,16 ,16 ,38 ,63 ,3 ,6 ,2 ,1 ,0.47,0.57
6221,2237,1586,80 ,32 ,54 ,24 ,11 ,3 ,15 ,5 ,78 ,31 ,2 ,1 ,0 ,0 ,0.67,0.19
6222,2310,2384,19 ,18 ,14 ,9 ,2 ,6 ,3 ,3 ,16 ,18 ,0 ,0 ,3 ,0 ,0.65,0.47
6223,2191,1946,8 ,12 ,3 ,9 ,0 ,3 ,5 ,0 ,4 ,4 ,0 ,0 ,4 ,8 ,0.66,0.63
6224,2277,1781,93 ,41 ,75 ,31 ,4 ,9 ,14 ,1 ,70 ,38 ,13 ,3 ,10 ,0 ,0.66,0.32
6225,2627,1587,76 ,55 ,46 ,45 ,26 ,2 ,4 ,8 ,69 ,49 ,7 ,5 ,0 ,1 ,0.38,0.36
6226,2664,2343,143 ,104 ,93 ,47 ,34 ,26 ,16 ,31 ,138 ,96 ,5 ,8 ,0 ,0 ,0.54,0.46
6227,2326,1588,116 ,78 ,66 ,45 ,34 ,20 ,16 ,13 ,110 ,77 ,6 ,1 ,0 ,0 ,0.45,0.41
6228,2239,2252,144 ,96 ,80 ,64 ,41 ,29 ,23 ,3 ,127 ,73 ,16 ,22 ,1 ,1 ,0.48,0.51
6229,2516,2549,4 ,7 ,4 ,2 ,0 ,1 ,0 ,4 ,4 ,7 ,0 ,0 ,0 ,0 ,0.33,0.58
6230,2060,1958,114 ,75 ,74 ,35 ,32 ,3 ,8 ,37 ,114 ,71 ,0 ,4 ,0 ,0 ,0.51,0.41
6231,2325,2221,16 ,98 ,8 ,50 ,6 ,16 ,2 ,32 ,15 ,67 ,1 ,16 ,0 ,15 ,0.43,0.8
6232,1589,2379,1 ,1 ,1 ,1 ,0 ,0 ,0 ,0 ,1 ,1 ,0 ,0 ,0 ,0 ,1.0,0.5
6233,1934,2508,55 ,105 ,47 ,41 ,2 ,31 ,6 ,33 ,54 ,97 ,1 ,6 ,0 ,2 ,0.32,0.46
6234,1764,1637,14 ,15 ,5 ,3 ,1 ,10 ,8 ,2 ,11 ,15 ,0 ,0 ,3 ,0 ,0.58,0.65
6235,1590,2014,35 ,52 ,13 ,26 ,12 ,15 ,10 ,11 ,35 ,45 ,0 ,7 ,0 ,0 ,0.42,0.4
6236,1911,1591,28 ,3 ,24 ,2 ,2 ,1 ,2 ,0 ,1 ,2 ,0 ,0 ,27 ,1 ,0.7,0.27
6237,1813,1706,73 ,77 ,45 ,34 ,23 ,26 ,5 ,17 ,73 ,75 ,0 ,2 ,0 ,0 ,0.4,0.48
6238,2295,2311,22 ,17 ,19 ,12 ,3 ,3 ,0 ,2 ,21 ,17 ,1 ,0 ,0 ,0 ,0.55,0.27
6239,2029,2138,71 ,56 ,28 ,29 ,16 ,17 ,27 ,10 ,59 ,51 ,10 ,4 ,2 ,1 ,0.44,0.36
6240,1771,1752,12 ,36 ,6 ,21 ,5 ,10 ,1 ,5 ,5 ,21 ,5 ,15 ,2 ,0 ,0.38,0.55
6241,1825,1790,149 ,117 ,116 ,69 ,17 ,15 ,16 ,33 ,141 ,115 ,7 ,2 ,1 ,0 ,0.53,0.46
6242,1976,1846,72 ,98 ,30 ,70 ,5 ,17 ,37 ,11 ,64 ,80 ,8 ,18 ,0 ,0 ,0.33,0.51
6243,2132,2550,81 ,89 ,51 ,48 ,20 ,22 ,10 ,19 ,79 ,88 ,2 ,1 ,0 ,0 ,0.39,0.36
6244,1769,1774,79 ,66 ,35 ,21 ,31 ,13 ,13 ,32 ,72 ,64 ,3 ,0 ,4 ,2 ,0.5,0.6
6245,2242,2652,10 ,1 ,3 ,1 ,6 ,0 ,1 ,0 ,8 ,1 ,0 ,0 ,2 ,0 ,0.71,0.11
6246,2576,2078,93 ,70 ,75 ,41 ,17 ,22 ,1 ,7 ,64 ,53 ,6 ,15 ,23 ,2 ,0.69,0.43
6247,2361,1592,37 ,18 ,33 ,11 ,3 ,4 ,1 ,3 ,30 ,13 ,6 ,5 ,1 ,0 ,0.6,0.54
6248,1699,1848,68 ,69 ,55 ,36 ,9 ,19 ,4 ,14 ,58 ,63 ,10 ,6 ,0 ,0 ,0.55,0.57
6249,1712,1994,1 ,1 ,0 ,1 ,1 ,0 ,0 ,0 ,1 ,1 ,0 ,0 ,0 ,0 ,0.5,1.0
6250,1857,2629,40 ,32 ,27 ,23 ,8 ,3 ,5 ,6 ,36 ,32 ,4 ,0 ,0 ,0 ,0.4,0.57
6251,2166,1642,46 ,31 ,36 ,14 ,10 ,4 ,0 ,13 ,17 ,28 ,0 ,0 ,29 ,3 ,0.57,0.59
6252,1804,2104,56 ,120 ,39 ,87 ,12 ,7 ,5 ,26 ,55 ,113 ,0 ,0 ,1 ,7 ,0.35,0.57
6253,2429,1902,100 ,66 ,83 ,59 ,14 ,6 ,3 ,1 ,67 ,52 ,22 ,8 ,11 ,6 ,0.58,0.49
6254,1978,2124,46 ,45 ,17 ,33 ,23 ,9 ,6 ,3 ,30 ,15 ,15 ,18 ,1 ,12 ,0.52,0.59
6255,2286,2309,33 ,60 ,15 ,31 ,10 ,16 ,8 ,13 ,33 ,56 ,0 ,0 ,0 ,4 ,0.34,0.51
6256,1748,2364,85 ,118 ,60 ,80 ,21 ,24 ,4 ,14 ,64 ,93 ,21 ,25 ,0 ,0 ,0.39,0.4
6257,2514,2591,103 ,85 ,66 ,50 ,29 ,21 ,8 ,14 ,80 ,64 ,22 ,20 ,1 ,1 ,0.48,0.52
6258,1957,1735,92 ,19 ,59 ,13 ,11 ,6 ,22 ,0 ,80 ,16 ,8 ,2 ,4 ,1 ,0.59,0.2
6259,2026,1789,127 ,122 ,110 ,87 ,16 ,24 ,1 ,11 ,126 ,114 ,1 ,6 ,0 ,2 ,0.46,0.33
6260,2328,1593,47 ,25 ,29 ,14 ,7 ,4 ,11 ,7 ,46 ,21 ,1 ,3 ,0 ,1 ,0.58,0.49
6261,2316,2186,23 ,38 ,18 ,18 ,3 ,7 ,2 ,13 ,22 ,38 ,1 ,0 ,0 ,0 ,0.46,0.41
6262,2359,1594,90 ,86 ,81 ,39 ,8 ,41 ,1 ,6 ,84 ,77 ,6 ,9 ,0 ,0 ,0.42,0.41
6263,2222,2392,16 ,0 ,12 ,0 ,4 ,0 ,0 ,0 ,7 ,0 ,3 ,0 ,6 ,0 ,0.61,0.0
6264,1770,1750,41 ,26 ,37 ,14 ,2 ,8 ,2 ,4 ,9 ,19 ,3 ,7 ,29 ,0 ,0.48,0.52
6265,1595,1833,5 ,10 ,3 ,1 ,1 ,2 ,1 ,7 ,5 ,9 ,0 ,1 ,0 ,0 ,0.38,0.45
6266,1596,2046,44 ,36 ,32 ,23 ,5 ,10 ,7 ,3 ,35 ,35 ,2 ,1 ,7 ,0 ,0.38,0.3
6267,1597,1995,6 ,24 ,5 ,16 ,1 ,6 ,0 ,2 ,6 ,14 ,0 ,0 ,0 ,10 ,0.28,0.52
6268,2257,1598,120 ,41 ,94 ,22 ,15 ,8 ,11 ,11 ,53 ,40 ,10 ,1 ,57 ,0 ,0.57,0.36
6269,2612,1820,25 ,8 ,18 ,3 ,7 ,4 ,0 ,1 ,11 ,6 ,6 ,1 ,8 ,1 ,0.58,0.33
6270,2139,1658,86 ,41 ,71 ,17 ,8 ,7 ,7 ,17 ,43 ,36 ,1 ,3 ,42 ,2 ,0.64,0.39
6271,1919,1939,50 ,48 ,26 ,26 ,20 ,17 ,4 ,5 ,13 ,23 ,37 ,23 ,0 ,2 ,0.51,0.6
6272,1599,1821,49 ,116 ,19 ,81 ,17 ,25 ,13 ,10 ,45 ,76 ,4 ,31 ,0 ,9 ,0.34,0.58
6273,2665,1600,41 ,21 ,12 ,4 ,12 ,10 ,17 ,7 ,34 ,21 ,2 ,0 ,5 ,0 ,0.4,0.45
6274,1900,1772,31 ,36 ,26 ,18 ,5 ,8 ,0 ,10 ,21 ,25 ,2 ,8 ,8 ,3 ,0.49,0.52
6275,2281,1883,22 ,1 ,21 ,0 ,1 ,1 ,0 ,0 ,4 ,1 ,0 ,0 ,18 ,0 ,0.7,0.16
6276,2074,1788,87 ,36 ,27 ,18 ,53 ,12 ,7 ,6 ,64 ,31 ,15 ,5 ,8 ,0 ,0.44,0.33
6277,2463,1861,64 ,23 ,59 ,10 ,4 ,3 ,1 ,10 ,7 ,12 ,11 ,8 ,46 ,3 ,0.63,0.44
6278,2049,2609,17 ,8 ,11 ,5 ,3 ,3 ,3 ,0 ,11 ,6 ,0 ,1 ,6 ,1 ,0.6,0.4
6279,1943,1775,12 ,12 ,9 ,9 ,3 ,0 ,0 ,3 ,11 ,8 ,1 ,4 ,0 ,0 ,0.34,0.48
6280,1962,1601,3 ,1 ,2 ,1 ,1 ,0 ,0 ,0 ,2 ,1 ,0 ,0 ,1 ,0 ,0.6,0.33
6281,2430,1725,28 ,14 ,22 ,12 ,3 ,1 ,3 ,1 ,13 ,8 ,4 ,3 ,11 ,3 ,0.52,0.35
6282,2395,2285,6 ,25 ,2 ,16 ,0 ,8 ,4 ,1 ,6 ,16 ,0 ,3 ,0 ,6 ,0.54,0.53
6283,1638,1826,18 ,55 ,13 ,38 ,2 ,8 ,3 ,9 ,16 ,40 ,2 ,8 ,0 ,7 ,0.19,0.57
6284,1754,1822,23 ,38 ,13 ,34 ,6 ,2 ,4 ,2 ,22 ,18 ,1 ,2 ,0 ,18 ,0.36,0.4
6285,2345,2218,73 ,27 ,26 ,17 ,27 ,9 ,20 ,1 ,55 ,23 ,14 ,4 ,4 ,0 ,0.47,0.39
6286,1648,2297,29 ,69 ,23 ,63 ,0 ,6 ,6 ,0 ,21 ,12 ,1 ,0 ,7 ,57 ,0.65,0.63
6287,2129,1778,48 ,27 ,34 ,10 ,2 ,13 ,12 ,4 ,41 ,27 ,7 ,0 ,0 ,0 ,0.55,0.36
6288,2566,2000,32 ,18 ,18 ,17 ,6 ,1 ,8 ,0 ,24 ,16 ,0 ,2 ,8 ,0 ,0.33,0.26
6289,1602,1807,150 ,131 ,114 ,88 ,36 ,33 ,0 ,10 ,144 ,99 ,6 ,31 ,0 ,1 ,0.44,0.59
6290,2262,2096,98 ,11 ,62 ,4 ,19 ,3 ,17 ,4 ,72 ,11 ,6 ,0 ,20 ,0 ,0.57,0.12
6291,2347,2144,214 ,88 ,146 ,59 ,20 ,20 ,48 ,9 ,158 ,82 ,3 ,6 ,53 ,0 ,0.6,0.37
6292,1643,1603,23 ,31 ,11 ,7 ,10 ,8 ,2 ,16 ,18 ,28 ,2 ,2 ,3 ,1 ,0.41,0.52
6293,1849,1737,29 ,22 ,20 ,8 ,3 ,11 ,6 ,3 ,14 ,22 ,3 ,0 ,12 ,0 ,0.69,0.44
6294,2403,1604,10 ,5 ,6 ,0 ,2 ,2 ,2 ,3 ,6 ,4 ,1 ,1 ,3 ,0 ,0.66,0.83
6295,1644,2340,29 ,55 ,24 ,22 ,2 ,22 ,3 ,11 ,26 ,34 ,3 ,15 ,0 ,6 ,0.45,0.5
6296,1605,2121,62 ,125 ,18 ,70 ,38 ,35 ,6 ,20 ,57 ,102 ,5 ,22 ,0 ,1 ,0.42,0.62
6297,1692,2502,40 ,52 ,32 ,46 ,8 ,4 ,0 ,2 ,24 ,13 ,8 ,2 ,8 ,37 ,0.63,0.47
6298,1987,2655,38 ,51 ,31 ,32 ,5 ,12 ,2 ,7 ,25 ,33 ,4 ,15 ,9 ,3 ,0.55,0.59
6299,2615,1843,20 ,6 ,15 ,4 ,4 ,0 ,1 ,2 ,14 ,5 ,6 ,1 ,0 ,0 ,0.57,0.4
6300,1727,1720,41 ,41 ,13 ,23 ,10 ,6 ,18 ,12 ,28 ,37 ,6 ,4 ,7 ,0 ,0.45,0.43
6301,1646,2515,65 ,64 ,31 ,37 ,17 ,7 ,17 ,20 ,56 ,45 ,2 ,2 ,7 ,17 ,0.58,0.55
6302,2558,2254,3 ,9 ,2 ,5 ,0 ,3 ,1 ,1 ,2 ,2 ,1 ,4 ,0 ,3 ,0.42,0.69
6303,1700,2563,44 ,48 ,9 ,7 ,16 ,9 ,19 ,32 ,42 ,46 ,2 ,2 ,0 ,0 ,0.41,0.36
6304,2235,1702,34 ,7 ,30 ,7 ,2 ,0 ,2 ,0 ,6 ,4 ,1 ,2 ,27 ,1 ,0.69,0.3
6305,2553,1741,11 ,3 ,8 ,3 ,2 ,0 ,1 ,0 ,8 ,3 ,3 ,0 ,0 ,0 ,0.84,0.23
6306,1696,1966,34 ,41 ,17 ,33 ,4 ,6 ,13 ,2 ,26 ,20 ,5 ,3 ,3 ,18 ,0.39,0.47
6307,1956,1732,56 ,13 ,48 ,4 ,6 ,2 ,2 ,7 ,11 ,10 ,0 ,3 ,45 ,0 ,0.71,0.56
6308,2177,1669,96 ,41 ,57 ,23 ,14 ,15 ,25 ,3 ,93 ,41 ,2 ,0 ,1 ,0 ,0.66,0.27
6309,1647,1908,62 ,93 ,35 ,48 ,13 ,32 ,14 ,13 ,61 ,91 ,1 ,2 ,0 ,0 ,0.38,0.56
6310,2642,1948,70 ,64 ,39 ,28 ,11 ,31 ,20 ,5 ,62 ,64 ,7 ,0 ,1 ,0 ,0.32,0.58
6311,2557,1944,115 ,81 ,81 ,19 ,25 ,27 ,9 ,35 ,109 ,78 ,5 ,3 ,1 ,0 ,0.48,0.51
6312,2220,2053,49 ,144 ,41 ,72 ,4 ,39 ,4 ,33 ,36 ,124 ,1 ,20 ,12 ,0 ,0.28,0.51
6313,2034,2223,62 ,36 ,37 ,33 ,16 ,2 ,9 ,1 ,54 ,33 ,8 ,3 ,0 ,0 ,0.52,0.33
6314,1783,1726,22 ,7 ,20 ,4 ,1 ,1 ,1 ,2 ,20 ,7 ,0 ,0 ,2 ,0 ,0.43,0.25
6315,2553,2163,23 ,53 ,16 ,24 ,4 ,18 ,3 ,11 ,17 ,37 ,2 ,16 ,4 ,0 ,0.42,0.49
6316,1817,1678,34 ,40 ,17 ,32 ,16 ,8 ,1 ,0 ,14 ,28 ,20 ,11 ,0 ,1 ,0.36,0.5
6317,1606,2059,33 ,70 ,26 ,47 ,6 ,21 ,1 ,2 ,26 ,55 ,2 ,10 ,5 ,5 ,0.62,0.56
6318,2561,2215,71 ,42 ,41 ,20 ,18 ,18 ,12 ,4 ,45 ,39 ,26 ,3 ,0 ,0 ,0.54,0.49
6319,2205,2604,91 ,48 ,47 ,13 ,37 ,21 ,7 ,14 ,79 ,39 ,4 ,7 ,8 ,2 ,0.34,0.43
6320,2656,1767,32 ,14 ,25 ,10 ,4 ,3 ,3 ,1 ,18 ,11 ,8 ,2 ,6 ,1 ,0.66,0.37
6321,1904,1607,83 ,73 ,49 ,53 ,11 ,15 ,23 ,5 ,81 ,54 ,2 ,12 ,0 ,7 ,0.48,0.42
6322,1656,2618,33 ,65 ,28 ,48 ,2 ,15 ,3 ,2 ,17 ,51 ,8 ,14 ,8 ,0 ,0.3,0.43
6323,1967,1608,92 ,63 ,65 ,25 ,14 ,17 ,13 ,21 ,92 ,60 ,0 ,3 ,0 ,0 ,0.48,0.39
6324,1610,1609,11 ,65 ,7 ,55 ,3 ,7 ,1 ,3 ,6 ,29 ,3 ,20 ,2 ,16 ,0.4,0.67
6325,1671,1865,47 ,20 ,39 ,7 ,6 ,7 ,2 ,6 ,9 ,14 ,0 ,0 ,38 ,6 ,0.75,0.8
6326,1611,2589,11 ,24 ,5 ,21 ,1 ,1 ,5 ,2 ,11 ,19 ,0 ,2 ,0 ,3 ,0.52,0.52
6327,1868,1612,47 ,25 ,23 ,14 ,23 ,8 ,1 ,3 ,26 ,19 ,21 ,6 ,0 ,0 ,0.48,0.4
6328,2543,1798,62 ,66 ,42 ,34 ,12 ,18 ,8 ,14 ,29 ,61 ,5 ,4 ,28 ,1 ,0.45,0.37
6329,2482,2234,87 ,90 ,65 ,80 ,20 ,8 ,2 ,2 ,69 ,70 ,10 ,19 ,8 ,1 ,0.55,0.58
6330,2216,2435,56 ,68 ,50 ,53 ,0 ,15 ,6 ,0 ,54 ,57 ,2 ,3 ,0 ,8 ,0.51,0.75
6331,1739,1662,11 ,7 ,8 ,5 ,0 ,2 ,3 ,0 ,7 ,7 ,1 ,0 ,3 ,0 ,0.52,0.33
6332,1723,1693,36 ,31 ,20 ,20 ,11 ,7 ,5 ,4 ,26 ,28 ,4 ,1 ,6 ,2 ,0.51,0.23
6333,1890,2019,46 ,33 ,22 ,18 ,13 ,11 ,11 ,4 ,37 ,26 ,9 ,3 ,0 ,4 ,0.71,0.33
6334,1787,2617,18 ,30 ,9 ,19 ,5 ,7 ,4 ,4 ,10 ,23 ,4 ,3 ,4 ,4 ,0.66,0.62
6335,2658,1921,24 ,28 ,12 ,19 ,11 ,7 ,1 ,2 ,3 ,8 ,2 ,1 ,19 ,19 ,0.77,0.68
6336,2567,2287,163 ,190 ,82 ,154 ,67 ,33 ,14 ,3 ,154 ,168 ,5 ,21 ,4 ,1 ,0.62,0.54
6337,2275,2230,18 ,25 ,16 ,13 ,1 ,2 ,1 ,10 ,8 ,14 ,0 ,1 ,10 ,10 ,0.45,0.67
6338,1613,2166,25 ,72 ,17 ,60 ,6 ,10 ,2 ,2 ,24 ,42 ,1 ,0 ,0 ,30 ,0.38,0.7
6339,1776,2493,4 ,4 ,3 ,4 ,1 ,0 ,0 ,0 ,1 ,1 ,0 ,0 ,3 ,3 ,0.66,0.8
6340,1614,2365,35 ,32 ,16 ,27 ,13 ,5 ,6 ,0 ,34 ,29 ,1 ,0 ,0 ,3 ,0.52,0.58
6341,2120,2344,149 ,67 ,96 ,40 ,37 ,20 ,16 ,7 ,112 ,64 ,32 ,3 ,5 ,0 ,0.57,0.45
6342,1815,2654,71 ,42 ,54 ,30 ,6 ,7 ,11 ,5 ,41 ,35 ,0 ,2 ,30 ,5 ,0.5,0.45
6343,2195,1759,68 ,77 ,49 ,73 ,10 ,2 ,9 ,2 ,67 ,77 ,1 ,0 ,0 ,0 ,0.3,0.42
6344,2109,2544,88 ,50 ,59 ,46 ,15 ,4 ,14 ,0 ,84 ,46 ,4 ,1 ,0 ,3 ,0.37,0.32
6345,2189,2278,66 ,48 ,43 ,23 ,20 ,3 ,3 ,22 ,59 ,41 ,6 ,7 ,1 ,0 ,0.61,0.47
6346,1925,2672,0 ,25 ,0 ,25 ,0 ,0 ,0 ,0 ,0 ,1 ,0 ,0 ,0 ,24 ,0.0,1.0
6347,2668,2504,75 ,58 ,53 ,39 ,18 ,15 ,4 ,4 ,54 ,47 ,18 ,11 ,3 ,0 ,0.53,0.41
6348,2263,2345,2 ,4 ,2 ,1 ,0 ,0 ,0 ,3 ,2 ,4 ,0 ,0 ,0 ,0 ,0.66,0.3
6349,2296,2187,149 ,169 ,100 ,118 ,27 ,28 ,22 ,23 ,135 ,168 ,7 ,1 ,7 ,0 ,0.55,0.37
6350,2292,1757,28 ,23 ,20 ,17 ,6 ,6 ,2 ,0 ,26 ,11 ,1 ,0 ,1 ,12 ,0.62,0.58
6351,2031,2384,93 ,79 ,35 ,61 ,51 ,15 ,7 ,3 ,68 ,77 ,16 ,2 ,9 ,0 ,0.56,0.4
6352,2007,1652,75 ,46 ,26 ,27 ,25 ,13 ,24 ,6 ,68 ,41 ,7 ,5 ,0 ,0 ,0.6,0.44
6353,2361,1615,153 ,77 ,110 ,43 ,21 ,11 ,22 ,23 ,152 ,76 ,1 ,1 ,0 ,0 ,0.47,0.4
6354,1616,2212,30 ,38 ,6 ,13 ,21 ,4 ,3 ,21 ,28 ,28 ,2 ,1 ,0 ,9 ,0.58,0.54
6355,2279,1617,18 ,22 ,11 ,16 ,5 ,3 ,2 ,3 ,14 ,20 ,4 ,2 ,0 ,0 ,0.64,0.44
6356,2180,2153,22 ,42 ,10 ,34 ,4 ,4 ,8 ,4 ,19 ,16 ,2 ,5 ,1 ,21 ,0.62,0.66
6357,1851,2459,48 ,21 ,24 ,15 ,15 ,5 ,9 ,1 ,46 ,18 ,2 ,2 ,0 ,1 ,0.53,0.58
6358,1618,2664,10 ,28 ,5 ,23 ,3 ,2 ,2 ,3 ,10 ,16 ,0 ,0 ,0 ,12 ,0.33,0.7
6359,2188,1670,11 ,3 ,4 ,3 ,5 ,0 ,2 ,0 ,4 ,0 ,6 ,2 ,1 ,1 ,0.61,0.27
6360,2329,2041,116 ,103 ,83 ,64 ,7 ,28 ,26 ,11 ,102 ,99 ,5 ,4 ,9 ,0 ,0.63,0.42
6361,1694,1985,193 ,164 ,133 ,129 ,32 ,28 ,28 ,7 ,162 ,145 ,30 ,19 ,1 ,0 ,0.67,0.46
6362,1743,2418,94 ,88 ,59 ,60 ,25 ,22 ,10 ,6 ,69 ,75 ,0 ,1 ,25 ,12 ,0.6,0.53
6363,2323,2261,86 ,83 ,57 ,36 ,12 ,14 ,17 ,33 ,60 ,64 ,6 ,5 ,20 ,14 ,0.51,0.47
6364,2083,1986,123 ,107 ,80 ,79 ,41 ,23 ,2 ,5 ,107 ,101 ,6 ,6 ,10 ,0 ,0.41,0.38
6365,2305,1935,6 ,16 ,6 ,15 ,0 ,1 ,0 ,0 ,6 ,12 ,0 ,3 ,0 ,1 ,0.33,0.32
6366,1845,1766,3 ,6 ,0 ,3 ,1 ,1 ,2 ,2 ,3 ,6 ,0 ,0 ,0 ,0 ,0.23,0.54
6367,1691,1619,89 ,34 ,61 ,29 ,12 ,4 ,16 ,1 ,86 ,30 ,2 ,1 ,1 ,3 ,0.4,0.22
6368,2039,1620,50 ,8 ,23 ,4 ,17 ,2 ,10 ,2 ,48 ,8 ,2 ,0 ,0 ,0 ,0.51,0.2
6369,1778,2009,47 ,84 ,18 ,46 ,21 ,30 ,8 ,8 ,47 ,83 ,0 ,1 ,0 ,0 ,0.3,0.4
6370,2586,2660,11 ,44 ,5 ,27 ,3 ,12 ,3 ,5 ,11 ,36 ,0 ,8 ,0 ,0 ,0.45,0.6
6371,2326,1881,30 ,13 ,15 ,7 ,8 ,4 ,7 ,2 ,27 ,13 ,0 ,0 ,3 ,0 ,0.37,0.16
6372,1898,2075,31 ,49 ,13 ,23 ,1 ,6 ,17 ,20 ,31 ,36 ,0 ,2 ,0 ,11 ,0.55,0.37
6373,1622,1621,56 ,17 ,44 ,10 ,12 ,6 ,0 ,1 ,5 ,13 ,39 ,4 ,12 ,0 ,0.71,0.47
6374,1623,1863,2 ,14 ,2 ,11 ,0 ,0 ,0 ,3 ,2 ,14 ,0 ,0 ,0 ,0 ,0.25,0.58
6375,2443,2040,230 ,159 ,129 ,78 ,66 ,24 ,35 ,57 ,187 ,152 ,22 ,5 ,21 ,2 ,0.56,0.45
6376,2061,2444,60 ,53 ,40 ,23 ,14 ,6 ,6 ,24 ,53 ,50 ,2 ,3 ,5 ,0 ,0.37,0.4
6377,1899,1624,17 ,35 ,11 ,16 ,2 ,9 ,4 ,10 ,15 ,30 ,0 ,0 ,2 ,5 ,0.34,0.62
6378,2601,2201,60 ,65 ,39 ,44 ,7 ,14 ,14 ,7 ,52 ,60 ,5 ,2 ,3 ,3 ,0.45,0.45
6379,2161,2553,15 ,23 ,8 ,14 ,4 ,6 ,3 ,3 ,11 ,17 ,2 ,3 ,2 ,3 ,0.38,0.51
6380,2616,1875,35 ,47 ,21 ,21 ,10 ,19 ,4 ,7 ,31 ,45 ,3 ,2 ,1 ,0 ,0.38,0.37
6381,2652,1814,16 ,17 ,9 ,5 ,4 ,9 ,3 ,3 ,12 ,11 ,2 ,6 ,2 ,0 ,0.66,0.48
6382,2614,2497,98 ,100 ,40 ,66 ,40 ,14 ,18 ,20 ,98 ,100 ,0 ,0 ,0 ,0 ,0.35,0.39
6383,1889,1903,27 ,43 ,7 ,36 ,1 ,1 ,19 ,6 ,26 ,40 ,0 ,0 ,1 ,3 ,0.56,0.52
6384,1871,1826,27 ,30 ,8 ,21 ,3 ,3 ,16 ,6 ,26 ,19 ,1 ,0 ,0 ,11 ,0.39,0.5
6385,2516,2666,29 ,18 ,19 ,8 ,10 ,2 ,0 ,8 ,18 ,18 ,5 ,0 ,6 ,0 ,0.5,0.42
6386,2227,2054,113 ,122 ,95 ,52 ,14 ,60 ,4 ,10 ,105 ,110 ,8 ,12 ,0 ,0 ,0.42,0.44
6387,1668,2627,23 ,27 ,5 ,16 ,10 ,8 ,8 ,3 ,19 ,18 ,4 ,4 ,0 ,5 ,0.71,0.55
6388,2156,1625,43 ,38 ,31 ,15 ,11 ,16 ,1 ,7 ,19 ,22 ,5 ,10 ,19 ,6 ,0.63,0.69
6389,2277,1764,44 ,55 ,34 ,32 ,8 ,14 ,2 ,9 ,44 ,38 ,0 ,10 ,0 ,7 ,0.57,0.49
6390,1753,1626,134 ,80 ,102 ,65 ,26 ,14 ,6 ,1 ,123 ,66 ,11 ,14 ,0 ,0 ,0.49,0.38
6391,1876,1713,108 ,118 ,55 ,62 ,30 ,37 ,23 ,19 ,97 ,101 ,11 ,14 ,0 ,3 ,0.49,0.56
6392,2310,1802,53 ,31 ,39 ,19 ,5 ,6 ,9 ,6 ,53 ,31 ,0 ,0 ,0 ,0 ,0.73,0.39
6393,1627,2157,13 ,30 ,5 ,28 ,5 ,1 ,3 ,1 ,12 ,9 ,1 ,0 ,0 ,21 ,0.44,0.56
6394,2359,1965,90 ,65 ,70 ,35 ,18 ,28 ,2 ,2 ,82 ,64 ,1 ,1 ,7 ,0 ,0.39,0.45
6395,2207,2459,43 ,61 ,26 ,38 ,10 ,20 ,7 ,3 ,39 ,49 ,4 ,10 ,0 ,2 ,0.6,0.67
6396,1976,1707,18 ,41 ,8 ,22 ,6 ,17 ,4 ,2 ,7 ,13 ,0 ,16 ,11 ,12 ,0.36,0.68
6397,2173,2087,6 ,4 ,2 ,2 ,2 ,2 ,2 ,0 ,5 ,1 ,1 ,2 ,0 ,1 ,0.5,0.4
6398,1742,2343,59 ,66 ,23 ,36 ,20 ,22 ,16 ,8 ,59 ,64 ,0 ,2 ,0 ,0 ,0.51,0.53
6399,2439,2060,149 ,86 ,94 ,57 ,38 ,19 ,17 ,10 ,135 ,75 ,6 ,2 ,8 ,9 ,0.48,0.53
6400,2467,2348,32 ,20 ,26 ,17 ,3 ,3 ,3 ,0 ,9 ,18 ,2 ,1 ,21 ,1 ,0.74,0.55
6401,1719,1684,31 ,82 ,20 ,26 ,11 ,43 ,0 ,13 ,19 ,27 ,12 ,32 ,0 ,23 ,0.47,0.48
6402,1628,1738,40 ,26 ,22 ,16 ,18 ,6 ,0 ,4 ,7 ,17 ,1 ,3 ,32 ,6 ,0.81,0.57
6403,2082,2257,21 ,46 ,10 ,35 ,5 ,9 ,6 ,2 ,19 ,19 ,2 ,4 ,0 ,23 ,0.32,0.66
6404,2179,2450,8 ,3 ,6 ,0 ,1 ,3 ,1 ,0 ,5 ,3 ,2 ,0 ,1 ,0 ,0.5,0.23
6405,1765,2059,20 ,19 ,9 ,18 ,10 ,0 ,1 ,1 ,11 ,8 ,9 ,3 ,0 ,8 ,0.76,0.65
6406,1768,2636,21 ,34 ,6 ,26 ,12 ,8 ,3 ,0 ,5 ,13 ,16 ,21 ,0 ,0 ,0.72,0.65
6407,1958,1704,74 ,103 ,45 ,79 ,10 ,13 ,19 ,11 ,73 ,100 ,1 ,2 ,0 ,1 ,0.43,0.37
6408,2470,2394,60 ,70 ,51 ,54 ,7 ,9 ,2 ,7 ,48 ,68 ,5 ,1 ,7 ,1 ,0.36,0.41
6409,1685,2327,11 ,39 ,2 ,28 ,3 ,8 ,6 ,3 ,11 ,37 ,0 ,0 ,0 ,2 ,0.23,0.62
6410,2091,2433,23 ,9 ,18 ,4 ,1 ,0 ,4 ,5 ,19 ,9 ,0 ,0 ,4 ,0 ,0.56,0.52
6411,2396,2056,85 ,91 ,73 ,62 ,5 ,12 ,7 ,17 ,85 ,90 ,0 ,1 ,0 ,0 ,0.52,0.39
6412,1800,2077,46 ,79 ,36 ,69 ,1 ,10 ,9 ,0 ,44 ,78 ,0 ,1 ,2 ,0 ,0.46,0.58
6413,2442,2105,73 ,58 ,48 ,56 ,22 ,2 ,3 ,0 ,38 ,49 ,17 ,5 ,18 ,4 ,0.55,0.61
6414,2375,1629,9 ,13 ,4 ,2 ,1 ,8 ,4 ,3 ,7 ,13 ,1 ,0 ,1 ,0 ,0.45,0.38
6415,2051,1872,25 ,10 ,15 ,7 ,8 ,1 ,2 ,2 ,13 ,6 ,3 ,4 ,9 ,0 ,0.6,0.62
6416,1939,2406,45 ,26 ,22 ,16 ,20 ,9 ,3 ,1 ,38 ,22 ,7 ,3 ,0 ,1 ,0.56,0.3
6417,2591,1630,137 ,56 ,70 ,26 ,34 ,16 ,33 ,14 ,95 ,55 ,26 ,1 ,16 ,0 ,0.6,0.32
6418,1631,2523,14 ,17 ,10 ,11 ,4 ,2 ,0 ,4 ,5 ,13 ,2 ,2 ,7 ,2 ,0.31,0.5
6419,2004,1708,5 ,5 ,4 ,2 ,1 ,1 ,0 ,2 ,4 ,5 ,0 ,0 ,1 ,0 ,0.5,0.55
6420,2160,2629,12 ,11 ,8 ,8 ,2 ,3 ,2 ,0 ,7 ,10 ,0 ,1 ,5 ,0 ,0.37,0.5
6421,2562,2037,18 ,2 ,16 ,2 ,2 ,0 ,0 ,0 ,16 ,2 ,0 ,0 ,2 ,0 ,0.6,0.1
6422,2159,2556,36 ,25 ,18 ,15 ,12 ,5 ,6 ,5 ,35 ,22 ,1 ,0 ,0 ,3 ,0.35,0.43
6423,1773,2498,7 ,18 ,1 ,13 ,1 ,4 ,5 ,1 ,7 ,10 ,0 ,0 ,0 ,8 ,0.28,0.6
6424,2468,2252,50 ,48 ,32 ,25 ,11 ,18 ,7 ,5 ,36 ,33 ,6 ,15 ,8 ,0 ,0.43,0.45
6425,2099,2280,19 ,58 ,14 ,56 ,5 ,1 ,0 ,1 ,17 ,2 ,1 ,1 ,1 ,55 ,0.59,0.61
6426,2325,1822,14 ,10 ,12 ,6 ,1 ,1 ,1 ,3 ,11 ,8 ,3 ,2 ,0 ,0 ,0.5,0.52
6427,1840,1696,58 ,46 ,46 ,21 ,10 ,5 ,2 ,20 ,49 ,42 ,2 ,1 ,7 ,3 ,0.58,0.42
6428,1911,1657,38 ,60 ,25 ,36 ,12 ,11 ,1 ,13 ,25 ,58 ,3 ,2 ,10 ,0 ,0.49,0.34
6429,2081,2379,54 ,32 ,30 ,21 ,17 ,10 ,7 ,1 ,46 ,25 ,4 ,7 ,4 ,0 ,0.59,0.51
6430,1868,1785,50 ,51 ,22 ,30 ,19 ,13 ,9 ,8 ,40 ,41 ,10 ,10 ,0 ,0 ,0.4,0.54
6431,1912,2303,59 ,40 ,44 ,24 ,10 ,5 ,5 ,11 ,32 ,39 ,17 ,1 ,10 ,0 ,0.5,0.38
6432,1632,2250,11 ,16 ,8 ,9 ,2 ,5 ,1 ,2 ,8 ,6 ,2 ,4 ,1 ,6 ,0.36,0.59
6433,1874,1841,72 ,52 ,44 ,31 ,21 ,5 ,7 ,16 ,68 ,48 ,4 ,4 ,0 ,0 ,0.4,0.3
6434,2311,1633,40 ,28 ,21 ,16 ,15 ,2 ,4 ,10 ,28 ,27 ,1 ,0 ,11 ,1 ,0.3,0.48
6435,1834,1790,20 ,10 ,18 ,8 ,2 ,1 ,0 ,1 ,12 ,10 ,0 ,0 ,8 ,0 ,0.4,0.58
6436,2098,2309,144 ,128 ,127 ,94 ,13 ,27 ,4 ,7 ,135 ,127 ,2 ,1 ,7 ,0 ,0.35,0.36
6437,1655,2588,44 ,50 ,31 ,37 ,9 ,13 ,4 ,0 ,41 ,27 ,3 ,8 ,0 ,15 ,0.43,0.45
6438,1741,2078,10 ,4 ,9 ,0 ,0 ,2 ,1 ,2 ,3 ,4 ,0 ,0 ,7 ,0 ,0.55,0.33
6439,2204,1812,60 ,10 ,56 ,9 ,3 ,0 ,1 ,1 ,11 ,7 ,6 ,3 ,43 ,0 ,0.59,0.26
6440,1772,2190,46 ,35 ,36 ,21 ,4 ,9 ,6 ,5 ,24 ,27 ,4 ,8 ,18 ,0 ,0.46,0.49
6441,2646,1856,43 ,25 ,38 ,12 ,5 ,6 ,0 ,7 ,40 ,25 ,0 ,0 ,3 ,0 ,0.53,0.36
6442,2611,2033,134 ,181 ,107 ,102 ,10 ,64 ,17 ,15 ,125 ,163 ,8 ,18 ,1 ,0 ,0.48,0.51
6443,2260,1959,26 ,8 ,23 ,3 ,0 ,1 ,3 ,4 ,12 ,8 ,0 ,0 ,14 ,0 ,0.61,0.53
6444,1961,2111,1 ,7 ,1 ,4 ,0 ,1 ,0 ,2 ,1 ,7 ,0 ,0 ,0 ,0 ,0.25,0.53
6445,2387,1835,107 ,45 ,49 ,40 ,44 ,5 ,14 ,0 ,96 ,36 ,11 ,7 ,0 ,2 ,0.52,0.33
6446,2420,2319,105 ,86 ,71 ,40 ,18 ,19 ,16 ,27 ,100 ,80 ,5 ,5 ,0 ,1 ,0.4,0.5
6447,1634,2221,43 ,63 ,9 ,15 ,21 ,20 ,13 ,28 ,34 ,57 ,6 ,6 ,3 ,0 ,0.41,0.69
6448,1852,1864,3 ,4 ,3 ,2 ,0 ,0 ,0 ,2 ,3 ,4 ,0 ,0 ,0 ,0 ,0.27,0.8
6449,1701,2377,8 ,8 ,5 ,8 ,2 ,0 ,1 ,0 ,7 ,5 ,0 ,1 ,1 ,2 ,0.36,0.47
6450,2367,1635,30 ,0 ,30 ,0 ,0 ,0 ,0 ,0 ,0 ,0 ,0 ,0 ,30 ,0 ,0.58,0.0
6451,1636,2123,85 ,56 ,55 ,40 ,9 ,14 ,21 ,2 ,41 ,51 ,1 ,1 ,43 ,4 ,0.7,0.49
6452,2386,2364,11 ,2 ,9 ,1 ,1 ,0 ,1 ,1 ,4 ,2 ,0 ,0 ,7 ,0 ,1.0,1.0
6453,1823,1740,141 ,70 ,60 ,36 ,52 ,25 ,29 ,9 ,123 ,54 ,18 ,16 ,0 ,0 ,0.65,0.52
6454,2237,2574,34 ,58 ,27 ,40 ,6 ,6 ,1 ,12 ,33 ,47 ,1 ,7 ,0 ,4 ,0.4,0.39
6455,2514,1777,155 ,148 ,120 ,113 ,30 ,15 ,5 ,20 ,141 ,133 ,9 ,15 ,5 ,0 ,0.53,0.59
6456,2525,1978,57 ,112 ,31 ,49 ,15 ,46 ,11 ,17 ,42 ,105 ,11 ,7 ,4 ,0 ,0.6,0.58
6457,1699,2207,24 ,36 ,20 ,15 ,2 ,14 ,2 ,7 ,24 ,32 ,0 ,2 ,0 ,2 ,0.42,0.66
6458,1981,1995,13 ,10 ,10 ,3 ,3 ,6 ,0 ,1 ,9 ,8 ,0 ,2 ,4 ,0 ,0.46,0.37
6459,2378,1725,45 ,29 ,28 ,19 ,17 ,6 ,0 ,4 ,20 ,15 ,2 ,10 ,23 ,4 ,0.71,0.64
6460,2276,2671,137 ,153 ,22 ,125 ,64 ,24 ,51 ,4 ,134 ,151 ,3 ,2 ,0 ,0 ,0.38,0.46
6461,1764,1796,21 ,69 ,9 ,16 ,5 ,21 ,7 ,32 ,16 ,62 ,5 ,3 ,0 ,4 ,0.3,0.77
6462,2233,1830,15 ,1 ,14 ,0 ,1 ,1 ,0 ,0 ,0 ,0 ,1 ,1 ,14 ,0 ,0.78,0.33
6463,2403,1751,37 ,32 ,16 ,24 ,12 ,6 ,9 ,2 ,31 ,25 ,6 ,1 ,0 ,6 ,0.57,0.49
6464,1879,2630,52 ,80 ,41 ,70 ,6 ,9 ,5 ,1 ,44 ,29 ,5 ,4 ,3 ,47 ,0.57,0.62
6465,1769,1801,39 ,46 ,24 ,30 ,8 ,6 ,7 ,10 ,32 ,28 ,0 ,0 ,7 ,18 ,0.5,0.56
6466,2569,1637,66 ,13 ,25 ,7 ,15 ,6 ,26 ,0 ,66 ,13 ,0 ,0 ,0 ,0 ,0.58,0.31
6467,2592,1745,80 ,55 ,52 ,32 ,14 ,5 ,14 ,18 ,63 ,53 ,8 ,2 ,9 ,0 ,0.48,0.35
6468,1638,2502,120 ,229 ,98 ,187 ,20 ,22 ,2 ,20 ,112 ,225 ,8 ,4 ,0 ,0 ,0.33,0.58
6469,1904,1732,64 ,70 ,40 ,30 ,19 ,24 ,5 ,16 ,60 ,55 ,4 ,15 ,0 ,0 ,0.48,0.44
6470,2664,2218,188 ,76 ,152 ,48 ,26 ,21 ,10 ,7 ,188 ,76 ,0 ,0 ,0 ,0 ,0.52,0.39
6471,2615,2546,37 ,33 ,19 ,25 ,8 ,6 ,10 ,2 ,35 ,26 ,1 ,4 ,1 ,3 ,0.46,0.55
6472,2132,1770,55 ,43 ,42 ,25 ,8 ,12 ,5 ,6 ,38 ,41 ,12 ,1 ,5 ,1 ,0.61,0.44
6473,2325,2636,27 ,24 ,24 ,12 ,3 ,9 ,0 ,3 ,11 ,8 ,8 ,16 ,8 ,0 ,0.62,0.66
6474,2520,2115,79 ,59 ,36 ,38 ,14 ,8 ,29 ,13 ,77 ,54 ,2 ,5 ,0 ,0 ,0.46,0.43
6475,2371,1749,72 ,42 ,43 ,16 ,17 ,19 ,12 ,7 ,39 ,33 ,29 ,9 ,4 ,0 ,0.57,0.39
6476,1943,2126,18 ,26 ,9 ,21 ,5 ,5 ,4 ,0 ,10 ,23 ,5 ,2 ,3 ,1 ,0.4,0.43
6477,1953,1639,67 ,64 ,53 ,17 ,7 ,26 ,7 ,21 ,40 ,51 ,13 ,13 ,14 ,0 ,0.51,0.5
6478,2035,1682,87 ,88 ,43 ,70 ,28 ,17 ,16 ,1 ,79 ,71 ,8 ,17 ,0 ,0 ,0.34,0.5
6479,1641,1640,14 ,8 ,12 ,4 ,2 ,1 ,0 ,3 ,7 ,7 ,3 ,0 ,4 ,1 ,0.46,0.47
6480,1787,1849,2 ,5 ,1 ,5 ,0 ,0 ,1 ,0 ,2 ,0 ,0 ,0 ,0 ,5 ,0.5,0.5
6481,1885,2234,46 ,36 ,19 ,30 ,17 ,2 ,10 ,4 ,45 ,35 ,1 ,1 ,0 ,0 ,0.47,0.38
6482,2665,1994,51 ,46 ,32 ,40 ,18 ,3 ,1 ,3 ,45 ,22 ,5 ,5 ,1 ,19 ,0.33,0.48
6483,2656,2086,48 ,21 ,24 ,17 ,6 ,2 ,18 ,2 ,34 ,21 ,3 ,0 ,11 ,0 ,0.52,0.36
6484,1825,1686,43 ,55 ,20 ,43 ,4 ,11 ,19 ,1 ,34 ,50 ,6 ,5 ,3 ,0 ,0.4,0.51
6485,2254,1868,6 ,5 ,4 ,2 ,0 ,3 ,2 ,0 ,5 ,1 ,1 ,4 ,0 ,0 ,0.66,0.55
6486,2563,2087,12 ,6 ,4 ,5 ,3 ,1 ,5 ,0 ,12 ,5 ,0 ,0 ,0 ,1 ,0.48,0.31
6487,1932,2062,79 ,84 ,32 ,56 ,42 ,18 ,5 ,10 ,69 ,61 ,10 ,21 ,0 ,2 ,0.57,0.48
6488,2379,1642,0 ,0 ,0 ,0 ,0 ,0 ,0 ,0 ,0 ,0 ,0 ,0 ,0 ,0 ,0.0,0.0
6489,1643,1967,52 ,74 ,34 ,36 ,8 ,23 ,10 ,15 ,50 ,72 ,2 ,2 ,0 ,0 ,0.35,0.51
6490,2510,2288,3 ,1 ,2 ,0 ,1 ,0 ,0 ,1 ,0 ,1 ,0 ,0 ,3 ,0 ,0.75,1.0
6491,2014,1733,98 ,52 ,83 ,25 ,5 ,20 ,10 ,7 ,79 ,43 ,12 ,6 ,7 ,3 ,0.44,0.52
6492,2139,2508,48 ,126 ,34 ,86 ,9 ,25 ,5 ,15 ,46 ,117 ,1 ,3 ,1 ,6 ,0.37,0.64
6493,2011,2435,127 ,61 ,50 ,45 ,38 ,9 ,39 ,7 ,127 ,61 ,0 ,0 ,0 ,0 ,0.54,0.45
6494,2281,2660,36 ,7 ,31 ,5 ,3 ,2 ,2 ,0 ,4 ,4 ,0 ,0 ,32 ,3 ,0.67,0.7
6495,1789,2348,170 ,102 ,151 ,78 ,9 ,20 ,10 ,4 ,167 ,91 ,3 ,11 ,0 ,0 ,0.45,0.46
6496,1727,1848,30 ,15 ,20 ,8 ,9 ,6 ,1 ,1 ,8 ,8 ,2 ,7 ,20 ,0 ,0.68,0.78
6497,2263,2664,14 ,9 ,10 ,2 ,2 ,6 ,2 ,1 ,3 ,4 ,2 ,3 ,9 ,2 ,0.43,0.69
6498,2361,2365,89 ,69 ,74 ,59 ,13 ,10 ,2 ,0 ,70 ,66 ,18 ,3 ,1 ,0 ,0.36,0.39
6499,1644,2215,53 ,60 ,19 ,25 ,25 ,25 ,9 ,10 ,31 ,42 ,22 ,18 ,0 ,0 ,0.54,0.63
6500,2642,2275,79 ,90 ,30 ,70 ,15 ,15 ,34 ,5 ,64 ,65 ,15 ,23 ,0 ,2 ,0.44,0.48
6501,1911,2320,1 ,18 ,0 ,9 ,0 ,7 ,1 ,2 ,1 ,13 ,0 ,5 ,0 ,0 ,0.05,0.69
6502,1870,1908,28 ,16 ,21 ,7 ,7 ,9 ,0 ,0 ,2 ,4 ,7 ,12 ,19 ,0 ,0.66,0.59
6503,1739,2305,64 ,95 ,36 ,84 ,7 ,11 ,21 ,0 ,55 ,92 ,9 ,3 ,0 ,0 ,0.4,0.5
6504,2053,2038,72 ,56 ,46 ,37 ,18 ,7 ,8 ,12 ,59 ,48 ,13 ,8 ,0 ,0 ,0.36,0.42
6505,2285,2340,52 ,35 ,34 ,22 ,17 ,7 ,1 ,6 ,44 ,30 ,4 ,2 ,4 ,3 ,0.46,0.59
6506,2392,1645,14 ,7 ,14 ,3 ,0 ,1 ,0 ,3 ,0 ,7 ,0 ,0 ,14 ,0 ,0.51,0.58
6507,2558,1646,50 ,21 ,24 ,6 ,3 ,7 ,23 ,8 ,34 ,20 ,0 ,0 ,16 ,1 ,0.65,0.47
6508,2286,2112,16 ,34 ,3 ,28 ,6 ,4 ,7 ,2 ,15 ,9 ,0 ,0 ,1 ,25 ,0.43,0.72
6509,1952,2546,149 ,88 ,119 ,77 ,23 ,8 ,7 ,3 ,84 ,81 ,7 ,7 ,58 ,0 ,0.52,0.51
6510,1986,1779,94 ,67 ,84 ,38 ,9 ,10 ,1 ,19 ,63 ,55 ,6 ,12 ,25 ,0 ,0.46,0.47
6511,1821,2568,43 ,28 ,14 ,25 ,17 ,3 ,12 ,0 ,35 ,26 ,8 ,2 ,0 ,0 ,0.43,0.4
6512,2404,1774,11 ,28 ,8 ,18 ,1 ,5 ,2 ,5 ,11 ,21 ,0 ,7 ,0 ,0 ,0.36,0.63
6513,1748,2430,29 ,4 ,26 ,2 ,3 ,1 ,0 ,1 ,6 ,3 ,15 ,1 ,8 ,0 ,0.51,0.5
6514,1647,2082,15 ,19 ,8 ,10 ,1 ,2 ,6 ,7 ,15 ,16 ,0 ,0 ,0 ,3 ,0.31,0.38
6515,1966,1806,32 ,22 ,22 ,14 ,9 ,5 ,1 ,3 ,27 ,18 ,2 ,4 ,3 ,0 ,0.41,0.4
6516,1771,2355,62 ,89 ,33 ,52 ,16 ,21 ,13 ,16 ,61 ,79 ,1 ,10 ,0 ,0 ,0.34,0.54
6517,2576,2467,60 ,52 ,56 ,17 ,3 ,18 ,1 ,17 ,49 ,45 ,9 ,7 ,2 ,0 ,0.5,0.37
6518,1962,1836,40 ,34 ,32 ,21 ,6 ,2 ,2 ,11 ,21 ,30 ,2 ,0 ,17 ,4 ,0.48,0.53
6519,2188,2059,108 ,59 ,60 ,39 ,41 ,8 ,7 ,12 ,86 ,52 ,22 ,7 ,0 ,0 ,0.6,0.4
6520,2437,2510,17 ,36 ,14 ,33 ,2 ,3 ,1 ,0 ,6 ,15 ,2 ,5 ,9 ,16 ,0.45,0.59
6521,2186,1690,26 ,17 ,16 ,4 ,5 ,6 ,5 ,7 ,17 ,16 ,5 ,1 ,4 ,0 ,0.37,0.6
6522,2067,1890,64 ,66 ,18 ,43 ,12 ,14 ,34 ,9 ,59 ,64 ,5 ,2 ,0 ,0 ,0.52,0.47
6523,1648,2326,9 ,14 ,9 ,10 ,0 ,3 ,0 ,1 ,9 ,14 ,0 ,0 ,0 ,0 ,0.36,0.4
6524,1700,2189,60 ,78 ,14 ,33 ,16 ,35 ,30 ,10 ,57 ,64 ,1 ,12 ,2 ,2 ,0.43,0.5
6525,1914,2601,2 ,1 ,1 ,0 ,1 ,1 ,0 ,0 ,2 ,1 ,0 ,0 ,0 ,0 ,0.4,0.2
6526,1942,2063,60 ,76 ,53 ,44 ,3 ,7 ,4 ,25 ,48 ,70 ,5 ,3 ,7 ,3 ,0.37,0.54
6527,1957,1649,70 ,72 ,46 ,23 ,15 ,26 ,9 ,23 ,54 ,67 ,5 ,5 ,11 ,0 ,0.65,0.48
6528,2317,2152,19 ,2 ,18 ,2 ,1 ,0 ,0 ,0 ,3 ,0 ,0 ,0 ,16 ,2 ,0.76,0.66
6529,1754,2143,17 ,21 ,4 ,21 ,4 ,0 ,9 ,0 ,17 ,6 ,0 ,4 ,0 ,11 ,0.5,0.44
6530,1650,1776,0 ,0 ,0 ,0 ,0 ,0 ,0 ,0 ,0 ,0 ,0 ,0 ,0 ,0 ,0.0,0.0
6531,2589,2092,22 ,20 ,20 ,17 ,1 ,3 ,1 ,0 ,19 ,14 ,1 ,2 ,2 ,4 ,0.34,0.48
6532,2026,2163,85 ,64 ,52 ,26 ,28 ,33 ,5 ,5 ,69 ,47 ,14 ,17 ,2 ,0 ,0.53,0.48
6533,2027,1792,44 ,9 ,36 ,4 ,7 ,2 ,1 ,3 ,10 ,9 ,1 ,0 ,33 ,0 ,0.8,0.39
6534,2328,1651,3 ,7 ,1 ,5 ,0 ,2 ,2 ,0 ,2 ,2 ,0 ,2 ,1 ,3 ,0.5,0.77
6535,2322,2345,49 ,14 ,43 ,11 ,0 ,0 ,6 ,3 ,46 ,14 ,3 ,0 ,0 ,0 ,0.58,0.28
6536,2668,2222,13 ,29 ,6 ,16 ,5 ,5 ,2 ,8 ,13 ,16 ,0 ,1 ,0 ,12 ,0.56,0.67
6537,1706,1652,84 ,66 ,41 ,37 ,14 ,17 ,29 ,12 ,78 ,64 ,3 ,2 ,3 ,0 ,0.5,0.37
6538,1948,1799,36 ,39 ,21 ,25 ,10 ,6 ,5 ,8 ,33 ,33 ,1 ,4 ,2 ,2 ,0.44,0.35
6539,1841,2205,37 ,83 ,23 ,40 ,9 ,24 ,5 ,19 ,30 ,76 ,6 ,2 ,1 ,5 ,0.3,0.6
6540,1858,1915,42 ,31 ,31 ,28 ,8 ,3 ,3 ,0 ,33 ,30 ,1 ,1 ,8 ,0 ,0.62,0.37
6541,2177,1783,41 ,30 ,20 ,20 ,3 ,6 ,18 ,4 ,37 ,24 ,0 ,1 ,4 ,5 ,0.51,0.28
6542,1653,2121,24 ,26 ,15 ,20 ,6 ,4 ,3 ,2 ,7 ,13 ,7 ,7 ,10 ,6 ,0.58,0.6
6543,1845,2250,17 ,12 ,6 ,6 ,0 ,3 ,11 ,3 ,4 ,6 ,5 ,3 ,8 ,3 ,0.85,0.57
6544,2304,2598,54 ,67 ,42 ,34 ,10 ,11 ,2 ,22 ,42 ,63 ,12 ,2 ,0 ,2 ,0.37,0.54
6545,1654,2091,27 ,51 ,25 ,26 ,1 ,10 ,1 ,15 ,24 ,46 ,3 ,3 ,0 ,2 ,0.45,0.39
6546,1791,1876,81 ,111 ,36 ,82 ,38 ,12 ,7 ,17 ,51 ,78 ,24 ,28 ,6 ,5 ,0.62,0.52
6547,1871,2518,34 ,16 ,22 ,13 ,4 ,0 ,8 ,3 ,32 ,13 ,0 ,2 ,2 ,1 ,0.69,0.57
6548,2566,1822,30 ,13 ,23 ,12 ,1 ,1 ,6 ,0 ,24 ,13 ,0 ,0 ,6 ,0 ,0.47,0.34
6549,1881,2183,127 ,49 ,100 ,27 ,25 ,15 ,2 ,7 ,125 ,46 ,2 ,3 ,0 ,0 ,0.47,0.21
6550,2445,1655,50 ,31 ,26 ,22 ,18 ,7 ,6 ,2 ,34 ,25 ,10 ,5 ,6 ,1 ,0.56,0.4
6551,1722,1732,8 ,15 ,3 ,13 ,2 ,2 ,3 ,0 ,8 ,7 ,0 ,1 ,0 ,7 ,0.36,0.37
6552,1965,2593,13 ,28 ,13 ,21 ,0 ,5 ,0 ,2 ,12 ,21 ,1 ,1 ,0 ,6 ,0.43,0.63
6553,1656,1939,65 ,114 ,37 ,57 ,21 ,47 ,7 ,10 ,52 ,89 ,13 ,25 ,0 ,0 ,0.4,0.58
6554,2397,1907,48 ,31 ,39 ,16 ,8 ,13 ,1 ,2 ,9 ,15 ,5 ,12 ,34 ,4 ,0.67,0.57
6555,2279,1713,74 ,40 ,47 ,17 ,12 ,8 ,15 ,15 ,69 ,33 ,5 ,7 ,0 ,0 ,0.51,0.51
6556,2029,1846,68 ,39 ,32 ,27 ,21 ,1 ,15 ,11 ,53 ,32 ,10 ,3 ,5 ,4 ,0.55,0.44
6557,2220,2239,50 ,76 ,42 ,19 ,6 ,25 ,2 ,32 ,46 ,75 ,3 ,0 ,1 ,1 ,0.32,0.61
6558,2594,2672,119 ,108 ,89 ,84 ,22 ,14 ,8 ,10 ,99 ,87 ,9 ,11 ,11 ,10 ,0.59,0.48
6559,2620,2296,62 ,63 ,29 ,32 ,26 ,17 ,7 ,14 ,42 ,46 ,5 ,8 ,15 ,9 ,0.56,0.61
6560,2347,1827,138 ,48 ,102 ,31 ,10 ,9 ,26 ,8 ,116 ,44 ,10 ,4 ,12 ,0 ,0.64,0.38
6561,2046,1657,9 ,2 ,9 ,0 ,0 ,1 ,0 ,1 ,8 ,2 ,0 ,0 ,1 ,0 ,0.52,0.16
6562,2034,2444,89 ,76 ,52 ,67 ,26 ,9 ,11 ,0 ,83 ,59 ,5 ,4 ,1 ,13 ,0.39,0.41
6563,2375,1991,69 ,41 ,6 ,10 ,11 ,23 ,52 ,8 ,69 ,38 ,0 ,1 ,0 ,2 ,0.65,0.45
6564,2212,2106,23 ,56 ,12 ,30 ,6 ,25 ,5 ,1 ,16 ,23 ,7 ,29 ,0 ,4 ,0.44,0.67
6565,2616,1721,35 ,25 ,31 ,13 ,3 ,6 ,1 ,6 ,26 ,25 ,1 ,0 ,8 ,0 ,0.43,0.4
6566,2128,1658,76 ,18 ,55 ,4 ,16 ,3 ,5 ,11 ,27 ,14 ,38 ,4 ,11 ,0 ,0.7,0.47
6567,1763,1919,39 ,78 ,30 ,59 ,8 ,16 ,1 ,3 ,31 ,59 ,8 ,19 ,0 ,0 ,0.44,0.48
6568,1861,1764,34 ,21 ,19 ,11 ,5 ,3 ,10 ,7 ,25 ,16 ,4 ,5 ,5 ,0 ,0.72,0.51
6569,1755,2079,141 ,88 ,98 ,34 ,23 ,14 ,20 ,40 ,138 ,88 ,3 ,0 ,0 ,0 ,0.54,0.41
6570,2652,1659,36 ,15 ,29 ,9 ,5 ,2 ,2 ,4 ,13 ,12 ,1 ,0 ,22 ,3 ,0.57,0.48
6571,2604,1709,87 ,62 ,49 ,37 ,18 ,16 ,20 ,9 ,80 ,54 ,3 ,3 ,4 ,5 ,0.57,0.28
6572,1898,1835,24 ,32 ,15 ,19 ,4 ,5 ,5 ,8 ,24 ,25 ,0 ,5 ,0 ,2 ,0.41,0.57
6573,2441,1728,31 ,12 ,23 ,6 ,4 ,5 ,4 ,1 ,11 ,8 ,1 ,2 ,19 ,2 ,0.63,0.31
6574,2549,2280,84 ,60 ,54 ,51 ,6 ,8 ,24 ,1 ,80 ,56 ,2 ,3 ,2 ,1 ,0.45,0.38
6575,1660,1724,36 ,18 ,25 ,13 ,10 ,1 ,1 ,4 ,26 ,18 ,8 ,0 ,2 ,0 ,0.4,0.48
6576,2102,1873,74 ,64 ,13 ,36 ,44 ,20 ,17 ,8 ,47 ,52 ,26 ,9 ,1 ,3 ,0.63,0.58
6577,1990,2047,75 ,27 ,60 ,12 ,9 ,11 ,6 ,4 ,33 ,26 ,7 ,1 ,35 ,0 ,0.66,0.45
6578,2201,1661,37 ,6 ,28 ,5 ,7 ,0 ,2 ,1 ,10 ,5 ,2 ,0 ,25 ,1 ,0.57,0.5
6579,1869,1662,22 ,4 ,10 ,2 ,5 ,1 ,7 ,1 ,19 ,4 ,1 ,0 ,2 ,0 ,0.75,0.18
6580,1693,1663,42 ,49 ,35 ,35 ,5 ,13 ,2 ,1 ,38 ,47 ,2 ,0 ,2 ,2 ,0.38,0.39
6581,1765,2364,12 ,13 ,2 ,11 ,4 ,2 ,6 ,0 ,6 ,2 ,4 ,9 ,2 ,2 ,0.92,0.76
6582,2530,2591,8 ,4 ,5 ,2 ,3 ,2 ,0 ,0 ,7 ,3 ,0 ,1 ,1 ,0 ,0.57,0.57
6583,2517,1896,50 ,14 ,31 ,7 ,16 ,7 ,3 ,0 ,4 ,3 ,40 ,10 ,6 ,1 ,0.79,0.5
6584,1976,2156,3 ,1 ,1 ,1 ,0 ,0 ,2 ,0 ,2 ,0 ,0 ,0 ,1 ,1 ,0.75,0.33
6585,2468,2129,7 ,3 ,4 ,0 ,0 ,1 ,3 ,2 ,7 ,3 ,0 ,0 ,0 ,0 ,0.41,0.33
6586,1664,1737,48 ,49 ,15 ,34 ,24 ,12 ,9 ,3 ,43 ,33 ,5 ,2 ,0 ,14 ,0.55,0.48
6587,1875,1843,92 ,104 ,68 ,64 ,19 ,39 ,5 ,1 ,80 ,89 ,4 ,13 ,8 ,2 ,0.65,0.49
6588,2065,1853,48 ,41 ,26 ,15 ,13 ,11 ,9 ,15 ,36 ,35 ,4 ,3 ,8 ,3 ,0.39,0.51
6589,1865,1705,4 ,5 ,1 ,0 ,1 ,1 ,2 ,4 ,4 ,5 ,0 ,0 ,0 ,0 ,0.66,1.0
6590,1956,1790,8 ,0 ,8 ,0 ,0 ,0 ,0 ,0 ,0 ,0 ,0 ,0 ,8 ,0 ,0.57,0.0
6591,1720,2629,65 ,37 ,51 ,17 ,8 ,8 ,6 ,12 ,52 ,28 ,7 ,9 ,6 ,0 ,0.52,0.4
6592,2037,1665,75 ,66 ,66 ,48 ,9 ,9 ,0 ,9 ,38 ,42 ,29 ,21 ,8 ,3 ,0.49,0.56
6593,2655,2658,77 ,54 ,48 ,42 ,21 ,11 ,8 ,1 ,59 ,40 ,14 ,9 ,4 ,5 ,0.64,0.48
6594,2466,2303,6 ,14 ,6 ,12 ,0 ,0 ,0 ,2 ,6 ,5 ,0 ,0 ,0 ,9 ,0.4,0.7
6595,1904,1834,91 ,93 ,66 ,77 ,15 ,7 ,10 ,9 ,82 ,81 ,8 ,12 ,1 ,0 ,0.55,0.49
6596,2439,2418,271 ,159 ,199 ,95 ,48 ,22 ,24 ,42 ,256 ,133 ,15 ,4 ,0 ,22 ,0.52,0.56
6597,1784,1859,57 ,37 ,23 ,24 ,21 ,6 ,13 ,7 ,52 ,37 ,1 ,0 ,4 ,0 ,0.39,0.35
6598,2223,2553,9 ,46 ,7 ,36 ,1 ,10 ,1 ,0 ,4 ,11 ,3 ,8 ,2 ,27 ,0.45,0.75
6599,1892,2031,81 ,71 ,39 ,42 ,32 ,18 ,10 ,11 ,70 ,45 ,6 ,7 ,5 ,19 ,0.56,0.55
6600,2256,2523,36 ,30 ,25 ,25 ,6 ,3 ,5 ,2 ,14 ,27 ,2 ,0 ,20 ,3 ,0.54,0.41
6601,1835,1716,17 ,19 ,12 ,9 ,2 ,4 ,3 ,6 ,16 ,19 ,0 ,0 ,1 ,0 ,0.7,0.61
6602,1803,1863,62 ,68 ,53 ,46 ,9 ,18 ,0 ,4 ,54 ,58 ,8 ,10 ,0 ,0 ,0.48,0.51
6603,2311,2247,14 ,12 ,9 ,9 ,2 ,3 ,3 ,0 ,13 ,10 ,1 ,0 ,0 ,2 ,0.35,0.36
6604,2406,2618,32 ,38 ,14 ,27 ,8 ,8 ,10 ,3 ,27 ,28 ,5 ,10 ,0 ,0 ,0.35,0.5
6605,1723,1817,80 ,36 ,62 ,15 ,16 ,12 ,2 ,9 ,51 ,27 ,21 ,8 ,8 ,1 ,0.64,0.3
6606,2557,2075,93 ,75 ,68 ,26 ,15 ,16 ,10 ,33 ,74 ,68 ,19 ,4 ,0 ,3 ,0.52,0.33
6607,1756,1938,54 ,62 ,18 ,18 ,11 ,36 ,25 ,8 ,54 ,62 ,0 ,0 ,0 ,0 ,0.54,0.55
6608,2041,1916,27 ,20 ,15 ,13 ,6 ,2 ,6 ,5 ,18 ,17 ,0 ,0 ,9 ,3 ,0.5,0.4
6609,2323,1937,37 ,30 ,30 ,15 ,6 ,4 ,1 ,11 ,36 ,27 ,1 ,3 ,0 ,0 ,0.27,0.22
6610,2442,2329,30 ,21 ,18 ,13 ,11 ,3 ,1 ,5 ,20 ,15 ,8 ,6 ,2 ,0 ,0.63,0.63
6611,1725,2166,4 ,1 ,2 ,0 ,2 ,0 ,0 ,1 ,4 ,1 ,0 ,0 ,0 ,0 ,0.36,0.1
6612,2669,1734,57 ,9 ,45 ,6 ,5 ,3 ,7 ,0 ,15 ,9 ,2 ,0 ,40 ,0 ,0.65,0.26
6613,2544,2252,14 ,21 ,13 ,14 ,1 ,7 ,0 ,0 ,13 ,19 ,1 ,2 ,0 ,0 ,0.23,0.38
6614,2436,1666,30 ,22 ,18 ,7 ,9 ,9 ,3 ,6 ,25 ,20 ,2 ,2 ,3 ,0 ,0.62,0.46
6615,2089,2009,39 ,47 ,25 ,34 ,9 ,9 ,5 ,4 ,32 ,36 ,0 ,7 ,7 ,4 ,0.49,0.57
6616,1950,2230,8 ,19 ,5 ,7 ,3 ,8 ,0 ,4 ,3 ,10 ,1 ,1 ,4 ,8 ,0.27,0.36
6617,1667,2290,16 ,34 ,10 ,27 ,2 ,6 ,4 ,1 ,14 ,30 ,2 ,4 ,0 ,0 ,0.51,0.53
6618,1874,2109,63 ,55 ,42 ,28 ,20 ,8 ,1 ,19 ,56 ,49 ,7 ,3 ,0 ,3 ,0.28,0.32
6619,2614,1668,81 ,71 ,36 ,46 ,29 ,19 ,16 ,6 ,68 ,67 ,6 ,1 ,7 ,3 ,0.41,0.51
6620,2609,2463,4 ,2 ,4 ,2 ,0 ,0 ,0 ,0 ,4 ,1 ,0 ,0 ,0 ,1 ,0.36,0.22
6621,2292,2219,31 ,27 ,8 ,14 ,9 ,2 ,14 ,11 ,31 ,17 ,0 ,0 ,0 ,10 ,0.43,0.31
6622,2063,2444,17 ,43 ,10 ,33 ,7 ,6 ,0 ,4 ,13 ,7 ,4 ,6 ,0 ,30 ,0.41,0.66
6623,2506,1669,60 ,21 ,57 ,14 ,3 ,4 ,0 ,3 ,11 ,9 ,10 ,1 ,39 ,11 ,0.64,0.91
6624,1967,2627,88 ,51 ,41 ,33 ,18 ,15 ,29 ,3 ,86 ,48 ,2 ,2 ,0 ,1 ,0.57,0.33
6625,1775,2395,33 ,47 ,18 ,21 ,8 ,13 ,7 ,13 ,32 ,45 ,1 ,2 ,0 ,0 ,0.38,0.54
6626,2367,1825,18 ,0 ,16 ,0 ,2 ,0 ,0 ,0 ,1 ,0 ,0 ,0 ,17 ,0 ,0.52,0.0
6627,1785,1718,16 ,1 ,11 ,1 ,2 ,0 ,3 ,0 ,9 ,1 ,1 ,0 ,6 ,0 ,0.69,0.12
6628,2450,2216,65 ,105 ,45 ,74 ,17 ,16 ,3 ,15 ,56 ,85 ,9 ,20 ,0 ,0 ,0.45,0.57
6629,2044,2543,36 ,33 ,18 ,11 ,11 ,3 ,7 ,19 ,29 ,21 ,3 ,0 ,4 ,12 ,0.37,0.45
6630,2386,2157,14 ,5 ,3 ,4 ,8 ,1 ,3 ,0 ,5 ,0 ,9 ,4 ,0 ,1 ,0.82,0.71
6631,2056,2387,105 ,110 ,78 ,52 ,13 ,42 ,14 ,16 ,103 ,108 ,1 ,2 ,1 ,0 ,0.47,0.5
6632,1884,2227,96 ,85 ,26 ,49 ,34 ,29 ,36 ,7 ,76 ,49 ,20 ,32 ,0 ,4 ,0.61,0.56
6633,2257,2576,48 ,32 ,29 ,29 ,11 ,3 ,8 ,0 ,46 ,31 ,2 ,1 ,0 ,0 ,0.48,0.45
6634,2147,1670,45 ,18 ,27 ,7 ,10 ,5 ,8 ,6 ,10 ,9 ,18 ,7 ,17 ,2 ,0.73,0.54
6635,1671,1802,56 ,37 ,43 ,10 ,6 ,17 ,7 ,10 ,49 ,28 ,5 ,9 ,2 ,0 ,0.37,0.33
6636,1837,1772,2 ,5 ,0 ,4 ,0 ,0 ,2 ,1 ,2 ,2 ,0 ,0 ,0 ,3 ,0.28,0.33
6637,1672,2344,11 ,8 ,3 ,4 ,5 ,3 ,3 ,1 ,6 ,4 ,4 ,2 ,1 ,2 ,0.78,0.8
6638,1966,1941,32 ,27 ,23 ,24 ,6 ,3 ,3 ,0 ,19 ,16 ,5 ,10 ,8 ,1 ,0.6,0.45
6639,1987,1673,33 ,35 ,32 ,20 ,0 ,11 ,1 ,4 ,30 ,29 ,1 ,1 ,2 ,5 ,0.4,0.46
6640,1674,2191,55 ,82 ,34 ,54 ,20 ,23 ,1 ,5 ,49 ,57 ,6 ,17 ,0 ,8 ,0.45,0.66
6641,2277,1675,19 ,2 ,18 ,1 ,1 ,1 ,0 ,0 ,3 ,2 ,0 ,0 ,16 ,0 ,0.86,0.18
6642,2384,1676,7 ,7 ,7 ,5 ,0 ,1 ,0 ,1 ,1 ,7 ,0 ,0 ,6 ,0 ,0.46,0.53
6643,2587,1677,17 ,19 ,9 ,10 ,5 ,6 ,3 ,3 ,12 ,19 ,0 ,0 ,5 ,0 ,0.25,0.73
6644,1740,2194,31 ,75 ,17 ,32 ,12 ,16 ,2 ,27 ,26 ,54 ,1 ,0 ,4 ,21 ,0.5,0.49
6645,2394,2494,42 ,68 ,25 ,50 ,14 ,12 ,3 ,6 ,38 ,51 ,1 ,2 ,3 ,15 ,0.39,0.52
6646,2668,2000,21 ,6 ,10 ,3 ,5 ,0 ,6 ,3 ,21 ,6 ,0 ,0 ,0 ,0 ,0.56,0.33
6647,1733,2617,63 ,164 ,23 ,22 ,20 ,65 ,20 ,77 ,44 ,152 ,19 ,12 ,0 ,0 ,0.57,0.61
6648,1886,1741,4 ,8 ,4 ,8 ,0 ,0 ,0 ,0 ,4 ,6 ,0 ,2 ,0 ,0 ,0.23,0.66
6649,1903,1783,100 ,109 ,82 ,68 ,2 ,19 ,16 ,22 ,99 ,103 ,1 ,5 ,0 ,1 ,0.64,0.38
6650,2207,2630,45 ,33 ,36 ,29 ,2 ,3 ,7 ,1 ,28 ,29 ,0 ,1 ,17 ,3 ,0.6,0.6
6651,2140,2235,7 ,7 ,6 ,7 ,1 ,0 ,0 ,0 ,7 ,4 ,0 ,0 ,0 ,3 ,0.7,0.36
6652,2019,1924,46 ,51 ,29 ,40 ,6 ,7 ,11 ,4 ,39 ,40 ,4 ,6 ,3 ,5 ,0.28,0.45
6653,2646,1678,18 ,7 ,11 ,6 ,7 ,1 ,0 ,0 ,11 ,7 ,3 ,0 ,4 ,0 ,0.5,0.29
6654,1835,2169,18 ,47 ,13 ,35 ,1 ,4 ,4 ,8 ,18 ,44 ,0 ,1 ,0 ,2 ,0.35,0.52
6655,2261,1679,69 ,43 ,52 ,20 ,12 ,9 ,5 ,14 ,29 ,39 ,5 ,4 ,35 ,0 ,0.67,0.5
6656,2262,1826,77 ,55 ,46 ,18 ,12 ,11 ,19 ,26 ,65 ,45 ,7 ,4 ,5 ,6 ,0.55,0.53
6657,1757,2570,111 ,120 ,98 ,106 ,12 ,12 ,1 ,2 ,45 ,76 ,6 ,8 ,60 ,36 ,0.68,0.58
6658,2486,2254,8 ,4 ,8 ,1 ,0 ,1 ,0 ,2 ,0 ,4 ,3 ,0 ,5 ,0 ,0.53,0.44
6659,1851,1680,118 ,32 ,99 ,24 ,17 ,4 ,2 ,4 ,89 ,29 ,14 ,3 ,15 ,0 ,0.67,0.28
6660,1681,1961,3 ,27 ,1 ,23 ,2 ,3 ,0 ,1 ,3 ,9 ,0 ,12 ,0 ,6 ,0.42,0.71
6661,1798,1682,96 ,105 ,66 ,75 ,12 ,11 ,18 ,19 ,94 ,98 ,2 ,7 ,0 ,0 ,0.32,0.55
6662,2195,1683,4 ,3 ,3 ,2 ,1 ,0 ,0 ,1 ,4 ,3 ,0 ,0 ,0 ,0 ,0.28,0.33
6663,2081,2233,3 ,7 ,0 ,7 ,2 ,0 ,1 ,0 ,3 ,5 ,0 ,0 ,0 ,2 ,0.37,0.43
6664,2588,2324,31 ,96 ,12 ,55 ,18 ,18 ,1 ,23 ,27 ,85 ,4 ,1 ,0 ,10 ,0.3,0.51
6665,2497,1684,35 ,20 ,29 ,12 ,6 ,6 ,0 ,2 ,29 ,20 ,1 ,0 ,5 ,0 ,0.52,0.4
6666,2010,2435,13 ,49 ,8 ,46 ,0 ,3 ,5 ,0 ,13 ,33 ,0 ,3 ,0 ,13 ,0.3,0.68
6667,1805,2020,79 ,78 ,63 ,29 ,14 ,28 ,2 ,21 ,76 ,64 ,3 ,13 ,0 ,1 ,0.41,0.41
6668,2665,1815,27 ,10 ,15 ,3 ,11 ,3 ,1 ,4 ,23 ,9 ,3 ,1 ,1 ,0 ,0.25,0.2
6669,1936,2558,21 ,36 ,8 ,26 ,11 ,3 ,2 ,7 ,20 ,33 ,1 ,3 ,0 ,0 ,0.45,0.4
6670,2098,2470,130 ,107 ,114 ,73 ,15 ,26 ,1 ,8 ,130 ,106 ,0 ,1 ,0 ,0 ,0.34,0.32
6671,2078,1842,66 ,62 ,34 ,49 ,25 ,8 ,7 ,5 ,40 ,58 ,26 ,4 ,0 ,0 ,0.47,0.46
6672,1911,2371,2 ,6 ,1 ,3 ,0 ,1 ,1 ,2 ,2 ,4 ,0 ,0 ,0 ,2 ,0.66,0.35
6673,1820,2601,7 ,23 ,4 ,21 ,1 ,2 ,2 ,0 ,5 ,8 ,2 ,1 ,0 ,14 ,0.63,0.76
6674,1685,1751,63 ,68 ,51 ,56 ,10 ,8 ,2 ,4 ,62 ,66 ,1 ,1 ,0 ,1 ,0.44,0.53
6675,1899,1840,47 ,42 ,41 ,30 ,1 ,9 ,5 ,3 ,32 ,36 ,2 ,3 ,13 ,3 ,0.59,0.42
6676,2569,1821,15 ,3 ,9 ,0 ,3 ,0 ,3 ,3 ,12 ,3 ,0 ,0 ,3 ,0 ,0.78,0.75
6677,2459,2608,109 ,86 ,80 ,64 ,29 ,6 ,0 ,16 ,104 ,83 ,2 ,3 ,3 ,0 ,0.62,0.59
6678,1900,2320,2 ,74 ,1 ,60 ,1 ,10 ,0 ,4 ,2 ,17 ,0 ,0 ,0 ,57 ,0.1,0.74
6679,2586,1883,3 ,2 ,2 ,1 ,0 ,1 ,1 ,0 ,2 ,2 ,1 ,0 ,0 ,0 ,0.75,0.4
6680,1872,1686,42 ,49 ,27 ,34 ,11 ,8 ,4 ,7 ,22 ,23 ,2 ,11 ,18 ,15 ,0.61,0.65
6681,2304,1981,11 ,19 ,6 ,17 ,2 ,2 ,3 ,0 ,8 ,5 ,0 ,0 ,3 ,14 ,0.5,0.52
6682,2281,2556,95 ,81 ,43 ,68 ,39 ,9 ,13 ,4 ,88 ,73 ,3 ,4 ,4 ,4 ,0.38,0.58
6683,1787,2123,9 ,6 ,6 ,6 ,1 ,0 ,2 ,0 ,7 ,6 ,2 ,0 ,0 ,0 ,0.56,0.66
6684,1687,2517,35 ,63 ,23 ,45 ,9 ,16 ,3 ,2 ,17 ,23 ,16 ,35 ,2 ,5 ,0.56,0.64
6685,1688,2179,6 ,17 ,6 ,11 ,0 ,2 ,0 ,4 ,3 ,12 ,0 ,0 ,3 ,5 ,0.23,0.43
6686,2451,2133,82 ,113 ,55 ,79 ,21 ,17 ,6 ,17 ,69 ,97 ,12 ,14 ,1 ,2 ,0.54,0.53
6687,2279,2065,116 ,90 ,87 ,31 ,17 ,24 ,12 ,35 ,111 ,90 ,2 ,0 ,3 ,0 ,0.6,0.46
6688,2656,1689,24 ,21 ,16 ,12 ,6 ,6 ,2 ,3 ,17 ,21 ,0 ,0 ,7 ,0 ,0.66,0.63
6689,1742,2285,2 ,3 ,0 ,1 ,0 ,1 ,2 ,1 ,2 ,3 ,0 ,0 ,0 ,0 ,0.66,0.6
6690,1958,2327,26 ,25 ,0 ,14 ,0 ,8 ,26 ,3 ,26 ,25 ,0 ,0 ,0 ,0 ,0.63,0.53
6691,1807,1876,81 ,147 ,65 ,116 ,15 ,18 ,1 ,13 ,78 ,138 ,3 ,9 ,0 ,0 ,0.57,0.46
6692,2671,2188,15 ,25 ,9 ,5 ,6 ,12 ,0 ,8 ,15 ,25 ,0 ,0 ,0 ,0 ,0.51,0.62
6693,2347,2443,199 ,127 ,152 ,64 ,19 ,42 ,28 ,21 ,175 ,109 ,24 ,18 ,0 ,0 ,0.53,0.42
6694,2520,2132,116 ,90 ,60 ,36 ,26 ,32 ,30 ,22 ,114 ,78 ,2 ,12 ,0 ,0 ,0.5,0.57
6695,1801,1752,15 ,32 ,8 ,28 ,4 ,1 ,3 ,3 ,14 ,4 ,1 ,7 ,0 ,21 ,0.45,0.54
6696,2305,1690,20 ,9 ,18 ,4 ,2 ,4 ,0 ,1 ,3 ,9 ,0 ,0 ,17 ,0 ,0.46,0.47
6697,2234,1954,29 ,21 ,16 ,15 ,13 ,4 ,0 ,2 ,27 ,20 ,1 ,1 ,1 ,0 ,0.4,0.29
6698,1692,1691,55 ,33 ,26 ,17 ,15 ,2 ,14 ,14 ,54 ,28 ,1 ,3 ,0 ,2 ,0.47,0.38
6699,2430,2525,15 ,8 ,10 ,2 ,5 ,0 ,0 ,6 ,12 ,8 ,1 ,0 ,2 ,0 ,0.38,0.32
6700,2436,2340,66 ,96 ,42 ,54 ,22 ,21 ,2 ,21 ,58 ,83 ,4 ,11 ,4 ,2 ,0.34,0.44
6701,2206,2429,54 ,27 ,18 ,14 ,9 ,5 ,27 ,8 ,53 ,27 ,1 ,0 ,0 ,0 ,0.51,0.11
6702,1732,1790,109 ,137 ,76 ,86 ,18 ,32 ,15 ,19 ,108 ,134 ,1 ,3 ,0 ,0 ,0.4,0.58
6703,2403,2111,28 ,42 ,4 ,21 ,11 ,12 ,13 ,9 ,24 ,39 ,2 ,3 ,2 ,0 ,0.37,0.43
6704,2441,2011,12 ,31 ,4 ,2 ,6 ,3 ,2 ,26 ,11 ,16 ,1 ,0 ,0 ,15 ,0.48,0.5
6705,1952,2343,54 ,64 ,31 ,32 ,12 ,27 ,11 ,5 ,50 ,62 ,4 ,1 ,0 ,1 ,0.49,0.4
6706,1946,1891,63 ,116 ,37 ,41 ,26 ,24 ,0 ,51 ,55 ,115 ,8 ,1 ,0 ,0 ,0.25,0.56
6707,1693,2160,52 ,49 ,35 ,23 ,7 ,7 ,10 ,19 ,50 ,35 ,2 ,3 ,0 ,11 ,0.52,0.43
6708,2361,1935,14 ,14 ,6 ,6 ,1 ,1 ,7 ,7 ,14 ,14 ,0 ,0 ,0 ,0 ,0.6,0.35
6709,1912,1923,28 ,10 ,21 ,6 ,6 ,4 ,1 ,0 ,2 ,1 ,2 ,3 ,24 ,6 ,0.77,0.83
6710,2498,1957,25 ,19 ,13 ,15 ,2 ,4 ,10 ,0 ,18 ,17 ,4 ,2 ,3 ,0 ,0.65,0.43
6711,2378,1748,17 ,11 ,8 ,6 ,9 ,2 ,0 ,3 ,9 ,9 ,4 ,0 ,4 ,2 ,0.48,0.5
6712,2096,2054,102 ,85 ,77 ,61 ,24 ,18 ,1 ,6 ,68 ,67 ,31 ,18 ,3 ,0 ,0.55,0.51
6713,1694,2591,42 ,113 ,16 ,72 ,6 ,36 ,20 ,5 ,28 ,68 ,13 ,41 ,1 ,4 ,0.52,0.6
6714,2247,2426,47 ,58 ,36 ,37 ,5 ,10 ,6 ,11 ,16 ,35 ,9 ,13 ,22 ,10 ,0.58,0.69
6715,1925,2245,38 ,23 ,13 ,18 ,12 ,3 ,13 ,2 ,30 ,20 ,6 ,0 ,2 ,3 ,0.43,0.41
6716,1905,2468,29 ,20 ,7 ,11 ,7 ,3 ,15 ,6 ,27 ,20 ,0 ,0 ,2 ,0 ,0.51,0.57
6717,2144,2040,22 ,23 ,18 ,18 ,3 ,0 ,1 ,5 ,15 ,21 ,7 ,1 ,0 ,1 ,0.62,0.5
6718,1695,2273,11 ,45 ,4 ,32 ,4 ,9 ,3 ,4 ,11 ,21 ,0 ,16 ,0 ,8 ,0.52,0.47
6719,1788,1926,52 ,39 ,26 ,21 ,14 ,18 ,12 ,0 ,35 ,25 ,17 ,13 ,0 ,1 ,0.55,0.35
6720,2589,2509,36 ,41 ,16 ,15 ,17 ,11 ,3 ,15 ,22 ,28 ,13 ,13 ,1 ,0 ,0.56,0.66
6721,1914,2461,12 ,12 ,5 ,3 ,3 ,6 ,4 ,3 ,10 ,7 ,1 ,3 ,1 ,2 ,0.41,0.54
6722,1776,1943,11 ,90 ,9 ,75 ,0 ,11 ,2 ,4 ,11 ,16 ,0 ,37 ,0 ,37 ,0.5,0.8
6723,2480,1696,97 ,51 ,62 ,21 ,4 ,18 ,31 ,12 ,87 ,43 ,5 ,6 ,5 ,2 ,0.61,0.3
6724,1845,1999,13 ,5 ,8 ,3 ,0 ,0 ,5 ,2 ,7 ,5 ,2 ,0 ,4 ,0 ,0.4,0.5
6725,2482,2215,43 ,50 ,16 ,37 ,23 ,10 ,4 ,3 ,21 ,31 ,21 ,7 ,1 ,12 ,0.4,0.57
6726,2152,2278,33 ,72 ,18 ,45 ,10 ,10 ,5 ,17 ,32 ,50 ,1 ,6 ,0 ,16 ,0.26,0.55
6727,2026,1833,24 ,9 ,20 ,5 ,3 ,3 ,1 ,1 ,19 ,6 ,2 ,3 ,3 ,0 ,0.46,0.27
6728,2317,1697,26 ,5 ,24 ,4 ,1 ,1 ,1 ,0 ,15 ,5 ,4 ,0 ,7 ,0 ,0.59,0.62
6729,2328,2375,17 ,16 ,14 ,5 ,2 ,9 ,1 ,2 ,4 ,9 ,8 ,7 ,5 ,0 ,0.43,0.72
6730,2276,2459,100 ,43 ,48 ,18 ,25 ,25 ,27 ,0 ,99 ,41 ,1 ,2 ,0 ,0 ,0.39,0.34
6731,2566,2222,4 ,3 ,2 ,0 ,1 ,1 ,1 ,2 ,4 ,3 ,0 ,0 ,0 ,0 ,0.4,0.6
6732,1795,1830,25 ,63 ,14 ,28 ,10 ,26 ,1 ,9 ,8 ,34 ,9 ,29 ,8 ,0 ,0.48,0.64
6733,1739,1992,51 ,38 ,44 ,26 ,7 ,3 ,0 ,9 ,23 ,31 ,25 ,6 ,3 ,1 ,0.53,0.54
6734,2617,1789,101 ,78 ,31 ,33 ,52 ,22 ,18 ,23 ,91 ,70 ,8 ,7 ,2 ,1 ,0.43,0.4
6735,2260,2313,83 ,64 ,74 ,32 ,7 ,20 ,2 ,12 ,64 ,58 ,12 ,6 ,7 ,0 ,0.54,0.56
6736,2128,2616,61 ,34 ,24 ,23 ,27 ,8 ,10 ,3 ,32 ,23 ,24 ,11 ,5 ,0 ,0.53,0.59
6737,2051,2213,47 ,58 ,28 ,51 ,12 ,5 ,7 ,2 ,45 ,30 ,2 ,2 ,0 ,26 ,0.4,0.52
6738,2437,1766,62 ,37 ,38 ,24 ,20 ,8 ,4 ,5 ,60 ,31 ,0 ,1 ,2 ,5 ,0.41,0.54
6739,2359,1962,106 ,74 ,92 ,32 ,14 ,21 ,0 ,21 ,98 ,60 ,7 ,9 ,1 ,5 ,0.54,0.32
6740,2189,2049,46 ,18 ,31 ,6 ,6 ,5 ,9 ,7 ,23 ,17 ,1 ,0 ,22 ,1 ,0.58,0.5
6741,2295,2315,8 ,10 ,7 ,9 ,1 ,0 ,0 ,1 ,7 ,10 ,1 ,0 ,0 ,0 ,0.66,0.71
6742,2325,2143,4 ,15 ,2 ,15 ,1 ,0 ,1 ,0 ,4 ,14 ,0 ,0 ,0 ,1 ,0.66,0.62
6743,2420,2091,58 ,53 ,43 ,24 ,12 ,3 ,3 ,26 ,47 ,48 ,0 ,0 ,11 ,5 ,0.38,0.48
6744,2077,1800,60 ,85 ,54 ,67 ,6 ,10 ,0 ,8 ,59 ,57 ,1 ,0 ,0 ,28 ,0.38,0.55
6745,2604,1849,4 ,8 ,1 ,6 ,0 ,0 ,3 ,2 ,4 ,2 ,0 ,0 ,0 ,6 ,1.0,0.61
6746,1942,1698,13 ,13 ,11 ,5 ,1 ,2 ,1 ,6 ,12 ,11 ,0 ,2 ,1 ,0 ,0.59,0.38
6747,1978,1792,7 ,2 ,4 ,0 ,2 ,2 ,1 ,0 ,6 ,2 ,0 ,0 ,1 ,0 ,0.7,0.25
6748,1699,2365,3 ,22 ,1 ,18 ,2 ,4 ,0 ,0 ,3 ,10 ,0 ,0 ,0 ,12 ,0.27,0.59
6749,2510,1767,18 ,9 ,15 ,6 ,3 ,1 ,0 ,2 ,14 ,9 ,3 ,0 ,1 ,0 ,0.48,0.56
6750,1768,2392,8 ,33 ,1 ,33 ,6 ,0 ,1 ,0 ,2 ,9 ,6 ,0 ,0 ,24 ,0.34,0.67
6751,2174,2373,30 ,54 ,16 ,43 ,5 ,5 ,9 ,6 ,28 ,25 ,1 ,4 ,1 ,25 ,0.62,0.63
6752,2084,1860,12 ,32 ,11 ,14 ,1 ,9 ,0 ,9 ,9 ,31 ,1 ,1 ,2 ,0 ,0.3,0.64
6753,2549,2396,97 ,121 ,56 ,113 ,26 ,5 ,15 ,3 ,91 ,103 ,6 ,17 ,0 ,1 ,0.47,0.57
6754,1700,2087,53 ,89 ,28 ,68 ,13 ,12 ,12 ,9 ,43 ,52 ,8 ,19 ,2 ,18 ,0.56,0.58
6755,2619,2110,63 ,27 ,43 ,10 ,13 ,6 ,7 ,11 ,42 ,27 ,5 ,0 ,16 ,0 ,0.42,0.39
6756,1701,1901,1 ,3 ,0 ,2 ,1 ,0 ,0 ,1 ,1 ,3 ,0 ,0 ,0 ,0 ,0.08,0.25
6757,2384,1811,15 ,13 ,7 ,7 ,7 ,3 ,1 ,3 ,15 ,12 ,0 ,0 ,0 ,1 ,0.36,0.52
6758,1885,1702,37 ,22 ,26 ,17 ,6 ,4 ,5 ,1 ,14 ,21 ,2 ,1 ,21 ,0 ,0.61,0.46
6759,1778,1703,48 ,39 ,16 ,17 ,17 ,4 ,15 ,18 ,47 ,38 ,1 ,1 ,0 ,0 ,0.34,0.29
6760,2106,2101,66 ,118 ,50 ,49 ,3 ,51 ,13 ,18 ,65 ,116 ,1 ,2 ,0 ,0 ,0.35,0.43
6761,2252,2553,85 ,92 ,54 ,72 ,30 ,19 ,1 ,1 ,74 ,85 ,8 ,7 ,3 ,0 ,0.38,0.38
6762,2059,2629,29 ,46 ,17 ,28 ,6 ,9 ,6 ,9 ,27 ,36 ,2 ,0 ,0 ,10 ,0.35,0.4
6763,2348,2074,20 ,4 ,15 ,3 ,4 ,0 ,1 ,1 ,6 ,4 ,0 ,0 ,14 ,0 ,0.57,0.26
6764,1861,2568,14 ,79 ,4 ,41 ,3 ,31 ,7 ,7 ,13 ,24 ,1 ,9 ,0 ,46 ,0.26,0.74
6765,1930,2127,86 ,66 ,52 ,42 ,9 ,15 ,25 ,9 ,81 ,64 ,5 ,2 ,0 ,0 ,0.39,0.36
6766,2561,2234,91 ,71 ,73 ,62 ,10 ,8 ,8 ,1 ,52 ,50 ,22 ,1 ,17 ,20 ,0.49,0.4
6767,2418,1704,61 ,92 ,35 ,54 ,13 ,16 ,13 ,22 ,54 ,89 ,5 ,1 ,2 ,2 ,0.39,0.36
6768,1865,1932,22 ,58 ,14 ,48 ,3 ,9 ,5 ,1 ,16 ,15 ,2 ,2 ,4 ,41 ,0.48,0.69
6769,2201,1749,72 ,88 ,51 ,63 ,14 ,20 ,7 ,5 ,61 ,73 ,11 ,13 ,0 ,2 ,0.54,0.52
6770,2369,1705,12 ,11 ,10 ,2 ,1 ,4 ,1 ,5 ,3 ,11 ,0 ,0 ,9 ,0 ,0.66,0.73
6771,1836,2079,87 ,129 ,74 ,88 ,9 ,27 ,4 ,14 ,80 ,95 ,6 ,11 ,1 ,23 ,0.48,0.55
6772,2039,1706,73 ,91 ,53 ,46 ,17 ,14 ,3 ,31 ,70 ,85 ,3 ,3 ,0 ,3 ,0.46,0.51
6773,1707,2655,36 ,116 ,21 ,67 ,11 ,41 ,4 ,8 ,29 ,86 ,7 ,26 ,0 ,4 ,0.44,0.66
6774,2504,1956,47 ,40 ,30 ,24 ,10 ,7 ,7 ,9 ,43 ,21 ,2 ,9 ,2 ,10 ,0.47,0.45
6775,1869,1708,6 ,2 ,5 ,0 ,1 ,0 ,0 ,2 ,4 ,2 ,0 ,0 ,2 ,0 ,0.54,0.5
6776,1709,1909,26 ,39 ,7 ,29 ,5 ,5 ,14 ,5 ,22 ,14 ,4 ,4 ,0 ,21 ,0.61,0.48
6777,2060,2297,38 ,57 ,11 ,20 ,21 ,10 ,6 ,27 ,35 ,43 ,3 ,14 ,0 ,0 ,0.56,0.38
6778,2567,1710,73 ,51 ,37 ,23 ,33 ,23 ,3 ,5 ,53 ,48 ,3 ,2 ,17 ,1 ,0.7,0.72
6779,2083,2259,83 ,55 ,61 ,20 ,17 ,22 ,5 ,13 ,46 ,42 ,15 ,7 ,22 ,6 ,0.61,0.73
6780,1849,2407,15 ,16 ,9 ,7 ,3 ,9 ,3 ,0 ,5 ,8 ,3 ,6 ,7 ,2 ,0.68,0.47
6781,1711,2405,6 ,19 ,5 ,17 ,1 ,0 ,0 ,2 ,6 ,15 ,0 ,0 ,0 ,4 ,0.22,0.4
6782,2344,2028,42 ,20 ,35 ,13 ,5 ,7 ,2 ,0 ,24 ,17 ,2 ,3 ,16 ,0 ,0.62,0.54
6783,2288,1888,60 ,28 ,34 ,13 ,13 ,9 ,13 ,6 ,45 ,25 ,2 ,0 ,13 ,3 ,0.55,0.29
6784,1831,2218,73 ,64 ,26 ,41 ,18 ,19 ,29 ,4 ,72 ,60 ,1 ,4 ,0 ,0 ,0.37,0.36
6785,2185,2160,7 ,0 ,6 ,0 ,1 ,0 ,0 ,0 ,3 ,0 ,2 ,0 ,2 ,0 ,1.0,0.0
6786,2591,2480,86 ,97 ,56 ,61 ,29 ,14 ,1 ,22 ,55 ,78 ,30 ,16 ,1 ,3 ,0.42,0.48
6787,2651,1917,32 ,20 ,14 ,10 ,10 ,8 ,8 ,2 ,27 ,15 ,2 ,5 ,3 ,0 ,0.45,0.37
6788,1712,2654,39 ,59 ,29 ,37 ,6 ,12 ,4 ,10 ,38 ,55 ,1 ,4 ,0 ,0 ,0.3,0.48
6789,2153,2665,51 ,46 ,40 ,27 ,9 ,8 ,2 ,11 ,36 ,44 ,8 ,2 ,7 ,0 ,0.46,0.26
6790,2115,2287,74 ,33 ,49 ,15 ,6 ,7 ,19 ,11 ,72 ,33 ,0 ,0 ,2 ,0 ,0.44,0.28
6791,2221,2636,110 ,29 ,64 ,17 ,30 ,4 ,16 ,8 ,108 ,26 ,0 ,1 ,2 ,2 ,0.65,0.32
6792,1713,1853,44 ,23 ,14 ,10 ,10 ,5 ,20 ,8 ,41 ,22 ,3 ,1 ,0 ,0 ,0.4,0.34
6793,2093,2063,45 ,38 ,10 ,15 ,17 ,17 ,18 ,6 ,37 ,20 ,6 ,12 ,2 ,6 ,0.57,0.54
6794,1953,2046,39 ,49 ,25 ,30 ,8 ,6 ,6 ,13 ,35 ,43 ,0 ,0 ,4 ,6 ,0.27,0.37
6795,2618,1714,52 ,20 ,32 ,12 ,8 ,7 ,12 ,1 ,33 ,18 ,6 ,2 ,13 ,0 ,0.47,0.21
6796,1834,2212,51 ,54 ,40 ,48 ,10 ,1 ,1 ,5 ,28 ,25 ,13 ,1 ,10 ,28 ,0.52,0.55
6797,1915,1868,73 ,60 ,53 ,44 ,19 ,13 ,1 ,3 ,52 ,56 ,15 ,4 ,6 ,0 ,0.45,0.54
6798,2367,1880,17 ,1 ,17 ,0 ,0 ,0 ,0 ,1 ,0 ,1 ,0 ,0 ,17 ,0 ,0.7,1.0
6799,1823,2514,74 ,92 ,43 ,60 ,18 ,28 ,13 ,4 ,57 ,59 ,16 ,24 ,1 ,9 ,0.5,0.48
6800,2563,2463,3 ,3 ,3 ,2 ,0 ,0 ,0 ,1 ,1 ,2 ,1 ,0 ,1 ,1 ,1.0,0.6
6801,1931,2406,37 ,39 ,24 ,26 ,5 ,7 ,8 ,6 ,19 ,31 ,3 ,0 ,15 ,8 ,0.52,0.41
6802,1925,2104,78 ,88 ,25 ,54 ,23 ,17 ,30 ,17 ,78 ,88 ,0 ,0 ,0 ,0 ,0.44,0.47
6803,2672,2558,0 ,0 ,0 ,0 ,0 ,0 ,0 ,0 ,0 ,0 ,0 ,0 ,0 ,0 ,0.0,0.0
6804,1715,1916,101 ,80 ,71 ,23 ,21 ,23 ,9 ,34 ,99 ,80 ,2 ,0 ,0 ,0 ,0.46,0.46
6805,2086,1716,24 ,15 ,22 ,7 ,1 ,4 ,1 ,4 ,15 ,15 ,0 ,0 ,9 ,0 ,0.53,0.37
6806,1772,2355,33 ,80 ,17 ,50 ,2 ,24 ,14 ,6 ,30 ,69 ,3 ,6 ,0 ,5 ,0.29,0.53
6807,1908,2467,39 ,4 ,36 ,0 ,3 ,1 ,0 ,3 ,9 ,4 ,5 ,0 ,25 ,0 ,0.67,0.28
6808,1991,2416,71 ,52 ,22 ,19 ,7 ,21 ,42 ,12 ,71 ,52 ,0 ,0 ,0 ,0 ,0.42,0.29
6809,2238,2161,19 ,48 ,13 ,31 ,2 ,11 ,4 ,6 ,13 ,14 ,6 ,8 ,0 ,26 ,0.55,0.71
6810,1959,1717,25 ,10 ,10 ,5 ,2 ,3 ,13 ,2 ,25 ,9 ,0 ,1 ,0 ,0 ,0.54,0.26
6811,1966,2652,11 ,1 ,11 ,1 ,0 ,0 ,0 ,0 ,3 ,1 ,1 ,0 ,7 ,0 ,0.55,0.33
6812,2397,2364,39 ,25 ,31 ,16 ,8 ,9 ,0 ,0 ,18 ,15 ,8 ,10 ,13 ,0 ,0.65,0.47
6813,2580,1955,62 ,36 ,40 ,32 ,13 ,4 ,9 ,0 ,59 ,30 ,1 ,4 ,2 ,2 ,0.53,0.41
6814,2519,1718,14 ,11 ,12 ,4 ,1 ,2 ,1 ,5 ,13 ,11 ,0 ,0 ,1 ,0 ,0.31,0.36
6815,2466,1912,59 ,81 ,48 ,38 ,6 ,17 ,5 ,26 ,59 ,80 ,0 ,1 ,0 ,0 ,0.41,0.47
6816,2386,2435,44 ,48 ,13 ,34 ,28 ,13 ,3 ,1 ,19 ,24 ,25 ,17 ,0 ,7 ,0.67,0.53
6817,2187,2326,94 ,54 ,62 ,36 ,17 ,13 ,15 ,5 ,86 ,44 ,5 ,10 ,3 ,0 ,0.42,0.37
6818,1774,1719,8 ,2 ,1 ,0 ,3 ,2 ,4 ,0 ,8 ,2 ,0 ,0 ,0 ,0 ,0.61,0.28
6819,2123,2042,12 ,38 ,5 ,34 ,3 ,4 ,4 ,0 ,12 ,17 ,0 ,0 ,0 ,21 ,0.44,0.54
6820,1720,2207,3 ,3 ,3 ,1 ,0 ,1 ,0 ,1 ,0 ,2 ,0 ,0 ,3 ,1 ,0.5,0.5
6821,2155,1721,45 ,39 ,26 ,22 ,12 ,11 ,7 ,6 ,38 ,39 ,0 ,0 ,7 ,0 ,0.5,0.46
6822,1794,1722,38 ,28 ,32 ,9 ,6 ,7 ,0 ,12 ,18 ,27 ,5 ,1 ,15 ,0 ,0.79,0.4
6823,2574,2183,57 ,69 ,45 ,52 ,8 ,14 ,4 ,3 ,41 ,53 ,8 ,14 ,8 ,2 ,0.53,0.51
6824,2094,2250,65 ,63 ,53 ,29 ,5 ,10 ,7 ,24 ,27 ,62 ,1 ,0 ,37 ,1 ,0.48,0.53
6825,2067,1760,9 ,3 ,1 ,0 ,8 ,3 ,0 ,0 ,2 ,1 ,7 ,2 ,0 ,0 ,1.0,1.0
6826,2611,1771,73 ,11 ,51 ,5 ,19 ,3 ,3 ,3 ,39 ,11 ,2 ,0 ,32 ,0 ,0.61,0.19
6827,2557,1723,60 ,40 ,30 ,20 ,10 ,9 ,20 ,11 ,56 ,33 ,0 ,0 ,4 ,7 ,0.42,0.59
6828,2220,2038,61 ,113 ,45 ,53 ,10 ,14 ,6 ,46 ,52 ,100 ,3 ,6 ,6 ,7 ,0.4,0.57
6829,1724,1856,10 ,22 ,8 ,12 ,2 ,8 ,0 ,2 ,9 ,13 ,1 ,6 ,0 ,3 ,0.66,0.66
6830,2669,2031,22 ,19 ,14 ,13 ,5 ,5 ,3 ,1 ,15 ,12 ,3 ,3 ,4 ,4 ,0.61,0.63
6831,2445,2444,83 ,69 ,32 ,55 ,42 ,11 ,9 ,3 ,47 ,55 ,33 ,14 ,3 ,0 ,0.51,0.44
6832,2303,1998,4 ,1 ,2 ,0 ,0 ,0 ,2 ,1 ,0 ,1 ,4 ,0 ,0 ,0 ,0.5,0.5
6833,1725,2630,34 ,83 ,29 ,78 ,4 ,4 ,1 ,1 ,34 ,66 ,0 ,4 ,0 ,13 ,0.33,0.5
6834,1769,1726,87 ,76 ,45 ,43 ,25 ,16 ,17 ,17 ,82 ,69 ,3 ,3 ,2 ,4 ,0.54,0.41
6835,1727,2277,5 ,8 ,2 ,6 ,2 ,2 ,1 ,0 ,3 ,4 ,2 ,1 ,0 ,3 ,0.62,0.47
6836,1773,2033,60 ,55 ,40 ,23 ,8 ,22 ,12 ,10 ,42 ,51 ,15 ,4 ,3 ,0 ,0.65,0.43
6837,1765,2157,25 ,61 ,20 ,49 ,5 ,12 ,0 ,0 ,7 ,19 ,7 ,28 ,11 ,14 ,0.6,0.76
6838,2562,1967,51 ,62 ,10 ,40 ,9 ,15 ,32 ,7 ,48 ,37 ,3 ,12 ,0 ,13 ,0.64,0.6
6839,2518,2089,153 ,126 ,101 ,103 ,33 ,17 ,19 ,6 ,143 ,124 ,9 ,0 ,1 ,2 ,0.49,0.47
6840,2121,1763,54 ,36 ,31 ,15 ,13 ,20 ,10 ,1 ,24 ,18 ,15 ,16 ,15 ,2 ,0.72,0.6
6841,1914,1852,21 ,17 ,13 ,15 ,8 ,2 ,0 ,0 ,9 ,5 ,0 ,5 ,12 ,7 ,0.7,0.44
6842,2011,1879,118 ,58 ,31 ,38 ,35 ,9 ,52 ,11 ,106 ,50 ,12 ,8 ,0 ,0 ,0.47,0.36
6843,1797,1728,40 ,38 ,29 ,22 ,5 ,13 ,6 ,3 ,36 ,25 ,3 ,12 ,1 ,1 ,0.59,0.38
6844,2278,2317,42 ,57 ,35 ,42 ,3 ,12 ,4 ,3 ,34 ,38 ,5 ,12 ,3 ,7 ,0.51,0.47
6845,1857,2441,14 ,19 ,10 ,13 ,3 ,1 ,1 ,5 ,7 ,10 ,0 ,0 ,7 ,9 ,0.4,0.59
6846,2280,2666,80 ,58 ,64 ,40 ,11 ,4 ,5 ,14 ,79 ,57 ,1 ,1 ,0 ,0 ,0.38,0.49
6847,1874,2205,76 ,98 ,35 ,58 ,21 ,16 ,20 ,24 ,72 ,96 ,4 ,2 ,0 ,0 ,0.26,0.35
6848,2644,2556,59 ,33 ,35 ,22 ,15 ,9 ,9 ,2 ,52 ,29 ,2 ,4 ,5 ,0 ,0.45,0.4
6849,2296,2327,58 ,84 ,24 ,63 ,13 ,6 ,21 ,15 ,47 ,80 ,5 ,4 ,6 ,0 ,0.6,0.51
6850,2620,1729,72 ,8 ,56 ,3 ,13 ,2 ,3 ,3 ,17 ,8 ,2 ,0 ,53 ,0 ,0.77,0.3
6851,2442,2263,19 ,30 ,7 ,25 ,12 ,5 ,0 ,0 ,10 ,21 ,7 ,5 ,2 ,4 ,0.48,0.73
6852,2126,1730,9 ,18 ,8 ,9 ,0 ,6 ,1 ,3 ,8 ,12 ,0 ,6 ,1 ,0 ,0.39,0.69
6853,2601,1731,17 ,12 ,13 ,6 ,3 ,5 ,1 ,1 ,7 ,7 ,0 ,0 ,10 ,5 ,0.45,0.41
6854,2506,2235,10 ,29 ,7 ,19 ,2 ,7 ,1 ,3 ,10 ,26 ,0 ,0 ,0 ,3 ,0.33,0.65
6855,1785,2216,20 ,18 ,8 ,13 ,5 ,0 ,7 ,5 ,19 ,14 ,0 ,0 ,1 ,4 ,0.5,0.54
6856,1904,1863,2 ,6 ,1 ,3 ,0 ,1 ,1 ,2 ,2 ,5 ,0 ,0 ,0 ,1 ,0.4,0.54
6857,1851,2486,11 ,18 ,5 ,15 ,5 ,2 ,1 ,1 ,11 ,14 ,0 ,2 ,0 ,2 ,0.42,0.42
6858,2361,2186,120 ,85 ,69 ,49 ,27 ,18 ,24 ,18 ,116 ,80 ,4 ,5 ,0 ,0 ,0.47,0.35
6859,1907,2525,24 ,10 ,8 ,7 ,11 ,1 ,5 ,2 ,20 ,9 ,4 ,1 ,0 ,0 ,0.44,0.5
6860,2667,1732,73 ,56 ,41 ,12 ,26 ,5 ,6 ,39 ,73 ,52 ,0 ,4 ,0 ,0 ,0.46,0.4
6861,1936,2598,47 ,42 ,18 ,25 ,18 ,9 ,11 ,8 ,37 ,35 ,7 ,1 ,3 ,6 ,0.4,0.53
6862,2098,2322,14 ,28 ,5 ,21 ,6 ,2 ,3 ,5 ,14 ,27 ,0 ,0 ,0 ,1 ,0.24,0.41
6863,1947,1733,17 ,13 ,6 ,3 ,7 ,5 ,4 ,5 ,13 ,10 ,4 ,3 ,0 ,0 ,0.58,0.92
6864,1734,1950,69 ,90 ,31 ,45 ,22 ,24 ,16 ,21 ,67 ,65 ,2 ,2 ,0 ,23 ,0.46,0.53
6865,1735,1837,56 ,78 ,42 ,55 ,12 ,16 ,2 ,7 ,46 ,72 ,7 ,3 ,3 ,3 ,0.36,0.34
6866,2044,1842,11 ,6 ,10 ,0 ,1 ,3 ,0 ,3 ,9 ,6 ,0 ,0 ,2 ,0 ,0.61,0.42
6867,2371,1736,44 ,17 ,20 ,6 ,12 ,2 ,12 ,9 ,32 ,13 ,0 ,0 ,12 ,4 ,0.65,0.68
6868,2082,1737,63 ,29 ,43 ,20 ,14 ,5 ,6 ,4 ,38 ,29 ,3 ,0 ,22 ,0 ,0.58,0.35
6869,2658,1846,33 ,15 ,17 ,11 ,5 ,3 ,11 ,1 ,25 ,11 ,1 ,0 ,7 ,4 ,0.67,0.5
6870,2275,1900,4 ,4 ,4 ,2 ,0 ,1 ,0 ,1 ,2 ,3 ,0 ,0 ,2 ,1 ,0.44,0.4
6871,1738,1899,5 ,19 ,0 ,19 ,2 ,0 ,3 ,0 ,5 ,4 ,0 ,0 ,0 ,15 ,1.0,0.52
6872,2304,2104,57 ,66 ,38 ,36 ,16 ,15 ,3 ,15 ,46 ,63 ,10 ,3 ,1 ,0 ,0.52,0.61
6873,2053,2468,19 ,29 ,6 ,16 ,3 ,10 ,10 ,3 ,18 ,25 ,0 ,3 ,1 ,1 ,0.36,0.54
6874,2569,1739,14 ,2 ,8 ,0 ,2 ,1 ,4 ,1 ,12 ,2 ,0 ,0 ,2 ,0 ,0.6,0.14
6875,1881,2612,26 ,48 ,13 ,39 ,8 ,5 ,5 ,4 ,25 ,33 ,1 ,4 ,0 ,11 ,0.2,0.45
6876,1740,2019,32 ,26 ,28 ,19 ,2 ,3 ,2 ,4 ,21 ,25 ,1 ,1 ,10 ,0 ,0.6,0.35
6877,2191,1741,74 ,77 ,55 ,46 ,13 ,24 ,6 ,7 ,71 ,75 ,3 ,2 ,0 ,0 ,0.36,0.29
6878,2204,1984,11 ,10 ,10 ,6 ,1 ,4 ,0 ,0 ,7 ,10 ,2 ,0 ,2 ,0 ,0.4,0.45
6879,2166,1848,42 ,41 ,32 ,22 ,9 ,12 ,1 ,7 ,32 ,38 ,3 ,0 ,7 ,3 ,0.43,0.47
6880,2257,2026,25 ,7 ,22 ,2 ,1 ,3 ,2 ,2 ,7 ,7 ,0 ,0 ,18 ,0 ,0.65,0.53
6881,2564,2609,5 ,8 ,1 ,7 ,4 ,1 ,0 ,0 ,5 ,7 ,0 ,0 ,0 ,1 ,0.41,0.47
6882,1742,2546,14 ,10 ,6 ,10 ,6 ,0 ,2 ,0 ,14 ,10 ,0 ,0 ,0 ,0 ,0.56,0.3
6883,2345,2156,29 ,5 ,8 ,1 ,13 ,3 ,8 ,1 ,24 ,5 ,0 ,0 ,5 ,0 ,0.46,0.27
6884,1743,2177,2 ,10 ,0 ,6 ,0 ,0 ,2 ,4 ,2 ,10 ,0 ,0 ,0 ,0 ,0.16,0.5
6885,2105,2041,38 ,43 ,34 ,32 ,2 ,10 ,2 ,1 ,32 ,25 ,3 ,2 ,3 ,16 ,0.5,0.43
6886,1937,2261,6 ,37 ,6 ,20 ,0 ,8 ,0 ,9 ,6 ,24 ,0 ,0 ,0 ,13 ,0.18,0.47
6887,2520,2188,86 ,91 ,41 ,42 ,21 ,27 ,24 ,22 ,77 ,76 ,3 ,14 ,6 ,1 ,0.53,0.57
6888,2324,2298,45 ,18 ,26 ,8 ,7 ,7 ,12 ,3 ,41 ,13 ,1 ,5 ,3 ,0 ,0.62,0.38
6889,1902,1859,19 ,21 ,10 ,13 ,4 ,1 ,5 ,7 ,16 ,20 ,2 ,0 ,1 ,1 ,0.55,0.47
6890,2078,1798,55 ,83 ,44 ,55 ,5 ,20 ,6 ,8 ,18 ,80 ,3 ,3 ,34 ,0 ,0.68,0.53
6891,2429,1744,68 ,41 ,65 ,33 ,1 ,5 ,2 ,3 ,28 ,23 ,5 ,5 ,35 ,13 ,0.59,0.5
6892,2627,2237,39 ,38 ,28 ,28 ,9 ,4 ,2 ,6 ,36 ,38 ,3 ,0 ,0 ,0 ,0.29,0.36
6893,1841,1870,109 ,80 ,84 ,55 ,14 ,14 ,11 ,11 ,101 ,78 ,8 ,2 ,0 ,0 ,0.43,0.29
6894,2461,1802,115 ,119 ,64 ,36 ,41 ,34 ,10 ,49 ,101 ,112 ,14 ,6 ,0 ,1 ,0.55,0.5
6895,2646,1817,33 ,5 ,23 ,2 ,9 ,1 ,1 ,2 ,27 ,4 ,2 ,1 ,4 ,0 ,0.55,0.15
6896,1835,2245,17 ,56 ,10 ,38 ,4 ,14 ,3 ,4 ,14 ,35 ,3 ,3 ,0 ,18 ,0.25,0.58
6897,1790,2667,66 ,147 ,25 ,124 ,16 ,17 ,25 ,6 ,66 ,142 ,0 ,5 ,0 ,0 ,0.37,0.52
6898,2305,2463,24 ,9 ,22 ,7 ,2 ,0 ,0 ,2 ,15 ,8 ,0 ,0 ,9 ,1 ,0.57,0.34
6899,1930,2034,67 ,36 ,54 ,20 ,6 ,12 ,7 ,4 ,38 ,28 ,7 ,8 ,22 ,0 ,0.43,0.6
6900,1745,2600,31 ,23 ,20 ,20 ,4 ,2 ,7 ,1 ,24 ,15 ,2 ,2 ,5 ,6 ,0.65,0.28
6901,1875,1812,67 ,49 ,22 ,26 ,25 ,10 ,20 ,13 ,66 ,41 ,1 ,5 ,0 ,3 ,0.49,0.31
6902,2037,1943,57 ,110 ,47 ,80 ,9 ,18 ,1 ,12 ,49 ,66 ,8 ,14 ,0 ,30 ,0.29,0.49
6903,2436,1845,83 ,55 ,37 ,21 ,37 ,24 ,9 ,10 ,79 ,52 ,3 ,3 ,1 ,0 ,0.45,0.43
6904,1976,1746,66 ,65 ,30 ,55 ,23 ,5 ,13 ,5 ,58 ,60 ,5 ,5 ,3 ,0 ,0.36,0.39
6905,2252,1891,182 ,71 ,95 ,49 ,73 ,18 ,14 ,4 ,130 ,62 ,52 ,9 ,0 ,0 ,0.52,0.41
6906,2515,2377,110 ,63 ,66 ,49 ,16 ,7 ,28 ,7 ,88 ,57 ,14 ,6 ,8 ,0 ,0.44,0.45
6907,2450,2254,49 ,37 ,27 ,14 ,14 ,8 ,8 ,15 ,23 ,35 ,6 ,2 ,20 ,0 ,0.52,0.46
6908,2276,2486,47 ,25 ,16 ,23 ,11 ,2 ,20 ,0 ,43 ,12 ,3 ,1 ,1 ,12 ,0.59,0.46
6909,2636,2143,2 ,23 ,2 ,23 ,0 ,0 ,0 ,0 ,2 ,16 ,0 ,1 ,0 ,6 ,0.2,0.52
6910,1948,2247,32 ,20 ,23 ,16 ,6 ,3 ,3 ,1 ,18 ,20 ,0 ,0 ,14 ,0 ,0.76,0.33
6911,1876,1952,14 ,20 ,6 ,3 ,4 ,17 ,4 ,0 ,10 ,3 ,2 ,3 ,2 ,14 ,0.48,0.8
6912,2099,2558,163 ,119 ,103 ,52 ,42 ,23 ,18 ,44 ,150 ,97 ,13 ,22 ,0 ,0 ,0.62,0.56
6913,2045,1747,53 ,11 ,38 ,8 ,9 ,1 ,6 ,2 ,23 ,8 ,9 ,1 ,21 ,2 ,0.59,0.37
6914,1840,2399,24 ,21 ,20 ,12 ,4 ,6 ,0 ,3 ,13 ,13 ,6 ,7 ,5 ,1 ,0.63,0.72
6915,1985,2615,87 ,48 ,61 ,33 ,17 ,5 ,9 ,10 ,52 ,34 ,21 ,8 ,14 ,6 ,0.57,0.51
6916,2459,2665,36 ,50 ,25 ,27 ,3 ,15 ,8 ,8 ,29 ,48 ,1 ,2 ,6 ,0 ,0.41,0.3
6917,2180,1748,54 ,23 ,31 ,6 ,20 ,11 ,3 ,6 ,37 ,22 ,7 ,1 ,10 ,0 ,0.5,0.47
6918,2000,1822,12 ,1 ,12 ,1 ,0 ,0 ,0 ,0 ,9 ,1 ,0 ,0 ,3 ,0 ,0.57,1.0
6919,2438,1749,3 ,4 ,2 ,3 ,0 ,0 ,1 ,1 ,3 ,4 ,0 ,0 ,0 ,0 ,0.42,0.5
6920,2112,2092,36 ,40 ,22 ,34 ,11 ,5 ,3 ,1 ,34 ,29 ,1 ,3 ,1 ,8 ,0.43,0.51
6921,1750,2133,35 ,86 ,26 ,69 ,6 ,4 ,3 ,13 ,29 ,28 ,1 ,25 ,5 ,33 ,0.5,0.58
6922,2056,2359,66 ,38 ,31 ,34 ,26 ,4 ,9 ,0 ,65 ,34 ,0 ,0 ,1 ,4 ,0.42,0.29
6923,2328,2655,63 ,60 ,33 ,32 ,13 ,14 ,17 ,14 ,54 ,53 ,8 ,5 ,1 ,2 ,0.4,0.58
6924,2292,2189,55 ,78 ,19 ,49 ,11 ,19 ,25 ,10 ,50 ,50 ,5 ,6 ,0 ,22 ,0.47,0.42
6925,1751,1784,30 ,26 ,7 ,10 ,8 ,7 ,15 ,9 ,16 ,25 ,9 ,1 ,5 ,0 ,0.28,0.24
6926,1799,2310,33 ,58 ,17 ,33 ,6 ,19 ,10 ,6 ,31 ,44 ,1 ,5 ,1 ,9 ,0.35,0.48
6927,1978,2147,3 ,43 ,1 ,38 ,1 ,2 ,1 ,3 ,3 ,8 ,0 ,2 ,0 ,33 ,0.18,0.63
6928,2616,2140,49 ,25 ,29 ,16 ,11 ,8 ,9 ,1 ,28 ,23 ,11 ,1 ,10 ,1 ,0.5,0.17
6929,2111,1752,7 ,11 ,3 ,8 ,3 ,3 ,1 ,0 ,3 ,5 ,4 ,0 ,0 ,6 ,0.38,0.36
6930,2169,1962,32 ,45 ,23 ,34 ,6 ,7 ,3 ,4 ,30 ,26 ,2 ,6 ,0 ,13 ,0.35,0.38
6931,1753,1942,33 ,22 ,20 ,17 ,8 ,3 ,5 ,2 ,23 ,18 ,3 ,2 ,7 ,2 ,0.44,0.27
6932,2430,2365,0 ,15 ,0 ,13 ,0 ,2 ,0 ,0 ,0 ,0 ,0 ,0 ,0 ,15 ,0.0,0.51
6933,2437,2664,34 ,73 ,16 ,50 ,9 ,17 ,9 ,6 ,33 ,72 ,0 ,1 ,1 ,0 ,0.28,0.51
6934,1890,2514,16 ,10 ,9 ,2 ,3 ,3 ,4 ,5 ,13 ,10 ,0 ,0 ,3 ,0 ,0.53,0.45
6935,2369,2532,37 ,17 ,23 ,6 ,10 ,6 ,4 ,5 ,23 ,16 ,0 ,1 ,14 ,0 ,0.45,0.23
6936,2281,1805,34 ,36 ,14 ,18 ,12 ,15 ,8 ,3 ,31 ,26 ,2 ,10 ,1 ,0 ,0.41,0.41
6937,2132,2671,141 ,152 ,57 ,126 ,60 ,24 ,24 ,2 ,141 ,152 ,0 ,0 ,0 ,0 ,0.45,0.38
6938,2461,2048,34 ,7 ,20 ,3 ,10 ,3 ,4 ,1 ,22 ,7 ,0 ,0 ,12 ,0 ,0.59,0.53
6939,1941,1847,47 ,14 ,29 ,14 ,9 ,0 ,9 ,0 ,27 ,13 ,6 ,1 ,14 ,0 ,0.55,0.31
6940,2230,2062,6 ,3 ,2 ,2 ,2 ,1 ,2 ,0 ,6 ,3 ,0 ,0 ,0 ,0 ,0.54,0.42
6941,2657,1793,89 ,34 ,53 ,25 ,27 ,7 ,9 ,2 ,63 ,28 ,4 ,5 ,22 ,1 ,0.52,0.36
6942,1867,1994,19 ,17 ,6 ,13 ,3 ,4 ,10 ,0 ,17 ,9 ,2 ,8 ,0 ,0 ,0.61,0.6
6943,2355,1866,95 ,29 ,62 ,21 ,25 ,3 ,8 ,5 ,60 ,25 ,10 ,2 ,25 ,2 ,0.73,0.32
6944,2320,2611,36 ,13 ,20 ,6 ,12 ,5 ,4 ,2 ,35 ,10 ,0 ,3 ,1 ,0 ,0.7,0.54
6945,2227,1939,64 ,81 ,41 ,37 ,5 ,32 ,18 ,12 ,56 ,59 ,8 ,22 ,0 ,0 ,0.42,0.5
6946,2378,2654,39 ,82 ,35 ,56 ,4 ,14 ,0 ,12 ,33 ,76 ,6 ,6 ,0 ,0 ,0.36,0.64
6947,2394,1966,34 ,36 ,17 ,22 ,13 ,10 ,4 ,4 ,28 ,32 ,6 ,4 ,0 ,0 ,0.45,0.36
6948,2671,2153,182 ,123 ,134 ,67 ,38 ,41 ,10 ,15 ,175 ,104 ,7 ,19 ,0 ,0 ,0.44,0.45
6949,2190,2236,23 ,53 ,7 ,31 ,3 ,20 ,13 ,2 ,20 ,36 ,3 ,16 ,0 ,1 ,0.32,0.67
6950,2014,1828,102 ,117 ,58 ,89 ,38 ,17 ,6 ,11 ,82 ,107 ,20 ,10 ,0 ,0 ,0.48,0.46
6951,1893,2273,66 ,119 ,45 ,75 ,7 ,35 ,14 ,9 ,62 ,86 ,4 ,32 ,0 ,1 ,0.45,0.47
6952,2244,2510,34 ,14 ,16 ,10 ,16 ,4 ,2 ,0 ,24 ,12 ,10 ,0 ,0 ,2 ,0.69,0.28
6953,2447,1961,80 ,103 ,31 ,62 ,44 ,29 ,5 ,12 ,80 ,101 ,0 ,2 ,0 ,0 ,0.44,0.54
6954,1754,2367,1 ,45 ,1 ,44 ,0 ,0 ,0 ,1 ,1 ,1 ,0 ,0 ,0 ,44 ,1.0,0.78
6955,2248,1755,9 ,9 ,6 ,0 ,2 ,4 ,1 ,5 ,9 ,9 ,0 ,0 ,0 ,0 ,0.4,0.69
6956,2586,2393,22 ,23 ,14 ,2 ,7 ,10 ,1 ,11 ,11 ,21 ,1 ,2 ,10 ,0 ,0.66,0.46
6957,2435,2434,21 ,22 ,16 ,15 ,5 ,2 ,0 ,5 ,19 ,20 ,2 ,1 ,0 ,1 ,0.51,0.48
6958,1756,1992,17 ,21 ,4 ,16 ,3 ,3 ,10 ,2 ,17 ,13 ,0 ,5 ,0 ,3 ,0.54,0.51
6959,2152,2563,3 ,16 ,0 ,12 ,1 ,1 ,2 ,3 ,3 ,6 ,0 ,5 ,0 ,5 ,0.37,0.8
6960,2096,2129,100 ,231 ,81 ,161 ,14 ,23 ,5 ,47 ,90 ,208 ,10 ,22 ,0 ,1 ,0.34,0.62
6961,2594,2304,5 ,4 ,4 ,2 ,1 ,1 ,0 ,1 ,3 ,4 ,0 ,0 ,2 ,0 ,0.83,0.36
6962,2319,2420,19 ,48 ,8 ,37 ,8 ,7 ,3 ,4 ,15 ,34 ,0 ,3 ,4 ,11 ,0.44,0.64
6963,1757,2087,75 ,232 ,52 ,180 ,19 ,42 ,4 ,10 ,65 ,188 ,5 ,18 ,5 ,26 ,0.46,0.57
6964,2669,2425,1 ,2 ,1 ,0 ,0 ,1 ,0 ,1 ,0 ,2 ,0 ,0 ,1 ,0 ,1.0,1.0
6965,2216,1915,25 ,8 ,20 ,4 ,1 ,4 ,4 ,0 ,15 ,8 ,0 ,0 ,10 ,0 ,0.65,0.36
6966,1758,2200,20 ,38 ,12 ,20 ,3 ,1 ,5 ,17 ,20 ,37 ,0 ,1 ,0 ,0 ,0.28,0.41
6967,2125,2119,4 ,11 ,4 ,11 ,0 ,0 ,0 ,0 ,4 ,10 ,0 ,0 ,0 ,1 ,0.4,0.44
6968,2058,2335,25 ,24 ,18 ,17 ,7 ,6 ,0 ,1 ,18 ,13 ,7 ,7 ,0 ,4 ,0.43,0.41
6969,2073,2001,14 ,38 ,2 ,36 ,3 ,1 ,9 ,1 ,10 ,6 ,2 ,0 ,2 ,32 ,0.56,0.74
6970,1824,2313,10 ,21 ,6 ,16 ,1 ,4 ,3 ,1 ,10 ,11 ,0 ,4 ,0 ,6 ,0.41,0.63
6971,1979,2509,50 ,20 ,11 ,10 ,23 ,7 ,16 ,3 ,27 ,17 ,2 ,3 ,21 ,0 ,0.64,0.34
6972,2504,1803,40 ,34 ,12 ,24 ,19 ,10 ,9 ,0 ,39 ,34 ,0 ,0 ,1 ,0 ,0.38,0.3
6973,1935,1861,18 ,39 ,11 ,22 ,6 ,5 ,1 ,12 ,7 ,26 ,11 ,11 ,0 ,2 ,0.34,0.55
6974,2325,2392,0 ,12 ,0 ,12 ,0 ,0 ,0 ,0 ,0 ,0 ,0 ,0 ,0 ,12 ,0.0,0.57
6975,1759,2122,70 ,69 ,64 ,30 ,4 ,23 ,2 ,16 ,68 ,66 ,2 ,3 ,0 ,0 ,0.41,0.43
6976,1829,1855,80 ,111 ,42 ,62 ,21 ,11 ,17 ,38 ,79 ,107 ,1 ,3 ,0 ,1 ,0.4,0.58
6977,2161,2063,17 ,17 ,5 ,12 ,6 ,1 ,6 ,4 ,12 ,7 ,4 ,5 ,1 ,5 ,0.62,0.58
6978,2171,1760,82 ,50 ,45 ,26 ,23 ,17 ,14 ,7 ,53 ,29 ,21 ,14 ,8 ,7 ,0.66,0.49
6979,2340,2547,59 ,28 ,28 ,18 ,13 ,4 ,18 ,6 ,49 ,28 ,0 ,0 ,10 ,0 ,0.56,0.37
6980,1850,1892,1 ,14 ,0 ,8 ,0 ,3 ,1 ,3 ,1 ,9 ,0 ,5 ,0 ,0 ,0.25,0.63
6981,1924,2007,16 ,26 ,3 ,6 ,3 ,8 ,10 ,12 ,15 ,24 ,1 ,2 ,0 ,0 ,0.35,0.59
6982,1869,2316,45 ,44 ,18 ,25 ,20 ,12 ,7 ,7 ,39 ,34 ,5 ,10 ,1 ,0 ,0.55,0.4
6983,2173,2277,31 ,56 ,27 ,53 ,2 ,1 ,2 ,2 ,23 ,42 ,5 ,4 ,3 ,10 ,0.5,0.67
6984,2004,1825,8 ,7 ,6 ,5 ,2 ,0 ,0 ,2 ,5 ,7 ,3 ,0 ,0 ,0 ,0.5,0.43
6985,2646,2557,14 ,11 ,9 ,6 ,1 ,2 ,4 ,3 ,5 ,11 ,2 ,0 ,7 ,0 ,0.45,0.28
6986,2040,2470,62 ,22 ,36 ,17 ,18 ,4 ,8 ,1 ,47 ,13 ,7 ,1 ,8 ,8 ,0.57,0.42
6987,2263,2347,57 ,70 ,36 ,37 ,18 ,21 ,3 ,12 ,45 ,58 ,12 ,6 ,0 ,6 ,0.6,0.48
6988,2648,1761,3 ,1 ,2 ,0 ,1 ,0 ,0 ,1 ,3 ,1 ,0 ,0 ,0 ,0 ,0.6,0.14
6989,1836,2623,7 ,6 ,6 ,2 ,0 ,3 ,1 ,1 ,1 ,5 ,1 ,1 ,5 ,0 ,0.41,0.6
6990,1938,1873,1 ,18 ,0 ,17 ,0 ,1 ,1 ,0 ,1 ,13 ,0 ,4 ,0 ,1 ,0.33,0.4
6991,2242,1762,62 ,30 ,27 ,15 ,18 ,7 ,17 ,8 ,44 ,25 ,10 ,5 ,8 ,0 ,0.43,0.26
6992,1763,2604,25 ,39 ,16 ,13 ,7 ,17 ,2 ,9 ,18 ,21 ,7 ,11 ,0 ,7 ,0.5,0.56
6993,2289,2047,64 ,70 ,38 ,25 ,19 ,36 ,7 ,9 ,54 ,60 ,10 ,10 ,0 ,0 ,0.48,0.49
6994,2656,2615,67 ,108 ,32 ,62 ,16 ,39 ,19 ,7 ,64 ,98 ,3 ,3 ,0 ,7 ,0.36,0.46
6995,1764,2102,8 ,79 ,0 ,9 ,2 ,7 ,6 ,63 ,8 ,79 ,0 ,0 ,0 ,0 ,0.24,0.54
6996,1872,1997,37 ,33 ,19 ,29 ,14 ,3 ,4 ,1 ,35 ,20 ,2 ,9 ,0 ,4 ,0.32,0.55
6997,1765,1860,29 ,59 ,15 ,31 ,13 ,21 ,1 ,7 ,18 ,21 ,11 ,38 ,0 ,0 ,0.37,0.69
6998,2129,2257,53 ,51 ,28 ,38 ,5 ,2 ,20 ,11 ,50 ,50 ,3 ,1 ,0 ,0 ,0.37,0.42
6999,1766,2265,6 ,19 ,2 ,19 ,2 ,0 ,2 ,0 ,6 ,1 ,0 ,0 ,0 ,18 ,0.35,0.42
7000,1987,1809,2 ,1 ,1 ,1 ,0 ,0 ,1 ,0 ,1 ,1 ,1 ,0 ,0 ,0 ,0.25,0.08
7001,2384,2461,48 ,60 ,17 ,28 ,10 ,10 ,21 ,22 ,45 ,42 ,3 ,17 ,0 ,1 ,0.31,0.47
7002,2375,1894,17 ,7 ,8 ,4 ,6 ,0 ,3 ,3 ,8 ,7 ,5 ,0 ,4 ,0 ,0.48,0.25
7003,2588,2501,24 ,26 ,17 ,10 ,3 ,8 ,4 ,8 ,16 ,25 ,1 ,1 ,7 ,0 ,0.44,0.46
7004,1767,1929,7 ,51 ,5 ,38 ,1 ,8 ,1 ,5 ,7 ,36 ,0 ,9 ,0 ,6 ,0.24,0.59
7005,2593,1853,9 ,1 ,3 ,1 ,4 ,0 ,2 ,0 ,9 ,1 ,0 ,0 ,0 ,0 ,0.52,0.25
7006,2554,1896,10 ,5 ,0 ,4 ,8 ,1 ,2 ,0 ,3 ,1 ,7 ,4 ,0 ,0 ,0.76,0.45
7007,1768,2051,53 ,29 ,27 ,15 ,18 ,10 ,8 ,4 ,21 ,24 ,30 ,5 ,2 ,0 ,0.55,0.46
7008,2179,2207,43 ,42 ,25 ,21 ,8 ,12 ,10 ,9 ,43 ,40 ,0 ,0 ,0 ,2 ,0.38,0.41
7009,2555,1910,66 ,40 ,52 ,33 ,11 ,6 ,3 ,1 ,61 ,37 ,1 ,1 ,4 ,2 ,0.51,0.47
7010,2110,2362,46 ,58 ,23 ,36 ,12 ,14 ,11 ,8 ,36 ,42 ,7 ,4 ,3 ,12 ,0.39,0.6
7011,1946,2543,6 ,36 ,4 ,19 ,2 ,2 ,0 ,15 ,4 ,15 ,1 ,2 ,1 ,19 ,0.24,0.66
7012,1769,2045,60 ,117 ,40 ,66 ,15 ,23 ,5 ,28 ,58 ,85 ,2 ,1 ,0 ,31 ,0.4,0.48
7013,2279,1975,127 ,55 ,58 ,18 ,36 ,8 ,33 ,29 ,119 ,45 ,1 ,7 ,7 ,3 ,0.54,0.5
7014,2010,2364,82 ,109 ,63 ,91 ,10 ,18 ,9 ,0 ,63 ,60 ,19 ,49 ,0 ,0 ,0.47,0.49
7015,2089,2109,46 ,98 ,37 ,71 ,5 ,11 ,4 ,16 ,45 ,93 ,0 ,0 ,1 ,5 ,0.4,0.53
7016,1770,2133,37 ,71 ,27 ,55 ,9 ,8 ,1 ,8 ,30 ,53 ,3 ,3 ,4 ,15 ,0.44,0.61
7017,2433,1771,26 ,20 ,8 ,9 ,14 ,8 ,4 ,3 ,21 ,15 ,2 ,1 ,3 ,4 ,0.78,0.28
7018,2258,1868,1 ,1 ,0 ,0 ,1 ,1 ,0 ,0 ,0 ,0 ,1 ,1 ,0 ,0 ,0.25,0.5
7019,2556,2285,29 ,40 ,18 ,23 ,2 ,14 ,9 ,3 ,21 ,33 ,2 ,4 ,6 ,3 ,0.69,0.41
7020,2396,1981,69 ,113 ,63 ,69 ,4 ,39 ,2 ,5 ,57 ,74 ,12 ,39 ,0 ,0 ,0.47,0.63
7021,2262,2518,87 ,59 ,68 ,31 ,8 ,12 ,11 ,16 ,80 ,50 ,2 ,8 ,5 ,1 ,0.6,0.32
7022,1970,2221,5 ,6 ,2 ,1 ,0 ,2 ,3 ,3 ,5 ,6 ,0 ,0 ,0 ,0 ,0.5,0.75
7023,1995,1944,63 ,51 ,52 ,22 ,10 ,21 ,1 ,8 ,35 ,41 ,11 ,10 ,17 ,0 ,0.57,0.6
7024,1811,2059,12 ,23 ,6 ,14 ,3 ,5 ,3 ,4 ,12 ,21 ,0 ,0 ,0 ,2 ,0.31,0.51
7025,2074,2576,101 ,49 ,47 ,42 ,42 ,4 ,12 ,3 ,77 ,45 ,24 ,4 ,0 ,0 ,0.49,0.49
7026,2033,1772,154 ,75 ,92 ,44 ,55 ,20 ,7 ,11 ,102 ,52 ,46 ,18 ,6 ,5 ,0.63,0.48
7027,2605,1907,20 ,33 ,8 ,21 ,2 ,6 ,10 ,6 ,19 ,27 ,1 ,4 ,0 ,2 ,0.45,0.54
7028,1773,2614,42 ,65 ,16 ,28 ,8 ,18 ,18 ,19 ,38 ,59 ,3 ,4 ,1 ,2 ,0.72,0.47
7029,1918,2101,38 ,26 ,31 ,19 ,4 ,5 ,3 ,2 ,22 ,22 ,2 ,4 ,14 ,0 ,0.65,0.56
7030,2457,1880,39 ,33 ,27 ,19 ,10 ,7 ,2 ,7 ,28 ,22 ,2 ,5 ,9 ,6 ,0.47,0.58
7031,2371,1774,3 ,2 ,2 ,0 ,1 ,0 ,0 ,2 ,0 ,2 ,1 ,0 ,2 ,0 ,0.75,0.4
7032,2111,1967,47 ,38 ,25 ,13 ,14 ,7 ,8 ,18 ,31 ,22 ,12 ,13 ,4 ,3 ,0.6,0.69
7033,2317,2609,7 ,5 ,2 ,4 ,2 ,1 ,3 ,0 ,3 ,4 ,3 ,1 ,1 ,0 ,0.58,0.45
7034,2668,1956,12 ,0 ,8 ,0 ,4 ,0 ,0 ,0 ,4 ,0 ,3 ,0 ,5 ,0 ,0.8,0.0
7035,2296,2297,75 ,147 ,41 ,91 ,16 ,35 ,18 ,21 ,66 ,129 ,9 ,18 ,0 ,0 ,0.52,0.43
7036,2373,2175,30 ,62 ,20 ,39 ,9 ,12 ,1 ,11 ,22 ,32 ,7 ,5 ,1 ,25 ,0.37,0.8
7037,2589,2215,43 ,47 ,15 ,30 ,17 ,11 ,11 ,6 ,24 ,30 ,12 ,15 ,7 ,2 ,0.47,0.48
7038,1871,2163,131 ,100 ,61 ,55 ,46 ,34 ,24 ,11 ,84 ,75 ,46 ,25 ,1 ,0 ,0.57,0.5
7039,1950,1852,10 ,3 ,7 ,1 ,2 ,0 ,1 ,2 ,5 ,3 ,0 ,0 ,5 ,0 ,0.47,0.2
7040,2485,2157,9 ,4 ,3 ,0 ,2 ,2 ,4 ,2 ,8 ,4 ,1 ,0 ,0 ,0 ,0.64,0.66
7041,2493,2003,93 ,69 ,59 ,32 ,27 ,24 ,7 ,13 ,77 ,55 ,12 ,14 ,4 ,0 ,0.57,0.56
7042,1914,2602,16 ,9 ,4 ,1 ,8 ,2 ,4 ,6 ,12 ,9 ,0 ,0 ,4 ,0 ,0.53,0.24
7043,2489,2072,2 ,15 ,1 ,14 ,0 ,0 ,1 ,1 ,2 ,2 ,0 ,0 ,0 ,13 ,0.28,0.75
7044,2545,1775,53 ,47 ,12 ,32 ,17 ,5 ,24 ,10 ,43 ,41 ,3 ,5 ,7 ,1 ,0.63,0.58
7045,1957,1776,28 ,10 ,23 ,6 ,4 ,4 ,1 ,0 ,22 ,6 ,2 ,4 ,4 ,0 ,0.6,0.41
7046,2287,2486,106 ,71 ,60 ,52 ,8 ,11 ,38 ,8 ,100 ,67 ,6 ,4 ,0 ,0 ,0.48,0.36
7047,1841,2502,145 ,137 ,123 ,108 ,11 ,24 ,11 ,5 ,124 ,129 ,21 ,8 ,0 ,0 ,0.41,0.51
7048,2027,1876,10 ,7 ,8 ,3 ,2 ,0 ,0 ,4 ,1 ,6 ,2 ,0 ,7 ,1 ,0.9,0.58
7049,2329,2343,103 ,97 ,81 ,38 ,14 ,52 ,8 ,7 ,84 ,81 ,19 ,16 ,0 ,0 ,0.6,0.57
7050,2259,2083,120 ,87 ,34 ,57 ,36 ,24 ,50 ,6 ,111 ,65 ,9 ,21 ,0 ,1 ,0.74,0.42
7051,1932,1895,62 ,47 ,28 ,26 ,14 ,15 ,20 ,6 ,54 ,39 ,4 ,4 ,4 ,4 ,0.52,0.36
7052,2031,1865,83 ,48 ,57 ,32 ,16 ,11 ,10 ,5 ,34 ,42 ,0 ,4 ,49 ,2 ,0.57,0.41
7053,1959,1990,55 ,42 ,51 ,24 ,4 ,6 ,0 ,12 ,34 ,34 ,7 ,7 ,14 ,1 ,0.5,0.44
7054,1777,1998,26 ,85 ,8 ,43 ,9 ,20 ,9 ,22 ,25 ,78 ,1 ,1 ,0 ,6 ,0.25,0.53
7055,1949,1814,24 ,28 ,10 ,17 ,4 ,8 ,10 ,3 ,22 ,22 ,2 ,6 ,0 ,0 ,0.53,0.35
7056,2386,1815,40 ,45 ,18 ,21 ,15 ,2 ,7 ,22 ,39 ,34 ,1 ,0 ,0 ,11 ,0.4,0.36
7057,2009,2517,39 ,48 ,10 ,31 ,15 ,9 ,14 ,8 ,34 ,38 ,4 ,3 ,1 ,7 ,0.37,0.37
7058,2561,1813,64 ,48 ,36 ,28 ,9 ,17 ,19 ,3 ,61 ,48 ,0 ,0 ,3 ,0 ,0.41,0.32
7059,1884,2178,32 ,21 ,23 ,3 ,8 ,8 ,1 ,10 ,14 ,15 ,4 ,6 ,14 ,0 ,0.5,0.45
7060,2418,2187,58 ,128 ,28 ,84 ,13 ,16 ,17 ,28 ,53 ,107 ,5 ,2 ,0 ,19 ,0.36,0.45
7061,2209,2444,12 ,46 ,12 ,45 ,0 ,1 ,0 ,0 ,11 ,19 ,0 ,6 ,1 ,21 ,0.23,0.44
7062,1899,2235,18 ,17 ,15 ,14 ,3 ,3 ,0 ,0 ,8 ,12 ,0 ,1 ,10 ,4 ,0.51,0.42
7063,2508,1991,99 ,42 ,28 ,24 ,30 ,10 ,41 ,8 ,99 ,42 ,0 ,0 ,0 ,0 ,0.49,0.38
7064,1778,2553,104 ,87 ,58 ,65 ,30 ,15 ,16 ,7 ,104 ,87 ,0 ,0 ,0 ,0 ,0.31,0.48
7065,2629,2519,10 ,14 ,1 ,6 ,2 ,8 ,7 ,0 ,10 ,6 ,0 ,0 ,0 ,8 ,0.47,0.58
7066,1905,2061,61 ,44 ,18 ,16 ,16 ,15 ,27 ,13 ,53 ,38 ,8 ,6 ,0 ,0 ,0.32,0.36
7067,2459,2550,70 ,83 ,44 ,63 ,21 ,5 ,5 ,15 ,63 ,76 ,7 ,3 ,0 ,4 ,0.34,0.44
7068,2438,2126,2 ,29 ,2 ,26 ,0 ,3 ,0 ,0 ,2 ,4 ,0 ,4 ,0 ,21 ,0.1,0.55
7069,2558,2056,66 ,44 ,24 ,12 ,11 ,7 ,31 ,25 ,62 ,44 ,2 ,0 ,2 ,0 ,0.33,0.42
7070,2439,2497,33 ,25 ,30 ,21 ,2 ,1 ,1 ,3 ,27 ,25 ,1 ,0 ,5 ,0 ,0.44,0.46
7071,2594,1779,42 ,39 ,34 ,14 ,3 ,8 ,5 ,17 ,37 ,38 ,0 ,1 ,5 ,0 ,0.42,0.42
7072,2188,2520,49 ,41 ,8 ,18 ,15 ,14 ,26 ,9 ,48 ,40 ,1 ,0 ,0 ,1 ,0.57,0.42
7073,2617,1909,56 ,39 ,19 ,27 ,11 ,9 ,26 ,3 ,46 ,21 ,5 ,7 ,5 ,11 ,0.49,0.39
7074,1780,2052,17 ,63 ,7 ,32 ,9 ,7 ,1 ,24 ,16 ,43 ,1 ,0 ,0 ,20 ,0.43,0.49
7075,2495,2238,15 ,54 ,7 ,28 ,6 ,8 ,2 ,18 ,9 ,21 ,6 ,10 ,0 ,23 ,0.68,0.58
7076,2530,2416,51 ,78 ,20 ,67 ,12 ,7 ,19 ,4 ,49 ,49 ,2 ,7 ,0 ,22 ,0.56,0.37
7077,2467,2445,26 ,12 ,20 ,10 ,1 ,1 ,5 ,1 ,12 ,12 ,0 ,0 ,14 ,0 ,0.66,0.36
7078,1782,1781,100 ,54 ,69 ,34 ,15 ,5 ,16 ,15 ,83 ,46 ,3 ,4 ,14 ,4 ,0.57,0.46
7079,2311,1948,13 ,2 ,13 ,1 ,0 ,0 ,0 ,1 ,3 ,2 ,0 ,0 ,10 ,0 ,0.59,0.4
7080,1912,1840,64 ,46 ,44 ,34 ,6 ,8 ,14 ,4 ,48 ,33 ,5 ,13 ,11 ,0 ,0.58,0.5
7081,1976,2616,63 ,141 ,49 ,130 ,4 ,5 ,10 ,6 ,63 ,138 ,0 ,3 ,0 ,0 ,0.25,0.49
7082,1958,2177,60 ,77 ,20 ,30 ,6 ,8 ,34 ,39 ,52 ,75 ,1 ,1 ,7 ,1 ,0.34,0.57
7083,2580,2463,5 ,30 ,5 ,27 ,0 ,2 ,0 ,1 ,5 ,14 ,0 ,0 ,0 ,16 ,0.31,0.75
7084,2361,2568,64 ,67 ,36 ,51 ,8 ,12 ,20 ,4 ,60 ,64 ,4 ,3 ,0 ,0 ,0.48,0.52
7085,2286,1985,21 ,19 ,13 ,16 ,5 ,1 ,3 ,2 ,19 ,18 ,1 ,1 ,1 ,0 ,0.63,0.45
7086,2443,2322,147 ,76 ,77 ,48 ,42 ,18 ,28 ,10 ,146 ,76 ,1 ,0 ,0 ,0 ,0.56,0.33
7087,1902,1783,45 ,41 ,29 ,33 ,11 ,2 ,5 ,6 ,41 ,29 ,0 ,7 ,4 ,5 ,0.55,0.3
7088,2600,2651,15 ,27 ,10 ,6 ,4 ,8 ,1 ,13 ,13 ,27 ,0 ,0 ,2 ,0 ,0.11,0.34
7089,2084,2632,7 ,22 ,6 ,17 ,1 ,5 ,0 ,0 ,2 ,12 ,2 ,10 ,3 ,0 ,0.24,0.36
7090,2121,2618,33 ,35 ,19 ,18 ,8 ,9 ,6 ,8 ,20 ,27 ,13 ,8 ,0 ,0 ,0.48,0.4
7091,1889,2612,7 ,9 ,1 ,7 ,1 ,1 ,5 ,1 ,7 ,5 ,0 ,0 ,0 ,4 ,0.33,0.42
7092,1921,1883,2 ,9 ,1 ,4 ,0 ,3 ,1 ,2 ,2 ,8 ,0 ,0 ,0 ,1 ,0.18,0.56
7093,2233,1962,36 ,20 ,29 ,17 ,7 ,3 ,0 ,0 ,10 ,12 ,2 ,4 ,24 ,4 ,0.47,0.54
7094,2127,2174,53 ,29 ,33 ,6 ,19 ,13 ,1 ,10 ,51 ,22 ,2 ,7 ,0 ,0 ,0.44,0.2
7095,2664,2655,23 ,17 ,15 ,9 ,6 ,5 ,2 ,3 ,17 ,17 ,0 ,0 ,6 ,0 ,0.33,0.32
7096,2451,2059,15 ,23 ,11 ,17 ,4 ,5 ,0 ,1 ,15 ,21 ,0 ,1 ,0 ,1 ,0.23,0.45
7097,2143,2566,36 ,14 ,30 ,11 ,6 ,1 ,0 ,2 ,32 ,14 ,0 ,0 ,4 ,0 ,0.42,0.25
7098,2527,2575,63 ,76 ,38 ,37 ,21 ,30 ,4 ,9 ,43 ,46 ,16 ,30 ,4 ,0 ,0.42,0.73
7099,1784,2114,13 ,25 ,6 ,14 ,4 ,9 ,3 ,2 ,12 ,21 ,1 ,3 ,0 ,1 ,0.28,0.47
7100,1849,2193,9 ,18 ,3 ,7 ,0 ,7 ,6 ,4 ,9 ,17 ,0 ,1 ,0 ,0 ,0.37,0.4
7101,2601,2461,56 ,52 ,39 ,30 ,9 ,19 ,8 ,3 ,46 ,46 ,3 ,5 ,7 ,1 ,0.56,0.51
7102,2106,1834,98 ,94 ,66 ,63 ,24 ,22 ,8 ,9 ,72 ,77 ,19 ,15 ,7 ,2 ,0.55,0.45
7103,1901,2149,50 ,104 ,26 ,93 ,5 ,6 ,19 ,5 ,46 ,102 ,2 ,1 ,2 ,1 ,0.39,0.51
7104,1863,2667,59 ,82 ,20 ,54 ,11 ,18 ,28 ,10 ,56 ,79 ,2 ,3 ,1 ,0 ,0.77,0.54
7105,2514,1983,15 ,20 ,9 ,17 ,1 ,2 ,5 ,1 ,15 ,19 ,0 ,0 ,0 ,1 ,0.62,0.68
7106,2608,2430,10 ,20 ,8 ,17 ,2 ,1 ,0 ,2 ,1 ,10 ,2 ,0 ,7 ,10 ,0.66,0.68
7107,2441,2365,34 ,30 ,19 ,13 ,10 ,17 ,5 ,0 ,18 ,26 ,5 ,4 ,11 ,0 ,0.61,0.46
7108,2326,2498,105 ,60 ,55 ,48 ,27 ,9 ,23 ,3 ,85 ,57 ,1 ,0 ,19 ,3 ,0.46,0.43
7109,1785,1867,17 ,37 ,4 ,34 ,3 ,0 ,10 ,3 ,13 ,10 ,4 ,1 ,0 ,26 ,0.7,0.58
7110,1851,2217,17 ,20 ,4 ,13 ,10 ,6 ,3 ,1 ,17 ,19 ,0 ,1 ,0 ,0 ,0.6,0.6
7111,1786,1825,14 ,25 ,13 ,24 ,0 ,1 ,1 ,0 ,14 ,12 ,0 ,3 ,0 ,10 ,0.48,0.67
7112,2053,2544,33 ,27 ,27 ,25 ,5 ,1 ,1 ,1 ,10 ,7 ,3 ,5 ,20 ,15 ,0.53,0.62
7113,2075,2165,130 ,149 ,68 ,103 ,29 ,15 ,33 ,31 ,126 ,136 ,4 ,13 ,0 ,0 ,0.45,0.71
7114,2305,1861,62 ,36 ,44 ,25 ,18 ,7 ,0 ,4 ,9 ,13 ,53 ,23 ,0 ,0 ,0.76,0.62
7115,2437,2204,20 ,35 ,12 ,26 ,8 ,6 ,0 ,3 ,19 ,22 ,1 ,1 ,0 ,12 ,0.33,0.46
7116,1980,2591,32 ,80 ,18 ,59 ,1 ,14 ,13 ,7 ,32 ,54 ,0 ,16 ,0 ,10 ,0.56,0.47
7117,2494,2346,88 ,37 ,76 ,29 ,3 ,4 ,9 ,4 ,45 ,27 ,11 ,3 ,32 ,7 ,0.68,0.53
7118,2129,2038,12 ,26 ,5 ,12 ,3 ,5 ,4 ,9 ,12 ,23 ,0 ,0 ,0 ,3 ,0.37,0.72
7119,2280,2594,132 ,81 ,92 ,35 ,39 ,13 ,1 ,33 ,132 ,81 ,0 ,0 ,0 ,0 ,0.46,0.55
7120,2620,2294,135 ,99 ,51 ,35 ,50 ,30 ,34 ,34 ,103 ,82 ,24 ,16 ,8 ,1 ,0.64,0.56
7121,1787,2197,26 ,42 ,20 ,30 ,1 ,11 ,5 ,1 ,23 ,29 ,2 ,11 ,1 ,2 ,0.43,0.5
7122,1978,2065,3 ,6 ,3 ,2 ,0 ,2 ,0 ,2 ,2 ,6 ,0 ,0 ,1 ,0 ,0.33,0.5
7123,1789,1788,10 ,17 ,5 ,9 ,3 ,3 ,2 ,5 ,7 ,10 ,3 ,5 ,0 ,2 ,0.27,0.54
7124,1961,2403,54 ,61 ,40 ,17 ,9 ,23 ,5 ,21 ,49 ,60 ,0 ,1 ,5 ,0 ,0.38,0.34
7125,1918,1790,70 ,54 ,53 ,26 ,6 ,10 ,11 ,18 ,65 ,46 ,2 ,8 ,3 ,0 ,0.42,0.34
7126,1791,2081,11 ,8 ,2 ,2 ,3 ,2 ,6 ,4 ,10 ,6 ,1 ,2 ,0 ,0 ,0.73,0.25
7127,1936,2359,40 ,33 ,16 ,29 ,18 ,4 ,6 ,0 ,30 ,31 ,10 ,2 ,0 ,0 ,0.45,0.35
7128,2569,1992,13 ,5 ,11 ,1 ,1 ,0 ,1 ,4 ,5 ,5 ,0 ,0 ,8 ,0 ,0.61,0.55
7129,2104,2279,7 ,23 ,2 ,19 ,2 ,4 ,3 ,0 ,7 ,12 ,0 ,0 ,0 ,11 ,0.28,0.5
7130,2049,2563,38 ,92 ,19 ,32 ,10 ,9 ,9 ,51 ,38 ,81 ,0 ,6 ,0 ,5 ,0.41,0.47
7131,2000,2367,0 ,4 ,0 ,3 ,0 ,1 ,0 ,0 ,0 ,0 ,0 ,0 ,0 ,4 ,0.0,0.57
7132,1792,2623,30 ,33 ,21 ,21 ,9 ,12 ,0 ,0 ,5 ,12 ,15 ,9 ,10 ,12 ,0.63,0.58
7133,2324,1926,20 ,7 ,16 ,6 ,2 ,0 ,2 ,1 ,20 ,7 ,0 ,0 ,0 ,0 ,0.44,0.38
7134,2506,1793,149 ,51 ,110 ,49 ,31 ,1 ,8 ,1 ,97 ,34 ,42 ,11 ,10 ,6 ,0.6,0.56
7135,1794,1955,49 ,68 ,20 ,51 ,18 ,10 ,11 ,7 ,46 ,61 ,1 ,7 ,2 ,0 ,0.63,0.44
7136,1795,2124,16 ,51 ,9 ,31 ,3 ,12 ,4 ,8 ,14 ,27 ,1 ,4 ,1 ,20 ,0.5,0.62
7137,2191,2078,139 ,68 ,94 ,49 ,30 ,13 ,15 ,6 ,134 ,65 ,5 ,3 ,0 ,0 ,0.58,0.3
7138,2140,2250,32 ,85 ,26 ,40 ,1 ,17 ,5 ,28 ,29 ,69 ,3 ,11 ,0 ,5 ,0.29,0.57
7139,2159,2436,30 ,32 ,17 ,13 ,10 ,17 ,3 ,2 ,29 ,32 ,0 ,0 ,1 ,0 ,0.42,0.55
7140,1835,2665,22 ,26 ,14 ,12 ,7 ,9 ,1 ,5 ,21 ,26 ,1 ,0 ,0 ,0 ,0.43,0.29
7141,1891,2553,112 ,132 ,71 ,106 ,21 ,12 ,20 ,14 ,106 ,121 ,6 ,11 ,0 ,0 ,0.41,0.53
7142,2180,2397,30 ,63 ,21 ,55 ,8 ,4 ,1 ,4 ,17 ,15 ,11 ,8 ,2 ,40 ,0.58,0.71
7143,2220,2252,126 ,66 ,104 ,27 ,18 ,39 ,4 ,0 ,58 ,35 ,19 ,30 ,49 ,1 ,0.6,0.61
7144,1873,1796,45 ,41 ,22 ,20 ,17 ,6 ,6 ,15 ,36 ,29 ,9 ,12 ,0 ,0 ,0.42,0.51
7145,2110,2447,66 ,28 ,42 ,16 ,11 ,9 ,13 ,3 ,38 ,25 ,8 ,3 ,20 ,0 ,0.48,0.43
7146,2063,1842,53 ,28 ,16 ,15 ,21 ,4 ,16 ,9 ,45 ,26 ,8 ,2 ,0 ,0 ,0.44,0.3
7147,2340,2283,39 ,28 ,15 ,17 ,14 ,5 ,10 ,6 ,27 ,20 ,12 ,3 ,0 ,5 ,0.54,0.4
7148,2574,2351,40 ,61 ,30 ,45 ,4 ,11 ,6 ,5 ,37 ,47 ,1 ,14 ,2 ,0 ,0.45,0.38
7149,1904,2051,24 ,25 ,10 ,14 ,9 ,4 ,5 ,7 ,24 ,22 ,0 ,1 ,0 ,2 ,0.42,0.28
7150,2183,1837,50 ,18 ,30 ,8 ,15 ,8 ,5 ,2 ,10 ,15 ,6 ,3 ,34 ,0 ,0.54,0.46
7151,1797,2120,29 ,42 ,13 ,16 ,6 ,13 ,10 ,13 ,23 ,27 ,6 ,15 ,0 ,0 ,0.53,0.37
7152,2587,2356,3 ,0 ,1 ,0 ,0 ,0 ,2 ,0 ,2 ,0 ,0 ,0 ,1 ,0 ,0.3,0.0
7153,2642,1932,28 ,19 ,22 ,10 ,4 ,6 ,2 ,3 ,6 ,15 ,4 ,4 ,18 ,0 ,0.49,0.48
7154,2656,1897,3 ,1 ,3 ,1 ,0 ,0 ,0 ,0 ,2 ,1 ,0 ,0 ,1 ,0 ,0.6,0.14
7155,1890,1949,60 ,27 ,32 ,15 ,26 ,3 ,2 ,9 ,45 ,22 ,11 ,2 ,4 ,3 ,0.6,0.48
7156,2091,2369,99 ,43 ,57 ,31 ,20 ,6 ,22 ,6 ,90 ,39 ,1 ,1 ,8 ,3 ,0.34,0.29
7157,2035,1798,106 ,64 ,71 ,45 ,20 ,11 ,15 ,8 ,76 ,62 ,22 ,1 ,8 ,1 ,0.5,0.38
7158,1799,2641,53 ,54 ,26 ,28 ,10 ,16 ,17 ,10 ,46 ,46 ,4 ,7 ,3 ,1 ,0.46,0.38
7159,2509,1855,59 ,45 ,24 ,26 ,20 ,2 ,15 ,17 ,57 ,45 ,2 ,0 ,0 ,0 ,0.46,0.37
7160,2206,2201,5 ,5 ,5 ,0 ,0 ,1 ,0 ,4 ,3 ,5 ,0 ,0 ,2 ,0 ,0.62,1.0
7161,2082,2588,63 ,67 ,33 ,52 ,17 ,15 ,13 ,0 ,56 ,53 ,7 ,13 ,0 ,1 ,0.49,0.42
7162,2153,2459,57 ,26 ,27 ,4 ,8 ,8 ,22 ,14 ,54 ,26 ,3 ,0 ,0 ,0 ,0.67,0.42
7163,2364,2450,95 ,83 ,62 ,42 ,32 ,39 ,1 ,2 ,67 ,41 ,26 ,42 ,2 ,0 ,0.49,0.49
7164,2394,2561,88 ,74 ,61 ,54 ,19 ,13 ,8 ,7 ,78 ,55 ,6 ,18 ,4 ,1 ,0.47,0.37
7165,2593,2313,19 ,9 ,9 ,2 ,10 ,6 ,0 ,1 ,19 ,9 ,0 ,0 ,0 ,0 ,0.46,0.32
7166,2442,2644,26 ,12 ,23 ,8 ,3 ,3 ,0 ,1 ,7 ,6 ,3 ,0 ,16 ,6 ,0.72,0.42
7167,1800,1931,142 ,41 ,97 ,25 ,28 ,3 ,17 ,13 ,115 ,36 ,5 ,3 ,22 ,2 ,0.53,0.28
7168,1860,2316,67 ,56 ,35 ,42 ,25 ,10 ,7 ,4 ,58 ,50 ,7 ,5 ,2 ,1 ,0.57,0.5
7169,1941,1801,4 ,1 ,3 ,0 ,1 ,0 ,0 ,1 ,1 ,1 ,0 ,0 ,3 ,0 ,1.0,0.5
7170,2298,2501,57 ,23 ,38 ,11 ,12 ,5 ,7 ,7 ,17 ,22 ,7 ,1 ,33 ,0 ,0.57,0.48
7171,2062,1864,102 ,76 ,87 ,37 ,12 ,29 ,3 ,10 ,78 ,68 ,17 ,7 ,7 ,1 ,0.43,0.44
7172,1903,2405,22 ,13 ,14 ,11 ,3 ,0 ,5 ,2 ,17 ,13 ,0 ,0 ,5 ,0 ,0.59,0.44
7173,2048,2532,14 ,65 ,6 ,37 ,5 ,12 ,3 ,16 ,14 ,54 ,0 ,0 ,0 ,11 ,0.37,0.71
7174,2273,2245,86 ,57 ,41 ,34 ,36 ,21 ,9 ,2 ,43 ,47 ,36 ,10 ,7 ,0 ,0.61,0.64
7175,2290,2086,13 ,7 ,3 ,3 ,6 ,1 ,4 ,3 ,12 ,7 ,0 ,0 ,1 ,0 ,0.76,0.5
7176,2652,2194,27 ,2 ,25 ,0 ,1 ,1 ,1 ,1 ,1 ,1 ,2 ,1 ,24 ,0 ,0.77,0.5
7177,2011,2485,89 ,59 ,37 ,23 ,15 ,8 ,37 ,28 ,77 ,58 ,10 ,0 ,2 ,1 ,0.57,0.48
7178,2281,2155,80 ,23 ,64 ,11 ,13 ,9 ,3 ,3 ,32 ,11 ,7 ,10 ,41 ,2 ,0.69,0.56
7179,2287,2132,153 ,241 ,117 ,173 ,15 ,39 ,21 ,29 ,148 ,195 ,5 ,26 ,0 ,20 ,0.5,0.58
7180,2430,2605,3 ,17 ,2 ,13 ,0 ,2 ,1 ,2 ,3 ,3 ,0 ,1 ,0 ,13 ,0.3,0.77
7181,2242,2171,57 ,59 ,26 ,26 ,18 ,14 ,13 ,19 ,51 ,53 ,1 ,1 ,5 ,5 ,0.36,0.49
7182,1929,2253,51 ,71 ,25 ,51 ,23 ,11 ,3 ,9 ,39 ,41 ,12 ,20 ,0 ,10 ,0.4,0.6
7183,1802,2670,103 ,120 ,45 ,78 ,28 ,29 ,30 ,13 ,101 ,106 ,2 ,14 ,0 ,0 ,0.35,0.51
7184,2543,2467,100 ,76 ,59 ,31 ,17 ,24 ,24 ,21 ,95 ,74 ,3 ,2 ,2 ,0 ,0.31,0.34
7185,2657,1910,54 ,19 ,24 ,16 ,12 ,3 ,18 ,0 ,54 ,19 ,0 ,0 ,0 ,0 ,0.56,0.35
7186,2557,1848,64 ,55 ,21 ,19 ,17 ,10 ,26 ,26 ,53 ,43 ,11 ,12 ,0 ,0 ,0.47,0.52
7187,2304,2377,29 ,34 ,23 ,17 ,5 ,3 ,1 ,14 ,17 ,32 ,12 ,2 ,0 ,0 ,0.44,0.53
7188,2207,2059,30 ,20 ,24 ,17 ,5 ,3 ,1 ,0 ,15 ,16 ,5 ,4 ,10 ,0 ,0.53,0.52
7189,2234,2003,53 ,39 ,47 ,22 ,3 ,9 ,3 ,8 ,42 ,36 ,3 ,1 ,8 ,2 ,0.5,0.53
7190,2487,2004,3 ,0 ,1 ,0 ,2 ,0 ,0 ,0 ,3 ,0 ,0 ,0 ,0 ,0 ,0.6,0.0
7191,2109,2517,35 ,81 ,21 ,70 ,7 ,5 ,7 ,6 ,30 ,32 ,5 ,6 ,0 ,43 ,0.47,0.65
7192,2470,2092,87 ,152 ,43 ,124 ,26 ,9 ,18 ,19 ,87 ,114 ,0 ,2 ,0 ,36 ,0.28,0.44
7193,1956,1803,85 ,44 ,52 ,38 ,11 ,5 ,22 ,1 ,74 ,44 ,4 ,0 ,7 ,0 ,0.55,0.4
7194,2050,2163,22 ,41 ,15 ,18 ,5 ,11 ,2 ,12 ,16 ,27 ,4 ,7 ,2 ,7 ,0.35,0.47
7195,2020,2122,85 ,65 ,49 ,42 ,28 ,15 ,8 ,8 ,54 ,53 ,25 ,6 ,6 ,6 ,0.52,0.49
7196,2178,2121,95 ,66 ,20 ,38 ,42 ,18 ,33 ,10 ,63 ,48 ,32 ,12 ,0 ,6 ,0.6,0.5
7197,2303,2137,22 ,4 ,21 ,0 ,1 ,3 ,0 ,1 ,5 ,3 ,3 ,1 ,14 ,0 ,0.73,0.5
7198,1804,2147,3 ,11 ,3 ,6 ,0 ,2 ,0 ,3 ,3 ,11 ,0 ,0 ,0 ,0 ,0.37,0.64
7199,2434,2066,3 ,6 ,0 ,5 ,0 ,0 ,3 ,1 ,3 ,3 ,0 ,0 ,0 ,3 ,0.6,0.66
7200,2244,2344,14 ,13 ,9 ,3 ,2 ,10 ,3 ,0 ,8 ,11 ,5 ,2 ,1 ,0 ,0.58,0.39
7201,2074,2523,66 ,85 ,28 ,39 ,27 ,34 ,11 ,12 ,53 ,70 ,12 ,15 ,1 ,0 ,0.44,0.45
7202,2598,2260,36 ,72 ,28 ,59 ,4 ,5 ,4 ,8 ,35 ,68 ,1 ,4 ,0 ,0 ,0.35,0.43
7203,1805,2658,13 ,30 ,6 ,28 ,6 ,1 ,1 ,1 ,13 ,9 ,0 ,1 ,0 ,20 ,0.46,0.52
7204,2671,2185,81 ,47 ,80 ,21 ,1 ,16 ,0 ,10 ,67 ,47 ,0 ,0 ,14 ,0 ,0.43,0.46
7205,1806,2555,56 ,115 ,36 ,94 ,12 ,17 ,8 ,4 ,51 ,92 ,5 ,10 ,0 ,13 ,0.52,0.56
7206,1850,2425,2 ,2 ,1 ,1 ,1 ,0 ,0 ,1 ,2 ,2 ,0 ,0 ,0 ,0 ,0.66,0.66
7207,2045,1832,18 ,3 ,15 ,3 ,3 ,0 ,0 ,0 ,0 ,0 ,4 ,2 ,14 ,1 ,0.56,0.42
7208,2457,2102,44 ,55 ,32 ,25 ,9 ,21 ,3 ,9 ,24 ,41 ,1 ,14 ,19 ,0 ,0.54,0.62
7209,2173,2277,26 ,21 ,5 ,18 ,19 ,2 ,2 ,1 ,6 ,17 ,20 ,4 ,0 ,0 ,0.49,0.58
7210,1930,2238,0 ,17 ,0 ,17 ,0 ,0 ,0 ,0 ,0 ,4 ,0 ,0 ,0 ,13 ,0.0,0.85
7211,2669,2415,61 ,25 ,40 ,15 ,2 ,5 ,19 ,5 ,26 ,25 ,0 ,0 ,35 ,0 ,0.78,0.65
7212,1807,2515,8 ,2 ,8 ,0 ,0 ,1 ,0 ,1 ,4 ,1 ,4 ,1 ,0 ,0 ,0.8,0.28
7213,2258,1862,7 ,2 ,7 ,2 ,0 ,0 ,0 ,0 ,6 ,2 ,0 ,0 ,1 ,0 ,0.7,0.22
7214,2285,2345,100 ,125 ,63 ,77 ,30 ,25 ,7 ,23 ,78 ,100 ,18 ,19 ,4 ,6 ,0.56,0.63
7215,2115,2133,31 ,62 ,23 ,38 ,2 ,11 ,6 ,13 ,29 ,41 ,2 ,8 ,0 ,13 ,0.44,0.59
7216,2420,2295,147 ,129 ,133 ,106 ,13 ,20 ,1 ,3 ,128 ,104 ,12 ,13 ,7 ,12 ,0.6,0.47
7217,2347,2040,66 ,40 ,48 ,13 ,4 ,11 ,14 ,16 ,25 ,38 ,4 ,0 ,37 ,2 ,0.68,0.5
7218,1808,2407,12 ,60 ,6 ,50 ,2 ,7 ,4 ,3 ,7 ,12 ,5 ,14 ,0 ,34 ,0.25,0.57
7219,1810,1809,44 ,37 ,37 ,29 ,6 ,8 ,1 ,0 ,27 ,36 ,2 ,1 ,15 ,0 ,0.39,0.34
7220,1811,2211,81 ,46 ,27 ,33 ,19 ,12 ,35 ,1 ,79 ,46 ,2 ,0 ,0 ,0 ,0.38,0.24
7221,2047,1812,96 ,64 ,61 ,51 ,15 ,4 ,20 ,9 ,96 ,62 ,0 ,2 ,0 ,0 ,0.49,0.27
7222,1813,2393,39 ,100 ,24 ,39 ,11 ,48 ,4 ,13 ,39 ,93 ,0 ,6 ,0 ,1 ,0.28,0.45
7223,1988,2034,3 ,2 ,1 ,1 ,2 ,1 ,0 ,0 ,2 ,2 ,0 ,0 ,1 ,0 ,0.27,0.33
7224,1814,2007,36 ,64 ,14 ,32 ,16 ,30 ,6 ,2 ,34 ,50 ,2 ,11 ,0 ,3 ,0.33,0.59
7225,2289,2510,8 ,6 ,6 ,3 ,0 ,3 ,2 ,0 ,6 ,4 ,0 ,2 ,2 ,0 ,0.53,0.42
7226,2618,2042,47 ,22 ,30 ,14 ,12 ,6 ,5 ,2 ,28 ,13 ,10 ,9 ,9 ,0 ,0.61,0.36
7227,1815,2216,31 ,50 ,18 ,41 ,7 ,4 ,6 ,5 ,31 ,47 ,0 ,2 ,0 ,1 ,0.4,0.52
7228,1984,2547,14 ,38 ,6 ,31 ,7 ,2 ,1 ,5 ,12 ,17 ,2 ,1 ,0 ,20 ,0.42,0.66
7229,2646,1964,83 ,32 ,55 ,29 ,27 ,2 ,1 ,1 ,68 ,28 ,14 ,4 ,1 ,0 ,0.6,0.25
7230,1884,2604,27 ,20 ,15 ,9 ,10 ,7 ,2 ,4 ,21 ,13 ,6 ,7 ,0 ,0 ,0.69,0.54
7231,2602,2016,21 ,18 ,11 ,8 ,8 ,7 ,2 ,3 ,21 ,18 ,0 ,0 ,0 ,0 ,0.38,0.6
7232,2146,2495,54 ,56 ,22 ,30 ,19 ,14 ,13 ,12 ,51 ,39 ,3 ,12 ,0 ,5 ,0.37,0.62
7233,2545,2072,85 ,35 ,54 ,15 ,23 ,8 ,8 ,12 ,82 ,34 ,3 ,1 ,0 ,0 ,0.41,0.35
7234,2227,1919,15 ,22 ,13 ,17 ,1 ,3 ,1 ,2 ,8 ,10 ,1 ,0 ,6 ,12 ,0.45,0.43
7235,1857,1876,54 ,28 ,39 ,13 ,15 ,2 ,0 ,13 ,46 ,27 ,5 ,1 ,3 ,0 ,0.55,0.34
7236,2023,1997,95 ,36 ,37 ,22 ,16 ,4 ,42 ,10 ,92 ,34 ,3 ,2 ,0 ,0 ,0.6,0.26
7237,1845,2660,20 ,42 ,8 ,20 ,6 ,12 ,6 ,10 ,20 ,37 ,0 ,2 ,0 ,3 ,0.43,0.56
7238,1817,1816,44 ,63 ,27 ,42 ,14 ,12 ,3 ,9 ,44 ,51 ,0 ,7 ,0 ,5 ,0.33,0.5
7239,2614,2236,70 ,48 ,17 ,21 ,27 ,6 ,26 ,21 ,70 ,47 ,0 ,1 ,0 ,0 ,0.32,0.34
7240,2493,1924,59 ,23 ,37 ,16 ,15 ,5 ,7 ,2 ,24 ,19 ,12 ,4 ,23 ,0 ,0.54,0.38
7241,2589,2288,49 ,61 ,7 ,29 ,23 ,19 ,19 ,13 ,38 ,45 ,11 ,16 ,0 ,0 ,0.36,0.53
7242,2152,2179,40 ,24 ,31 ,15 ,8 ,2 ,1 ,7 ,10 ,15 ,0 ,1 ,30 ,8 ,0.48,0.6
7243,2480,2466,84 ,58 ,38 ,45 ,10 ,7 ,36 ,6 ,71 ,53 ,0 ,3 ,13 ,2 ,0.56,0.38
7244,2026,2123,6 ,9 ,1 ,4 ,4 ,2 ,1 ,3 ,6 ,9 ,0 ,0 ,0 ,0 ,0.37,0.31
7245,2222,2504,13 ,4 ,12 ,2 ,1 ,2 ,0 ,0 ,7 ,4 ,0 ,0 ,6 ,0 ,0.72,0.26
7246,2082,2348,36 ,11 ,23 ,7 ,8 ,2 ,5 ,2 ,16 ,10 ,2 ,0 ,18 ,1 ,0.7,0.47
7247,1962,2395,52 ,69 ,31 ,49 ,8 ,17 ,13 ,3 ,42 ,50 ,3 ,13 ,7 ,6 ,0.43,0.53
7248,2169,2529,60 ,36 ,40 ,21 ,14 ,6 ,6 ,9 ,47 ,31 ,2 ,5 ,11 ,0 ,0.59,0.56
7249,2654,1867,32 ,32 ,20 ,18 ,9 ,7 ,3 ,7 ,29 ,29 ,2 ,3 ,1 ,0 ,0.76,0.54
7250,2031,1895,109 ,88 ,43 ,54 ,45 ,19 ,21 ,15 ,104 ,87 ,5 ,1 ,0 ,0 ,0.6,0.45
7251,2248,1959,3 ,1 ,2 ,1 ,1 ,0 ,0 ,0 ,3 ,1 ,0 ,0 ,0 ,0 ,0.27,0.2
7252,2516,2558,4 ,9 ,4 ,7 ,0 ,2 ,0 ,0 ,3 ,4 ,1 ,4 ,0 ,1 ,0.36,0.56
7253,1916,2664,54 ,137 ,38 ,95 ,11 ,24 ,5 ,18 ,50 ,115 ,2 ,1 ,2 ,21 ,0.43,0.63
7254,2325,1863,17 ,1 ,16 ,1 ,1 ,0 ,0 ,0 ,1 ,0 ,0 ,0 ,16 ,1 ,0.51,1.0
7255,2292,2188,52 ,70 ,41 ,26 ,4 ,23 ,7 ,21 ,41 ,62 ,3 ,7 ,8 ,1 ,0.64,0.76
7256,2105,2329,27 ,41 ,21 ,23 ,4 ,7 ,2 ,11 ,25 ,38 ,2 ,2 ,0 ,1 ,0.51,0.62
7257,2384,2271,4 ,26 ,4 ,17 ,0 ,5 ,0 ,4 ,3 ,9 ,0 ,0 ,1 ,17 ,0.22,0.65
7258,2039,2584,71 ,42 ,36 ,24 ,18 ,11 ,17 ,7 ,61 ,32 ,8 ,5 ,2 ,5 ,0.56,0.36
7259,2601,1950,38 ,26 ,23 ,12 ,9 ,10 ,6 ,4 ,30 ,23 ,1 ,3 ,7 ,0 ,0.44,0.31
7260,1985,1966,100 ,67 ,45 ,45 ,49 ,19 ,6 ,3 ,58 ,53 ,42 ,10 ,0 ,4 ,0.53,0.38
7261,2233,1995,18 ,5 ,16 ,1 ,2 ,3 ,0 ,1 ,5 ,5 ,2 ,0 ,11 ,0 ,0.37,0.26
7262,2592,2611,72 ,46 ,40 ,20 ,18 ,15 ,14 ,11 ,62 ,39 ,6 ,7 ,4 ,0 ,0.38,0.39
7263,2508,2215,43 ,56 ,29 ,36 ,9 ,11 ,5 ,9 ,41 ,43 ,2 ,1 ,0 ,12 ,0.3,0.51
7264,2580,1818,120 ,68 ,78 ,34 ,24 ,25 ,18 ,9 ,87 ,46 ,33 ,22 ,0 ,0 ,0.55,0.5
7265,2346,1819,0 ,0 ,0 ,0 ,0 ,0 ,0 ,0 ,0 ,0 ,0 ,0 ,0 ,0 ,0.0,0.0
7266,2361,2305,10 ,4 ,5 ,3 ,0 ,0 ,5 ,1 ,10 ,4 ,0 ,0 ,0 ,0 ,0.3,0.22
7267,2129,2554,11 ,23 ,2 ,3 ,5 ,17 ,4 ,3 ,8 ,13 ,3 ,10 ,0 ,0 ,0.37,0.46
7268,2187,2439,34 ,9 ,30 ,5 ,2 ,2 ,2 ,2 ,10 ,8 ,0 ,0 ,24 ,1 ,0.4,0.18
7269,2373,2300,24 ,63 ,15 ,44 ,9 ,16 ,0 ,3 ,18 ,53 ,6 ,10 ,0 ,0 ,0.32,0.6
7270,2110,1993,18 ,8 ,7 ,4 ,2 ,2 ,9 ,2 ,5 ,7 ,6 ,0 ,7 ,1 ,0.6,0.66
7271,2209,2225,86 ,6 ,76 ,2 ,9 ,2 ,1 ,2 ,6 ,5 ,0 ,0 ,80 ,1 ,0.63,0.16
7272,1872,2106,26 ,42 ,15 ,35 ,6 ,7 ,5 ,0 ,20 ,28 ,6 ,14 ,0 ,0 ,0.42,0.62
7273,2600,2232,2 ,35 ,0 ,32 ,0 ,0 ,2 ,3 ,2 ,3 ,0 ,0 ,0 ,32 ,0.28,0.66
7274,2510,1843,30 ,1 ,23 ,0 ,7 ,1 ,0 ,0 ,16 ,1 ,11 ,0 ,3 ,0 ,0.63,0.2
7275,1820,2114,4 ,7 ,2 ,6 ,1 ,0 ,1 ,1 ,4 ,7 ,0 ,0 ,0 ,0 ,0.13,0.53
7276,1907,1868,31 ,14 ,11 ,4 ,10 ,6 ,10 ,4 ,22 ,11 ,6 ,3 ,3 ,0 ,0.38,0.26
7277,1879,1821,67 ,53 ,19 ,11 ,12 ,12 ,36 ,30 ,61 ,49 ,2 ,4 ,4 ,0 ,0.5,0.53
7278,2044,2127,10 ,10 ,2 ,5 ,4 ,4 ,4 ,1 ,10 ,9 ,0 ,0 ,0 ,1 ,0.4,0.41
7279,2186,1822,16 ,8 ,12 ,6 ,3 ,2 ,1 ,0 ,11 ,7 ,3 ,1 ,2 ,0 ,0.66,0.38
7280,2562,1823,77 ,95 ,41 ,41 ,27 ,29 ,9 ,25 ,59 ,79 ,18 ,16 ,0 ,0 ,0.49,0.53
7281,2549,1952,72 ,66 ,48 ,42 ,17 ,19 ,7 ,5 ,60 ,38 ,8 ,26 ,4 ,2 ,0.51,0.48
7282,2587,1870,30 ,16 ,15 ,8 ,7 ,7 ,8 ,1 ,18 ,10 ,11 ,6 ,1 ,0 ,0.56,0.29
7283,2009,2324,43 ,70 ,12 ,34 ,11 ,17 ,20 ,19 ,43 ,70 ,0 ,0 ,0 ,0 ,0.34,0.4
7284,2166,2629,57 ,76 ,39 ,65 ,12 ,6 ,6 ,5 ,46 ,60 ,3 ,10 ,8 ,6 ,0.43,0.51
7285,2057,2202,160 ,164 ,116 ,130 ,25 ,22 ,19 ,12 ,127 ,134 ,33 ,30 ,0 ,0 ,0.51,0.61
7286,2069,2138,61 ,44 ,46 ,25 ,10 ,17 ,5 ,2 ,50 ,31 ,9 ,9 ,2 ,4 ,0.51,0.41
7287,2435,1915,5 ,2 ,4 ,2 ,1 ,0 ,0 ,0 ,1 ,2 ,0 ,0 ,4 ,0 ,0.83,0.28
7288,1977,2451,37 ,70 ,30 ,21 ,5 ,8 ,2 ,41 ,35 ,68 ,2 ,2 ,0 ,0 ,0.4,0.6
7289,2418,1958,141 ,113 ,109 ,53 ,9 ,20 ,23 ,40 ,138 ,111 ,3 ,2 ,0 ,0 ,0.56,0.45
7290,2110,2371,90 ,79 ,48 ,48 ,22 ,21 ,20 ,10 ,52 ,51 ,37 ,24 ,1 ,4 ,0.51,0.57
7291,2304,2279,27 ,91 ,10 ,32 ,7 ,16 ,10 ,43 ,25 ,84 ,2 ,4 ,0 ,3 ,0.4,0.6
7292,2261,2468,163 ,24 ,106 ,19 ,37 ,3 ,20 ,2 ,50 ,23 ,17 ,1 ,96 ,0 ,0.75,0.38
7293,2620,2327,17 ,25 ,3 ,18 ,3 ,6 ,11 ,1 ,16 ,10 ,1 ,1 ,0 ,14 ,0.48,0.71
7294,2019,1917,56 ,30 ,22 ,13 ,8 ,6 ,26 ,11 ,51 ,30 ,2 ,0 ,3 ,0 ,0.48,0.39
7295,1886,2576,11 ,47 ,7 ,46 ,3 ,1 ,1 ,0 ,9 ,9 ,2 ,1 ,0 ,37 ,0.26,0.72
7296,2070,1824,40 ,17 ,13 ,15 ,13 ,2 ,14 ,0 ,36 ,17 ,2 ,0 ,2 ,0 ,0.47,0.32
7297,1975,2165,75 ,112 ,54 ,36 ,16 ,27 ,5 ,49 ,68 ,104 ,6 ,8 ,1 ,0 ,0.5,0.43
7298,2386,2365,29 ,44 ,7 ,31 ,18 ,12 ,4 ,1 ,19 ,17 ,10 ,4 ,0 ,23 ,0.5,0.61
7299,2125,1954,15 ,45 ,8 ,36 ,3 ,9 ,4 ,0 ,15 ,40 ,0 ,0 ,0 ,5 ,0.48,0.58
7300,2667,2101,15 ,14 ,9 ,1 ,3 ,3 ,3 ,10 ,12 ,14 ,3 ,0 ,0 ,0 ,0.33,0.63
7301,2632,1825,8 ,2 ,7 ,2 ,1 ,0 ,0 ,0 ,4 ,2 ,4 ,0 ,0 ,0 ,0.61,0.22
7302,2257,1826,61 ,55 ,37 ,28 ,18 ,9 ,6 ,18 ,43 ,46 ,17 ,9 ,1 ,0 ,0.47,0.36
7303,2119,1859,36 ,15 ,16 ,9 ,10 ,4 ,10 ,2 ,25 ,13 ,0 ,0 ,11 ,2 ,0.63,0.22
7304,2309,1890,65 ,62 ,25 ,25 ,22 ,25 ,18 ,12 ,65 ,62 ,0 ,0 ,0 ,0 ,0.46,0.36
7305,2049,2609,91 ,59 ,44 ,39 ,12 ,14 ,35 ,6 ,90 ,50 ,1 ,0 ,0 ,9 ,0.61,0.31
7306,2443,1827,75 ,34 ,34 ,25 ,31 ,6 ,10 ,3 ,71 ,34 ,1 ,0 ,3 ,0 ,0.58,0.27
7307,1828,2241,39 ,126 ,25 ,43 ,8 ,20 ,6 ,63 ,39 ,116 ,0 ,10 ,0 ,0 ,0.15,0.57
7308,2362,1892,4 ,7 ,2 ,3 ,2 ,2 ,0 ,2 ,0 ,4 ,1 ,1 ,3 ,2 ,0.66,0.87
7309,2380,2617,40 ,18 ,12 ,6 ,17 ,8 ,11 ,4 ,17 ,14 ,23 ,4 ,0 ,0 ,0.51,0.42
7310,2079,2151,98 ,77 ,71 ,48 ,19 ,19 ,8 ,10 ,45 ,70 ,32 ,5 ,21 ,2 ,0.53,0.42
7311,1933,2021,84 ,48 ,59 ,28 ,18 ,13 ,7 ,7 ,76 ,44 ,7 ,3 ,1 ,1 ,0.51,0.36
7312,2306,2537,26 ,9 ,16 ,5 ,7 ,1 ,3 ,3 ,25 ,9 ,1 ,0 ,0 ,0 ,0.53,0.21
7313,2651,1906,52 ,28 ,10 ,0 ,6 ,7 ,36 ,21 ,47 ,24 ,5 ,4 ,0 ,0 ,0.59,0.38
7314,2278,2291,26 ,8 ,19 ,7 ,1 ,1 ,6 ,0 ,15 ,8 ,1 ,0 ,10 ,0 ,0.56,0.32
7315,2344,2586,101 ,24 ,49 ,12 ,28 ,10 ,24 ,2 ,42 ,23 ,10 ,1 ,49 ,0 ,0.55,0.38
7316,2205,2323,58 ,60 ,39 ,32 ,15 ,15 ,4 ,13 ,53 ,59 ,4 ,1 ,1 ,0 ,0.25,0.4
7317,2221,2392,109 ,11 ,48 ,7 ,39 ,2 ,22 ,2 ,105 ,11 ,4 ,0 ,0 ,0 ,0.69,0.25
7318,2002,2141,29 ,39 ,18 ,20 ,4 ,9 ,7 ,10 ,25 ,36 ,4 ,3 ,0 ,0 ,0.5,0.66
7319,1829,2028,1 ,2 ,0 ,0 ,1 ,1 ,0 ,1 ,1 ,2 ,0 ,0 ,0 ,0 ,0.25,0.33
7320,1830,2548,44 ,35 ,19 ,31 ,19 ,4 ,6 ,0 ,19 ,27 ,25 ,8 ,0 ,0 ,0.46,0.46
7321,2218,1854,171 ,148 ,114 ,79 ,57 ,37 ,0 ,32 ,161 ,137 ,10 ,11 ,0 ,0 ,0.45,0.41
7322,2340,1831,88 ,83 ,38 ,37 ,13 ,22 ,37 ,24 ,88 ,83 ,0 ,0 ,0 ,0 ,0.49,0.44
7323,2171,2253,41 ,38 ,16 ,14 ,13 ,11 ,12 ,13 ,35 ,23 ,6 ,14 ,0 ,1 ,0.6,0.43
7324,2569,1935,81 ,58 ,50 ,14 ,20 ,12 ,11 ,32 ,59 ,55 ,8 ,3 ,14 ,0 ,0.52,0.48
7325,1869,1880,16 ,8 ,12 ,3 ,1 ,1 ,3 ,4 ,15 ,6 ,0 ,2 ,1 ,0 ,0.55,0.33
7326,2004,2487,11 ,7 ,9 ,3 ,0 ,1 ,2 ,3 ,6 ,7 ,0 ,0 ,5 ,0 ,0.78,0.5
7327,2310,2024,112 ,99 ,77 ,53 ,24 ,28 ,11 ,18 ,92 ,94 ,6 ,4 ,14 ,1 ,0.61,0.32
7328,2636,2668,28 ,93 ,4 ,65 ,7 ,18 ,17 ,10 ,26 ,72 ,2 ,3 ,0 ,18 ,0.41,0.65
7329,2520,2671,94 ,137 ,22 ,85 ,38 ,45 ,34 ,7 ,94 ,121 ,0 ,11 ,0 ,5 ,0.34,0.52
7330,1982,1887,81 ,8 ,53 ,6 ,20 ,0 ,8 ,2 ,38 ,8 ,8 ,0 ,35 ,0 ,0.63,0.27
7331,1922,2167,14 ,43 ,8 ,27 ,2 ,10 ,4 ,6 ,12 ,35 ,2 ,7 ,0 ,1 ,0.36,0.59
7332,2256,2588,103 ,77 ,63 ,43 ,16 ,25 ,24 ,9 ,91 ,58 ,12 ,19 ,0 ,0 ,0.48,0.37
7333,2415,1865,12 ,4 ,0 ,1 ,2 ,1 ,10 ,2 ,12 ,3 ,0 ,0 ,0 ,1 ,0.6,0.28
7334,2654,1907,49 ,38 ,23 ,18 ,9 ,8 ,17 ,12 ,47 ,37 ,2 ,1 ,0 ,0 ,0.58,0.32
7335,2553,2063,21 ,3 ,15 ,0 ,4 ,2 ,2 ,1 ,15 ,3 ,3 ,0 ,3 ,0 ,0.67,0.23
7336,1983,2509,72 ,82 ,42 ,43 ,17 ,19 ,13 ,20 ,65 ,80 ,7 ,2 ,0 ,0 ,0.34,0.44
7337,2416,1883,36 ,38 ,18 ,25 ,11 ,3 ,7 ,10 ,35 ,36 ,1 ,2 ,0 ,0 ,0.35,0.46
7338,2438,1832,18 ,6 ,17 ,5 ,1 ,1 ,0 ,0 ,6 ,6 ,1 ,0 ,11 ,0 ,0.6,0.31
7339,2558,2646,127 ,105 ,59 ,46 ,33 ,36 ,35 ,23 ,119 ,94 ,8 ,11 ,0 ,0 ,0.35,0.55
7340,2518,2262,84 ,80 ,54 ,61 ,12 ,6 ,18 ,13 ,51 ,67 ,31 ,6 ,2 ,7 ,0.41,0.44
7341,1947,2448,60 ,69 ,17 ,45 ,3 ,11 ,40 ,13 ,60 ,55 ,0 ,1 ,0 ,13 ,0.55,0.37
7342,2208,1833,55 ,47 ,31 ,10 ,20 ,26 ,4 ,11 ,37 ,20 ,17 ,27 ,1 ,0 ,0.52,0.49
7343,2084,1834,85 ,87 ,58 ,53 ,27 ,22 ,0 ,12 ,83 ,80 ,1 ,7 ,1 ,0 ,0.44,0.47
7344,2630,2430,28 ,2 ,28 ,1 ,0 ,0 ,0 ,1 ,0 ,1 ,0 ,0 ,28 ,1 ,0.71,0.5
7345,1936,1835,104 ,51 ,66 ,32 ,33 ,15 ,5 ,4 ,56 ,35 ,30 ,16 ,18 ,0 ,0.72,0.49
7346,1941,2237,33 ,43 ,20 ,32 ,8 ,5 ,5 ,6 ,22 ,40 ,5 ,2 ,6 ,1 ,0.38,0.46
7347,2195,2591,0 ,8 ,0 ,3 ,0 ,4 ,0 ,1 ,0 ,7 ,0 ,1 ,0 ,0 ,0.0,0.88
7348,1978,1836,45 ,25 ,9 ,6 ,34 ,6 ,2 ,13 ,29 ,20 ,16 ,5 ,0 ,0 ,0.56,0.49
7349,2053,1905,70 ,13 ,47 ,7 ,22 ,5 ,1 ,1 ,12 ,4 ,53 ,7 ,5 ,2 ,0.68,0.4
7350,2112,2394,23 ,18 ,13 ,13 ,7 ,3 ,3 ,2 ,17 ,16 ,1 ,2 ,5 ,0 ,0.57,0.32
7351,2343,2556,18 ,16 ,4 ,11 ,12 ,2 ,2 ,3 ,18 ,13 ,0 ,1 ,0 ,2 ,0.56,0.4
7352,1896,2576,67 ,65 ,41 ,55 ,13 ,9 ,13 ,1 ,59 ,58 ,8 ,7 ,0 ,0 ,0.32,0.48
7353,2201,1837,44 ,7 ,24 ,5 ,8 ,2 ,12 ,0 ,28 ,7 ,1 ,0 ,15 ,0 ,0.66,0.19
7354,2078,1838,31 ,34 ,21 ,27 ,10 ,4 ,0 ,3 ,10 ,10 ,7 ,1 ,14 ,23 ,0.47,0.53
7355,1900,1866,29 ,3 ,26 ,0 ,2 ,2 ,1 ,1 ,1 ,1 ,2 ,2 ,26 ,0 ,0.82,0.42
7356,2191,2035,141 ,99 ,94 ,57 ,42 ,33 ,5 ,9 ,123 ,85 ,17 ,13 ,1 ,1 ,0.52,0.37
7357,2615,1912,75 ,110 ,25 ,46 ,45 ,33 ,5 ,31 ,75 ,108 ,0 ,2 ,0 ,0 ,0.48,0.45
7358,2437,1921,30 ,5 ,19 ,2 ,7 ,3 ,4 ,0 ,20 ,5 ,2 ,0 ,8 ,0 ,0.56,0.22
7359,2359,2665,40 ,68 ,29 ,41 ,10 ,24 ,1 ,3 ,37 ,55 ,3 ,2 ,0 ,11 ,0.28,0.38
7360,2519,1994,26 ,11 ,15 ,4 ,9 ,2 ,2 ,5 ,24 ,11 ,2 ,0 ,0 ,0 ,0.41,0.39
7361,2658,2664,0 ,7 ,0 ,7 ,0 ,0 ,0 ,0 ,0 ,1 ,0 ,0 ,0 ,6 ,0.0,0.63
7362,1839,1891,102 ,117 ,59 ,69 ,32 ,29 ,11 ,19 ,93 ,117 ,9 ,0 ,0 ,0 ,0.37,0.55
7363,2177,2046,110 ,38 ,44 ,25 ,10 ,10 ,56 ,3 ,110 ,38 ,0 ,0 ,0 ,0 ,0.55,0.28
7364,2193,2085,48 ,52 ,23 ,47 ,2 ,5 ,23 ,0 ,44 ,42 ,2 ,1 ,2 ,9 ,0.44,0.54
7365,2510,1928,14 ,1 ,14 ,0 ,0 ,0 ,0 ,1 ,0 ,1 ,1 ,0 ,13 ,0 ,0.66,1.0
7366,2197,2471,18 ,15 ,9 ,10 ,8 ,3 ,1 ,2 ,7 ,13 ,11 ,2 ,0 ,0 ,0.51,0.48
7367,2037,1840,11 ,15 ,8 ,11 ,3 ,1 ,0 ,3 ,11 ,15 ,0 ,0 ,0 ,0 ,0.33,0.3
7368,2126,2045,83 ,73 ,64 ,38 ,18 ,14 ,1 ,21 ,63 ,65 ,13 ,8 ,7 ,0 ,0.51,0.41
7369,2166,2387,0 ,6 ,0 ,5 ,0 ,1 ,0 ,0 ,0 ,2 ,0 ,0 ,0 ,4 ,0.0,0.33
7370,1967,2497,36 ,20 ,7 ,9 ,0 ,10 ,29 ,1 ,36 ,17 ,0 ,3 ,0 ,0 ,0.62,0.27
7371,1841,2089,41 ,24 ,29 ,15 ,2 ,4 ,10 ,5 ,31 ,22 ,10 ,1 ,0 ,1 ,0.4,0.52
7372,2067,2286,178 ,164 ,126 ,71 ,14 ,89 ,38 ,4 ,148 ,134 ,15 ,25 ,15 ,5 ,0.5,0.5
7373,2113,2059,113 ,65 ,56 ,51 ,22 ,6 ,35 ,8 ,74 ,35 ,15 ,5 ,24 ,25 ,0.73,0.71
7374,1988,1842,74 ,47 ,47 ,31 ,26 ,8 ,1 ,8 ,60 ,37 ,14 ,3 ,0 ,7 ,0.5,0.46
7375,2480,2283,50 ,48 ,37 ,31 ,6 ,10 ,7 ,7 ,36 ,24 ,5 ,11 ,9 ,13 ,0.69,0.59
7376,1843,2001,92 ,103 ,75 ,63 ,11 ,27 ,6 ,13 ,89 ,97 ,2 ,6 ,1 ,0 ,0.51,0.53
7377,1844,2605,41 ,34 ,21 ,11 ,13 ,5 ,7 ,18 ,31 ,31 ,3 ,0 ,7 ,3 ,0.38,0.43
7378,2355,2033,30 ,25 ,8 ,3 ,8 ,6 ,14 ,16 ,26 ,23 ,4 ,2 ,0 ,0 ,0.69,0.69
7379,2108,1929,43 ,61 ,28 ,32 ,14 ,16 ,1 ,13 ,41 ,50 ,2 ,6 ,0 ,5 ,0.46,0.62
7380,2642,1914,30 ,14 ,19 ,8 ,10 ,3 ,1 ,3 ,14 ,10 ,8 ,1 ,8 ,3 ,0.69,0.42
7381,2111,2351,5 ,1 ,2 ,0 ,2 ,0 ,1 ,1 ,5 ,1 ,0 ,0 ,0 ,0 ,0.45,0.33
7382,2217,1893,26 ,12 ,20 ,3 ,6 ,1 ,0 ,8 ,26 ,12 ,0 ,0 ,0 ,0 ,0.72,0.75
7383,2189,2563,13 ,14 ,7 ,4 ,3 ,1 ,3 ,9 ,7 ,14 ,1 ,0 ,5 ,0 ,0.68,0.51
7384,2083,2672,36 ,38 ,27 ,27 ,6 ,3 ,3 ,8 ,33 ,22 ,1 ,0 ,2 ,16 ,0.54,0.54
7385,2263,2347,24 ,4 ,13 ,0 ,9 ,1 ,2 ,3 ,7 ,3 ,8 ,1 ,9 ,0 ,0.82,0.66
7386,2150,1845,23 ,13 ,6 ,11 ,8 ,2 ,9 ,0 ,21 ,7 ,2 ,2 ,0 ,4 ,0.54,0.4
7387,2352,2225,57 ,5 ,55 ,0 ,2 ,0 ,0 ,5 ,5 ,5 ,1 ,0 ,51 ,0 ,0.74,0.22
7388,2252,2238,76 ,62 ,37 ,29 ,37 ,25 ,2 ,8 ,40 ,34 ,33 ,27 ,3 ,1 ,0.63,0.46
7389,2457,2316,8 ,9 ,6 ,5 ,2 ,0 ,0 ,4 ,7 ,9 ,0 ,0 ,1 ,0 ,0.3,0.47
7390,2147,2120,87 ,75 ,50 ,47 ,11 ,17 ,26 ,11 ,65 ,57 ,7 ,2 ,15 ,16 ,0.46,0.49
7391,2122,1913,16 ,8 ,6 ,6 ,2 ,2 ,8 ,0 ,16 ,8 ,0 ,0 ,0 ,0 ,0.48,0.25
7392,2441,2185,51 ,38 ,33 ,19 ,11 ,14 ,7 ,5 ,50 ,38 ,0 ,0 ,1 ,0 ,0.49,0.35
7393,1955,2051,70 ,79 ,51 ,39 ,9 ,30 ,10 ,10 ,58 ,55 ,12 ,24 ,0 ,0 ,0.45,0.49
7394,2248,2273,39 ,53 ,27 ,41 ,3 ,7 ,9 ,5 ,32 ,25 ,3 ,25 ,4 ,3 ,0.42,0.46
7395,2367,2325,38 ,20 ,32 ,17 ,5 ,3 ,1 ,0 ,5 ,2 ,3 ,1 ,30 ,17 ,0.67,0.51
7396,2584,2242,3 ,14 ,0 ,8 ,1 ,2 ,2 ,4 ,3 ,10 ,0 ,0 ,0 ,4 ,0.42,0.7
7397,2670,2412,156 ,75 ,92 ,54 ,49 ,9 ,15 ,12 ,153 ,73 ,3 ,1 ,0 ,1 ,0.52,0.38
7398,2574,1903,111 ,88 ,47 ,59 ,30 ,17 ,34 ,12 ,109 ,82 ,2 ,6 ,0 ,0 ,0.62,0.43
7399,2655,1846,36 ,35 ,27 ,23 ,5 ,12 ,4 ,0 ,22 ,16 ,10 ,19 ,4 ,0 ,0.54,0.61
7400,2289,2250,91 ,143 ,65 ,87 ,19 ,30 ,7 ,26 ,66 ,141 ,5 ,2 ,20 ,0 ,0.43,0.59
7401,2657,1934,10 ,2 ,7 ,1 ,0 ,0 ,3 ,1 ,3 ,2 ,0 ,0 ,7 ,0 ,0.62,0.28
7402,2543,2553,84 ,98 ,68 ,81 ,8 ,15 ,8 ,2 ,78 ,85 ,4 ,11 ,2 ,2 ,0.37,0.44
7403,2641,2532,74 ,54 ,41 ,31 ,25 ,14 ,8 ,9 ,43 ,35 ,26 ,19 ,5 ,0 ,0.59,0.55
7404,2346,2652,13 ,7 ,11 ,3 ,2 ,3 ,0 ,1 ,4 ,5 ,3 ,1 ,6 ,1 ,0.72,0.58
7405,2204,2344,5 ,6 ,2 ,3 ,3 ,1 ,0 ,2 ,4 ,4 ,1 ,0 ,0 ,2 ,0.55,0.54
7406,2129,2220,53 ,49 ,27 ,38 ,7 ,6 ,19 ,5 ,43 ,47 ,6 ,2 ,4 ,0 ,0.49,0.42
7407,2143,2222,1 ,10 ,1 ,7 ,0 ,0 ,0 ,3 ,1 ,7 ,0 ,0 ,0 ,3 ,0.14,0.71
7408,2570,2188,30 ,38 ,18 ,21 ,7 ,5 ,5 ,12 ,26 ,22 ,2 ,4 ,2 ,12 ,0.56,0.62
7409,2461,2539,72 ,18 ,38 ,10 ,27 ,6 ,7 ,2 ,53 ,11 ,18 ,3 ,1 ,4 ,0.66,0.41
7410,1991,2086,58 ,14 ,49 ,8 ,6 ,5 ,3 ,1 ,44 ,14 ,13 ,0 ,1 ,0 ,0.69,0.17
7411,1909,2407,20 ,42 ,13 ,31 ,7 ,5 ,0 ,6 ,5 ,12 ,9 ,3 ,6 ,27 ,0.47,0.56
7412,2073,1998,4 ,11 ,3 ,6 ,1 ,2 ,0 ,3 ,2 ,11 ,0 ,0 ,2 ,0 ,0.44,0.68
7413,2023,1960,39 ,76 ,33 ,41 ,2 ,24 ,4 ,11 ,34 ,68 ,3 ,6 ,2 ,2 ,0.39,0.57
7414,2485,1915,65 ,30 ,44 ,19 ,8 ,6 ,13 ,5 ,46 ,26 ,16 ,4 ,3 ,0 ,0.74,0.42
7415,1953,1993,26 ,63 ,14 ,42 ,6 ,15 ,6 ,6 ,19 ,25 ,4 ,10 ,3 ,28 ,0.36,0.58
7416,1943,2303,14 ,8 ,6 ,4 ,2 ,3 ,6 ,1 ,3 ,4 ,7 ,2 ,4 ,2 ,0.87,0.4
7417,2395,2458,14 ,8 ,10 ,6 ,4 ,0 ,0 ,2 ,5 ,3 ,8 ,1 ,1 ,4 ,0.51,0.4
7418,2061,2109,55 ,87 ,36 ,57 ,11 ,8 ,8 ,22 ,51 ,81 ,4 ,3 ,0 ,3 ,0.47,0.38
7419,2293,1847,28 ,5 ,22 ,4 ,4 ,1 ,2 ,0 ,12 ,5 ,0 ,0 ,16 ,0 ,0.52,0.41
7420,2506,2375,1 ,3 ,1 ,2 ,0 ,1 ,0 ,0 ,0 ,0 ,0 ,1 ,1 ,2 ,0.33,0.75
7421,2260,2169,84 ,57 ,45 ,33 ,12 ,17 ,27 ,7 ,80 ,54 ,4 ,3 ,0 ,0 ,0.4,0.38
7422,2207,2152,32 ,6 ,26 ,3 ,3 ,1 ,3 ,2 ,12 ,6 ,1 ,0 ,19 ,0 ,0.74,0.42
7423,2175,2575,43 ,43 ,29 ,16 ,11 ,20 ,3 ,7 ,30 ,23 ,13 ,20 ,0 ,0 ,0.42,0.49
7424,1848,1944,37 ,53 ,27 ,33 ,2 ,14 ,8 ,6 ,32 ,43 ,2 ,1 ,3 ,9 ,0.64,0.63
7425,2421,1992,80 ,73 ,70 ,58 ,9 ,9 ,1 ,6 ,18 ,38 ,11 ,12 ,51 ,23 ,0.61,0.57
7426,2128,1987,2 ,1 ,1 ,1 ,0 ,0 ,1 ,0 ,1 ,1 ,0 ,0 ,1 ,0 ,1.0,1.0
7427,2388,2430,4 ,9 ,3 ,7 ,0 ,1 ,1 ,1 ,1 ,4 ,1 ,0 ,2 ,5 ,0.8,0.75
7428,2054,2005,32 ,3 ,31 ,3 ,1 ,0 ,0 ,0 ,5 ,3 ,0 ,0 ,27 ,0 ,0.86,0.27
7429,2378,2160,31 ,64 ,18 ,24 ,9 ,23 ,4 ,17 ,30 ,60 ,1 ,4 ,0 ,0 ,0.42,0.52
7430,1976,2155,43 ,46 ,19 ,33 ,14 ,9 ,10 ,4 ,36 ,28 ,7 ,15 ,0 ,3 ,0.32,0.5
7431,2666,2550,14 ,18 ,8 ,7 ,1 ,7 ,5 ,4 ,7 ,13 ,1 ,4 ,6 ,1 ,0.58,0.56
7432,2439,2319,46 ,45 ,39 ,35 ,5 ,7 ,2 ,3 ,44 ,33 ,2 ,6 ,0 ,6 ,0.48,0.6
7433,2285,2664,33 ,15 ,26 ,5 ,2 ,3 ,5 ,7 ,18 ,14 ,0 ,1 ,15 ,0 ,0.55,0.57
7434,2644,2281,2 ,8 ,0 ,8 ,0 ,0 ,2 ,0 ,2 ,4 ,0 ,2 ,0 ,2 ,0.25,0.53
7435,2068,2596,57 ,36 ,41 ,21 ,11 ,12 ,5 ,3 ,45 ,21 ,11 ,8 ,1 ,7 ,0.43,0.22
7436,2669,2062,33 ,2 ,30 ,2 ,1 ,0 ,2 ,0 ,7 ,2 ,0 ,0 ,26 ,0 ,0.76,0.5
7437,2300,1849,53 ,44 ,20 ,31 ,22 ,13 ,11 ,0 ,50 ,29 ,3 ,15 ,0 ,0 ,0.5,0.38
7438,2235,2393,29 ,6 ,26 ,1 ,2 ,2 ,1 ,3 ,4 ,2 ,3 ,4 ,22 ,0 ,0.59,0.6
7439,2200,1850,50 ,47 ,33 ,25 ,11 ,9 ,6 ,13 ,36 ,46 ,6 ,1 ,8 ,0 ,0.4,0.4
7440,1975,2002,62 ,134 ,43 ,78 ,8 ,15 ,11 ,41 ,55 ,121 ,7 ,13 ,0 ,0 ,0.39,0.57
7441,2216,2179,27 ,14 ,21 ,10 ,3 ,3 ,3 ,1 ,11 ,13 ,0 ,0 ,16 ,1 ,0.45,0.46
7442,2642,2426,10 ,10 ,6 ,6 ,0 ,3 ,4 ,1 ,8 ,10 ,2 ,0 ,0 ,0 ,0.47,0.4
7443,2218,2340,16 ,8 ,14 ,3 ,2 ,2 ,0 ,3 ,4 ,8 ,6 ,0 ,6 ,0 ,0.55,0.34
7444,2049,2186,47 ,53 ,27 ,33 ,14 ,14 ,6 ,6 ,46 ,51 ,1 ,1 ,0 ,1 ,0.55,0.46
7445,2326,2177,77 ,87 ,35 ,8 ,12 ,3 ,30 ,76 ,49 ,87 ,4 ,0 ,24 ,0 ,0.46,0.6
7446,2106,2638,8 ,49 ,8 ,35 ,0 ,14 ,0 ,0 ,8 ,35 ,0 ,5 ,0 ,9 ,0.4,0.5
7447,2466,2194,20 ,10 ,16 ,1 ,3 ,0 ,1 ,9 ,8 ,10 ,0 ,0 ,12 ,0 ,0.55,0.4
7448,2275,2601,24 ,32 ,19 ,22 ,4 ,3 ,1 ,7 ,15 ,24 ,5 ,3 ,4 ,5 ,0.58,0.74
7449,2502,2074,31 ,64 ,17 ,45 ,3 ,16 ,11 ,3 ,29 ,37 ,2 ,9 ,0 ,18 ,0.41,0.5
7450,2433,1911,20 ,17 ,16 ,9 ,2 ,1 ,2 ,7 ,16 ,17 ,4 ,0 ,0 ,0 ,0.48,0.68
7451,1931,2121,145 ,204 ,122 ,103 ,20 ,6 ,3 ,95 ,145 ,204 ,0 ,0 ,0 ,0 ,0.47,0.58
7452,2277,2361,68 ,93 ,58 ,69 ,2 ,15 ,8 ,9 ,51 ,78 ,14 ,15 ,3 ,0 ,0.58,0.62
7453,2470,2112,2 ,0 ,1 ,0 ,1 ,0 ,0 ,0 ,2 ,0 ,0 ,0 ,0 ,0 ,0.2,0.0
7454,1916,2328,62 ,106 ,35 ,73 ,23 ,13 ,4 ,20 ,51 ,66 ,0 ,0 ,11 ,40 ,0.59,0.64
7455,1981,2099,28 ,16 ,24 ,6 ,4 ,7 ,0 ,3 ,5 ,13 ,10 ,1 ,13 ,2 ,0.77,0.64
7456,2295,2311,95 ,111 ,49 ,102 ,22 ,7 ,24 ,2 ,74 ,91 ,5 ,5 ,16 ,15 ,0.6,0.54
7457,2259,1986,57 ,44 ,21 ,20 ,14 ,7 ,22 ,17 ,56 ,44 ,0 ,0 ,1 ,0 ,0.52,0.34
7458,2670,2414,83 ,50 ,63 ,29 ,15 ,11 ,5 ,10 ,61 ,49 ,9 ,1 ,13 ,0 ,0.58,0.54
7459,2086,2168,21 ,12 ,19 ,5 ,2 ,5 ,0 ,2 ,8 ,11 ,0 ,1 ,13 ,0 ,0.52,0.6
7460,2137,2321,11 ,25 ,8 ,24 ,0 ,1 ,3 ,0 ,11 ,23 ,0 ,2 ,0 ,0 ,0.3,0.69
7461,2362,1933,42 ,40 ,14 ,24 ,7 ,11 ,21 ,5 ,39 ,34 ,2 ,2 ,1 ,4 ,0.42,0.43
7462,2114,2052,65 ,28 ,57 ,14 ,7 ,7 ,1 ,7 ,52 ,28 ,3 ,0 ,10 ,0 ,0.52,0.34
7463,1962,1990,28 ,47 ,18 ,25 ,4 ,9 ,6 ,13 ,23 ,25 ,3 ,11 ,2 ,11 ,0.4,0.54
7464,1904,2667,58 ,49 ,13 ,24 ,22 ,11 ,23 ,14 ,58 ,46 ,0 ,3 ,0 ,0 ,0.45,0.36
7465,1851,2434,13 ,19 ,8 ,18 ,4 ,0 ,1 ,1 ,12 ,15 ,1 ,0 ,0 ,4 ,0.48,0.44
7466,2498,2371,45 ,112 ,33 ,76 ,4 ,31 ,8 ,5 ,44 ,110 ,1 ,2 ,0 ,0 ,0.41,0.41
7467,2656,1885,80 ,80 ,50 ,51 ,10 ,13 ,20 ,16 ,67 ,79 ,5 ,1 ,8 ,0 ,0.57,0.43
7468,2189,2563,39 ,24 ,8 ,2 ,6 ,3 ,25 ,19 ,38 ,24 ,0 ,0 ,1 ,0 ,0.67,0.33
7469,1852,2048,37 ,3 ,35 ,2 ,2 ,0 ,0 ,1 ,18 ,3 ,5 ,0 ,14 ,0 ,0.52,0.42
7470,2588,2348,93 ,24 ,84 ,19 ,6 ,3 ,3 ,2 ,23 ,20 ,2 ,0 ,68 ,4 ,0.77,0.48
7471,1853,2489,1 ,5 ,1 ,5 ,0 ,0 ,0 ,0 ,1 ,5 ,0 ,0 ,0 ,0 ,0.11,0.5
7472,2467,2044,23 ,12 ,20 ,10 ,0 ,2 ,3 ,0 ,5 ,9 ,0 ,0 ,18 ,3 ,0.58,0.29
7473,2055,2170,79 ,62 ,51 ,48 ,20 ,8 ,8 ,6 ,73 ,60 ,6 ,1 ,0 ,1 ,0.34,0.42
7474,2591,2039,60 ,80 ,19 ,59 ,20 ,10 ,21 ,11 ,52 ,70 ,8 ,8 ,0 ,2 ,0.38,0.47
7475,2057,1954,64 ,105 ,49 ,74 ,8 ,21 ,7 ,10 ,46 ,99 ,17 ,6 ,1 ,0 ,0.41,0.62
7476,2322,2494,59 ,51 ,41 ,35 ,17 ,12 ,1 ,4 ,46 ,45 ,9 ,5 ,4 ,1 ,0.42,0.43
7477,2459,2364,140 ,122 ,101 ,77 ,35 ,33 ,4 ,12 ,116 ,105 ,24 ,17 ,0 ,0 ,0.54,0.5
7478,2304,2593,57 ,45 ,52 ,19 ,3 ,4 ,2 ,22 ,13 ,30 ,0 ,0 ,44 ,15 ,0.55,0.67
7479,1939,2604,134 ,69 ,91 ,32 ,32 ,26 ,11 ,11 ,54 ,28 ,38 ,38 ,42 ,3 ,0.66,0.78
7480,2671,2133,173 ,137 ,157 ,81 ,10 ,32 ,6 ,24 ,173 ,134 ,0 ,3 ,0 ,0 ,0.42,0.38
7481,2533,1997,58 ,65 ,26 ,43 ,30 ,15 ,2 ,7 ,54 ,56 ,4 ,9 ,0 ,0 ,0.67,0.52
7482,1854,2551,55 ,60 ,41 ,28 ,11 ,18 ,3 ,14 ,54 ,55 ,1 ,5 ,0 ,0 ,0.36,0.41
7483,2163,2123,66 ,16 ,41 ,7 ,15 ,6 ,10 ,3 ,28 ,11 ,13 ,5 ,25 ,0 ,0.48,0.27
7484,2058,1855,49 ,19 ,33 ,3 ,14 ,2 ,2 ,14 ,21 ,8 ,11 ,10 ,17 ,1 ,0.59,0.35
7485,2623,1856,12 ,0 ,10 ,0 ,1 ,0 ,1 ,0 ,3 ,0 ,2 ,0 ,7 ,0 ,0.66,0.0
7486,2211,2461,38 ,76 ,25 ,29 ,6 ,20 ,7 ,27 ,36 ,66 ,2 ,7 ,0 ,3 ,0.23,0.54
7487,2026,2035,42 ,29 ,27 ,9 ,14 ,13 ,1 ,7 ,34 ,24 ,2 ,5 ,6 ,0 ,0.46,0.37
7488,2124,2548,16 ,30 ,4 ,23 ,6 ,0 ,6 ,7 ,16 ,27 ,0 ,0 ,0 ,3 ,0.42,0.63
7489,1858,1857,1 ,1 ,0 ,0 ,1 ,1 ,0 ,0 ,1 ,1 ,0 ,0 ,0 ,0 ,0.5,1.0
7490,2089,2324,26 ,38 ,20 ,24 ,1 ,8 ,5 ,6 ,25 ,38 ,1 ,0 ,0 ,0 ,0.38,0.29
7491,2557,2245,13 ,10 ,6 ,0 ,1 ,1 ,6 ,9 ,12 ,10 ,0 ,0 ,1 ,0 ,0.28,0.45
7492,2546,2437,23 ,23 ,20 ,17 ,2 ,4 ,1 ,2 ,10 ,19 ,1 ,1 ,12 ,3 ,0.54,0.38
7493,2486,2153,34 ,112 ,14 ,71 ,8 ,24 ,12 ,17 ,32 ,67 ,2 ,13 ,0 ,32 ,0.22,0.59
7494,2236,2201,81 ,45 ,50 ,26 ,12 ,10 ,19 ,9 ,69 ,43 ,5 ,2 ,7 ,0 ,0.64,0.47
7495,1859,2243,26 ,79 ,22 ,60 ,3 ,14 ,1 ,5 ,25 ,58 ,1 ,3 ,0 ,18 ,0.32,0.54
7496,1860,2291,17 ,10 ,7 ,10 ,2 ,0 ,8 ,0 ,14 ,10 ,3 ,0 ,0 ,0 ,0.65,0.34
7497,2598,2233,26 ,32 ,21 ,27 ,4 ,5 ,1 ,0 ,24 ,32 ,2 ,0 ,0 ,0 ,0.49,0.37
7498,1861,2102,53 ,101 ,36 ,42 ,13 ,37 ,4 ,22 ,49 ,78 ,4 ,23 ,0 ,0 ,0.41,0.53
7499,2161,2495,58 ,28 ,15 ,9 ,29 ,12 ,14 ,7 ,47 ,22 ,11 ,6 ,0 ,0 ,0.51,0.44
7500,2453,2229,60 ,33 ,51 ,20 ,5 ,8 ,4 ,5 ,58 ,26 ,1 ,5 ,1 ,2 ,0.39,0.35
7501,1959,2645,68 ,37 ,25 ,3 ,2 ,18 ,41 ,16 ,67 ,37 ,1 ,0 ,0 ,0 ,0.66,0.51
7502,2608,2011,6 ,9 ,4 ,1 ,0 ,1 ,2 ,7 ,6 ,9 ,0 ,0 ,0 ,0 ,0.54,0.45
7503,2436,2529,61 ,33 ,16 ,10 ,36 ,9 ,9 ,14 ,58 ,29 ,0 ,1 ,3 ,3 ,0.54,0.51
7504,2451,2435,37 ,71 ,28 ,53 ,4 ,8 ,5 ,10 ,36 ,64 ,1 ,7 ,0 ,0 ,0.44,0.57
7505,2633,1992,32 ,67 ,19 ,47 ,10 ,5 ,3 ,15 ,30 ,61 ,2 ,6 ,0 ,0 ,0.24,0.39
7506,2394,2466,11 ,8 ,4 ,7 ,2 ,1 ,5 ,0 ,10 ,8 ,0 ,0 ,1 ,0 ,0.57,0.24
7507,2276,2519,121 ,92 ,74 ,56 ,15 ,25 ,32 ,11 ,111 ,92 ,5 ,0 ,5 ,0 ,0.51,0.36
7508,2009,2082,36 ,66 ,14 ,28 ,13 ,16 ,9 ,22 ,32 ,60 ,3 ,6 ,1 ,0 ,0.35,0.48
7509,2337,1862,70 ,23 ,60 ,19 ,7 ,2 ,3 ,2 ,33 ,15 ,3 ,5 ,34 ,3 ,0.63,0.37
7510,1901,2199,39 ,95 ,22 ,77 ,14 ,13 ,3 ,5 ,39 ,88 ,0 ,1 ,0 ,6 ,0.43,0.51
7511,2145,2541,17 ,14 ,13 ,14 ,2 ,0 ,2 ,0 ,14 ,14 ,0 ,0 ,3 ,0 ,0.6,0.45
7512,2119,2017,38 ,12 ,30 ,7 ,6 ,1 ,2 ,4 ,7 ,6 ,1 ,1 ,30 ,5 ,0.54,0.48
7513,1863,2632,33 ,11 ,19 ,9 ,2 ,1 ,12 ,1 ,22 ,10 ,1 ,0 ,10 ,1 ,0.71,0.4
7514,2468,2220,41 ,21 ,26 ,21 ,8 ,0 ,7 ,0 ,24 ,13 ,1 ,0 ,16 ,8 ,0.51,0.38
7515,2397,2654,34 ,35 ,28 ,21 ,4 ,8 ,2 ,6 ,24 ,34 ,8 ,1 ,2 ,0 ,0.44,0.61
7516,2297,2294,74 ,29 ,44 ,13 ,20 ,5 ,10 ,11 ,51 ,24 ,13 ,5 ,10 ,0 ,0.43,0.37
7517,2396,2279,46 ,67 ,25 ,39 ,10 ,18 ,11 ,10 ,38 ,65 ,8 ,2 ,0 ,0 ,0.51,0.49
7518,2115,2567,95 ,67 ,63 ,39 ,4 ,8 ,28 ,20 ,95 ,67 ,0 ,0 ,0 ,0 ,0.54,0.44
7519,2347,2092,47 ,35 ,21 ,17 ,11 ,12 ,15 ,6 ,44 ,28 ,3 ,4 ,0 ,3 ,0.43,0.45
7520,2399,2283,0 ,1 ,0 ,1 ,0 ,0 ,0 ,0 ,0 ,1 ,0 ,0 ,0 ,0 ,0.0,0.5
7521,1932,2024,40 ,37 ,7 ,24 ,23 ,8 ,10 ,5 ,29 ,31 ,10 ,5 ,1 ,1 ,0.54,0.42
7522,2030,1864,31 ,41 ,19 ,22 ,7 ,8 ,5 ,11 ,13 ,32 ,5 ,3 ,13 ,6 ,0.44,0.65
7523,2156,2288,4 ,31 ,1 ,23 ,3 ,6 ,0 ,2 ,3 ,5 ,1 ,2 ,0 ,24 ,0.44,0.64
7524,2415,1865,9 ,4 ,3 ,2 ,2 ,2 ,4 ,0 ,8 ,2 ,0 ,0 ,1 ,2 ,0.6,0.23
7525,2425,1866,19 ,18 ,10 ,15 ,4 ,3 ,5 ,0 ,11 ,7 ,4 ,2 ,4 ,9 ,0.52,0.45
7526,2405,2611,29 ,43 ,17 ,26 ,3 ,5 ,9 ,12 ,26 ,38 ,3 ,4 ,0 ,1 ,0.35,0.58
7527,2290,2545,3 ,1 ,2 ,1 ,1 ,0 ,0 ,0 ,0 ,1 ,2 ,0 ,1 ,0 ,0.6,0.5
7528,1930,2444,94 ,83 ,52 ,40 ,24 ,17 ,18 ,26 ,84 ,80 ,10 ,3 ,0 ,0 ,0.34,0.42
7529,2416,2547,120 ,90 ,87 ,30 ,25 ,26 ,8 ,34 ,117 ,88 ,3 ,2 ,0 ,0 ,0.44,0.36
7530,2040,2144,55 ,28 ,36 ,26 ,11 ,2 ,8 ,0 ,34 ,13 ,9 ,2 ,12 ,13 ,0.47,0.38
7531,2420,2311,112 ,145 ,48 ,97 ,37 ,38 ,27 ,10 ,103 ,142 ,7 ,3 ,2 ,0 ,0.53,0.28
7532,2473,1910,38 ,39 ,15 ,33 ,8 ,6 ,15 ,0 ,34 ,18 ,4 ,2 ,0 ,19 ,0.55,0.43
7533,2215,2018,60 ,36 ,38 ,15 ,21 ,10 ,1 ,11 ,54 ,34 ,2 ,2 ,4 ,0 ,0.65,0.48
7534,2485,1867,65 ,4 ,39 ,1 ,8 ,1 ,18 ,2 ,31 ,4 ,12 ,0 ,22 ,0 ,0.7,0.15
7535,2206,2355,75 ,67 ,51 ,33 ,16 ,27 ,8 ,7 ,74 ,67 ,1 ,0 ,0 ,0 ,0.43,0.32
7536,2370,1996,67 ,45 ,39 ,42 ,11 ,1 ,17 ,2 ,49 ,21 ,3 ,0 ,15 ,24 ,0.46,0.52
7537,2450,1868,23 ,20 ,14 ,11 ,7 ,8 ,2 ,1 ,12 ,12 ,7 ,8 ,4 ,0 ,0.38,0.36
7538,2247,2641,22 ,34 ,18 ,24 ,1 ,9 ,3 ,1 ,21 ,30 ,1 ,4 ,0 ,0 ,0.28,0.47
7539,2320,2269,68 ,3 ,64 ,1 ,0 ,2 ,4 ,0 ,7 ,3 ,0 ,0 ,61 ,0 ,0.69,0.18
7540,2315,1914,30 ,47 ,22 ,34 ,3 ,9 ,5 ,4 ,19 ,31 ,2 ,3 ,9 ,13 ,0.34,0.45
7541,2457,1869,27 ,30 ,16 ,3 ,4 ,11 ,7 ,16 ,25 ,29 ,0 ,1 ,2 ,0 ,0.36,0.5
7542,2000,2638,127 ,22 ,78 ,16 ,30 ,5 ,19 ,1 ,123 ,17 ,4 ,4 ,0 ,1 ,0.59,0.32
7543,1871,1870,136 ,102 ,74 ,79 ,39 ,23 ,23 ,0 ,112 ,79 ,23 ,19 ,1 ,4 ,0.54,0.52
7544,2031,2271,29 ,44 ,13 ,22 ,14 ,9 ,2 ,13 ,22 ,23 ,4 ,8 ,3 ,13 ,0.54,0.57
7545,1945,1872,7 ,2 ,7 ,1 ,0 ,1 ,0 ,0 ,5 ,2 ,0 ,0 ,2 ,0 ,0.77,0.4
7546,2387,2365,11 ,1 ,5 ,0 ,6 ,1 ,0 ,0 ,9 ,1 ,2 ,0 ,0 ,0 ,0.73,0.25
7547,2463,1873,47 ,67 ,33 ,37 ,9 ,7 ,5 ,23 ,42 ,57 ,5 ,5 ,0 ,5 ,0.48,0.58
7548,1958,2592,52 ,114 ,23 ,74 ,17 ,17 ,12 ,23 ,48 ,111 ,3 ,2 ,1 ,1 ,0.37,0.41
7549,2556,1952,57 ,36 ,48 ,24 ,9 ,5 ,0 ,7 ,46 ,26 ,6 ,7 ,5 ,3 ,0.55,0.46
7550,1874,2517,66 ,84 ,44 ,59 ,21 ,18 ,1 ,7 ,43 ,44 ,23 ,36 ,0 ,4 ,0.43,0.56
7551,2566,2367,16 ,1 ,16 ,1 ,0 ,0 ,0 ,0 ,0 ,1 ,0 ,0 ,16 ,0 ,0.64,0.33
7552,2296,2326,99 ,86 ,68 ,71 ,22 ,9 ,9 ,6 ,86 ,79 ,4 ,5 ,9 ,2 ,0.54,0.5
7553,2594,2646,27 ,67 ,16 ,54 ,8 ,9 ,3 ,4 ,23 ,47 ,3 ,4 ,1 ,16 ,0.46,0.54
7554,2558,2490,29 ,41 ,11 ,28 ,4 ,8 ,14 ,5 ,18 ,38 ,4 ,2 ,7 ,1 ,0.47,0.66
7555,2105,2344,28 ,50 ,24 ,25 ,3 ,18 ,1 ,7 ,23 ,17 ,4 ,31 ,1 ,2 ,0.82,0.67
7556,2327,2418,230 ,89 ,150 ,41 ,61 ,14 ,19 ,34 ,227 ,85 ,3 ,4 ,0 ,0 ,0.64,0.36
7557,1920,1953,21 ,85 ,16 ,57 ,2 ,10 ,3 ,18 ,21 ,68 ,0 ,12 ,0 ,5 ,0.32,0.54
7558,2586,2095,25 ,16 ,10 ,4 ,3 ,5 ,12 ,7 ,17 ,13 ,2 ,3 ,6 ,0 ,0.64,0.33
7559,2209,1942,3 ,4 ,1 ,1 ,2 ,0 ,0 ,3 ,2 ,3 ,0 ,1 ,1 ,0 ,0.6,0.36
7560,1924,2483,87 ,45 ,59 ,28 ,20 ,11 ,8 ,6 ,86 ,44 ,1 ,1 ,0 ,0 ,0.43,0.42
7561,2602,2384,21 ,0 ,18 ,0 ,2 ,0 ,1 ,0 ,3 ,0 ,0 ,0 ,18 ,0 ,0.6,0.0
7562,2014,2042,47 ,58 ,37 ,43 ,9 ,13 ,1 ,2 ,43 ,43 ,4 ,2 ,0 ,13 ,0.44,0.44
7563,1875,2094,8 ,3 ,2 ,3 ,5 ,0 ,1 ,0 ,5 ,1 ,0 ,0 ,3 ,2 ,0.88,0.42
7564,2629,1876,11 ,12 ,7 ,9 ,2 ,0 ,2 ,3 ,11 ,10 ,0 ,0 ,0 ,2 ,0.64,0.32
7565,1919,2406,2 ,4 ,1 ,3 ,0 ,1 ,1 ,0 ,2 ,3 ,0 ,1 ,0 ,0 ,0.33,0.4
7566,2126,2232,48 ,22 ,43 ,17 ,4 ,2 ,1 ,3 ,21 ,14 ,10 ,1 ,17 ,7 ,0.63,0.5
7567,1938,2305,143 ,106 ,98 ,85 ,32 ,19 ,13 ,2 ,131 ,93 ,11 ,13 ,1 ,0 ,0.51,0.42
7568,1978,2079,27 ,23 ,16 ,6 ,10 ,8 ,1 ,9 ,24 ,22 ,3 ,1 ,0 ,0 ,0.36,0.42
7569,2636,2504,15 ,27 ,9 ,23 ,1 ,4 ,5 ,0 ,8 ,8 ,7 ,0 ,0 ,19 ,0.62,0.65
7570,2084,2023,57 ,72 ,26 ,37 ,30 ,4 ,1 ,31 ,57 ,71 ,0 ,1 ,0 ,0 ,0.34,0.48
7571,1877,2015,36 ,30 ,17 ,16 ,9 ,8 ,10 ,6 ,31 ,29 ,4 ,1 ,1 ,0 ,0.46,0.51
7572,2448,2577,25 ,57 ,19 ,36 ,4 ,21 ,2 ,0 ,25 ,51 ,0 ,6 ,0 ,0 ,0.17,0.38
7573,1917,2107,105 ,63 ,51 ,47 ,29 ,8 ,25 ,8 ,103 ,59 ,2 ,1 ,0 ,3 ,0.5,0.27
7574,2237,2202,25 ,18 ,18 ,9 ,5 ,4 ,2 ,5 ,20 ,16 ,4 ,2 ,1 ,0 ,0.31,0.29
7575,2195,2514,7 ,4 ,5 ,2 ,1 ,2 ,1 ,0 ,6 ,4 ,0 ,0 ,1 ,0 ,0.41,0.36
7576,2069,1991,29 ,35 ,9 ,22 ,9 ,4 ,11 ,9 ,24 ,28 ,3 ,2 ,2 ,5 ,0.42,0.53
7577,1983,1878,34 ,5 ,24 ,1 ,6 ,2 ,4 ,2 ,17 ,5 ,0 ,0 ,17 ,0 ,0.55,0.38
7578,1985,2619,10 ,33 ,8 ,18 ,0 ,5 ,2 ,10 ,10 ,28 ,0 ,0 ,0 ,5 ,0.2,0.58
7579,2293,2045,79 ,31 ,52 ,13 ,21 ,11 ,6 ,7 ,54 ,30 ,6 ,1 ,19 ,0 ,0.61,0.48
7580,2180,1879,27 ,15 ,19 ,7 ,2 ,2 ,6 ,6 ,16 ,12 ,1 ,3 ,10 ,0 ,0.62,0.32
7581,1918,2004,40 ,21 ,26 ,15 ,7 ,6 ,7 ,0 ,19 ,18 ,3 ,2 ,18 ,1 ,0.65,0.48
7582,2109,2323,83 ,93 ,39 ,45 ,19 ,44 ,25 ,4 ,76 ,81 ,4 ,12 ,3 ,0 ,0.3,0.49
7583,2410,2021,88 ,140 ,44 ,112 ,32 ,18 ,12 ,10 ,80 ,97 ,8 ,9 ,0 ,34 ,0.37,0.52
7584,2166,2630,13 ,20 ,6 ,16 ,2 ,4 ,5 ,0 ,12 ,17 ,1 ,0 ,0 ,3 ,0.3,0.5
7585,2284,1880,74 ,55 ,57 ,36 ,4 ,11 ,13 ,8 ,65 ,49 ,8 ,6 ,1 ,0 ,0.41,0.35
7586,2584,2064,83 ,60 ,44 ,37 ,18 ,14 ,21 ,9 ,77 ,57 ,2 ,1 ,4 ,2 ,0.41,0.43
7587,1881,1923,29 ,15 ,19 ,9 ,9 ,5 ,1 ,1 ,20 ,13 ,9 ,2 ,0 ,0 ,0.36,0.26
7588,2544,2553,30 ,38 ,27 ,25 ,3 ,11 ,0 ,2 ,30 ,30 ,0 ,7 ,0 ,1 ,0.27,0.4
7589,2561,2242,37 ,39 ,34 ,24 ,3 ,13 ,0 ,2 ,24 ,36 ,9 ,3 ,4 ,0 ,0.48,0.5
7590,2386,2151,64 ,30 ,17 ,21 ,18 ,5 ,29 ,4 ,46 ,28 ,18 ,2 ,0 ,0 ,0.65,0.32
7591,1912,2509,30 ,32 ,11 ,20 ,11 ,6 ,8 ,6 ,30 ,28 ,0 ,4 ,0 ,0 ,0.51,0.54
7592,2066,2605,12 ,1 ,11 ,1 ,1 ,0 ,0 ,0 ,11 ,1 ,0 ,0 ,1 ,0 ,0.37,0.06
7593,1977,2059,75 ,30 ,44 ,28 ,14 ,2 ,17 ,0 ,56 ,29 ,5 ,1 ,14 ,0 ,0.67,0.34
7594,2549,2665,21 ,55 ,7 ,42 ,4 ,6 ,10 ,7 ,21 ,21 ,0 ,0 ,0 ,34 ,0.33,0.41
7595,2257,2205,130 ,172 ,80 ,143 ,25 ,18 ,25 ,11 ,124 ,167 ,6 ,5 ,0 ,0 ,0.33,0.47
7596,2085,2380,11 ,36 ,9 ,17 ,2 ,13 ,0 ,6 ,9 ,19 ,2 ,15 ,0 ,2 ,0.45,0.7
7597,2006,2308,1 ,29 ,0 ,21 ,1 ,7 ,0 ,1 ,1 ,7 ,0 ,19 ,0 ,3 ,0.2,0.76
7598,1941,2363,14 ,19 ,13 ,10 ,1 ,1 ,0 ,8 ,10 ,13 ,0 ,5 ,4 ,1 ,0.35,0.54
7599,2032,1951,42 ,68 ,27 ,31 ,6 ,21 ,9 ,16 ,36 ,57 ,6 ,11 ,0 ,0 ,0.39,0.54
7600,2618,1882,11 ,16 ,6 ,7 ,5 ,7 ,0 ,2 ,4 ,8 ,5 ,8 ,2 ,0 ,0.37,0.48
7601,2214,2101,33 ,58 ,19 ,27 ,6 ,16 ,8 ,15 ,23 ,55 ,2 ,3 ,8 ,0 ,0.49,0.56
7602,2081,2359,60 ,38 ,14 ,26 ,29 ,9 ,17 ,3 ,52 ,38 ,0 ,0 ,8 ,0 ,0.37,0.26
7603,1929,2167,47 ,54 ,32 ,20 ,6 ,18 ,9 ,16 ,34 ,40 ,10 ,13 ,3 ,1 ,0.48,0.54
7604,2508,1883,40 ,17 ,26 ,7 ,8 ,3 ,6 ,7 ,33 ,16 ,7 ,1 ,0 ,0 ,0.58,0.37
7605,2306,2253,49 ,71 ,30 ,42 ,16 ,10 ,3 ,19 ,45 ,50 ,4 ,12 ,0 ,9 ,0.47,0.51
7606,2615,1966,32 ,42 ,20 ,20 ,6 ,10 ,6 ,12 ,29 ,30 ,0 ,11 ,3 ,1 ,0.36,0.49
7607,2207,2459,112 ,124 ,72 ,96 ,25 ,25 ,15 ,3 ,108 ,122 ,4 ,2 ,0 ,0 ,0.5,0.51
7608,2319,2433,13 ,16 ,9 ,6 ,2 ,0 ,2 ,10 ,8 ,16 ,2 ,0 ,3 ,0 ,0.68,0.51
7609,2664,2656,186 ,57 ,136 ,29 ,40 ,10 ,10 ,18 ,167 ,55 ,7 ,2 ,12 ,0 ,0.58,0.39
7610,2129,2053,89 ,82 ,35 ,70 ,14 ,9 ,40 ,3 ,79 ,77 ,7 ,5 ,3 ,0 ,0.49,0.35
7611,2285,2546,16 ,36 ,10 ,32 ,3 ,3 ,3 ,1 ,15 ,11 ,1 ,1 ,0 ,24 ,0.4,0.53
7612,2067,2346,2 ,26 ,1 ,21 ,0 ,2 ,1 ,3 ,2 ,3 ,0 ,5 ,0 ,18 ,0.4,0.81
7613,1884,2076,2 ,51 ,1 ,46 ,1 ,4 ,0 ,1 ,1 ,6 ,0 ,3 ,1 ,42 ,0.16,0.71
7614,2098,2620,8 ,39 ,7 ,12 ,1 ,15 ,0 ,12 ,7 ,23 ,1 ,5 ,0 ,11 ,0.27,0.54
7615,2570,2219,69 ,58 ,56 ,34 ,5 ,1 ,8 ,23 ,45 ,56 ,7 ,2 ,17 ,0 ,0.58,0.53
7616,2258,2430,8 ,4 ,6 ,1 ,2 ,3 ,0 ,0 ,3 ,2 ,0 ,2 ,5 ,0 ,0.61,0.33
7617,2442,2281,19 ,49 ,11 ,37 ,5 ,10 ,3 ,2 ,7 ,23 ,6 ,3 ,6 ,23 ,0.51,0.59
7618,2329,2443,103 ,181 ,44 ,62 ,26 ,62 ,33 ,57 ,103 ,181 ,0 ,0 ,0 ,0 ,0.51,0.58
7619,2261,2038,106 ,43 ,84 ,21 ,13 ,4 ,9 ,18 ,34 ,24 ,4 ,3 ,68 ,16 ,0.67,0.5
7620,2188,2087,24 ,12 ,12 ,1 ,6 ,3 ,6 ,8 ,13 ,12 ,0 ,0 ,11 ,0 ,0.8,0.54
7621,1885,2140,121 ,97 ,81 ,67 ,13 ,26 ,27 ,4 ,120 ,93 ,1 ,4 ,0 ,0 ,0.41,0.31
7622,2050,1886,36 ,24 ,28 ,8 ,8 ,10 ,0 ,6 ,8 ,23 ,2 ,1 ,26 ,0 ,0.49,0.46
7623,1968,2552,19 ,12 ,7 ,6 ,2 ,1 ,10 ,5 ,19 ,9 ,0 ,2 ,0 ,1 ,0.47,0.46
7624,1887,2356,31 ,80 ,8 ,38 ,5 ,28 ,18 ,14 ,28 ,71 ,2 ,7 ,1 ,2 ,0.4,0.68
7625,2051,1960,67 ,76 ,42 ,33 ,18 ,25 ,7 ,18 ,67 ,75 ,0 ,1 ,0 ,0 ,0.36,0.47
7626,2138,1888,88 ,92 ,55 ,60 ,22 ,16 ,11 ,16 ,85 ,88 ,3 ,4 ,0 ,0 ,0.42,0.43
7627,1889,2033,54 ,109 ,28 ,84 ,6 ,21 ,20 ,4 ,51 ,89 ,3 ,2 ,0 ,18 ,0.49,0.53
7628,1936,2395,7 ,7 ,1 ,5 ,5 ,1 ,1 ,1 ,5 ,5 ,2 ,1 ,0 ,1 ,0.41,0.58
7629,1943,2234,57 ,58 ,37 ,50 ,13 ,6 ,7 ,2 ,44 ,54 ,1 ,4 ,12 ,0 ,0.44,0.55
7630,2487,2196,17 ,20 ,15 ,15 ,2 ,4 ,0 ,1 ,11 ,16 ,0 ,4 ,6 ,0 ,0.45,0.6
7631,2074,2587,42 ,27 ,12 ,8 ,22 ,9 ,8 ,10 ,31 ,21 ,8 ,2 ,3 ,4 ,0.51,0.36
7632,2609,2291,15 ,31 ,10 ,30 ,3 ,0 ,2 ,1 ,11 ,17 ,2 ,0 ,2 ,14 ,0.39,0.64
7633,1948,2315,22 ,28 ,13 ,11 ,4 ,8 ,5 ,9 ,22 ,28 ,0 ,0 ,0 ,0 ,0.4,0.39
7634,2532,2412,46 ,18 ,32 ,12 ,2 ,5 ,12 ,1 ,25 ,18 ,1 ,0 ,20 ,0 ,0.53,0.32
7635,2244,2029,111 ,61 ,80 ,26 ,13 ,14 ,18 ,21 ,107 ,60 ,2 ,0 ,2 ,1 ,0.51,0.42
7636,2524,2400,39 ,53 ,21 ,39 ,14 ,8 ,4 ,6 ,33 ,44 ,2 ,1 ,4 ,8 ,0.54,0.33
7637,2342,2340,25 ,14 ,21 ,7 ,0 ,4 ,4 ,3 ,22 ,14 ,1 ,0 ,2 ,0 ,0.62,0.36
7638,2155,2128,59 ,70 ,25 ,40 ,21 ,22 ,13 ,8 ,33 ,44 ,22 ,26 ,4 ,0 ,0.63,0.56
7639,2122,2458,48 ,65 ,24 ,52 ,7 ,10 ,17 ,3 ,35 ,32 ,2 ,3 ,11 ,30 ,0.52,0.54
7640,2191,2127,42 ,83 ,17 ,53 ,15 ,23 ,10 ,7 ,40 ,57 ,2 ,13 ,0 ,13 ,0.37,0.61
7641,1957,2303,24 ,30 ,16 ,4 ,7 ,4 ,1 ,22 ,10 ,20 ,14 ,10 ,0 ,0 ,0.6,0.53
7642,2152,2441,22 ,36 ,4 ,29 ,12 ,3 ,6 ,4 ,22 ,35 ,0 ,1 ,0 ,0 ,0.45,0.72
7643,2387,1992,6 ,2 ,4 ,0 ,2 ,1 ,0 ,1 ,2 ,2 ,0 ,0 ,4 ,0 ,0.6,0.66
7644,2049,2457,11 ,10 ,7 ,4 ,0 ,4 ,4 ,2 ,11 ,10 ,0 ,0 ,0 ,0 ,0.55,0.45
7645,2060,1967,77 ,52 ,41 ,36 ,26 ,9 ,10 ,7 ,70 ,50 ,5 ,1 ,2 ,1 ,0.55,0.44
7646,2295,2641,125 ,111 ,75 ,87 ,33 ,16 ,17 ,8 ,96 ,107 ,14 ,3 ,15 ,1 ,0.51,0.52
7647,2576,2175,27 ,36 ,19 ,22 ,8 ,3 ,0 ,11 ,15 ,30 ,8 ,6 ,4 ,0 ,0.42,0.46
7648,2461,1950,70 ,48 ,36 ,15 ,12 ,15 ,22 ,18 ,66 ,46 ,0 ,2 ,4 ,0 ,0.41,0.37
7649,2070,2149,116 ,96 ,64 ,88 ,18 ,7 ,34 ,1 ,108 ,94 ,8 ,2 ,0 ,0 ,0.46,0.42
7650,2543,2239,54 ,80 ,32 ,64 ,9 ,6 ,13 ,10 ,48 ,70 ,6 ,10 ,0 ,0 ,0.37,0.36
7651,2510,2555,5 ,5 ,3 ,3 ,2 ,1 ,0 ,1 ,3 ,4 ,2 ,1 ,0 ,0 ,0.27,0.41
7652,2506,2250,62 ,2 ,58 ,1 ,4 ,0 ,0 ,1 ,4 ,2 ,0 ,0 ,58 ,0 ,0.56,0.33
7653,2667,1945,52 ,26 ,44 ,11 ,0 ,2 ,8 ,13 ,15 ,26 ,0 ,0 ,37 ,0 ,0.51,0.5
7654,1890,2039,82 ,101 ,43 ,61 ,28 ,19 ,11 ,21 ,79 ,98 ,3 ,3 ,0 ,0 ,0.41,0.44
7655,2159,2657,123 ,52 ,94 ,34 ,28 ,11 ,1 ,7 ,94 ,46 ,0 ,0 ,29 ,6 ,0.51,0.37
7656,2277,2569,1 ,7 ,1 ,7 ,0 ,0 ,0 ,0 ,1 ,5 ,0 ,0 ,0 ,2 ,0.25,0.63
7657,2665,2066,86 ,31 ,70 ,17 ,14 ,13 ,2 ,1 ,15 ,23 ,0 ,1 ,71 ,7 ,0.55,0.43
7658,2325,1955,41 ,27 ,33 ,16 ,8 ,7 ,0 ,4 ,15 ,8 ,13 ,6 ,13 ,13 ,0.54,0.65
7659,2078,1891,109 ,143 ,76 ,86 ,18 ,22 ,15 ,35 ,106 ,140 ,3 ,0 ,0 ,3 ,0.37,0.66
7660,2046,1892,18 ,37 ,14 ,15 ,3 ,10 ,1 ,12 ,15 ,37 ,0 ,0 ,3 ,0 ,0.3,0.42
7661,2445,2223,40 ,16 ,34 ,13 ,6 ,2 ,0 ,1 ,22 ,12 ,11 ,4 ,7 ,0 ,0.49,0.32
7662,2185,1893,22 ,16 ,15 ,7 ,7 ,4 ,0 ,5 ,9 ,16 ,2 ,0 ,11 ,0 ,0.5,0.42
7663,1947,2523,15 ,30 ,7 ,13 ,2 ,16 ,6 ,1 ,14 ,22 ,1 ,1 ,0 ,7 ,0.51,0.57
7664,2462,2097,0 ,3 ,0 ,1 ,0 ,0 ,0 ,2 ,0 ,3 ,0 ,0 ,0 ,0 ,0.0,0.75
7665,1894,2168,18 ,33 ,6 ,14 ,7 ,13 ,5 ,6 ,16 ,29 ,1 ,0 ,1 ,4 ,0.69,0.51
7666,2061,2252,17 ,28 ,11 ,19 ,3 ,9 ,3 ,0 ,15 ,21 ,2 ,3 ,0 ,4 ,0.28,0.35
7667,2497,1895,36 ,17 ,27 ,6 ,1 ,6 ,8 ,5 ,15 ,17 ,0 ,0 ,21 ,0 ,0.64,0.5
7668,2623,2379,43 ,3 ,9 ,0 ,31 ,3 ,3 ,0 ,6 ,0 ,35 ,3 ,2 ,0 ,0.82,0.5
7669,2075,1995,12 ,14 ,5 ,10 ,2 ,1 ,5 ,3 ,11 ,14 ,0 ,0 ,1 ,0 ,0.6,0.46
7670,2286,2493,79 ,220 ,38 ,172 ,15 ,27 ,26 ,21 ,77 ,205 ,2 ,13 ,0 ,2 ,0.32,0.6
7671,2210,2015,32 ,51 ,20 ,14 ,12 ,7 ,0 ,30 ,32 ,49 ,0 ,2 ,0 ,0 ,0.42,0.51
7672,2407,2617,42 ,27 ,16 ,9 ,15 ,8 ,11 ,10 ,24 ,24 ,8 ,1 ,10 ,2 ,0.67,0.42
7673,1965,1964,83 ,95 ,70 ,83 ,13 ,7 ,0 ,5 ,78 ,91 ,4 ,1 ,1 ,3 ,0.58,0.47
7674,2377,2169,34 ,66 ,27 ,36 ,1 ,18 ,6 ,12 ,32 ,60 ,2 ,3 ,0 ,3 ,0.32,0.4
7675,2658,1987,46 ,12 ,39 ,10 ,6 ,1 ,1 ,1 ,7 ,6 ,1 ,1 ,38 ,5 ,0.65,0.63
7676,2367,1956,1 ,1 ,0 ,0 ,1 ,0 ,0 ,1 ,1 ,1 ,0 ,0 ,0 ,0 ,0.5,1.0
7677,2308,2654,58 ,41 ,18 ,34 ,24 ,5 ,16 ,2 ,51 ,32 ,6 ,0 ,1 ,9 ,0.55,0.57
7678,2557,2120,67 ,26 ,50 ,8 ,5 ,3 ,12 ,15 ,61 ,24 ,2 ,1 ,4 ,1 ,0.47,0.34
7679,2515,2359,108 ,96 ,78 ,74 ,24 ,13 ,6 ,9 ,78 ,91 ,9 ,2 ,21 ,3 ,0.48,0.45
7680,2558,2365,8 ,8 ,5 ,5 ,3 ,3 ,0 ,0 ,8 ,6 ,0 ,0 ,0 ,2 ,0.47,0.44
7681,2671,2567,182 ,158 ,104 ,28 ,67 ,84 ,11 ,46 ,179 ,157 ,3 ,1 ,0 ,0 ,0.45,0.59
7682,2263,2105,88 ,74 ,81 ,53 ,7 ,18 ,0 ,3 ,71 ,51 ,11 ,23 ,6 ,0 ,0.56,0.4
7683,2068,2022,84 ,95 ,47 ,29 ,29 ,50 ,8 ,16 ,79 ,94 ,5 ,1 ,0 ,0 ,0.56,0.47
7684,1961,1933,59 ,100 ,23 ,60 ,28 ,25 ,8 ,15 ,47 ,84 ,12 ,16 ,0 ,0 ,0.41,0.55
7685,2352,2238,18 ,50 ,12 ,19 ,4 ,22 ,2 ,9 ,12 ,31 ,5 ,17 ,1 ,2 ,0.38,0.56
7686,2574,2236,60 ,98 ,26 ,71 ,9 ,21 ,25 ,6 ,59 ,81 ,1 ,17 ,0 ,0 ,0.48,0.57
7687,2009,1896,75 ,70 ,37 ,53 ,29 ,12 ,9 ,5 ,58 ,62 ,13 ,5 ,4 ,3 ,0.49,0.38
7688,2057,1897,68 ,30 ,59 ,16 ,3 ,9 ,6 ,5 ,27 ,30 ,1 ,0 ,40 ,0 ,0.6,0.36
7689,2548,2645,14 ,15 ,7 ,5 ,3 ,4 ,4 ,6 ,13 ,15 ,1 ,0 ,0 ,0 ,0.51,0.41
7690,2586,2215,24 ,56 ,7 ,24 ,3 ,20 ,14 ,12 ,22 ,45 ,2 ,4 ,0 ,7 ,0.4,0.53
7691,1898,2378,7 ,144 ,0 ,129 ,6 ,13 ,1 ,2 ,5 ,3 ,2 ,5 ,0 ,136 ,0.58,0.82
7692,2010,2388,1 ,6 ,0 ,5 ,0 ,1 ,1 ,0 ,1 ,2 ,0 ,0 ,0 ,4 ,1.0,0.66
7693,2434,2160,24 ,18 ,16 ,12 ,6 ,4 ,2 ,2 ,22 ,13 ,2 ,3 ,0 ,2 ,0.66,0.45
7694,2438,2429,3 ,7 ,2 ,3 ,0 ,1 ,1 ,3 ,2 ,6 ,0 ,1 ,1 ,0 ,0.33,0.46
7695,2564,2361,20 ,6 ,15 ,1 ,3 ,0 ,2 ,5 ,16 ,6 ,2 ,0 ,2 ,0 ,0.6,0.37
7696,2132,2153,64 ,82 ,42 ,61 ,9 ,16 ,13 ,5 ,58 ,64 ,6 ,17 ,0 ,1 ,0.58,0.61
7697,1982,2595,124 ,64 ,68 ,38 ,31 ,19 ,25 ,7 ,109 ,43 ,12 ,3 ,3 ,18 ,0.5,0.52
7698,2393,1899,16 ,6 ,8 ,4 ,5 ,1 ,3 ,1 ,8 ,4 ,5 ,2 ,3 ,0 ,0.45,0.75
7699,2073,2137,4 ,0 ,2 ,0 ,1 ,0 ,1 ,0 ,3 ,0 ,0 ,0 ,1 ,0 ,0.5,0.0
7700,2372,2501,169 ,119 ,110 ,89 ,42 ,21 ,17 ,9 ,149 ,95 ,20 ,24 ,0 ,0 ,0.52,0.5
7701,2048,1900,37 ,89 ,8 ,63 ,21 ,17 ,8 ,9 ,28 ,64 ,9 ,19 ,0 ,6 ,0.49,0.52
7702,1901,2313,53 ,80 ,25 ,29 ,11 ,40 ,17 ,11 ,53 ,80 ,0 ,0 ,0 ,0 ,0.42,0.39
7703,2271,1993,20 ,5 ,12 ,3 ,3 ,1 ,5 ,1 ,4 ,4 ,5 ,1 ,11 ,0 ,0.68,0.23
7704,1902,1954,22 ,49 ,14 ,41 ,7 ,8 ,1 ,0 ,18 ,22 ,4 ,5 ,0 ,22 ,0.44,0.59
7705,2229,2194,59 ,70 ,35 ,43 ,14 ,13 ,10 ,14 ,48 ,65 ,0 ,2 ,11 ,3 ,0.5,0.35
7706,2403,2237,36 ,50 ,21 ,37 ,6 ,6 ,9 ,7 ,36 ,50 ,0 ,0 ,0 ,0 ,0.3,0.52
7707,2315,2669,41 ,31 ,22 ,25 ,10 ,2 ,9 ,4 ,31 ,28 ,10 ,3 ,0 ,0 ,0.53,0.46
7708,2432,2228,68 ,84 ,27 ,28 ,33 ,54 ,8 ,2 ,26 ,18 ,42 ,66 ,0 ,0 ,0.66,0.7
7709,1989,2541,26 ,17 ,15 ,6 ,4 ,4 ,7 ,7 ,12 ,13 ,4 ,3 ,10 ,1 ,0.66,0.48
7710,1903,2351,12 ,47 ,8 ,27 ,2 ,10 ,2 ,10 ,11 ,25 ,0 ,6 ,1 ,16 ,0.34,0.66
7711,2147,2273,68 ,66 ,53 ,36 ,10 ,25 ,5 ,5 ,49 ,38 ,19 ,28 ,0 ,0 ,0.5,0.49
7712,2283,2090,30 ,37 ,14 ,10 ,6 ,14 ,10 ,13 ,26 ,31 ,2 ,6 ,2 ,0 ,0.35,0.52
7713,2218,2655,146 ,141 ,122 ,125 ,23 ,12 ,1 ,4 ,133 ,128 ,8 ,13 ,5 ,0 ,0.46,0.47
7714,2563,2278,15 ,37 ,6 ,22 ,3 ,9 ,6 ,6 ,15 ,33 ,0 ,2 ,0 ,2 ,0.45,0.55
7715,2113,2475,82 ,16 ,28 ,8 ,22 ,7 ,32 ,1 ,69 ,12 ,13 ,4 ,0 ,0 ,0.75,0.47
7716,2550,2104,112 ,127 ,77 ,82 ,14 ,36 ,21 ,9 ,105 ,127 ,0 ,0 ,7 ,0 ,0.47,0.47
7717,2143,2668,46 ,83 ,38 ,35 ,7 ,16 ,1 ,32 ,46 ,83 ,0 ,0 ,0 ,0 ,0.34,0.52
7718,2115,2217,14 ,5 ,12 ,3 ,0 ,1 ,2 ,1 ,12 ,5 ,0 ,0 ,2 ,0 ,0.66,0.33
7719,2498,2370,42 ,96 ,26 ,53 ,12 ,20 ,4 ,23 ,40 ,94 ,2 ,1 ,0 ,1 ,0.43,0.4
7720,2012,2062,17 ,16 ,15 ,7 ,2 ,5 ,0 ,4 ,2 ,8 ,2 ,4 ,13 ,4 ,0.53,0.5
7721,1904,2106,74 ,54 ,34 ,24 ,26 ,25 ,14 ,5 ,54 ,23 ,20 ,31 ,0 ,0 ,0.62,0.64
7722,1905,2467,21 ,77 ,19 ,67 ,1 ,9 ,1 ,1 ,9 ,10 ,3 ,0 ,9 ,67 ,0.4,0.73
7723,2293,1906,13 ,1 ,12 ,0 ,0 ,0 ,1 ,1 ,4 ,1 ,0 ,0 ,9 ,0 ,1.0,0.5
7724,2591,2321,23 ,34 ,6 ,26 ,11 ,7 ,6 ,1 ,17 ,14 ,5 ,16 ,1 ,4 ,0.5,0.61
7725,2562,2466,62 ,67 ,43 ,49 ,7 ,13 ,12 ,5 ,53 ,52 ,9 ,15 ,0 ,0 ,0.55,0.45
7726,2519,2364,8 ,0 ,4 ,0 ,1 ,0 ,3 ,0 ,7 ,0 ,0 ,0 ,1 ,0 ,0.8,0.0
7727,2279,2490,19 ,21 ,12 ,15 ,3 ,4 ,4 ,2 ,9 ,19 ,5 ,0 ,5 ,2 ,0.48,0.55
7728,2604,2406,46 ,50 ,24 ,27 ,20 ,13 ,2 ,10 ,21 ,22 ,23 ,18 ,2 ,10 ,0.77,0.58
7729,2049,2486,51 ,100 ,27 ,61 ,4 ,12 ,20 ,27 ,51 ,65 ,0 ,3 ,0 ,32 ,0.54,0.54
7730,2394,2346,42 ,49 ,34 ,32 ,4 ,8 ,4 ,9 ,24 ,38 ,3 ,10 ,15 ,1 ,0.54,0.49
7731,2188,2570,38 ,7 ,21 ,4 ,8 ,2 ,9 ,1 ,21 ,6 ,7 ,1 ,10 ,0 ,0.76,0.28
7732,2047,2529,45 ,24 ,17 ,12 ,27 ,5 ,1 ,7 ,29 ,21 ,3 ,3 ,13 ,0 ,0.52,0.4
7733,1907,2166,16 ,12 ,10 ,5 ,6 ,5 ,0 ,2 ,14 ,10 ,1 ,0 ,1 ,2 ,0.66,0.66
7734,2300,1908,2 ,3 ,2 ,1 ,0 ,0 ,0 ,2 ,2 ,3 ,0 ,0 ,0 ,0 ,0.5,0.21
7735,2612,2110,4 ,1 ,4 ,0 ,0 ,0 ,0 ,1 ,1 ,1 ,0 ,0 ,3 ,0 ,0.66,1.0
7736,2588,2251,40 ,39 ,25 ,32 ,9 ,5 ,6 ,2 ,27 ,33 ,4 ,3 ,9 ,3 ,0.44,0.48
7737,2670,2461,67 ,88 ,44 ,44 ,17 ,25 ,6 ,19 ,60 ,84 ,7 ,3 ,0 ,1 ,0.5,0.46
7738,1994,2430,23 ,1 ,23 ,1 ,0 ,0 ,0 ,0 ,0 ,1 ,4 ,0 ,19 ,0 ,0.76,0.5
7739,2514,2126,35 ,33 ,27 ,26 ,7 ,2 ,1 ,5 ,33 ,31 ,2 ,0 ,0 ,2 ,0.39,0.44
7740,2248,2079,101 ,52 ,64 ,37 ,32 ,7 ,5 ,8 ,85 ,45 ,16 ,2 ,0 ,5 ,0.44,0.33
7741,2437,2321,59 ,53 ,29 ,37 ,21 ,15 ,9 ,1 ,55 ,48 ,4 ,5 ,0 ,0 ,0.4,0.48
7742,2056,2245,41 ,46 ,31 ,20 ,5 ,20 ,5 ,6 ,40 ,45 ,1 ,1 ,0 ,0 ,0.35,0.38
7743,2323,2256,96 ,58 ,66 ,31 ,17 ,14 ,13 ,13 ,93 ,52 ,3 ,6 ,0 ,0 ,0.53,0.29
7744,2084,2533,63 ,76 ,44 ,58 ,19 ,13 ,0 ,5 ,61 ,72 ,2 ,3 ,0 ,1 ,0.34,0.55
7745,2163,1909,94 ,43 ,45 ,25 ,23 ,16 ,26 ,2 ,73 ,27 ,21 ,16 ,0 ,0 ,0.56,0.37
7746,1910,1991,42 ,24 ,38 ,14 ,2 ,5 ,2 ,5 ,23 ,21 ,1 ,2 ,18 ,1 ,0.48,0.51
7747,2082,2524,30 ,21 ,9 ,19 ,7 ,1 ,14 ,1 ,23 ,19 ,2 ,2 ,5 ,0 ,0.34,0.4
7748,1911,2202,2 ,13 ,0 ,9 ,0 ,2 ,2 ,2 ,2 ,10 ,0 ,3 ,0 ,0 ,0.16,0.54
7749,2058,2243,4 ,42 ,3 ,37 ,1 ,2 ,0 ,3 ,4 ,42 ,0 ,0 ,0 ,0 ,0.4,0.66
7750,1979,1912,21 ,17 ,15 ,11 ,3 ,3 ,3 ,3 ,17 ,14 ,3 ,2 ,1 ,1 ,0.6,0.34
7751,2601,2059,28 ,42 ,20 ,31 ,5 ,6 ,3 ,5 ,27 ,24 ,1 ,1 ,0 ,17 ,0.44,0.57
7752,2069,1913,92 ,89 ,58 ,61 ,25 ,27 ,9 ,1 ,74 ,53 ,18 ,28 ,0 ,8 ,0.53,0.57
7753,2235,2019,15 ,9 ,10 ,7 ,2 ,0 ,3 ,2 ,9 ,9 ,1 ,0 ,5 ,0 ,0.55,0.6
7754,2468,2544,2 ,2 ,2 ,2 ,0 ,0 ,0 ,0 ,1 ,2 ,0 ,0 ,1 ,0 ,0.22,0.25
7755,2146,2226,77 ,57 ,44 ,42 ,22 ,10 ,11 ,5 ,73 ,50 ,4 ,3 ,0 ,4 ,0.45,0.54
7756,2023,2101,34 ,24 ,29 ,12 ,0 ,3 ,5 ,9 ,28 ,20 ,3 ,4 ,3 ,0 ,0.65,0.57
7757,2489,2141,9 ,9 ,8 ,4 ,1 ,0 ,0 ,5 ,9 ,9 ,0 ,0 ,0 ,0 ,0.34,0.56
7758,2316,2102,38 ,70 ,28 ,19 ,7 ,31 ,3 ,20 ,29 ,58 ,3 ,12 ,6 ,0 ,0.5,0.5
7759,2337,1990,44 ,36 ,36 ,15 ,4 ,4 ,4 ,17 ,41 ,31 ,3 ,5 ,0 ,0 ,0.35,0.38
7760,1914,2310,30 ,20 ,11 ,16 ,13 ,4 ,6 ,0 ,27 ,20 ,2 ,0 ,1 ,0 ,0.36,0.41
7761,1950,2021,81 ,66 ,35 ,33 ,13 ,18 ,33 ,15 ,78 ,64 ,3 ,1 ,0 ,1 ,0.52,0.36
7762,2026,2495,32 ,44 ,19 ,20 ,11 ,22 ,2 ,2 ,28 ,32 ,2 ,8 ,2 ,4 ,0.57,0.59
7763,2480,1949,66 ,32 ,35 ,21 ,12 ,3 ,19 ,8 ,55 ,19 ,0 ,2 ,11 ,11 ,0.7,0.46
7764,2322,2309,61 ,38 ,43 ,22 ,16 ,12 ,2 ,4 ,61 ,38 ,0 ,0 ,0 ,0 ,0.5,0.34
7765,2485,2435,29 ,45 ,13 ,37 ,7 ,8 ,9 ,0 ,23 ,28 ,6 ,12 ,0 ,5 ,0.6,0.56
7766,2664,2328,15 ,8 ,2 ,2 ,3 ,0 ,10 ,6 ,15 ,8 ,0 ,0 ,0 ,0 ,0.71,0.61
7767,2222,2566,14 ,5 ,14 ,5 ,0 ,0 ,0 ,0 ,4 ,5 ,0 ,0 ,10 ,0 ,0.73,0.45
7768,2259,2280,47 ,68 ,32 ,59 ,12 ,9 ,3 ,0 ,35 ,62 ,6 ,0 ,6 ,6 ,0.66,0.56
7769,2605,1915,49 ,26 ,28 ,10 ,9 ,13 ,12 ,3 ,40 ,24 ,1 ,2 ,8 ,0 ,0.55,0.37
7770,2589,2165,82 ,67 ,47 ,29 ,27 ,10 ,8 ,28 ,79 ,64 ,3 ,3 ,0 ,0 ,0.46,0.33
7771,1988,2444,61 ,97 ,45 ,65 ,15 ,24 ,1 ,8 ,50 ,86 ,11 ,6 ,0 ,5 ,0.42,0.5
7772,2020,2025,30 ,34 ,13 ,23 ,13 ,10 ,4 ,1 ,15 ,24 ,11 ,7 ,4 ,3 ,0.44,0.4
7773,2638,2051,31 ,27 ,22 ,18 ,8 ,5 ,1 ,4 ,12 ,25 ,15 ,2 ,4 ,0 ,0.67,0.46
7774,2108,2150,4 ,37 ,2 ,21 ,0 ,6 ,2 ,10 ,4 ,29 ,0 ,0 ,0 ,8 ,0.22,0.58
7775,2568,2277,45 ,15 ,34 ,14 ,11 ,1 ,0 ,0 ,43 ,15 ,0 ,0 ,2 ,0 ,0.52,0.2
7776,2660,2122,95 ,45 ,67 ,17 ,24 ,7 ,4 ,21 ,71 ,45 ,24 ,0 ,0 ,0 ,0.67,0.46
7777,2220,2553,72 ,67 ,61 ,45 ,5 ,16 ,6 ,6 ,66 ,58 ,6 ,9 ,0 ,0 ,0.35,0.45
7778,1916,2516,10 ,4 ,4 ,3 ,1 ,1 ,5 ,0 ,10 ,4 ,0 ,0 ,0 ,0 ,0.55,0.16
7779,2418,2319,52 ,45 ,15 ,18 ,15 ,15 ,22 ,12 ,46 ,42 ,6 ,1 ,0 ,2 ,0.44,0.5
7780,2113,2365,97 ,77 ,52 ,45 ,33 ,18 ,12 ,14 ,89 ,72 ,8 ,4 ,0 ,1 ,0.54,0.52
7781,2187,2320,71 ,98 ,26 ,48 ,18 ,27 ,27 ,23 ,71 ,96 ,0 ,2 ,0 ,0 ,0.44,0.52
7782,2198,2596,72 ,41 ,49 ,20 ,14 ,16 ,9 ,5 ,66 ,36 ,5 ,5 ,1 ,0 ,0.41,0.27
7783,2619,1917,10 ,6 ,2 ,3 ,1 ,3 ,7 ,0 ,10 ,6 ,0 ,0 ,0 ,0 ,0.83,0.23
7784,2196,1918,59 ,29 ,32 ,22 ,3 ,2 ,24 ,5 ,58 ,25 ,1 ,0 ,0 ,4 ,0.57,0.34
7785,2121,1919,117 ,92 ,70 ,56 ,8 ,20 ,39 ,16 ,100 ,82 ,16 ,10 ,1 ,0 ,0.6,0.5
7786,2125,1920,2 ,26 ,2 ,23 ,0 ,3 ,0 ,0 ,0 ,7 ,0 ,1 ,2 ,18 ,0.4,0.68
7787,2178,2042,94 ,56 ,30 ,31 ,38 ,25 ,26 ,0 ,58 ,29 ,36 ,27 ,0 ,0 ,0.69,0.45
7788,2177,2158,59 ,16 ,23 ,6 ,4 ,5 ,32 ,5 ,58 ,15 ,1 ,0 ,0 ,1 ,0.75,0.23
7789,2199,2357,47 ,50 ,25 ,23 ,7 ,22 ,15 ,5 ,46 ,45 ,1 ,5 ,0 ,0 ,0.47,0.54
7790,1966,2253,32 ,73 ,5 ,59 ,26 ,13 ,1 ,1 ,5 ,8 ,27 ,17 ,0 ,48 ,0.65,0.73
7791,2504,2392,0 ,3 ,0 ,2 ,0 ,0 ,0 ,1 ,0 ,3 ,0 ,0 ,0 ,0 ,0.0,0.6
7792,2531,2425,8 ,3 ,4 ,3 ,2 ,0 ,2 ,0 ,2 ,3 ,0 ,0 ,6 ,0 ,0.47,0.6
7793,1975,1921,87 ,40 ,65 ,15 ,19 ,11 ,3 ,14 ,66 ,33 ,21 ,7 ,0 ,0 ,0.51,0.4
7794,2168,1922,84 ,69 ,40 ,30 ,32 ,21 ,12 ,18 ,58 ,52 ,26 ,16 ,0 ,1 ,0.47,0.49
7795,2171,1923,73 ,24 ,44 ,11 ,15 ,7 ,14 ,6 ,59 ,21 ,0 ,3 ,14 ,0 ,0.57,0.3
7796,2502,2300,83 ,41 ,60 ,26 ,12 ,10 ,11 ,5 ,69 ,41 ,5 ,0 ,9 ,0 ,0.43,0.42
7797,1924,2195,70 ,27 ,40 ,16 ,9 ,6 ,21 ,5 ,58 ,25 ,1 ,2 ,11 ,0 ,0.55,0.22
7798,2632,2214,5 ,4 ,4 ,1 ,1 ,0 ,0 ,3 ,4 ,3 ,1 ,0 ,0 ,1 ,0.62,1.0
7799,1925,2645,41 ,55 ,12 ,44 ,4 ,1 ,25 ,10 ,41 ,55 ,0 ,0 ,0 ,0 ,0.36,0.65
7800,2636,2000,37 ,91 ,19 ,58 ,6 ,12 ,12 ,21 ,37 ,86 ,0 ,5 ,0 ,0 ,0.29,0.49
7801,2556,2345,64 ,65 ,56 ,41 ,6 ,24 ,2 ,0 ,43 ,44 ,2 ,4 ,19 ,17 ,0.49,0.45
7802,2091,2641,18 ,9 ,11 ,8 ,5 ,0 ,2 ,1 ,15 ,9 ,0 ,0 ,3 ,0 ,0.35,0.31
7803,2133,2520,90 ,97 ,61 ,63 ,7 ,26 ,22 ,8 ,80 ,92 ,8 ,4 ,2 ,1 ,0.45,0.47
7804,2353,1926,10 ,1 ,4 ,0 ,1 ,0 ,5 ,1 ,10 ,1 ,0 ,0 ,0 ,0 ,0.38,0.11
7805,2241,2014,91 ,52 ,49 ,33 ,11 ,11 ,31 ,8 ,91 ,50 ,0 ,0 ,0 ,2 ,0.53,0.33
7806,2250,1968,96 ,93 ,49 ,40 ,30 ,27 ,17 ,26 ,92 ,91 ,3 ,1 ,1 ,1 ,0.41,0.37
7807,2388,2408,75 ,32 ,42 ,20 ,20 ,5 ,13 ,7 ,57 ,30 ,2 ,1 ,16 ,1 ,0.58,0.43
7808,2584,2600,66 ,57 ,46 ,53 ,14 ,2 ,6 ,2 ,65 ,53 ,1 ,3 ,0 ,1 ,0.45,0.38
7809,2180,2629,48 ,21 ,31 ,11 ,16 ,6 ,1 ,4 ,26 ,20 ,5 ,1 ,17 ,0 ,0.42,0.47
7810,2304,2260,5 ,34 ,1 ,30 ,2 ,0 ,2 ,4 ,3 ,4 ,1 ,0 ,1 ,30 ,0.45,0.85
7811,2336,2282,12 ,31 ,10 ,15 ,1 ,9 ,1 ,7 ,11 ,27 ,1 ,1 ,0 ,3 ,0.42,0.46
7812,2581,2266,1 ,42 ,1 ,41 ,0 ,1 ,0 ,0 ,1 ,1 ,0 ,0 ,0 ,41 ,0.5,0.8
7813,2252,2543,112 ,101 ,66 ,82 ,43 ,8 ,3 ,11 ,88 ,88 ,19 ,10 ,5 ,3 ,0.51,0.42
7814,2132,2441,83 ,153 ,57 ,106 ,11 ,26 ,15 ,21 ,82 ,129 ,1 ,2 ,0 ,22 ,0.32,0.6
7815,1927,2118,6 ,14 ,5 ,13 ,1 ,0 ,0 ,1 ,2 ,6 ,4 ,0 ,0 ,8 ,0.6,0.7
7816,2166,2006,23 ,17 ,16 ,14 ,5 ,3 ,2 ,0 ,17 ,13 ,1 ,4 ,5 ,0 ,0.5,0.32
7817,2209,2078,2 ,2 ,1 ,0 ,1 ,2 ,0 ,0 ,1 ,2 ,0 ,0 ,1 ,0 ,0.66,0.33
7818,2335,2003,41 ,76 ,26 ,45 ,8 ,17 ,7 ,14 ,40 ,53 ,0 ,5 ,1 ,18 ,0.44,0.67
7819,2024,2015,38 ,18 ,14 ,5 ,14 ,6 ,10 ,7 ,33 ,14 ,5 ,4 ,0 ,0 ,0.5,0.48
7820,2232,1928,41 ,3 ,41 ,2 ,0 ,1 ,0 ,0 ,2 ,2 ,0 ,0 ,39 ,1 ,0.73,0.42
7821,2139,2552,49 ,68 ,26 ,36 ,12 ,8 ,11 ,24 ,43 ,62 ,6 ,6 ,0 ,0 ,0.55,0.64
7822,1929,2072,55 ,42 ,29 ,26 ,18 ,9 ,8 ,7 ,48 ,19 ,7 ,18 ,0 ,5 ,0.51,0.63
7823,2247,2601,40 ,34 ,32 ,31 ,3 ,3 ,5 ,0 ,38 ,34 ,2 ,0 ,0 ,0 ,0.48,0.43
7824,2235,2509,22 ,1 ,20 ,0 ,1 ,0 ,1 ,1 ,2 ,1 ,0 ,0 ,20 ,0 ,0.59,0.5
7825,2129,2324,50 ,117 ,33 ,67 ,13 ,38 ,4 ,12 ,48 ,106 ,2 ,9 ,0 ,2 ,0.35,0.56
7826,2594,2666,47 ,130 ,25 ,97 ,19 ,12 ,3 ,21 ,32 ,118 ,15 ,11 ,0 ,1 ,0.48,0.59
7827,2438,2201,41 ,22 ,21 ,12 ,7 ,10 ,13 ,0 ,27 ,22 ,0 ,0 ,14 ,0 ,0.43,0.4
7828,2415,2670,79 ,118 ,46 ,79 ,12 ,24 ,21 ,15 ,77 ,109 ,2 ,4 ,0 ,5 ,0.41,0.59
7829,1930,2356,35 ,21 ,18 ,12 ,8 ,6 ,9 ,3 ,29 ,16 ,5 ,4 ,1 ,1 ,0.47,0.6
7830,2290,2508,20 ,31 ,9 ,25 ,10 ,3 ,1 ,3 ,12 ,11 ,8 ,4 ,0 ,16 ,0.46,0.53
7831,1931,2618,69 ,159 ,47 ,89 ,12 ,34 ,10 ,36 ,67 ,156 ,2 ,3 ,0 ,0 ,0.37,0.51
7832,2030,2384,35 ,37 ,29 ,28 ,1 ,4 ,5 ,5 ,10 ,22 ,0 ,0 ,25 ,15 ,0.5,0.54
7833,2416,2555,121 ,156 ,83 ,103 ,33 ,32 ,5 ,21 ,117 ,154 ,4 ,2 ,0 ,0 ,0.39,0.45
7834,2144,2346,63 ,106 ,52 ,75 ,4 ,13 ,7 ,18 ,61 ,75 ,1 ,6 ,1 ,25 ,0.32,0.51
7835,2518,2262,18 ,45 ,8 ,38 ,3 ,3 ,7 ,4 ,16 ,39 ,1 ,2 ,1 ,4 ,0.18,0.56
7836,2327,2297,47 ,82 ,22 ,55 ,23 ,4 ,2 ,23 ,45 ,29 ,0 ,8 ,2 ,45 ,0.52,0.5
7837,2453,2545,28 ,10 ,25 ,7 ,3 ,1 ,0 ,2 ,21 ,10 ,6 ,0 ,1 ,0 ,0.56,0.4
7838,2380,2241,54 ,54 ,15 ,28 ,17 ,12 ,22 ,14 ,41 ,48 ,13 ,6 ,0 ,0 ,0.47,0.35
7839,2016,1932,67 ,71 ,34 ,28 ,18 ,28 ,15 ,15 ,61 ,71 ,0 ,0 ,6 ,0 ,0.51,0.4
7840,2407,2577,7 ,5 ,5 ,4 ,0 ,1 ,2 ,0 ,3 ,4 ,1 ,0 ,3 ,1 ,0.58,0.41
7841,1933,2627,94 ,39 ,63 ,25 ,24 ,10 ,7 ,4 ,80 ,34 ,14 ,5 ,0 ,0 ,0.46,0.27
7842,2215,1934,45 ,24 ,22 ,10 ,15 ,10 ,8 ,4 ,28 ,19 ,9 ,4 ,8 ,1 ,0.47,0.4
7843,2462,1935,90 ,29 ,44 ,18 ,19 ,5 ,27 ,6 ,78 ,25 ,12 ,4 ,0 ,0 ,0.6,0.24
7844,2463,2172,45 ,39 ,24 ,29 ,9 ,7 ,12 ,3 ,38 ,33 ,6 ,5 ,1 ,1 ,0.37,0.56
7845,2288,2204,58 ,16 ,44 ,7 ,11 ,7 ,3 ,2 ,45 ,9 ,7 ,7 ,6 ,0 ,0.61,0.27
7846,2306,2028,19 ,11 ,15 ,7 ,1 ,3 ,3 ,1 ,10 ,9 ,2 ,2 ,7 ,0 ,0.67,0.28
7847,2002,1978,58 ,97 ,31 ,79 ,10 ,17 ,17 ,1 ,46 ,80 ,12 ,17 ,0 ,0 ,0.59,0.57
7848,2651,2303,43 ,29 ,16 ,9 ,18 ,5 ,9 ,15 ,30 ,23 ,13 ,2 ,0 ,4 ,0.6,0.43
7849,2153,2207,57 ,30 ,51 ,20 ,5 ,4 ,1 ,6 ,37 ,20 ,7 ,6 ,13 ,4 ,0.66,0.57
7850,2546,2344,50 ,25 ,46 ,13 ,0 ,10 ,4 ,2 ,17 ,25 ,0 ,0 ,33 ,0 ,0.69,0.41
7851,2081,1936,14 ,5 ,9 ,2 ,3 ,2 ,2 ,1 ,14 ,5 ,0 ,0 ,0 ,0 ,0.58,0.38
7852,1937,2239,39 ,80 ,30 ,28 ,4 ,11 ,5 ,41 ,33 ,75 ,0 ,5 ,6 ,0 ,0.31,0.53
7853,2609,1938,9 ,7 ,5 ,2 ,2 ,0 ,2 ,5 ,9 ,7 ,0 ,0 ,0 ,0 ,0.45,0.7
7854,2308,1992,57 ,44 ,32 ,22 ,14 ,9 ,11 ,13 ,41 ,42 ,1 ,1 ,15 ,1 ,0.5,0.49
7855,2138,2615,63 ,79 ,32 ,41 ,25 ,22 ,6 ,16 ,60 ,78 ,3 ,1 ,0 ,0 ,0.32,0.38
7856,2053,2127,33 ,30 ,28 ,19 ,5 ,9 ,0 ,2 ,28 ,27 ,3 ,1 ,2 ,2 ,0.33,0.41
7857,2099,2665,49 ,34 ,38 ,23 ,7 ,9 ,4 ,2 ,36 ,28 ,13 ,5 ,0 ,1 ,0.46,0.36
7858,2227,2076,24 ,55 ,12 ,34 ,4 ,14 ,8 ,7 ,21 ,19 ,3 ,15 ,0 ,21 ,0.39,0.58
7859,2486,2558,19 ,18 ,16 ,5 ,2 ,3 ,1 ,10 ,5 ,18 ,0 ,0 ,14 ,0 ,0.57,0.64
7860,2060,2371,51 ,49 ,41 ,26 ,6 ,12 ,4 ,11 ,46 ,44 ,2 ,5 ,3 ,0 ,0.43,0.34
7861,1939,2077,92 ,92 ,57 ,82 ,29 ,9 ,6 ,1 ,88 ,90 ,4 ,2 ,0 ,0 ,0.29,0.35
7862,2188,2186,127 ,61 ,92 ,34 ,17 ,16 ,18 ,11 ,123 ,60 ,4 ,1 ,0 ,0 ,0.6,0.31
7863,2648,2192,34 ,17 ,22 ,10 ,7 ,6 ,5 ,1 ,20 ,16 ,1 ,1 ,13 ,0 ,0.56,0.41
7864,1941,1940,54 ,140 ,34 ,100 ,13 ,38 ,7 ,2 ,42 ,130 ,9 ,10 ,3 ,0 ,0.38,0.5
7865,2595,1942,88 ,40 ,40 ,30 ,35 ,6 ,13 ,4 ,54 ,35 ,32 ,5 ,2 ,0 ,0.6,0.32
7866,2632,2301,71 ,53 ,61 ,39 ,10 ,7 ,0 ,7 ,71 ,44 ,0 ,1 ,0 ,8 ,0.55,0.44
7867,2623,2515,68 ,16 ,44 ,13 ,9 ,2 ,15 ,1 ,43 ,11 ,6 ,5 ,19 ,0 ,0.53,0.3
7868,1943,2652,2 ,3 ,0 ,2 ,1 ,1 ,1 ,0 ,2 ,1 ,0 ,1 ,0 ,1 ,1.0,0.6
7869,2031,2008,4 ,23 ,1 ,18 ,1 ,4 ,2 ,1 ,4 ,20 ,0 ,0 ,0 ,3 ,0.25,0.41
7870,2104,2359,123 ,74 ,44 ,58 ,56 ,9 ,23 ,7 ,117 ,74 ,6 ,0 ,0 ,0 ,0.47,0.28
7871,2658,2616,44 ,5 ,38 ,4 ,4 ,1 ,2 ,0 ,5 ,4 ,0 ,1 ,39 ,0 ,0.48,0.41
7872,2386,1944,105 ,20 ,49 ,13 ,47 ,5 ,9 ,2 ,28 ,14 ,56 ,5 ,21 ,1 ,0.7,0.4
7873,2451,2216,65 ,99 ,55 ,76 ,2 ,4 ,8 ,19 ,62 ,91 ,0 ,3 ,3 ,5 ,0.43,0.55
7874,2311,2669,124 ,42 ,114 ,34 ,10 ,5 ,0 ,3 ,97 ,38 ,11 ,0 ,16 ,4 ,0.53,0.42
7875,2487,1945,23 ,31 ,7 ,23 ,6 ,2 ,10 ,6 ,17 ,21 ,0 ,10 ,6 ,0 ,0.6,0.67
7876,2093,2226,72 ,92 ,33 ,59 ,18 ,15 ,21 ,18 ,72 ,91 ,0 ,1 ,0 ,0 ,0.49,0.41
7877,1946,2063,54 ,117 ,26 ,84 ,18 ,18 ,10 ,15 ,44 ,110 ,10 ,7 ,0 ,0 ,0.43,0.62
7878,2617,1947,81 ,34 ,48 ,15 ,20 ,9 ,13 ,10 ,61 ,25 ,9 ,9 ,11 ,0 ,0.6,0.49
7879,2057,2363,89 ,89 ,68 ,62 ,12 ,6 ,9 ,21 ,73 ,85 ,15 ,4 ,1 ,0 ,0.63,0.44
7880,1948,2271,16 ,22 ,8 ,7 ,5 ,8 ,3 ,7 ,12 ,17 ,0 ,1 ,4 ,4 ,0.38,0.4
7881,2037,1949,39 ,31 ,30 ,21 ,9 ,7 ,0 ,3 ,28 ,17 ,3 ,1 ,8 ,13 ,0.44,0.58
7882,1950,2080,60 ,96 ,28 ,43 ,17 ,48 ,15 ,5 ,59 ,96 ,1 ,0 ,0 ,0 ,0.36,0.37
7883,2461,2426,65 ,75 ,42 ,41 ,15 ,7 ,8 ,27 ,49 ,68 ,5 ,7 ,11 ,0 ,0.43,0.52
7884,2439,2592,61 ,38 ,50 ,19 ,11 ,9 ,0 ,10 ,56 ,32 ,5 ,1 ,0 ,5 ,0.44,0.3
7885,2397,2387,152 ,24 ,125 ,8 ,22 ,16 ,5 ,0 ,43 ,20 ,12 ,4 ,97 ,0 ,0.71,0.45
7886,2147,2385,109 ,107 ,82 ,72 ,15 ,16 ,12 ,19 ,96 ,94 ,13 ,13 ,0 ,0 ,0.49,0.43
7887,2267,2059,66 ,36 ,42 ,28 ,15 ,4 ,9 ,4 ,51 ,30 ,11 ,6 ,4 ,0 ,0.56,0.37
7888,2362,1951,60 ,45 ,39 ,23 ,8 ,14 ,13 ,8 ,54 ,43 ,2 ,2 ,4 ,0 ,0.47,0.36
7889,2305,2212,51 ,12 ,28 ,3 ,22 ,2 ,1 ,7 ,50 ,12 ,0 ,0 ,1 ,0 ,0.68,0.35
7890,2185,2434,26 ,29 ,10 ,20 ,8 ,9 ,8 ,0 ,26 ,26 ,0 ,1 ,0 ,2 ,0.44,0.4
7891,2657,2458,71 ,61 ,52 ,46 ,10 ,6 ,9 ,9 ,54 ,60 ,5 ,0 ,12 ,1 ,0.48,0.45
7892,2396,1952,18 ,4 ,12 ,2 ,3 ,1 ,3 ,1 ,13 ,4 ,0 ,0 ,5 ,0 ,0.6,0.3
7893,2284,2270,28 ,1 ,26 ,0 ,2 ,0 ,0 ,1 ,28 ,1 ,0 ,0 ,0 ,0 ,0.77,1.0
7894,2113,2011,65 ,77 ,24 ,22 ,29 ,10 ,12 ,45 ,63 ,75 ,2 ,2 ,0 ,0 ,0.61,0.55
7895,2493,2394,52 ,46 ,36 ,35 ,12 ,5 ,4 ,6 ,37 ,32 ,12 ,6 ,3 ,8 ,0.52,0.43
7896,2189,2219,55 ,53 ,20 ,10 ,22 ,9 ,13 ,34 ,50 ,50 ,5 ,3 ,0 ,0 ,0.48,0.45
7897,2115,2672,2 ,3 ,0 ,2 ,0 ,1 ,2 ,0 ,2 ,0 ,0 ,0 ,0 ,3 ,1.0,0.75
7898,2092,2443,75 ,79 ,49 ,47 ,11 ,13 ,15 ,19 ,71 ,79 ,0 ,0 ,4 ,0 ,0.52,0.38
7899,2575,2050,29 ,25 ,17 ,17 ,11 ,6 ,1 ,2 ,21 ,25 ,8 ,0 ,0 ,0 ,0.41,0.33
7900,1953,2202,11 ,16 ,8 ,15 ,0 ,0 ,3 ,1 ,11 ,6 ,0 ,0 ,0 ,10 ,0.57,0.47
7901,2055,1954,68 ,71 ,40 ,57 ,22 ,9 ,6 ,5 ,60 ,65 ,7 ,4 ,1 ,2 ,0.47,0.5
7902,1956,1955,45 ,31 ,37 ,19 ,3 ,7 ,5 ,5 ,39 ,30 ,4 ,1 ,2 ,0 ,0.48,0.34
7903,1957,2619,8 ,13 ,8 ,9 ,0 ,1 ,0 ,3 ,7 ,11 ,0 ,0 ,1 ,2 ,0.44,0.48
7904,2591,2033,39 ,24 ,19 ,8 ,14 ,11 ,6 ,5 ,31 ,22 ,8 ,1 ,0 ,1 ,0.53,0.44
7905,2206,1958,109 ,95 ,98 ,82 ,11 ,7 ,0 ,6 ,109 ,94 ,0 ,1 ,0 ,0 ,0.52,0.29
7906,2593,1959,59 ,34 ,22 ,23 ,19 ,3 ,18 ,8 ,59 ,34 ,0 ,0 ,0 ,0 ,0.45,0.43
7907,2364,2160,7 ,13 ,6 ,11 ,1 ,1 ,0 ,1 ,0 ,2 ,7 ,7 ,0 ,4 ,0.63,0.65
7908,2074,2588,42 ,36 ,26 ,29 ,15 ,5 ,1 ,2 ,41 ,24 ,1 ,1 ,0 ,11 ,0.45,0.42
7909,1960,2541,76 ,49 ,24 ,25 ,33 ,16 ,19 ,8 ,76 ,49 ,0 ,0 ,0 ,0 ,0.41,0.37
7910,2257,2323,110 ,94 ,81 ,68 ,15 ,18 ,14 ,8 ,103 ,91 ,2 ,3 ,5 ,0 ,0.39,0.38
7911,2420,2369,132 ,63 ,113 ,50 ,12 ,6 ,7 ,7 ,128 ,63 ,4 ,0 ,0 ,0 ,0.41,0.26
7912,2085,2349,38 ,12 ,36 ,5 ,1 ,1 ,1 ,6 ,9 ,12 ,0 ,0 ,29 ,0 ,0.63,0.37
7913,2525,2475,3 ,2 ,0 ,0 ,2 ,1 ,1 ,1 ,1 ,2 ,2 ,0 ,0 ,0 ,1.0,0.4
7914,1961,2110,13 ,20 ,5 ,15 ,5 ,3 ,3 ,2 ,13 ,19 ,0 ,0 ,0 ,1 ,0.39,0.45
7915,1962,2548,2 ,7 ,1 ,6 ,1 ,0 ,0 ,1 ,2 ,7 ,0 ,0 ,0 ,0 ,0.25,0.58
7916,2120,1963,11 ,3 ,7 ,1 ,0 ,0 ,4 ,2 ,5 ,3 ,0 ,0 ,6 ,0 ,0.31,0.37
7917,2191,2238,46 ,73 ,16 ,30 ,19 ,33 ,11 ,10 ,39 ,53 ,7 ,20 ,0 ,0 ,0.46,0.5
7918,2512,2157,29 ,3 ,27 ,2 ,2 ,0 ,0 ,1 ,5 ,3 ,2 ,0 ,22 ,0 ,0.56,0.6
7919,2061,2467,42 ,52 ,23 ,33 ,16 ,5 ,3 ,14 ,41 ,28 ,1 ,4 ,0 ,20 ,0.4,0.48
7920,2052,2036,53 ,17 ,22 ,12 ,19 ,3 ,12 ,2 ,29 ,14 ,9 ,0 ,15 ,3 ,0.7,0.37
7921,2629,2440,30 ,38 ,27 ,19 ,3 ,10 ,0 ,9 ,22 ,34 ,2 ,3 ,6 ,1 ,0.55,0.57
7922,2304,2645,10 ,12 ,7 ,9 ,2 ,1 ,1 ,2 ,9 ,10 ,1 ,0 ,0 ,2 ,0.5,0.57
7923,2175,2352,46 ,26 ,16 ,22 ,16 ,4 ,14 ,0 ,39 ,19 ,0 ,2 ,7 ,5 ,0.44,0.34
7924,1964,2337,24 ,65 ,16 ,22 ,2 ,16 ,6 ,27 ,23 ,55 ,1 ,2 ,0 ,8 ,0.34,0.55
7925,1965,2379,28 ,31 ,25 ,27 ,3 ,1 ,0 ,3 ,26 ,22 ,2 ,6 ,0 ,3 ,0.68,0.55
7926,2504,2196,35 ,15 ,33 ,13 ,1 ,1 ,1 ,1 ,9 ,8 ,0 ,1 ,26 ,6 ,0.71,0.51
7927,2234,2043,121 ,74 ,91 ,30 ,18 ,14 ,12 ,30 ,85 ,68 ,8 ,5 ,28 ,1 ,0.56,0.47
7928,2656,1966,10 ,16 ,5 ,8 ,2 ,6 ,3 ,2 ,9 ,16 ,1 ,0 ,0 ,0 ,0.41,0.51
7929,1967,2114,48 ,102 ,24 ,60 ,3 ,18 ,21 ,24 ,46 ,100 ,2 ,2 ,0 ,0 ,0.44,0.45
7930,2342,1968,67 ,90 ,53 ,29 ,6 ,39 ,8 ,22 ,57 ,75 ,3 ,15 ,7 ,0 ,0.59,0.38
7931,2089,2587,48 ,58 ,34 ,26 ,4 ,10 ,10 ,22 ,41 ,45 ,1 ,11 ,6 ,2 ,0.56,0.43
7932,2258,2152,54 ,47 ,24 ,21 ,13 ,14 ,17 ,12 ,54 ,47 ,0 ,0 ,0 ,0 ,0.63,0.36
7933,2442,2041,88 ,84 ,56 ,59 ,18 ,16 ,14 ,9 ,67 ,60 ,3 ,0 ,18 ,24 ,0.72,0.74
7934,1970,1969,96 ,37 ,70 ,24 ,16 ,7 ,10 ,6 ,54 ,32 ,2 ,4 ,40 ,1 ,0.8,0.41
7935,2140,2086,56 ,78 ,29 ,61 ,9 ,7 ,18 ,10 ,53 ,67 ,3 ,2 ,0 ,9 ,0.33,0.46
7936,2432,2158,87 ,64 ,66 ,39 ,8 ,23 ,13 ,2 ,80 ,59 ,5 ,5 ,2 ,0 ,0.45,0.41
7937,2419,2647,51 ,50 ,24 ,13 ,12 ,13 ,15 ,24 ,50 ,49 ,1 ,1 ,0 ,0 ,0.4,0.31
7938,2427,2062,26 ,44 ,18 ,26 ,5 ,8 ,3 ,10 ,24 ,40 ,1 ,3 ,1 ,1 ,0.27,0.41
7939,2135,1971,30 ,48 ,13 ,29 ,11 ,2 ,6 ,17 ,28 ,47 ,0 ,0 ,2 ,1 ,0.27,0.47
7940,1973,1972,2 ,12 ,0 ,6 ,0 ,2 ,2 ,4 ,2 ,12 ,0 ,0 ,0 ,0 ,0.08,0.63
7941,1974,2454,9 ,42 ,4 ,28 ,4 ,4 ,1 ,10 ,9 ,36 ,0 ,3 ,0 ,3 ,0.12,0.48
7942,2145,2661,17 ,9 ,9 ,4 ,2 ,5 ,6 ,0 ,15 ,9 ,0 ,0 ,2 ,0 ,0.5,0.75
7943,2278,2569,96 ,98 ,51 ,81 ,17 ,9 ,28 ,8 ,95 ,98 ,1 ,0 ,0 ,0 ,0.52,0.48
7944,2353,2501,46 ,18 ,15 ,13 ,21 ,2 ,10 ,3 ,46 ,18 ,0 ,0 ,0 ,0 ,0.41,0.3
7945,1975,2245,9 ,20 ,4 ,7 ,1 ,3 ,4 ,10 ,8 ,19 ,1 ,0 ,0 ,1 ,0.42,0.71
7946,2038,2543,78 ,15 ,45 ,8 ,25 ,1 ,8 ,6 ,77 ,15 ,1 ,0 ,0 ,0 ,0.48,0.14
7947,2296,2319,121 ,53 ,78 ,23 ,18 ,24 ,25 ,6 ,103 ,49 ,13 ,4 ,5 ,0 ,0.62,0.44
7948,2305,2101,29 ,32 ,19 ,16 ,10 ,6 ,0 ,10 ,26 ,32 ,0 ,0 ,3 ,0 ,0.41,0.46
7949,1976,2506,5 ,7 ,3 ,5 ,2 ,2 ,0 ,0 ,2 ,5 ,3 ,1 ,0 ,1 ,0.38,0.46
7950,2516,2598,13 ,10 ,11 ,9 ,2 ,1 ,0 ,0 ,9 ,10 ,4 ,0 ,0 ,0 ,0.33,0.29
7951,2601,2670,70 ,165 ,60 ,131 ,6 ,22 ,4 ,12 ,70 ,144 ,0 ,19 ,0 ,2 ,0.32,0.54
7952,1977,2450,16 ,62 ,11 ,56 ,5 ,6 ,0 ,0 ,12 ,7 ,0 ,7 ,4 ,48 ,0.44,0.6
7953,2557,1978,60 ,57 ,32 ,20 ,22 ,31 ,6 ,6 ,49 ,27 ,11 ,30 ,0 ,0 ,0.54,0.51
7954,2494,2620,8 ,12 ,6 ,7 ,1 ,5 ,1 ,0 ,6 ,9 ,0 ,2 ,2 ,1 ,0.3,0.46
7955,2549,2623,2 ,5 ,1 ,1 ,0 ,1 ,1 ,3 ,2 ,5 ,0 ,0 ,0 ,0 ,0.33,0.55
7956,2564,2049,121 ,21 ,110 ,14 ,8 ,5 ,3 ,2 ,48 ,19 ,17 ,2 ,56 ,0 ,0.74,0.45
7957,2561,1979,25 ,78 ,13 ,61 ,9 ,9 ,3 ,8 ,15 ,62 ,10 ,4 ,0 ,12 ,0.37,0.67
7958,2112,1980,26 ,6 ,14 ,4 ,9 ,1 ,3 ,1 ,17 ,5 ,5 ,1 ,4 ,0 ,0.72,0.19
7959,2221,2668,43 ,39 ,14 ,19 ,10 ,18 ,19 ,2 ,40 ,36 ,0 ,3 ,3 ,0 ,0.7,0.54
7960,1981,2279,37 ,42 ,29 ,11 ,6 ,10 ,2 ,21 ,24 ,35 ,3 ,7 ,10 ,0 ,0.55,0.5
7961,2295,2131,32 ,17 ,15 ,10 ,5 ,5 ,12 ,2 ,30 ,17 ,2 ,0 ,0 ,0 ,0.61,0.58
7962,1982,2445,26 ,36 ,16 ,26 ,8 ,8 ,2 ,2 ,12 ,12 ,14 ,11 ,0 ,13 ,0.47,0.56
7963,2614,2170,147 ,69 ,50 ,63 ,42 ,5 ,55 ,1 ,147 ,67 ,0 ,2 ,0 ,0 ,0.5,0.44
7964,2082,2575,24 ,15 ,12 ,11 ,5 ,3 ,7 ,1 ,23 ,14 ,1 ,1 ,0 ,0 ,0.35,0.27
7965,2237,2090,31 ,55 ,21 ,43 ,5 ,7 ,5 ,5 ,31 ,52 ,0 ,3 ,0 ,0 ,0.22,0.41
7966,2039,1983,38 ,22 ,35 ,14 ,0 ,4 ,3 ,4 ,36 ,17 ,0 ,5 ,2 ,0 ,0.53,0.31
7967,2660,2128,20 ,7 ,15 ,1 ,4 ,2 ,1 ,4 ,12 ,7 ,8 ,0 ,0 ,0 ,0.83,0.53
7968,2436,1984,19 ,16 ,13 ,8 ,3 ,7 ,3 ,1 ,16 ,15 ,1 ,1 ,2 ,0 ,0.38,0.28
7969,2500,2097,78 ,32 ,33 ,18 ,37 ,5 ,8 ,9 ,70 ,28 ,8 ,4 ,0 ,0 ,0.5,0.35
7970,2497,2236,79 ,86 ,57 ,60 ,8 ,9 ,14 ,17 ,79 ,81 ,0 ,3 ,0 ,2 ,0.43,0.58
7971,2457,2361,40 ,45 ,27 ,23 ,6 ,7 ,7 ,15 ,40 ,39 ,0 ,5 ,0 ,1 ,0.41,0.46
7972,2310,2059,111 ,57 ,71 ,27 ,18 ,21 ,22 ,9 ,109 ,55 ,2 ,2 ,0 ,0 ,0.66,0.5
7973,2562,1985,99 ,97 ,74 ,65 ,13 ,20 ,12 ,12 ,95 ,91 ,4 ,6 ,0 ,0 ,0.62,0.4
7974,1986,2665,37 ,75 ,26 ,59 ,8 ,13 ,3 ,3 ,33 ,65 ,0 ,6 ,4 ,4 ,0.29,0.49
7975,2265,1987,35 ,28 ,29 ,24 ,5 ,1 ,1 ,3 ,26 ,26 ,1 ,0 ,8 ,2 ,0.39,0.41
7976,2251,1988,15 ,1 ,13 ,0 ,1 ,0 ,1 ,1 ,2 ,1 ,2 ,0 ,11 ,0 ,0.46,0.33
7977,1989,2499,31 ,33 ,9 ,21 ,10 ,10 ,12 ,2 ,24 ,8 ,7 ,22 ,0 ,3 ,0.46,0.47
7978,2400,2100,95 ,67 ,77 ,36 ,18 ,22 ,0 ,9 ,87 ,63 ,8 ,3 ,0 ,1 ,0.42,0.4
7979,1990,2390,7 ,12 ,6 ,8 ,1 ,2 ,0 ,2 ,6 ,11 ,1 ,0 ,0 ,1 ,0.5,0.52
7980,2586,1991,55 ,59 ,36 ,24 ,2 ,7 ,17 ,28 ,22 ,58 ,0 ,0 ,33 ,1 ,0.58,0.62
7981,2653,1992,29 ,6 ,20 ,2 ,5 ,1 ,4 ,3 ,17 ,6 ,1 ,0 ,11 ,0 ,0.53,0.4
7982,1993,2414,8 ,2 ,3 ,2 ,3 ,0 ,2 ,0 ,7 ,2 ,0 ,0 ,1 ,0 ,0.57,0.28
7983,2378,2395,13 ,2 ,12 ,1 ,0 ,1 ,1 ,0 ,5 ,2 ,0 ,0 ,8 ,0 ,0.76,0.66
7984,2126,2116,44 ,23 ,32 ,12 ,12 ,9 ,0 ,2 ,32 ,17 ,8 ,5 ,4 ,1 ,0.53,0.46
7985,2459,2654,142 ,130 ,107 ,91 ,30 ,14 ,5 ,25 ,142 ,124 ,0 ,4 ,0 ,2 ,0.54,0.42
7986,2308,1994,20 ,17 ,3 ,13 ,9 ,4 ,8 ,0 ,16 ,9 ,4 ,4 ,0 ,4 ,0.68,0.51
7987,2056,1995,76 ,73 ,57 ,40 ,8 ,19 ,11 ,14 ,72 ,73 ,0 ,0 ,4 ,0 ,0.43,0.37
7988,2220,2109,27 ,17 ,13 ,10 ,3 ,1 ,11 ,6 ,18 ,14 ,1 ,0 ,8 ,3 ,0.58,0.3
7989,2275,2648,42 ,42 ,35 ,20 ,5 ,9 ,2 ,13 ,27 ,25 ,2 ,5 ,13 ,12 ,0.56,0.6
7990,2429,1996,78 ,81 ,30 ,64 ,24 ,8 ,24 ,9 ,60 ,48 ,18 ,16 ,0 ,17 ,0.54,0.58
7991,2119,2351,31 ,37 ,10 ,20 ,8 ,9 ,13 ,8 ,28 ,32 ,3 ,4 ,0 ,1 ,0.42,0.41
7992,2121,2407,53 ,62 ,20 ,28 ,6 ,11 ,27 ,23 ,49 ,56 ,2 ,2 ,2 ,4 ,0.47,0.47
7993,2658,2159,56 ,41 ,51 ,31 ,3 ,6 ,2 ,4 ,19 ,31 ,7 ,6 ,30 ,4 ,0.57,0.67
7994,2291,2339,47 ,20 ,39 ,18 ,5 ,2 ,3 ,0 ,19 ,13 ,11 ,0 ,17 ,7 ,0.66,0.71
7995,2388,2526,13 ,21 ,13 ,16 ,0 ,3 ,0 ,2 ,1 ,3 ,1 ,0 ,11 ,18 ,0.54,0.8
7996,2293,2611,49 ,62 ,39 ,59 ,7 ,2 ,3 ,1 ,37 ,18 ,7 ,5 ,5 ,39 ,0.58,0.72
7997,2558,2440,11 ,12 ,10 ,11 ,1 ,1 ,0 ,0 ,1 ,0 ,1 ,0 ,9 ,12 ,0.84,0.57
7998,2367,2392,23 ,15 ,20 ,14 ,1 ,1 ,2 ,0 ,7 ,2 ,4 ,0 ,12 ,13 ,0.74,0.53
7999,2570,2087,97 ,81 ,73 ,55 ,19 ,24 ,5 ,2 ,71 ,68 ,10 ,13 ,16 ,0 ,0.58,0.45
8000,2297,2320,111 ,104 ,71 ,76 ,30 ,22 ,10 ,6 ,88 ,92 ,22 ,12 ,1 ,0 ,0.42,0.43
8001,2263,2546,6 ,9 ,5 ,2 ,1 ,3 ,0 ,4 ,5 ,9 ,0 ,0 ,1 ,0 ,0.31,0.33
8002,2213,1997,44 ,69 ,25 ,43 ,3 ,0 ,16 ,26 ,40 ,68 ,0 ,1 ,4 ,0 ,0.5,0.56
8003,2274,1998,46 ,34 ,42 ,19 ,1 ,7 ,3 ,8 ,9 ,29 ,3 ,3 ,34 ,2 ,0.69,0.65
8004,2588,2604,56 ,37 ,23 ,23 ,20 ,8 ,13 ,6 ,48 ,30 ,8 ,7 ,0 ,0 ,0.53,0.51
8005,2510,1999,54 ,4 ,53 ,3 ,1 ,0 ,0 ,1 ,8 ,4 ,0 ,0 ,46 ,0 ,0.78,0.3
8006,2638,2533,14 ,19 ,9 ,4 ,5 ,7 ,0 ,8 ,13 ,18 ,1 ,1 ,0 ,0 ,0.43,0.55
8007,2283,2336,32 ,31 ,23 ,5 ,8 ,16 ,1 ,10 ,22 ,14 ,6 ,17 ,4 ,0 ,0.34,0.46
8008,2288,2094,35 ,20 ,29 ,13 ,5 ,5 ,1 ,2 ,20 ,13 ,5 ,2 ,10 ,5 ,0.62,0.57
8009,2111,2370,38 ,43 ,18 ,24 ,13 ,11 ,7 ,8 ,37 ,31 ,1 ,2 ,0 ,10 ,0.48,0.45
8010,2143,2000,25 ,17 ,21 ,7 ,2 ,3 ,2 ,7 ,25 ,17 ,0 ,0 ,0 ,0 ,0.41,0.3
8011,2113,2490,38 ,43 ,8 ,23 ,17 ,11 ,13 ,9 ,34 ,38 ,4 ,5 ,0 ,0 ,0.43,0.57
8012,2520,2153,26 ,15 ,9 ,9 ,6 ,0 ,11 ,6 ,26 ,10 ,0 ,0 ,0 ,5 ,0.52,0.48
8013,2643,2001,6 ,0 ,2 ,0 ,1 ,0 ,3 ,0 ,5 ,0 ,0 ,0 ,1 ,0 ,0.85,0.0
8014,2624,2002,85 ,67 ,52 ,32 ,28 ,17 ,5 ,18 ,83 ,66 ,2 ,1 ,0 ,0 ,0.44,0.39
8015,2139,2621,125 ,59 ,108 ,47 ,4 ,10 ,13 ,2 ,125 ,58 ,0 ,1 ,0 ,0 ,0.51,0.28
8016,2628,2268,38 ,41 ,18 ,18 ,12 ,19 ,8 ,4 ,35 ,35 ,3 ,5 ,0 ,1 ,0.29,0.51
8017,2353,2495,103 ,31 ,38 ,11 ,21 ,12 ,44 ,8 ,102 ,30 ,0 ,1 ,1 ,0 ,0.56,0.48
8018,2168,2250,69 ,66 ,43 ,20 ,11 ,26 ,15 ,20 ,63 ,61 ,5 ,1 ,1 ,4 ,0.39,0.55
8019,2171,2003,34 ,39 ,22 ,26 ,5 ,6 ,7 ,7 ,13 ,23 ,5 ,3 ,16 ,13 ,0.7,0.63
8020,2169,2547,68 ,59 ,39 ,17 ,24 ,19 ,5 ,23 ,56 ,47 ,12 ,11 ,0 ,1 ,0.36,0.4
8021,2173,2421,106 ,89 ,93 ,36 ,8 ,24 ,5 ,29 ,77 ,85 ,11 ,4 ,18 ,0 ,0.5,0.63
8022,2004,2341,0 ,8 ,0 ,5 ,0 ,3 ,0 ,0 ,0 ,1 ,0 ,3 ,0 ,4 ,0.0,0.88
8023,2261,2554,53 ,12 ,32 ,1 ,16 ,2 ,5 ,9 ,29 ,10 ,11 ,2 ,13 ,0 ,0.6,0.33
8024,2133,2671,147 ,128 ,50 ,90 ,45 ,29 ,52 ,9 ,147 ,128 ,0 ,0 ,0 ,0 ,0.46,0.48
8025,2005,2241,54 ,73 ,17 ,54 ,9 ,11 ,28 ,8 ,51 ,73 ,3 ,0 ,0 ,0 ,0.39,0.36
8026,2051,2214,1 ,1 ,1 ,0 ,0 ,0 ,0 ,1 ,1 ,1 ,0 ,0 ,0 ,0 ,0.5,0.33
8027,2627,2455,40 ,40 ,30 ,29 ,8 ,2 ,2 ,9 ,36 ,37 ,4 ,3 ,0 ,0 ,0.46,0.41
8028,2248,2075,35 ,20 ,20 ,8 ,0 ,2 ,15 ,10 ,35 ,20 ,0 ,0 ,0 ,0 ,0.48,0.22
8029,2539,2425,11 ,35 ,6 ,26 ,5 ,4 ,0 ,5 ,9 ,31 ,1 ,3 ,1 ,1 ,0.36,0.4
8030,2252,2356,86 ,70 ,40 ,41 ,40 ,19 ,6 ,10 ,63 ,61 ,16 ,9 ,7 ,0 ,0.54,0.5
8031,2064,2465,6 ,21 ,6 ,14 ,0 ,6 ,0 ,1 ,6 ,14 ,0 ,0 ,0 ,7 ,0.26,0.52
8032,2608,2166,58 ,55 ,31 ,26 ,6 ,7 ,21 ,22 ,53 ,54 ,5 ,0 ,0 ,1 ,0.58,0.49
8033,2244,2289,26 ,13 ,14 ,9 ,5 ,2 ,7 ,2 ,24 ,12 ,2 ,1 ,0 ,0 ,0.61,0.28
8034,2180,2006,7 ,1 ,5 ,1 ,2 ,0 ,0 ,0 ,6 ,1 ,0 ,0 ,1 ,0 ,0.46,0.06
8035,2098,2619,38 ,74 ,27 ,53 ,5 ,5 ,6 ,16 ,35 ,74 ,3 ,0 ,0 ,0 ,0.28,0.55
8036,2132,2435,98 ,93 ,59 ,65 ,20 ,21 ,19 ,7 ,69 ,85 ,20 ,8 ,9 ,0 ,0.48,0.42
8037,2316,2270,16 ,9 ,11 ,4 ,3 ,0 ,2 ,5 ,16 ,9 ,0 ,0 ,0 ,0 ,0.39,0.4
8038,2066,2607,20 ,5 ,15 ,1 ,4 ,1 ,1 ,3 ,13 ,5 ,6 ,0 ,1 ,0 ,0.47,0.38
8039,2357,2176,5 ,39 ,0 ,37 ,3 ,1 ,2 ,1 ,5 ,3 ,0 ,0 ,0 ,36 ,0.26,0.75
8040,2498,2355,11 ,20 ,9 ,12 ,1 ,7 ,1 ,1 ,9 ,20 ,1 ,0 ,1 ,0 ,0.52,0.55
8041,2512,2117,29 ,28 ,28 ,5 ,1 ,2 ,0 ,21 ,6 ,26 ,12 ,2 ,11 ,0 ,0.53,0.6
8042,2466,2393,7 ,27 ,4 ,3 ,3 ,10 ,0 ,14 ,7 ,26 ,0 ,1 ,0 ,0 ,0.29,0.48
8043,2463,2284,14 ,15 ,10 ,14 ,2 ,0 ,2 ,1 ,10 ,12 ,1 ,3 ,3 ,0 ,0.45,0.5
8044,2277,2360,87 ,86 ,64 ,37 ,19 ,33 ,4 ,16 ,78 ,51 ,9 ,35 ,0 ,0 ,0.59,0.5
8045,2321,2007,18 ,7 ,11 ,5 ,7 ,0 ,0 ,2 ,11 ,7 ,0 ,0 ,7 ,0 ,0.66,0.28
8046,2439,2363,95 ,77 ,82 ,43 ,13 ,9 ,0 ,25 ,85 ,69 ,10 ,8 ,0 ,0 ,0.55,0.42
8047,2207,2397,14 ,30 ,8 ,30 ,3 ,0 ,3 ,0 ,10 ,12 ,2 ,0 ,2 ,18 ,0.53,0.71
8048,2294,2326,67 ,84 ,40 ,46 ,12 ,14 ,15 ,24 ,67 ,82 ,0 ,2 ,0 ,0 ,0.5,0.47
8049,2461,2008,66 ,55 ,28 ,42 ,23 ,13 ,15 ,0 ,46 ,46 ,20 ,9 ,0 ,0 ,0.42,0.39
8050,2009,2576,53 ,74 ,13 ,54 ,25 ,10 ,15 ,10 ,52 ,68 ,1 ,5 ,0 ,1 ,0.3,0.54
8051,2483,2194,82 ,74 ,45 ,49 ,14 ,14 ,23 ,11 ,81 ,73 ,0 ,1 ,1 ,0 ,0.59,0.3
8052,2195,2253,37 ,85 ,17 ,59 ,14 ,9 ,6 ,17 ,32 ,64 ,5 ,14 ,0 ,7 ,0.4,0.52
8053,2487,2478,32 ,13 ,17 ,8 ,13 ,2 ,2 ,3 ,31 ,12 ,1 ,1 ,0 ,0 ,0.5,0.56
8054,2199,2489,15 ,18 ,10 ,14 ,2 ,4 ,3 ,0 ,15 ,15 ,0 ,0 ,0 ,3 ,0.5,0.52
8055,2243,2651,115 ,101 ,60 ,60 ,37 ,27 ,18 ,14 ,98 ,90 ,15 ,11 ,2 ,0 ,0.56,0.54
8056,2218,2555,135 ,147 ,103 ,120 ,26 ,17 ,6 ,10 ,134 ,147 ,1 ,0 ,0 ,0 ,0.49,0.33
8057,2430,2010,44 ,37 ,39 ,31 ,1 ,5 ,4 ,1 ,34 ,24 ,5 ,13 ,5 ,0 ,0.55,0.5
8058,2310,2271,61 ,40 ,47 ,19 ,11 ,13 ,3 ,8 ,46 ,38 ,9 ,2 ,6 ,0 ,0.53,0.5
8059,2649,2661,131 ,135 ,115 ,119 ,8 ,9 ,8 ,7 ,130 ,130 ,0 ,5 ,1 ,0 ,0.37,0.51
8060,2282,2600,58 ,39 ,29 ,32 ,14 ,1 ,15 ,6 ,57 ,39 ,1 ,0 ,0 ,0 ,0.44,0.27
8061,2359,2385,40 ,79 ,32 ,49 ,4 ,28 ,4 ,2 ,35 ,54 ,5 ,25 ,0 ,0 ,0.42,0.65
8062,2434,2011,27 ,46 ,14 ,19 ,9 ,7 ,4 ,20 ,25 ,46 ,2 ,0 ,0 ,0 ,0.48,0.55
8063,2670,2012,59 ,32 ,39 ,28 ,19 ,2 ,1 ,2 ,53 ,32 ,5 ,0 ,1 ,0 ,0.6,0.38
8064,2664,2342,4 ,4 ,1 ,4 ,1 ,0 ,2 ,0 ,4 ,4 ,0 ,0 ,0 ,0 ,0.26,0.44
8065,2468,2127,12 ,4 ,8 ,2 ,2 ,2 ,2 ,0 ,7 ,1 ,1 ,2 ,4 ,1 ,0.57,0.25
8066,2285,2508,7 ,10 ,4 ,7 ,2 ,0 ,1 ,3 ,5 ,6 ,0 ,0 ,2 ,4 ,0.35,0.62
8067,2329,2343,72 ,68 ,56 ,20 ,9 ,43 ,7 ,5 ,41 ,49 ,26 ,14 ,5 ,5 ,0.53,0.57
8068,2188,2189,76 ,94 ,11 ,36 ,17 ,30 ,48 ,28 ,69 ,75 ,7 ,19 ,0 ,0 ,0.55,0.52
8069,2013,2372,14 ,17 ,8 ,12 ,0 ,5 ,6 ,0 ,14 ,15 ,0 ,0 ,0 ,2 ,0.34,0.39
8070,2014,2348,31 ,37 ,17 ,31 ,7 ,4 ,7 ,2 ,31 ,37 ,0 ,0 ,0 ,0 ,0.46,0.48
8071,2016,2015,33 ,108 ,21 ,59 ,8 ,23 ,4 ,26 ,32 ,90 ,1 ,16 ,0 ,2 ,0.41,0.67
8072,2198,2444,82 ,76 ,45 ,43 ,23 ,15 ,14 ,18 ,79 ,69 ,3 ,3 ,0 ,4 ,0.32,0.5
8073,2017,2164,16 ,13 ,3 ,3 ,3 ,0 ,10 ,10 ,16 ,13 ,0 ,0 ,0 ,0 ,0.66,0.41
8074,2454,2018,18 ,16 ,8 ,11 ,5 ,1 ,5 ,4 ,18 ,16 ,0 ,0 ,0 ,0 ,0.56,0.3
8075,2667,2609,66 ,23 ,56 ,11 ,4 ,5 ,6 ,7 ,59 ,22 ,1 ,1 ,6 ,0 ,0.59,0.26
8076,2019,2469,16 ,14 ,4 ,4 ,1 ,3 ,11 ,7 ,16 ,13 ,0 ,0 ,0 ,1 ,0.36,0.51
8077,2423,2541,17 ,28 ,5 ,13 ,7 ,5 ,5 ,10 ,16 ,28 ,1 ,0 ,0 ,0 ,0.43,0.48
8078,2110,2202,13 ,45 ,11 ,23 ,2 ,12 ,0 ,10 ,11 ,31 ,2 ,14 ,0 ,0 ,0.33,0.63
8079,2615,2069,59 ,71 ,36 ,39 ,10 ,21 ,13 ,11 ,45 ,63 ,2 ,8 ,12 ,0 ,0.39,0.41
8080,2386,2120,46 ,17 ,17 ,5 ,16 ,2 ,13 ,10 ,36 ,13 ,2 ,4 ,8 ,0 ,0.52,0.34
8081,2287,2486,111 ,141 ,72 ,85 ,8 ,20 ,31 ,36 ,110 ,137 ,1 ,4 ,0 ,0 ,0.5,0.41
8082,2020,2150,29 ,79 ,16 ,40 ,10 ,16 ,3 ,23 ,23 ,62 ,6 ,5 ,0 ,12 ,0.4,0.53
8083,2118,2021,59 ,30 ,41 ,22 ,12 ,7 ,6 ,1 ,25 ,24 ,33 ,6 ,1 ,0 ,0.59,0.35
8084,2146,2022,52 ,36 ,16 ,22 ,24 ,10 ,12 ,4 ,49 ,27 ,3 ,2 ,0 ,7 ,0.5,0.5
8085,2485,2318,73 ,18 ,35 ,8 ,17 ,7 ,21 ,3 ,47 ,14 ,26 ,4 ,0 ,0 ,0.51,0.32
8086,2504,2023,61 ,60 ,28 ,47 ,29 ,1 ,4 ,12 ,60 ,49 ,1 ,2 ,0 ,9 ,0.39,0.41
8087,2419,2024,58 ,51 ,37 ,28 ,11 ,9 ,10 ,14 ,29 ,28 ,3 ,4 ,26 ,19 ,0.59,0.49
8088,2589,2552,38 ,39 ,19 ,20 ,10 ,6 ,9 ,13 ,37 ,35 ,1 ,4 ,0 ,0 ,0.31,0.39
8089,2480,2306,72 ,42 ,42 ,21 ,5 ,13 ,25 ,8 ,62 ,37 ,3 ,3 ,7 ,2 ,0.6,0.44
8090,2025,2545,16 ,15 ,13 ,9 ,1 ,5 ,2 ,1 ,12 ,8 ,2 ,1 ,2 ,6 ,0.61,0.37
8091,2026,2496,9 ,11 ,6 ,7 ,2 ,1 ,1 ,3 ,4 ,6 ,0 ,0 ,5 ,5 ,0.42,0.52
8092,2027,2558,15 ,55 ,10 ,30 ,4 ,15 ,1 ,10 ,2 ,15 ,7 ,22 ,6 ,18 ,0.62,0.61
8093,2292,2569,59 ,75 ,17 ,19 ,10 ,6 ,32 ,50 ,59 ,74 ,0 ,1 ,0 ,0 ,0.45,0.47
8094,2259,2666,23 ,57 ,10 ,44 ,11 ,8 ,2 ,5 ,11 ,19 ,12 ,7 ,0 ,31 ,0.65,0.61
8095,2551,2138,44 ,26 ,21 ,16 ,7 ,6 ,16 ,4 ,32 ,22 ,4 ,3 ,8 ,1 ,0.64,0.4
8096,2242,2028,33 ,18 ,24 ,10 ,7 ,5 ,2 ,3 ,26 ,16 ,3 ,2 ,4 ,0 ,0.61,0.51
8097,2616,2029,64 ,79 ,49 ,32 ,12 ,27 ,3 ,20 ,59 ,74 ,4 ,4 ,1 ,1 ,0.53,0.43
8098,2553,2595,84 ,87 ,71 ,58 ,9 ,14 ,4 ,15 ,75 ,78 ,7 ,4 ,2 ,5 ,0.56,0.57
8099,2126,2393,64 ,65 ,36 ,39 ,23 ,19 ,5 ,7 ,29 ,19 ,26 ,17 ,9 ,29 ,0.65,0.61
8100,2408,2662,17 ,28 ,6 ,24 ,6 ,3 ,5 ,1 ,17 ,26 ,0 ,2 ,0 ,0 ,0.51,0.56
8101,2030,2412,64 ,83 ,31 ,72 ,11 ,6 ,22 ,5 ,63 ,78 ,1 ,3 ,0 ,2 ,0.42,0.58
8102,2417,2190,27 ,7 ,21 ,3 ,1 ,3 ,5 ,1 ,14 ,7 ,5 ,0 ,8 ,0 ,0.65,0.29
8103,2438,2627,20 ,17 ,12 ,15 ,5 ,2 ,3 ,0 ,16 ,16 ,0 ,0 ,4 ,1 ,0.51,0.54
8104,2415,2031,8 ,6 ,8 ,1 ,0 ,0 ,0 ,5 ,7 ,6 ,1 ,0 ,0 ,0 ,0.29,0.46
8105,2290,2437,23 ,3 ,21 ,2 ,2 ,0 ,0 ,1 ,7 ,3 ,0 ,0 ,16 ,0 ,0.92,0.33
8106,2420,2641,89 ,116 ,59 ,90 ,18 ,11 ,12 ,15 ,87 ,115 ,2 ,1 ,0 ,0 ,0.5,0.41
8107,2078,2596,10 ,45 ,9 ,39 ,1 ,4 ,0 ,2 ,9 ,13 ,0 ,1 ,1 ,31 ,0.29,0.6
8108,2106,2136,58 ,36 ,29 ,19 ,3 ,6 ,26 ,11 ,49 ,32 ,9 ,4 ,0 ,0 ,0.54,0.25
8109,2033,2032,73 ,57 ,44 ,34 ,21 ,11 ,8 ,12 ,57 ,55 ,9 ,2 ,7 ,0 ,0.48,0.48
8110,2161,2034,32 ,36 ,12 ,7 ,13 ,11 ,7 ,18 ,28 ,33 ,4 ,3 ,0 ,0 ,0.42,0.58
8111,2151,2231,43 ,43 ,33 ,31 ,6 ,3 ,4 ,9 ,38 ,37 ,3 ,6 ,2 ,0 ,0.38,0.36
8112,2035,2524,20 ,27 ,6 ,23 ,6 ,2 ,8 ,2 ,20 ,25 ,0 ,2 ,0 ,0 ,0.28,0.54
8113,2338,2581,4 ,23 ,2 ,18 ,2 ,4 ,0 ,1 ,1 ,5 ,0 ,12 ,3 ,6 ,0.5,0.58
8114,2384,2381,18 ,12 ,11 ,3 ,6 ,0 ,1 ,9 ,14 ,11 ,0 ,1 ,4 ,0 ,0.41,0.35
8115,2451,2629,47 ,38 ,29 ,27 ,12 ,7 ,6 ,4 ,45 ,36 ,2 ,2 ,0 ,0 ,0.43,0.45
8116,2036,2228,11 ,44 ,7 ,42 ,1 ,2 ,3 ,0 ,11 ,7 ,0 ,0 ,0 ,37 ,0.45,0.59
8117,2652,2303,24 ,3 ,22 ,2 ,2 ,1 ,0 ,0 ,2 ,3 ,1 ,0 ,21 ,0 ,0.77,0.33
8118,2470,2493,41 ,84 ,29 ,37 ,6 ,17 ,6 ,30 ,40 ,75 ,1 ,9 ,0 ,0 ,0.28,0.53
8119,2380,2527,8 ,3 ,5 ,2 ,1 ,1 ,2 ,0 ,5 ,2 ,3 ,0 ,0 ,1 ,0.66,0.42
8120,2525,2653,17 ,127 ,10 ,74 ,3 ,40 ,4 ,13 ,17 ,118 ,0 ,4 ,0 ,5 ,0.28,0.72
8121,2426,2210,45 ,9 ,25 ,8 ,5 ,0 ,15 ,1 ,39 ,8 ,6 ,1 ,0 ,0 ,0.39,0.34
8122,2605,2365,3 ,34 ,0 ,27 ,2 ,7 ,1 ,0 ,3 ,13 ,0 ,0 ,0 ,21 ,0.11,0.59
8123,2037,2514,13 ,54 ,11 ,52 ,1 ,0 ,1 ,2 ,12 ,22 ,0 ,11 ,1 ,21 ,0.41,0.73
8124,2656,2506,13 ,21 ,11 ,13 ,1 ,7 ,1 ,1 ,7 ,18 ,1 ,1 ,5 ,2 ,0.37,0.47
8125,2038,2544,17 ,11 ,13 ,11 ,3 ,0 ,1 ,0 ,12 ,8 ,0 ,0 ,5 ,3 ,0.38,0.55
8126,2394,2039,44 ,51 ,28 ,36 ,11 ,7 ,5 ,8 ,41 ,51 ,3 ,0 ,0 ,0 ,0.41,0.44
8127,2317,2564,4 ,8 ,3 ,5 ,1 ,1 ,0 ,2 ,4 ,6 ,0 ,0 ,0 ,2 ,0.18,0.47
8128,2112,2321,36 ,27 ,7 ,11 ,8 ,13 ,21 ,3 ,35 ,23 ,1 ,3 ,0 ,1 ,0.56,0.42
8129,2040,2560,70 ,17 ,38 ,8 ,18 ,2 ,14 ,7 ,43 ,17 ,2 ,0 ,25 ,0 ,0.57,0.34
8130,2041,2328,11 ,80 ,6 ,61 ,3 ,4 ,2 ,15 ,10 ,43 ,0 ,4 ,1 ,33 ,0.39,0.55
8131,2347,2346,158 ,63 ,136 ,49 ,8 ,7 ,14 ,7 ,142 ,59 ,7 ,3 ,9 ,1 ,0.61,0.32
8132,2042,2617,10 ,30 ,6 ,14 ,2 ,3 ,2 ,13 ,9 ,27 ,1 ,1 ,0 ,2 ,0.43,0.71
8133,2229,2043,33 ,35 ,25 ,5 ,6 ,19 ,2 ,11 ,29 ,29 ,3 ,6 ,1 ,0 ,0.51,0.52
8134,2209,2044,6 ,0 ,5 ,0 ,0 ,0 ,1 ,0 ,1 ,0 ,0 ,0 ,5 ,0 ,0.75,0.0
8135,2255,2045,6 ,9 ,1 ,1 ,4 ,1 ,1 ,7 ,6 ,9 ,0 ,0 ,0 ,0 ,0.5,0.5
8136,2110,2046,125 ,61 ,75 ,34 ,37 ,19 ,13 ,8 ,123 ,60 ,2 ,1 ,0 ,0 ,0.45,0.32
8137,2177,2574,46 ,41 ,20 ,16 ,5 ,8 ,21 ,17 ,44 ,36 ,0 ,5 ,2 ,0 ,0.54,0.53
8138,2047,2585,115 ,81 ,47 ,33 ,45 ,33 ,23 ,15 ,115 ,81 ,0 ,0 ,0 ,0 ,0.54,0.44
8139,2247,2048,35 ,12 ,33 ,8 ,1 ,0 ,1 ,4 ,12 ,8 ,4 ,2 ,19 ,2 ,0.57,0.6
8140,2217,2179,44 ,16 ,26 ,6 ,10 ,6 ,8 ,4 ,25 ,16 ,1 ,0 ,18 ,0 ,0.64,0.44
8141,2557,2273,54 ,26 ,45 ,12 ,5 ,1 ,4 ,13 ,54 ,25 ,0 ,0 ,0 ,1 ,0.47,0.35
8142,2387,2185,73 ,78 ,27 ,53 ,27 ,19 ,19 ,6 ,72 ,72 ,1 ,3 ,0 ,3 ,0.43,0.58
8143,2309,2234,43 ,49 ,23 ,29 ,8 ,1 ,12 ,19 ,40 ,38 ,2 ,1 ,1 ,10 ,0.47,0.56
8144,2049,2145,10 ,63 ,8 ,42 ,2 ,6 ,0 ,15 ,10 ,35 ,0 ,3 ,0 ,25 ,0.47,0.77
8145,2279,2645,126 ,63 ,86 ,38 ,17 ,16 ,23 ,9 ,120 ,50 ,2 ,1 ,4 ,12 ,0.52,0.48
8146,2373,2050,22 ,25 ,11 ,8 ,8 ,9 ,3 ,8 ,16 ,25 ,1 ,0 ,5 ,0 ,0.4,0.47
8147,2533,2051,28 ,3 ,28 ,1 ,0 ,2 ,0 ,0 ,1 ,3 ,1 ,0 ,26 ,0 ,0.54,0.27
8148,2052,2158,5 ,10 ,1 ,9 ,1 ,1 ,3 ,0 ,5 ,10 ,0 ,0 ,0 ,0 ,0.25,0.71
8149,2053,2467,4 ,16 ,3 ,12 ,1 ,2 ,0 ,2 ,4 ,6 ,0 ,0 ,0 ,10 ,0.23,0.39
8150,2266,2526,13 ,23 ,6 ,21 ,7 ,2 ,0 ,0 ,6 ,17 ,7 ,5 ,0 ,1 ,0.52,0.5
8151,2178,2054,66 ,40 ,37 ,25 ,15 ,8 ,14 ,7 ,47 ,29 ,19 ,8 ,0 ,3 ,0.56,0.34
8152,2663,2482,42 ,81 ,19 ,50 ,7 ,19 ,16 ,12 ,41 ,74 ,1 ,5 ,0 ,2 ,0.38,0.35
8153,2080,2055,58 ,55 ,43 ,30 ,15 ,15 ,0 ,10 ,53 ,49 ,5 ,6 ,0 ,0 ,0.43,0.41
8154,2612,2236,30 ,17 ,25 ,5 ,1 ,5 ,4 ,7 ,27 ,13 ,3 ,3 ,0 ,1 ,0.45,0.53
8155,2056,2104,49 ,66 ,31 ,39 ,6 ,20 ,12 ,7 ,49 ,64 ,0 ,1 ,0 ,1 ,0.44,0.39
8156,2440,2258,22 ,8 ,9 ,2 ,13 ,4 ,0 ,2 ,7 ,3 ,15 ,5 ,0 ,0 ,0.68,0.38
8157,2187,2319,54 ,6 ,33 ,4 ,2 ,0 ,19 ,2 ,24 ,4 ,0 ,2 ,30 ,0 ,0.62,0.66
8158,2057,2269,1 ,8 ,1 ,7 ,0 ,1 ,0 ,0 ,1 ,6 ,0 ,0 ,0 ,2 ,0.25,0.72
8159,2183,2058,90 ,68 ,59 ,40 ,18 ,16 ,13 ,12 ,82 ,65 ,1 ,3 ,7 ,0 ,0.48,0.45
8160,2364,2059,14 ,6 ,11 ,4 ,3 ,2 ,0 ,0 ,4 ,1 ,7 ,5 ,3 ,0 ,0.58,0.5
8161,2500,2172,110 ,36 ,54 ,28 ,26 ,7 ,30 ,1 ,84 ,36 ,3 ,0 ,23 ,0 ,0.48,0.36
8162,2316,2463,44 ,58 ,37 ,18 ,3 ,16 ,4 ,24 ,42 ,47 ,2 ,11 ,0 ,0 ,0.47,0.44
8163,2129,2588,4 ,11 ,0 ,9 ,0 ,1 ,4 ,1 ,4 ,8 ,0 ,0 ,0 ,3 ,0.5,0.61
8164,2593,2548,36 ,10 ,21 ,9 ,5 ,0 ,10 ,1 ,28 ,9 ,2 ,1 ,6 ,0 ,0.59,0.3
8165,2344,2203,54 ,12 ,36 ,11 ,11 ,1 ,7 ,0 ,24 ,10 ,22 ,2 ,8 ,0 ,0.77,0.44
8166,2518,2324,45 ,65 ,28 ,42 ,5 ,9 ,12 ,14 ,43 ,64 ,2 ,1 ,0 ,0 ,0.32,0.39
8167,2060,2206,68 ,99 ,48 ,79 ,13 ,14 ,7 ,6 ,67 ,66 ,0 ,8 ,1 ,25 ,0.4,0.49
8168,2262,2205,72 ,71 ,48 ,29 ,7 ,35 ,17 ,7 ,62 ,40 ,7 ,29 ,3 ,2 ,0.48,0.44
8169,2280,2646,132 ,178 ,119 ,113 ,11 ,47 ,2 ,18 ,116 ,167 ,14 ,11 ,2 ,0 ,0.41,0.52
8170,2239,2061,63 ,40 ,34 ,23 ,10 ,5 ,19 ,12 ,56 ,33 ,7 ,7 ,0 ,0 ,0.49,0.36
8171,2200,2062,14 ,4 ,5 ,2 ,6 ,0 ,3 ,2 ,11 ,4 ,3 ,0 ,0 ,0 ,0.63,0.23
8172,2063,2238,11 ,28 ,5 ,18 ,4 ,5 ,2 ,5 ,10 ,11 ,1 ,9 ,0 ,8 ,0.52,0.66
8173,2300,2197,15 ,6 ,11 ,3 ,2 ,1 ,2 ,2 ,12 ,6 ,1 ,0 ,2 ,0 ,0.78,0.17
8174,2374,2064,9 ,3 ,4 ,0 ,1 ,0 ,4 ,3 ,6 ,3 ,0 ,0 ,3 ,0 ,0.75,0.3
8175,2655,2586,7 ,5 ,5 ,3 ,0 ,0 ,2 ,2 ,5 ,5 ,0 ,0 ,2 ,0 ,0.53,0.55
8176,2065,2249,12 ,13 ,4 ,6 ,3 ,4 ,5 ,3 ,10 ,12 ,1 ,0 ,1 ,1 ,0.44,0.48
8177,2514,2393,69 ,102 ,42 ,67 ,18 ,16 ,9 ,19 ,55 ,99 ,13 ,3 ,1 ,0 ,0.39,0.5
8178,2160,2066,21 ,35 ,5 ,24 ,4 ,8 ,12 ,3 ,19 ,24 ,1 ,1 ,1 ,10 ,0.56,0.51
8179,2067,2282,36 ,40 ,9 ,22 ,9 ,10 ,18 ,8 ,35 ,35 ,1 ,5 ,0 ,0 ,0.41,0.48
8180,2594,2260,5 ,33 ,4 ,31 ,0 ,0 ,1 ,2 ,5 ,25 ,0 ,2 ,0 ,6 ,0.27,0.58
8181,2068,2226,78 ,154 ,67 ,115 ,6 ,28 ,5 ,11 ,75 ,150 ,3 ,4 ,0 ,0 ,0.34,0.43
8182,2453,2491,136 ,118 ,92 ,92 ,36 ,19 ,8 ,7 ,135 ,117 ,1 ,1 ,0 ,0 ,0.44,0.38
8183,2069,2375,0 ,1 ,0 ,1 ,0 ,0 ,0 ,0 ,0 ,1 ,0 ,0 ,0 ,0 ,0.0,1.0
8184,2602,2230,14 ,12 ,7 ,3 ,7 ,4 ,0 ,5 ,6 ,9 ,6 ,1 ,2 ,2 ,0.46,0.5
8185,2388,2157,50 ,35 ,21 ,22 ,20 ,8 ,9 ,5 ,43 ,22 ,7 ,6 ,0 ,7 ,0.46,0.53
8186,2227,2406,28 ,22 ,25 ,8 ,3 ,6 ,0 ,8 ,15 ,20 ,5 ,2 ,8 ,0 ,0.43,0.51
8187,2361,2499,17 ,3 ,16 ,1 ,0 ,1 ,1 ,1 ,11 ,2 ,6 ,1 ,0 ,0 ,0.58,0.33
8188,2070,2379,1 ,1 ,0 ,0 ,1 ,1 ,0 ,0 ,0 ,0 ,1 ,1 ,0 ,0 ,0.33,1.0
8189,2556,2215,65 ,24 ,53 ,10 ,7 ,13 ,5 ,1 ,38 ,23 ,3 ,1 ,24 ,0 ,0.59,0.32
8190,2551,2071,110 ,58 ,63 ,48 ,16 ,7 ,31 ,3 ,94 ,54 ,10 ,2 ,6 ,2 ,0.66,0.5
8191,2643,2072,79 ,41 ,54 ,31 ,18 ,7 ,7 ,3 ,51 ,22 ,15 ,14 ,13 ,5 ,0.63,0.52
8192,2073,2182,2 ,6 ,2 ,4 ,0 ,0 ,0 ,2 ,2 ,5 ,0 ,0 ,0 ,1 ,0.5,0.75
8193,2074,2353,63 ,143 ,31 ,75 ,20 ,28 ,12 ,40 ,55 ,127 ,8 ,13 ,0 ,3 ,0.35,0.64
8194,2075,2148,39 ,98 ,29 ,67 ,10 ,21 ,0 ,10 ,26 ,27 ,13 ,52 ,0 ,19 ,0.52,0.76
8195,2392,2667,48 ,110 ,39 ,76 ,4 ,16 ,5 ,18 ,45 ,105 ,3 ,5 ,0 ,0 ,0.4,0.46
8196,2568,2541,27 ,8 ,23 ,3 ,4 ,2 ,0 ,3 ,7 ,8 ,0 ,0 ,20 ,0 ,0.75,0.36
8197,2059,2670,76 ,125 ,37 ,108 ,13 ,11 ,26 ,6 ,73 ,97 ,3 ,4 ,0 ,24 ,0.51,0.57
8198,2549,2558,24 ,40 ,14 ,25 ,3 ,5 ,7 ,10 ,24 ,26 ,0 ,14 ,0 ,0 ,0.52,0.54
8199,2371,2181,173 ,122 ,96 ,92 ,58 ,14 ,19 ,16 ,172 ,118 ,1 ,4 ,0 ,0 ,0.57,0.4
8200,2550,2519,33 ,57 ,13 ,44 ,11 ,12 ,9 ,1 ,32 ,51 ,1 ,3 ,0 ,3 ,0.33,0.5
8201,2077,2076,9 ,30 ,8 ,17 ,1 ,9 ,0 ,4 ,5 ,15 ,0 ,6 ,4 ,9 ,0.3,0.55
8202,2297,2327,52 ,31 ,33 ,14 ,13 ,15 ,6 ,2 ,29 ,30 ,8 ,1 ,15 ,0 ,0.45,0.54
8203,2575,2078,101 ,36 ,64 ,15 ,24 ,17 ,13 ,4 ,90 ,30 ,8 ,6 ,3 ,0 ,0.6,0.3
8204,2377,2079,85 ,65 ,73 ,32 ,9 ,13 ,3 ,20 ,71 ,47 ,14 ,10 ,0 ,8 ,0.51,0.61
8205,2498,2080,34 ,29 ,22 ,23 ,4 ,5 ,8 ,1 ,28 ,25 ,4 ,4 ,2 ,0 ,0.45,0.29
8206,2601,2647,9 ,30 ,6 ,18 ,1 ,7 ,2 ,5 ,8 ,24 ,0 ,3 ,1 ,3 ,0.21,0.37
8207,2255,2404,25 ,6 ,11 ,3 ,9 ,1 ,5 ,2 ,22 ,6 ,3 ,0 ,0 ,0 ,0.64,0.22
8208,2516,2081,72 ,39 ,47 ,9 ,25 ,16 ,0 ,14 ,52 ,36 ,20 ,3 ,0 ,0 ,0.45,0.26
8209,2152,2421,17 ,10 ,7 ,2 ,10 ,2 ,0 ,6 ,14 ,9 ,2 ,0 ,1 ,1 ,0.62,0.5
8210,2277,2462,29 ,34 ,17 ,16 ,6 ,9 ,6 ,9 ,29 ,34 ,0 ,0 ,0 ,0 ,0.33,0.35
8211,2512,2430,25 ,30 ,17 ,18 ,3 ,2 ,5 ,10 ,18 ,29 ,0 ,1 ,7 ,0 ,0.34,0.44
8212,2433,2611,28 ,37 ,23 ,31 ,3 ,0 ,2 ,6 ,22 ,33 ,6 ,4 ,0 ,0 ,0.29,0.43
8213,2180,2166,53 ,34 ,37 ,15 ,11 ,13 ,5 ,6 ,50 ,33 ,0 ,1 ,3 ,0 ,0.38,0.4
8214,2323,2082,25 ,25 ,22 ,14 ,3 ,5 ,0 ,6 ,23 ,25 ,1 ,0 ,1 ,0 ,0.29,0.33
8215,2083,2665,41 ,44 ,33 ,29 ,8 ,12 ,0 ,3 ,22 ,41 ,2 ,3 ,17 ,0 ,0.41,0.29
8216,2213,2084,55 ,86 ,34 ,44 ,10 ,41 ,11 ,1 ,55 ,86 ,0 ,0 ,0 ,0 ,0.44,0.48
8217,2275,2211,68 ,62 ,56 ,40 ,11 ,20 ,1 ,2 ,57 ,45 ,11 ,17 ,0 ,0 ,0.57,0.38
8218,2193,2349,63 ,101 ,35 ,63 ,16 ,21 ,12 ,17 ,58 ,93 ,5 ,5 ,0 ,3 ,0.35,0.55
8219,2577,2085,99 ,64 ,67 ,43 ,32 ,12 ,0 ,9 ,98 ,61 ,1 ,3 ,0 ,0 ,0.44,0.43
8220,2267,2216,76 ,45 ,44 ,41 ,25 ,4 ,7 ,0 ,67 ,38 ,8 ,4 ,1 ,3 ,0.49,0.41
8221,2224,2337,33 ,10 ,25 ,2 ,5 ,6 ,3 ,2 ,14 ,9 ,3 ,1 ,16 ,0 ,0.54,0.32
8222,2283,2274,18 ,31 ,11 ,7 ,3 ,14 ,4 ,10 ,16 ,18 ,2 ,13 ,0 ,0 ,0.33,0.48
8223,2289,2086,93 ,66 ,60 ,46 ,25 ,16 ,8 ,4 ,58 ,54 ,33 ,12 ,2 ,0 ,0.62,0.42
8224,2507,2458,2 ,2 ,0 ,2 ,2 ,0 ,0 ,0 ,2 ,1 ,0 ,0 ,0 ,1 ,0.33,0.28
8225,2566,2366,56 ,45 ,34 ,38 ,3 ,4 ,19 ,3 ,44 ,35 ,12 ,10 ,0 ,0 ,0.58,0.41
8226,2343,2508,62 ,50 ,31 ,23 ,25 ,13 ,6 ,14 ,52 ,47 ,5 ,3 ,5 ,0 ,0.54,0.34
8227,2087,2186,69 ,102 ,47 ,30 ,7 ,42 ,15 ,30 ,68 ,102 ,0 ,0 ,1 ,0 ,0.4,0.56
8228,2196,2088,112 ,82 ,94 ,56 ,3 ,21 ,15 ,5 ,111 ,80 ,1 ,2 ,0 ,0 ,0.61,0.31
8229,2515,2390,34 ,46 ,19 ,39 ,4 ,4 ,11 ,3 ,27 ,22 ,3 ,2 ,4 ,22 ,0.55,0.62
8230,2510,2250,1 ,2 ,1 ,0 ,0 ,1 ,0 ,1 ,0 ,2 ,0 ,0 ,1 ,0 ,0.5,1.0
8231,2089,2256,22 ,65 ,16 ,53 ,3 ,8 ,3 ,4 ,19 ,24 ,3 ,2 ,0 ,39 ,0.43,0.63
8232,2243,2465,3 ,9 ,0 ,7 ,0 ,2 ,3 ,0 ,3 ,4 ,0 ,2 ,0 ,3 ,0.6,0.81
8233,2276,2435,30 ,18 ,24 ,11 ,2 ,6 ,4 ,1 ,30 ,18 ,0 ,0 ,0 ,0 ,0.54,0.28
8234,2293,2090,59 ,26 ,48 ,17 ,5 ,6 ,6 ,3 ,37 ,21 ,2 ,3 ,20 ,2 ,0.5,0.44
8235,2644,2546,56 ,31 ,30 ,25 ,10 ,4 ,16 ,2 ,47 ,25 ,4 ,4 ,5 ,2 ,0.52,0.5
8236,2311,2670,215 ,204 ,179 ,138 ,22 ,37 ,14 ,29 ,205 ,181 ,10 ,20 ,0 ,3 ,0.46,0.66
8237,2295,2091,42 ,38 ,28 ,26 ,10 ,8 ,4 ,4 ,40 ,35 ,0 ,1 ,2 ,2 ,0.55,0.56
8238,2092,2442,21 ,9 ,17 ,3 ,3 ,2 ,1 ,4 ,18 ,8 ,0 ,1 ,3 ,0 ,0.72,0.56
8239,2251,2093,92 ,44 ,57 ,23 ,26 ,15 ,9 ,6 ,75 ,44 ,12 ,0 ,5 ,0 ,0.5,0.36
8240,2095,2094,51 ,47 ,27 ,29 ,8 ,15 ,16 ,3 ,46 ,44 ,5 ,0 ,0 ,3 ,0.45,0.61
8241,2305,2214,0 ,4 ,0 ,4 ,0 ,0 ,0 ,0 ,0 ,1 ,0 ,3 ,0 ,0 ,0.0,0.36
8242,2096,2352,38 ,64 ,38 ,52 ,0 ,1 ,0 ,11 ,34 ,64 ,4 ,0 ,0 ,0 ,0.26,0.27
8243,2169,2386,3 ,5 ,3 ,0 ,0 ,3 ,0 ,2 ,2 ,4 ,1 ,1 ,0 ,0 ,0.42,0.5
8244,2598,2459,59 ,64 ,38 ,44 ,14 ,18 ,7 ,2 ,58 ,61 ,1 ,3 ,0 ,0 ,0.33,0.41
8245,2632,2097,24 ,11 ,21 ,7 ,3 ,0 ,0 ,4 ,6 ,4 ,10 ,0 ,8 ,7 ,0.63,0.5
8246,2457,2487,3 ,3 ,2 ,0 ,0 ,1 ,1 ,2 ,1 ,3 ,0 ,0 ,2 ,0 ,0.5,0.75
8247,2561,2306,63 ,67 ,54 ,41 ,7 ,12 ,2 ,14 ,63 ,64 ,0 ,2 ,0 ,1 ,0.4,0.51
8248,2098,2235,26 ,85 ,21 ,52 ,3 ,23 ,2 ,10 ,26 ,85 ,0 ,0 ,0 ,0 ,0.21,0.34
8249,2099,2248,42 ,40 ,21 ,12 ,14 ,5 ,7 ,23 ,37 ,34 ,3 ,6 ,2 ,0 ,0.45,0.55
8250,2325,2341,9 ,3 ,8 ,3 ,1 ,0 ,0 ,0 ,2 ,3 ,1 ,0 ,6 ,0 ,0.52,0.6
8251,2372,2100,109 ,32 ,85 ,26 ,24 ,3 ,0 ,3 ,96 ,30 ,10 ,2 ,3 ,0 ,0.48,0.31
8252,2434,2606,7 ,4 ,4 ,3 ,1 ,1 ,2 ,0 ,6 ,4 ,0 ,0 ,1 ,0 ,0.77,0.26
8253,2609,2101,8 ,5 ,8 ,1 ,0 ,0 ,0 ,4 ,2 ,5 ,0 ,0 ,6 ,0 ,0.42,0.62
8254,2173,2102,5 ,21 ,5 ,7 ,0 ,9 ,0 ,5 ,4 ,13 ,0 ,6 ,1 ,2 ,0.27,0.58
8255,2313,2103,14 ,21 ,5 ,17 ,2 ,3 ,7 ,1 ,13 ,16 ,1 ,2 ,0 ,3 ,0.51,0.51
8256,2662,2581,19 ,2 ,16 ,1 ,3 ,0 ,0 ,1 ,16 ,2 ,1 ,0 ,2 ,0 ,0.51,0.4
8257,2547,2357,47 ,56 ,34 ,32 ,5 ,21 ,8 ,3 ,34 ,34 ,5 ,15 ,8 ,7 ,0.61,0.53
8258,2287,2207,109 ,111 ,98 ,86 ,5 ,18 ,6 ,7 ,99 ,100 ,4 ,4 ,6 ,7 ,0.43,0.49
8259,2592,2370,49 ,96 ,33 ,52 ,13 ,26 ,3 ,18 ,49 ,79 ,0 ,5 ,0 ,12 ,0.32,0.41
8260,2436,2416,80 ,52 ,27 ,19 ,42 ,27 ,11 ,6 ,77 ,50 ,0 ,1 ,3 ,1 ,0.41,0.28
8261,2394,2560,47 ,55 ,24 ,42 ,15 ,9 ,8 ,4 ,38 ,42 ,3 ,9 ,6 ,4 ,0.37,0.56
8262,2558,2104,82 ,77 ,53 ,49 ,13 ,13 ,16 ,15 ,60 ,54 ,17 ,6 ,5 ,17 ,0.47,0.51
8263,2567,2654,99 ,48 ,34 ,29 ,41 ,14 ,24 ,5 ,87 ,48 ,3 ,0 ,9 ,0 ,0.62,0.46
8264,2443,2105,198 ,109 ,103 ,94 ,64 ,6 ,31 ,9 ,182 ,102 ,0 ,3 ,16 ,4 ,0.52,0.42
8265,2106,2610,41 ,24 ,30 ,14 ,5 ,10 ,6 ,0 ,36 ,16 ,4 ,6 ,1 ,2 ,0.47,0.4
8266,2108,2107,57 ,92 ,41 ,76 ,14 ,4 ,2 ,12 ,57 ,50 ,0 ,7 ,0 ,35 ,0.37,0.52
8267,2284,2339,28 ,35 ,10 ,18 ,8 ,17 ,10 ,0 ,28 ,35 ,0 ,0 ,0 ,0 ,0.35,0.51
8268,2109,2543,30 ,34 ,18 ,23 ,5 ,6 ,7 ,5 ,29 ,20 ,1 ,4 ,0 ,10 ,0.41,0.44
8269,2614,2110,66 ,33 ,17 ,12 ,27 ,7 ,22 ,14 ,65 ,31 ,1 ,1 ,0 ,1 ,0.5,0.44
8270,2245,2385,3 ,5 ,1 ,5 ,1 ,0 ,1 ,0 ,3 ,5 ,0 ,0 ,0 ,0 ,0.33,0.55
8271,2112,2111,13 ,20 ,3 ,13 ,7 ,5 ,3 ,2 ,5 ,13 ,8 ,1 ,0 ,6 ,0.65,0.62
8272,2317,2291,16 ,23 ,6 ,20 ,3 ,1 ,7 ,2 ,16 ,11 ,0 ,0 ,0 ,12 ,0.47,0.53
8273,2271,2647,22 ,26 ,12 ,8 ,5 ,13 ,5 ,5 ,13 ,17 ,3 ,9 ,6 ,0 ,0.52,0.57
8274,2113,2364,93 ,39 ,42 ,24 ,27 ,13 ,24 ,2 ,58 ,21 ,30 ,18 ,5 ,0 ,0.65,0.5
8275,2296,2114,81 ,64 ,63 ,44 ,10 ,8 ,8 ,12 ,58 ,62 ,23 ,2 ,0 ,0 ,0.55,0.37
8276,2115,2440,66 ,67 ,62 ,41 ,4 ,26 ,0 ,0 ,51 ,54 ,4 ,9 ,11 ,4 ,0.46,0.46
8277,2445,2356,64 ,56 ,28 ,29 ,23 ,10 ,13 ,17 ,48 ,48 ,16 ,8 ,0 ,0 ,0.42,0.54
8278,2539,2414,33 ,26 ,22 ,15 ,5 ,5 ,6 ,6 ,25 ,25 ,1 ,1 ,7 ,0 ,0.47,0.46
8279,2116,2571,2 ,0 ,2 ,0 ,0 ,0 ,0 ,0 ,2 ,0 ,0 ,0 ,0 ,0 ,0.28,0.0
8280,2117,2318,10 ,23 ,5 ,15 ,5 ,8 ,0 ,0 ,3 ,12 ,7 ,9 ,0 ,2 ,0.47,0.74
8281,2608,2525,89 ,41 ,51 ,22 ,22 ,4 ,16 ,15 ,87 ,41 ,2 ,0 ,0 ,0 ,0.55,0.35
8282,2119,2118,12 ,3 ,6 ,0 ,4 ,1 ,2 ,2 ,8 ,3 ,0 ,0 ,4 ,0 ,0.63,0.42
8283,2483,2469,69 ,90 ,51 ,60 ,12 ,27 ,6 ,3 ,68 ,81 ,1 ,9 ,0 ,0 ,0.42,0.39
8284,2304,2120,42 ,20 ,38 ,5 ,4 ,4 ,0 ,11 ,19 ,17 ,3 ,3 ,20 ,0 ,0.62,0.47
8285,2121,2380,33 ,27 ,25 ,15 ,6 ,4 ,2 ,8 ,14 ,17 ,6 ,10 ,13 ,0 ,0.56,0.57
8286,2122,2555,118 ,122 ,88 ,86 ,15 ,23 ,15 ,13 ,118 ,114 ,0 ,0 ,0 ,8 ,0.47,0.43
8287,2657,2545,114 ,92 ,88 ,67 ,7 ,20 ,19 ,5 ,104 ,85 ,10 ,7 ,0 ,0 ,0.42,0.41
8288,2669,2200,7 ,3 ,6 ,1 ,0 ,0 ,1 ,2 ,4 ,2 ,0 ,0 ,3 ,1 ,0.63,0.33
8289,2430,2607,31 ,26 ,26 ,18 ,3 ,7 ,2 ,1 ,19 ,16 ,12 ,10 ,0 ,0 ,0.47,0.36
8290,2501,2123,59 ,61 ,38 ,28 ,15 ,13 ,6 ,20 ,58 ,56 ,1 ,5 ,0 ,0 ,0.51,0.37
8291,2395,2124,5 ,5 ,4 ,3 ,1 ,1 ,0 ,1 ,3 ,5 ,1 ,0 ,1 ,0 ,0.55,0.5
8292,2617,2348,26 ,18 ,16 ,15 ,5 ,1 ,5 ,2 ,24 ,18 ,0 ,0 ,2 ,0 ,0.59,0.36
8293,2455,2125,37 ,0 ,35 ,0 ,2 ,0 ,0 ,0 ,1 ,0 ,0 ,0 ,36 ,0 ,0.8,0.0
8294,2360,2270,44 ,19 ,26 ,15 ,9 ,0 ,9 ,4 ,18 ,19 ,4 ,0 ,22 ,0 ,0.7,0.45
8295,2450,2485,7 ,24 ,2 ,9 ,4 ,3 ,1 ,12 ,4 ,20 ,3 ,3 ,0 ,1 ,0.58,0.55
8296,2237,2363,83 ,95 ,70 ,49 ,12 ,27 ,1 ,19 ,78 ,87 ,5 ,8 ,0 ,0 ,0.45,0.4
8297,2466,2126,64 ,83 ,52 ,49 ,6 ,8 ,6 ,26 ,62 ,69 ,2 ,13 ,0 ,1 ,0.35,0.47
8298,2127,2252,72 ,64 ,56 ,42 ,12 ,19 ,4 ,3 ,57 ,52 ,11 ,12 ,4 ,0 ,0.47,0.58
8299,2641,2384,20 ,35 ,10 ,20 ,10 ,4 ,0 ,11 ,12 ,29 ,6 ,1 ,2 ,5 ,0.37,0.47
8300,2486,2397,36 ,91 ,25 ,67 ,4 ,6 ,7 ,18 ,34 ,48 ,2 ,13 ,0 ,30 ,0.33,0.59
8301,2383,2246,28 ,29 ,9 ,15 ,17 ,13 ,2 ,1 ,22 ,18 ,6 ,9 ,0 ,2 ,0.5,0.46
8302,2587,2524,26 ,31 ,11 ,11 ,9 ,15 ,6 ,5 ,22 ,26 ,4 ,4 ,0 ,1 ,0.37,0.35
8303,2286,2128,71 ,53 ,26 ,35 ,32 ,6 ,13 ,12 ,57 ,43 ,14 ,10 ,0 ,0 ,0.59,0.51
8304,2506,2615,20 ,17 ,7 ,14 ,7 ,3 ,6 ,0 ,20 ,13 ,0 ,0 ,0 ,4 ,0.24,0.44
8305,2129,2553,90 ,107 ,58 ,91 ,21 ,12 ,11 ,4 ,87 ,94 ,3 ,11 ,0 ,2 ,0.31,0.5
8306,2629,2365,3 ,23 ,2 ,18 ,0 ,5 ,1 ,0 ,3 ,11 ,0 ,0 ,0 ,12 ,0.18,0.45
8307,2650,2130,36 ,22 ,23 ,17 ,7 ,5 ,6 ,0 ,22 ,18 ,2 ,4 ,12 ,0 ,0.58,0.39
8308,2642,2131,27 ,21 ,18 ,17 ,2 ,3 ,7 ,1 ,26 ,21 ,0 ,0 ,1 ,0 ,0.38,0.24
8309,2132,2490,20 ,29 ,10 ,19 ,4 ,8 ,6 ,2 ,11 ,27 ,3 ,2 ,6 ,0 ,0.35,0.52
8310,2396,2645,25 ,32 ,16 ,17 ,4 ,8 ,5 ,7 ,23 ,32 ,2 ,0 ,0 ,0 ,0.51,0.53
8311,2493,2559,8 ,13 ,4 ,7 ,4 ,5 ,0 ,1 ,6 ,7 ,1 ,3 ,1 ,3 ,0.5,0.44
8312,2133,2672,13 ,37 ,10 ,28 ,2 ,3 ,1 ,6 ,10 ,12 ,0 ,0 ,3 ,25 ,0.44,0.78
8313,2427,2134,11 ,11 ,5 ,2 ,5 ,5 ,1 ,4 ,7 ,9 ,2 ,2 ,2 ,0 ,0.47,0.4
8314,2135,2495,32 ,31 ,9 ,19 ,11 ,8 ,12 ,4 ,31 ,24 ,1 ,7 ,0 ,0 ,0.27,0.44
8315,2136,2423,2 ,7 ,1 ,1 ,0 ,3 ,1 ,3 ,2 ,7 ,0 ,0 ,0 ,0 ,0.22,0.63
8316,2432,2454,68 ,58 ,53 ,44 ,7 ,10 ,8 ,4 ,38 ,47 ,30 ,11 ,0 ,0 ,0.31,0.52
8317,2335,2137,13 ,0 ,10 ,0 ,0 ,0 ,3 ,0 ,9 ,0 ,2 ,0 ,2 ,0 ,0.72,0.0
8318,2387,2254,2 ,5 ,0 ,5 ,2 ,0 ,0 ,0 ,2 ,1 ,0 ,0 ,0 ,4 ,0.5,0.62
8319,2139,2138,101 ,75 ,65 ,43 ,21 ,30 ,15 ,2 ,98 ,71 ,3 ,4 ,0 ,0 ,0.51,0.33
8320,2461,2419,44 ,59 ,18 ,32 ,6 ,21 ,20 ,6 ,37 ,53 ,4 ,6 ,3 ,0 ,0.54,0.49
8321,2140,2585,66 ,112 ,42 ,64 ,12 ,23 ,12 ,25 ,60 ,103 ,6 ,8 ,0 ,1 ,0.44,0.56
8322,2142,2141,27 ,2 ,25 ,1 ,2 ,1 ,0 ,0 ,2 ,2 ,0 ,0 ,25 ,0 ,0.71,0.66
8323,2426,2412,73 ,16 ,33 ,7 ,17 ,5 ,23 ,4 ,67 ,10 ,6 ,6 ,0 ,0 ,0.56,0.36
8324,2143,2667,61 ,45 ,35 ,27 ,12 ,4 ,14 ,14 ,60 ,45 ,1 ,0 ,0 ,0 ,0.45,0.38
8325,2144,2620,55 ,124 ,30 ,77 ,20 ,21 ,5 ,26 ,54 ,100 ,0 ,7 ,1 ,17 ,0.31,0.54
8326,2563,2145,50 ,20 ,36 ,8 ,1 ,6 ,13 ,6 ,15 ,15 ,2 ,4 ,33 ,1 ,0.74,0.42
8327,2146,2444,13 ,21 ,5 ,19 ,4 ,2 ,4 ,0 ,12 ,4 ,1 ,3 ,0 ,14 ,0.34,0.45
8328,2148,2147,5 ,23 ,4 ,19 ,1 ,3 ,0 ,1 ,4 ,15 ,1 ,8 ,0 ,0 ,0.26,0.54
8329,2451,2633,42 ,68 ,17 ,47 ,8 ,16 ,17 ,5 ,41 ,43 ,1 ,9 ,0 ,16 ,0.41,0.49
8330,2489,2149,25 ,18 ,21 ,9 ,0 ,3 ,4 ,6 ,25 ,18 ,0 ,0 ,0 ,0 ,0.52,0.47
8331,2464,2150,8 ,24 ,6 ,11 ,0 ,3 ,2 ,10 ,8 ,24 ,0 ,0 ,0 ,0 ,0.34,0.6
8332,2504,2391,4 ,13 ,1 ,13 ,3 ,0 ,0 ,0 ,2 ,9 ,2 ,0 ,0 ,4 ,0.44,0.46
8333,2462,2541,17 ,5 ,14 ,2 ,0 ,1 ,3 ,2 ,4 ,5 ,0 ,0 ,13 ,0 ,0.39,0.35
8334,2651,2535,49 ,34 ,19 ,14 ,17 ,16 ,13 ,4 ,37 ,27 ,12 ,7 ,0 ,0 ,0.42,0.35
8335,2481,2151,45 ,33 ,40 ,27 ,5 ,6 ,0 ,0 ,36 ,23 ,5 ,10 ,4 ,0 ,0.42,0.24
8336,2453,2482,38 ,57 ,26 ,52 ,8 ,2 ,4 ,3 ,34 ,23 ,0 ,2 ,4 ,32 ,0.38,0.41
8337,2316,2152,22 ,6 ,18 ,0 ,0 ,2 ,4 ,4 ,10 ,5 ,0 ,1 ,12 ,0 ,0.61,0.42
8338,2344,2342,17 ,5 ,9 ,4 ,8 ,1 ,0 ,0 ,9 ,5 ,3 ,0 ,5 ,0 ,0.44,0.29
8339,2153,2441,81 ,66 ,53 ,39 ,14 ,14 ,14 ,13 ,79 ,59 ,2 ,7 ,0 ,0 ,0.5,0.39
8340,2154,2358,10 ,39 ,7 ,29 ,3 ,8 ,0 ,2 ,7 ,23 ,3 ,6 ,0 ,10 ,0.27,0.57
8341,2448,2528,45 ,37 ,31 ,29 ,6 ,7 ,8 ,1 ,43 ,35 ,2 ,2 ,0 ,0 ,0.27,0.31
8342,2532,2382,12 ,42 ,7 ,34 ,1 ,1 ,4 ,7 ,12 ,29 ,0 ,0 ,0 ,13 ,0.21,0.44
8343,2388,2605,2 ,3 ,0 ,1 ,1 ,0 ,1 ,2 ,2 ,3 ,0 ,0 ,0 ,0 ,0.28,0.3
8344,2425,2381,85 ,65 ,35 ,43 ,25 ,12 ,25 ,10 ,76 ,59 ,9 ,2 ,0 ,4 ,0.36,0.34
8345,2554,2468,20 ,23 ,1 ,12 ,10 ,4 ,9 ,7 ,9 ,14 ,11 ,4 ,0 ,5 ,0.51,0.69
8346,2156,2155,21 ,25 ,14 ,12 ,7 ,9 ,0 ,4 ,16 ,19 ,2 ,3 ,3 ,3 ,0.33,0.37
8347,2408,2157,9 ,16 ,5 ,10 ,3 ,6 ,1 ,0 ,9 ,10 ,0 ,6 ,0 ,0 ,0.36,0.66
8348,2411,2158,15 ,12 ,13 ,9 ,1 ,3 ,1 ,0 ,9 ,10 ,3 ,2 ,3 ,0 ,0.37,0.5
8349,2615,2159,30 ,23 ,22 ,8 ,4 ,11 ,4 ,4 ,20 ,23 ,0 ,0 ,10 ,0 ,0.4,0.23
8350,2550,2160,57 ,64 ,30 ,25 ,16 ,25 ,11 ,14 ,56 ,55 ,1 ,4 ,0 ,5 ,0.48,0.43
8351,2616,2655,91 ,65 ,74 ,55 ,7 ,8 ,10 ,2 ,70 ,65 ,10 ,0 ,11 ,0 ,0.56,0.34
8352,2439,2417,49 ,62 ,40 ,33 ,7 ,10 ,2 ,19 ,49 ,62 ,0 ,0 ,0 ,0 ,0.31,0.4
8353,2346,2321,74 ,43 ,63 ,26 ,1 ,10 ,10 ,7 ,31 ,42 ,1 ,1 ,42 ,0 ,0.54,0.47
8354,2161,2496,30 ,44 ,14 ,29 ,12 ,7 ,4 ,8 ,25 ,23 ,5 ,9 ,0 ,12 ,0.49,0.41
8355,2637,2162,29 ,3 ,23 ,2 ,2 ,1 ,4 ,0 ,11 ,2 ,12 ,1 ,6 ,0 ,0.59,0.33
8356,2603,2163,41 ,48 ,34 ,31 ,6 ,5 ,1 ,12 ,12 ,46 ,1 ,1 ,28 ,1 ,0.46,0.58
8357,2628,2164,62 ,43 ,48 ,26 ,8 ,7 ,6 ,10 ,15 ,27 ,4 ,16 ,43 ,0 ,0.55,0.48
8358,2340,2165,43 ,46 ,32 ,32 ,7 ,8 ,4 ,6 ,40 ,37 ,3 ,9 ,0 ,0 ,0.48,0.39
8359,2634,2166,12 ,7 ,8 ,0 ,1 ,0 ,3 ,7 ,8 ,7 ,0 ,0 ,4 ,0 ,0.33,0.53
8360,2500,2421,81 ,43 ,44 ,21 ,35 ,12 ,2 ,10 ,70 ,39 ,10 ,4 ,1 ,0 ,0.51,0.48
8361,2168,2167,26 ,15 ,13 ,7 ,9 ,1 ,4 ,7 ,23 ,14 ,3 ,0 ,0 ,1 ,0.42,0.35
8362,2169,2304,18 ,31 ,11 ,28 ,4 ,1 ,3 ,2 ,15 ,29 ,2 ,2 ,1 ,0 ,0.4,0.54
8363,2171,2170,65 ,43 ,29 ,36 ,16 ,6 ,20 ,1 ,58 ,38 ,4 ,0 ,3 ,5 ,0.59,0.38
8364,2173,2172,12 ,10 ,3 ,9 ,1 ,0 ,8 ,1 ,9 ,10 ,0 ,0 ,3 ,0 ,0.75,0.71
8365,2569,2564,11 ,5 ,6 ,0 ,2 ,1 ,3 ,4 ,9 ,5 ,0 ,0 ,2 ,0 ,0.64,0.45
8366,2175,2174,39 ,22 ,31 ,12 ,2 ,3 ,6 ,7 ,32 ,16 ,4 ,2 ,3 ,4 ,0.52,0.36
8367,2379,2176,21 ,5 ,18 ,4 ,0 ,0 ,3 ,1 ,9 ,4 ,8 ,0 ,4 ,1 ,0.6,0.31
8368,2177,2362,31 ,41 ,18 ,19 ,0 ,5 ,13 ,17 ,30 ,39 ,0 ,0 ,1 ,2 ,0.36,0.37
8369,2406,2178,54 ,65 ,25 ,29 ,25 ,31 ,4 ,5 ,24 ,29 ,25 ,36 ,5 ,0 ,0.45,0.52
8370,2378,2357,39 ,9 ,38 ,2 ,1 ,6 ,0 ,1 ,1 ,4 ,1 ,4 ,37 ,1 ,0.72,0.75
8371,2180,2179,25 ,15 ,20 ,6 ,3 ,2 ,2 ,7 ,12 ,15 ,1 ,0 ,12 ,0 ,0.5,0.39
8372,2181,2350,37 ,46 ,23 ,21 ,6 ,22 ,8 ,3 ,25 ,38 ,5 ,4 ,7 ,4 ,0.63,0.55
8373,2183,2182,27 ,31 ,16 ,15 ,2 ,5 ,9 ,11 ,18 ,30 ,0 ,1 ,9 ,0 ,0.43,0.56
8374,2662,2184,6 ,0 ,4 ,0 ,2 ,0 ,0 ,0 ,1 ,0 ,4 ,0 ,1 ,0 ,0.5,0.0
8375,2185,2519,11 ,6 ,6 ,6 ,5 ,0 ,0 ,0 ,3 ,3 ,0 ,0 ,8 ,3 ,0.91,0.6
8376,2470,2619,0 ,0 ,0 ,0 ,0 ,0 ,0 ,0 ,0 ,0 ,0 ,0 ,0 ,0 ,0.0,0.0
8377,2570,2186,71 ,66 ,44 ,44 ,16 ,12 ,11 ,10 ,61 ,62 ,10 ,4 ,0 ,0 ,0.51,0.41
8378,2297,2187,114 ,80 ,86 ,46 ,13 ,18 ,15 ,16 ,79 ,80 ,22 ,0 ,13 ,0 ,0.43,0.43
8379,2189,2188,4 ,28 ,0 ,21 ,3 ,3 ,1 ,4 ,4 ,5 ,0 ,0 ,0 ,23 ,0.44,0.62
8380,2447,2190,24 ,21 ,13 ,14 ,10 ,3 ,1 ,4 ,6 ,8 ,6 ,2 ,12 ,11 ,0.61,0.61
8381,2595,2191,137 ,72 ,85 ,24 ,42 ,36 ,10 ,12 ,123 ,71 ,14 ,1 ,0 ,0 ,0.54,0.37
8382,2192,2531,115 ,45 ,81 ,41 ,30 ,2 ,4 ,2 ,100 ,45 ,11 ,0 ,4 ,0 ,0.5,0.32
8383,2449,2193,36 ,6 ,35 ,3 ,0 ,0 ,1 ,3 ,2 ,6 ,0 ,0 ,34 ,0 ,0.57,0.26
8384,2457,2533,31 ,16 ,25 ,7 ,5 ,9 ,1 ,0 ,13 ,13 ,9 ,3 ,9 ,0 ,0.57,0.45
8385,2602,2648,5 ,7 ,1 ,2 ,0 ,3 ,4 ,2 ,4 ,5 ,1 ,2 ,0 ,0 ,0.38,0.33
8386,2194,2491,9 ,30 ,3 ,30 ,1 ,0 ,5 ,0 ,9 ,19 ,0 ,1 ,0 ,10 ,0.42,0.55
8387,2195,2336,1 ,1 ,1 ,0 ,0 ,0 ,0 ,1 ,1 ,1 ,0 ,0 ,0 ,0 ,0.25,1.0
8388,2196,2478,1 ,29 ,0 ,28 ,0 ,0 ,1 ,1 ,1 ,2 ,0 ,0 ,0 ,27 ,0.2,0.87
8389,2549,2660,30 ,89 ,16 ,74 ,6 ,12 ,8 ,3 ,30 ,55 ,0 ,0 ,0 ,34 ,0.3,0.6
8390,2319,2612,23 ,30 ,4 ,14 ,9 ,7 ,10 ,9 ,22 ,28 ,0 ,2 ,1 ,0 ,0.53,0.42
8391,2442,2556,11 ,18 ,4 ,16 ,3 ,2 ,4 ,0 ,10 ,18 ,1 ,0 ,0 ,0 ,0.33,0.42
8392,2578,2197,99 ,42 ,74 ,23 ,12 ,18 ,13 ,1 ,57 ,23 ,13 ,19 ,29 ,0 ,0.56,0.45
8393,2526,2511,24 ,102 ,18 ,73 ,4 ,17 ,2 ,12 ,22 ,94 ,2 ,4 ,0 ,4 ,0.31,0.73
8394,2198,2471,60 ,24 ,22 ,14 ,14 ,3 ,24 ,7 ,46 ,24 ,5 ,0 ,9 ,0 ,0.48,0.23
8395,2199,2649,93 ,99 ,56 ,74 ,12 ,11 ,25 ,14 ,92 ,95 ,0 ,1 ,1 ,3 ,0.54,0.45
8396,2059,2200,46 ,31 ,30 ,18 ,14 ,11 ,2 ,2 ,44 ,23 ,2 ,8 ,0 ,0 ,0.62,0.28
8397,2202,2201,3 ,5 ,1 ,5 ,0 ,0 ,2 ,0 ,3 ,2 ,0 ,0 ,0 ,3 ,1.0,0.62
8398,2203,2437,51 ,83 ,36 ,46 ,7 ,18 ,8 ,19 ,51 ,77 ,0 ,6 ,0 ,0 ,0.31,0.51
8399,2509,2204,63 ,43 ,41 ,23 ,14 ,10 ,8 ,10 ,46 ,39 ,7 ,4 ,10 ,0 ,0.46,0.31
8400,2591,2614,25 ,9 ,20 ,3 ,5 ,1 ,0 ,5 ,17 ,9 ,0 ,0 ,8 ,0 ,0.58,0.34
8401,2205,2588,16 ,2 ,16 ,2 ,0 ,0 ,0 ,0 ,8 ,2 ,0 ,0 ,8 ,0 ,0.59,0.14
8402,2418,2206,56 ,81 ,30 ,47 ,14 ,20 ,12 ,14 ,55 ,79 ,1 ,2 ,0 ,0 ,0.36,0.53
8403,2558,2593,52 ,49 ,23 ,35 ,9 ,10 ,20 ,4 ,49 ,44 ,3 ,1 ,0 ,4 ,0.37,0.51
8404,2440,2207,9 ,22 ,4 ,19 ,5 ,3 ,0 ,0 ,6 ,1 ,2 ,2 ,1 ,19 ,0.69,0.59
8405,2209,2208,26 ,62 ,19 ,54 ,3 ,8 ,4 ,0 ,18 ,20 ,3 ,14 ,5 ,28 ,0.41,0.6
8406,2211,2210,19 ,30 ,14 ,20 ,1 ,7 ,4 ,3 ,17 ,30 ,1 ,0 ,1 ,0 ,0.21,0.45
8407,2213,2212,99 ,18 ,88 ,7 ,8 ,4 ,3 ,7 ,16 ,14 ,13 ,3 ,70 ,1 ,0.71,0.51
8408,2480,2465,99 ,134 ,63 ,92 ,7 ,35 ,29 ,7 ,88 ,100 ,7 ,14 ,4 ,20 ,0.56,0.57
8409,2214,2635,5 ,3 ,0 ,1 ,2 ,0 ,3 ,2 ,5 ,3 ,0 ,0 ,0 ,0 ,1.0,0.6
8410,2215,2657,82 ,72 ,69 ,55 ,9 ,11 ,4 ,6 ,72 ,45 ,0 ,4 ,10 ,23 ,0.58,0.45
8411,2217,2216,91 ,78 ,57 ,57 ,26 ,18 ,8 ,3 ,79 ,73 ,3 ,2 ,9 ,3 ,0.67,0.59
8412,2218,2643,10 ,14 ,7 ,6 ,2 ,7 ,1 ,1 ,9 ,14 ,1 ,0 ,0 ,0 ,0.76,0.38
8413,2219,2568,9 ,3 ,0 ,1 ,3 ,2 ,6 ,0 ,8 ,2 ,1 ,0 ,0 ,1 ,0.64,0.37
8414,2668,2367,24 ,9 ,19 ,8 ,5 ,1 ,0 ,0 ,1 ,1 ,6 ,4 ,17 ,4 ,0.88,0.9
8415,2320,2371,32 ,20 ,24 ,6 ,6 ,11 ,2 ,3 ,23 ,17 ,2 ,2 ,7 ,1 ,0.59,0.37
8416,2544,2220,106 ,118 ,72 ,84 ,20 ,21 ,14 ,13 ,83 ,89 ,20 ,8 ,3 ,21 ,0.48,0.51
8417,2222,2221,27 ,30 ,14 ,8 ,5 ,9 ,8 ,13 ,27 ,30 ,0 ,0 ,0 ,0 ,0.69,0.75
8418,2596,2223,60 ,25 ,34 ,10 ,19 ,3 ,7 ,12 ,31 ,25 ,14 ,0 ,15 ,0 ,0.6,0.32
8419,2377,2224,4 ,36 ,2 ,27 ,1 ,0 ,1 ,9 ,4 ,12 ,0 ,0 ,0 ,24 ,0.57,0.85
8420,2226,2225,138 ,85 ,103 ,54 ,23 ,4 ,12 ,27 ,137 ,82 ,1 ,3 ,0 ,0 ,0.49,0.3
8421,2227,2618,25 ,62 ,10 ,24 ,5 ,18 ,10 ,20 ,25 ,57 ,0 ,5 ,0 ,0 ,0.3,0.61
8422,2431,2605,10 ,5 ,9 ,0 ,0 ,4 ,1 ,1 ,3 ,3 ,6 ,2 ,1 ,0 ,0.55,0.31
8423,2229,2228,23 ,15 ,17 ,10 ,6 ,2 ,0 ,3 ,15 ,13 ,8 ,2 ,0 ,0 ,0.71,0.57
8424,2339,2631,17 ,14 ,11 ,0 ,2 ,6 ,4 ,8 ,8 ,14 ,0 ,0 ,9 ,0 ,0.73,0.82
8425,2230,2601,52 ,57 ,19 ,47 ,7 ,5 ,26 ,5 ,51 ,57 ,1 ,0 ,0 ,0 ,0.45,0.44
8426,2548,2231,31 ,6 ,28 ,4 ,1 ,2 ,2 ,0 ,4 ,6 ,1 ,0 ,26 ,0 ,0.81,0.25
8427,2232,2374,0 ,1 ,0 ,0 ,0 ,0 ,0 ,1 ,0 ,1 ,0 ,0 ,0 ,0 ,0.0,1.0
8428,2233,2623,32 ,18 ,23 ,8 ,5 ,9 ,4 ,1 ,21 ,15 ,0 ,1 ,11 ,2 ,0.6,0.54
8429,2667,2391,12 ,16 ,9 ,13 ,2 ,2 ,1 ,1 ,4 ,15 ,2 ,1 ,6 ,0 ,0.7,0.44
8430,2235,2234,33 ,2 ,28 ,1 ,5 ,0 ,0 ,1 ,26 ,2 ,5 ,0 ,2 ,0 ,0.53,0.12
8431,2388,2606,32 ,56 ,21 ,28 ,5 ,27 ,6 ,1 ,15 ,9 ,16 ,47 ,1 ,0 ,0.76,0.76
8432,2237,2236,28 ,27 ,21 ,15 ,3 ,8 ,4 ,4 ,28 ,14 ,0 ,13 ,0 ,0 ,0.51,0.57
8433,2239,2238,58 ,53 ,15 ,19 ,9 ,15 ,34 ,19 ,58 ,48 ,0 ,2 ,0 ,3 ,0.46,0.38
8434,2565,2240,9 ,3 ,9 ,0 ,0 ,1 ,0 ,2 ,7 ,3 ,1 ,0 ,1 ,0 ,0.52,0.42
8435,2604,2241,39 ,80 ,15 ,45 ,8 ,20 ,16 ,15 ,36 ,73 ,3 ,7 ,0 ,0 ,0.4,0.48
8436,2498,2611,67 ,82 ,57 ,53 ,9 ,19 ,1 ,10 ,58 ,80 ,3 ,2 ,6 ,0 ,0.37,0.43
8437,2243,2242,47 ,50 ,28 ,37 ,7 ,13 ,12 ,0 ,44 ,38 ,3 ,3 ,0 ,9 ,0.37,0.49
8438,2485,2653,23 ,27 ,11 ,13 ,3 ,3 ,9 ,11 ,20 ,22 ,1 ,5 ,2 ,0 ,0.5,0.47
8439,2552,2244,64 ,42 ,33 ,27 ,10 ,12 ,21 ,3 ,43 ,42 ,6 ,0 ,15 ,0 ,0.58,0.5
8440,2245,2395,2 ,8 ,0 ,5 ,0 ,3 ,2 ,0 ,2 ,5 ,0 ,0 ,0 ,3 ,0.4,0.61
8441,2247,2246,4 ,5 ,1 ,4 ,2 ,0 ,1 ,1 ,4 ,2 ,0 ,0 ,0 ,3 ,0.36,0.45
8442,2248,2557,35 ,33 ,11 ,11 ,1 ,9 ,23 ,13 ,33 ,33 ,2 ,0 ,0 ,0 ,0.54,0.37
8443,2250,2249,65 ,39 ,40 ,27 ,16 ,6 ,9 ,6 ,64 ,37 ,1 ,1 ,0 ,1 ,0.34,0.41
8444,2650,2607,53 ,53 ,20 ,28 ,25 ,10 ,8 ,15 ,42 ,36 ,11 ,17 ,0 ,0 ,0.6,0.49
8445,2252,2251,56 ,115 ,34 ,89 ,15 ,23 ,7 ,3 ,44 ,71 ,12 ,15 ,0 ,29 ,0.46,0.51
8446,2652,2253,12 ,7 ,10 ,2 ,2 ,2 ,0 ,3 ,4 ,6 ,2 ,1 ,6 ,0 ,0.41,0.36
8447,2254,2629,8 ,0 ,8 ,0 ,0 ,0 ,0 ,0 ,4 ,0 ,0 ,0 ,4 ,0 ,0.72,0.0
8448,2255,2540,77 ,85 ,35 ,70 ,35 ,10 ,7 ,5 ,53 ,67 ,24 ,18 ,0 ,0 ,0.52,0.52
8449,2257,2256,52 ,46 ,38 ,35 ,6 ,7 ,8 ,4 ,51 ,45 ,1 ,1 ,0 ,0 ,0.44,0.44
8450,2654,2435,52 ,90 ,35 ,59 ,9 ,28 ,8 ,3 ,51 ,84 ,1 ,6 ,0 ,0 ,0.49,0.52
8451,2258,2608,77 ,24 ,56 ,7 ,13 ,6 ,8 ,11 ,64 ,23 ,7 ,1 ,6 ,0 ,0.63,0.37
8452,2644,2344,3 ,3 ,0 ,3 ,1 ,0 ,2 ,0 ,2 ,0 ,1 ,2 ,0 ,1 ,0.6,0.6
8453,2259,2645,12 ,21 ,4 ,8 ,0 ,2 ,8 ,11 ,11 ,19 ,1 ,1 ,0 ,1 ,0.7,0.65
8454,2666,2260,8 ,24 ,5 ,24 ,0 ,0 ,3 ,0 ,8 ,21 ,0 ,0 ,0 ,3 ,0.36,0.46
8455,2262,2261,41 ,32 ,21 ,9 ,14 ,13 ,6 ,10 ,27 ,25 ,8 ,7 ,6 ,0 ,0.6,0.32
8456,2646,2263,18 ,30 ,10 ,14 ,6 ,6 ,2 ,10 ,14 ,20 ,4 ,3 ,0 ,7 ,0.29,0.52
8457,2264,2314,31 ,49 ,3 ,19 ,6 ,6 ,22 ,24 ,31 ,45 ,0 ,4 ,0 ,0 ,0.38,0.62
8458,2265,2474,51 ,44 ,37 ,9 ,10 ,18 ,4 ,17 ,43 ,40 ,7 ,4 ,1 ,0 ,0.43,0.42
8459,2267,2266,3 ,1 ,2 ,1 ,1 ,0 ,0 ,0 ,3 ,1 ,0 ,0 ,0 ,0 ,0.5,0.25
8460,2269,2268,39 ,47 ,26 ,45 ,8 ,1 ,5 ,1 ,38 ,44 ,1 ,1 ,0 ,2 ,0.32,0.58
8461,2542,2270,6 ,0 ,6 ,0 ,0 ,0 ,0 ,0 ,3 ,0 ,0 ,0 ,3 ,0 ,0.6,0.0
8462,2315,2271,40 ,36 ,14 ,24 ,15 ,8 ,11 ,4 ,32 ,32 ,3 ,4 ,5 ,0 ,0.4,0.4
8463,2273,2272,26 ,20 ,13 ,11 ,8 ,9 ,5 ,0 ,11 ,8 ,13 ,10 ,2 ,2 ,0.41,0.58
8464,2274,2492,7 ,14 ,6 ,11 ,1 ,1 ,0 ,2 ,1 ,4 ,2 ,1 ,4 ,9 ,0.53,0.6
8465,2275,2368,6 ,49 ,3 ,36 ,2 ,4 ,1 ,9 ,6 ,25 ,0 ,0 ,0 ,24 ,0.22,0.63
8466,2667,2638,10 ,6 ,8 ,4 ,1 ,1 ,1 ,1 ,9 ,6 ,0 ,0 ,1 ,0 ,0.47,0.4
8467,2276,2458,19 ,15 ,9 ,9 ,5 ,3 ,5 ,3 ,17 ,13 ,2 ,1 ,0 ,1 ,0.5,0.45
8468,2278,2277,13 ,2 ,12 ,1 ,0 ,1 ,1 ,0 ,13 ,2 ,0 ,0 ,0 ,0 ,0.37,0.28
8469,2280,2279,56 ,72 ,45 ,35 ,8 ,10 ,3 ,27 ,52 ,66 ,4 ,6 ,0 ,0 ,0.4,0.51
8470,2281,2345,42 ,10 ,33 ,3 ,3 ,6 ,6 ,1 ,18 ,9 ,2 ,1 ,22 ,0 ,0.7,0.3
8471,2283,2282,18 ,27 ,7 ,11 ,6 ,8 ,5 ,8 ,13 ,19 ,5 ,7 ,0 ,1 ,0.37,0.6
8472,2512,2475,2 ,3 ,2 ,2 ,0 ,0 ,0 ,1 ,1 ,3 ,0 ,0 ,1 ,0 ,0.5,0.5
8473,2488,2284,22 ,30 ,18 ,29 ,3 ,0 ,1 ,1 ,6 ,19 ,6 ,11 ,10 ,0 ,0.68,0.56
8474,2286,2285,10 ,39 ,4 ,29 ,4 ,8 ,2 ,2 ,10 ,33 ,0 ,5 ,0 ,1 ,0.5,0.59
8475,2287,2434,88 ,77 ,78 ,60 ,1 ,9 ,9 ,8 ,86 ,73 ,2 ,3 ,0 ,1 ,0.47,0.51
8476,2289,2288,4 ,31 ,1 ,21 ,0 ,2 ,3 ,8 ,4 ,18 ,0 ,4 ,0 ,9 ,0.25,0.63
8477,2517,2587,55 ,21 ,41 ,8 ,4 ,4 ,10 ,9 ,30 ,16 ,0 ,1 ,25 ,4 ,0.64,0.46
8478,2510,2545,31 ,38 ,26 ,36 ,5 ,2 ,0 ,0 ,24 ,10 ,6 ,6 ,1 ,22 ,0.54,0.69
8479,2658,2290,8 ,9 ,4 ,5 ,2 ,4 ,2 ,0 ,8 ,8 ,0 ,0 ,0 ,1 ,0.38,0.52
8480,2292,2291,84 ,80 ,56 ,69 ,11 ,2 ,17 ,9 ,74 ,52 ,2 ,0 ,8 ,28 ,0.56,0.57
8481,2294,2293,60 ,134 ,33 ,89 ,10 ,34 ,17 ,11 ,51 ,90 ,7 ,28 ,2 ,16 ,0.51,0.61
8482,2420,2669,9 ,28 ,8 ,23 ,0 ,3 ,1 ,2 ,7 ,7 ,0 ,2 ,2 ,19 ,0.52,0.58
8483,2295,2670,6 ,2 ,4 ,2 ,1 ,0 ,1 ,0 ,5 ,2 ,1 ,0 ,0 ,0 ,0.54,0.5
8484,2297,2296,134 ,139 ,105 ,109 ,22 ,17 ,7 ,13 ,116 ,119 ,18 ,18 ,0 ,2 ,0.34,0.6
8485,2575,2298,16 ,2 ,12 ,0 ,3 ,2 ,1 ,0 ,9 ,1 ,7 ,1 ,0 ,0 ,0.72,0.16
8486,2299,2534,33 ,64 ,17 ,53 ,12 ,8 ,4 ,3 ,19 ,54 ,14 ,10 ,0 ,0 ,0.38,0.64
8487,2578,2300,22 ,12 ,9 ,6 ,7 ,4 ,6 ,2 ,18 ,10 ,4 ,2 ,0 ,0 ,0.29,0.5
8488,2301,2456,66 ,170 ,50 ,154 ,15 ,6 ,1 ,10 ,66 ,166 ,0 ,4 ,0 ,0 ,0.43,0.58
8489,2303,2302,33 ,21 ,16 ,14 ,7 ,6 ,10 ,1 ,19 ,14 ,7 ,6 ,7 ,1 ,0.57,0.44
8490,2304,2659,5 ,9 ,2 ,3 ,2 ,0 ,1 ,6 ,5 ,8 ,0 ,0 ,0 ,1 ,0.45,0.47
8491,2664,2505,65 ,30 ,25 ,9 ,24 ,8 ,16 ,13 ,56 ,27 ,1 ,3 ,8 ,0 ,0.46,0.41
8492,2305,2610,24 ,27 ,21 ,23 ,3 ,4 ,0 ,0 ,13 ,2 ,2 ,2 ,9 ,23 ,0.5,0.61
8493,2393,2306,4 ,2 ,1 ,0 ,1 ,0 ,2 ,2 ,4 ,2 ,0 ,0 ,0 ,0 ,0.44,0.5
8494,2308,2307,12 ,14 ,2 ,9 ,7 ,5 ,3 ,0 ,12 ,10 ,0 ,1 ,0 ,3 ,0.6,0.73
8495,2309,2469,12 ,20 ,2 ,14 ,10 ,2 ,0 ,4 ,12 ,15 ,0 ,1 ,0 ,4 ,0.54,0.62
8496,2311,2310,17 ,17 ,5 ,6 ,6 ,5 ,6 ,6 ,17 ,15 ,0 ,0 ,0 ,2 ,0.65,0.73
8497,2313,2312,36 ,59 ,10 ,55 ,21 ,4 ,5 ,0 ,30 ,55 ,6 ,3 ,0 ,1 ,0.49,0.48
8498,2565,2314,37 ,0 ,31 ,0 ,6 ,0 ,0 ,0 ,17 ,0 ,9 ,0 ,11 ,0 ,0.64,0.0
8499,2315,2461,39 ,8 ,27 ,4 ,9 ,3 ,3 ,1 ,33 ,8 ,4 ,0 ,2 ,0 ,0.52,0.32
8500,2317,2316,72 ,40 ,25 ,35 ,22 ,2 ,25 ,3 ,64 ,40 ,5 ,0 ,3 ,0 ,0.52,0.37
8501,2662,2318,34 ,59 ,24 ,34 ,9 ,19 ,1 ,6 ,30 ,57 ,4 ,2 ,0 ,0 ,0.3,0.47
8502,2320,2319,34 ,8 ,19 ,4 ,11 ,4 ,4 ,0 ,28 ,7 ,2 ,1 ,4 ,0 ,0.47,0.29
8503,2322,2321,56 ,74 ,37 ,43 ,11 ,22 ,8 ,9 ,53 ,68 ,3 ,6 ,0 ,0 ,0.48,0.54
8504,2324,2323,51 ,26 ,25 ,11 ,8 ,3 ,18 ,12 ,50 ,26 ,1 ,0 ,0 ,0 ,0.38,0.27
8505,2667,2325,44 ,8 ,35 ,6 ,5 ,2 ,4 ,0 ,27 ,8 ,1 ,0 ,16 ,0 ,0.7,0.18
8506,2327,2326,48 ,36 ,23 ,15 ,16 ,2 ,9 ,19 ,48 ,36 ,0 ,0 ,0 ,0 ,0.52,0.38
8507,2329,2328,144 ,156 ,120 ,83 ,15 ,48 ,9 ,25 ,102 ,140 ,20 ,16 ,22 ,0 ,0.56,0.5
8508,2331,2330,56 ,52 ,53 ,41 ,3 ,6 ,0 ,5 ,52 ,39 ,4 ,6 ,0 ,7 ,0.44,0.34
8509,2333,2332,45 ,79 ,21 ,47 ,11 ,24 ,13 ,8 ,41 ,78 ,1 ,1 ,3 ,0 ,0.37,0.38
8510,2334,2622,68 ,99 ,37 ,79 ,29 ,18 ,2 ,2 ,50 ,63 ,18 ,29 ,0 ,7 ,0.5,0.57
8511,2336,2335,48 ,68 ,22 ,44 ,19 ,17 ,7 ,7 ,38 ,58 ,7 ,5 ,3 ,5 ,0.44,0.54
8512,2624,2337,19 ,40 ,13 ,34 ,5 ,1 ,1 ,5 ,16 ,35 ,3 ,5 ,0 ,0 ,0.32,0.48
8513,2630,2338,117 ,27 ,115 ,25 ,2 ,2 ,0 ,0 ,97 ,25 ,4 ,2 ,16 ,0 ,0.64,0.35
8514,2634,2430,57 ,29 ,41 ,22 ,7 ,1 ,9 ,6 ,32 ,27 ,6 ,2 ,19 ,0 ,0.47,0.44
8515,2632,2339,38 ,24 ,21 ,20 ,14 ,3 ,3 ,1 ,37 ,22 ,0 ,1 ,1 ,1 ,0.54,0.47
8516,2643,2340,5 ,1 ,1 ,1 ,1 ,0 ,3 ,0 ,3 ,0 ,2 ,1 ,0 ,0 ,0.62,0.25
8517,2636,2341,42 ,51 ,21 ,39 ,10 ,10 ,11 ,2 ,27 ,26 ,11 ,4 ,4 ,21 ,0.72,0.68
8518,2343,2342,36 ,55 ,9 ,45 ,15 ,4 ,12 ,6 ,34 ,42 ,2 ,1 ,0 ,12 ,0.54,0.62
8519,2345,2344,30 ,97 ,19 ,83 ,8 ,14 ,3 ,0 ,28 ,20 ,2 ,10 ,0 ,67 ,0.63,0.76
8520,2347,2346,98 ,70 ,72 ,33 ,3 ,17 ,23 ,20 ,88 ,66 ,3 ,3 ,7 ,1 ,0.61,0.44
8521,2349,2348,151 ,99 ,121 ,72 ,24 ,8 ,6 ,19 ,150 ,99 ,1 ,0 ,0 ,0 ,0.45,0.45
8522,2351,2350,79 ,56 ,43 ,23 ,34 ,32 ,2 ,1 ,68 ,44 ,11 ,7 ,0 ,5 ,0.5,0.37
8523,2353,2352,39 ,12 ,16 ,12 ,15 ,0 ,8 ,0 ,23 ,11 ,10 ,1 ,6 ,0 ,0.54,0.35
8524,2355,2354,59 ,24 ,33 ,13 ,13 ,4 ,13 ,7 ,44 ,23 ,1 ,1 ,14 ,0 ,0.6,0.22
8525,2495,2356,31 ,33 ,10 ,18 ,17 ,12 ,4 ,3 ,25 ,24 ,6 ,9 ,0 ,0 ,0.51,0.47
8526,2357,2515,19 ,9 ,12 ,7 ,6 ,1 ,1 ,1 ,10 ,9 ,9 ,0 ,0 ,0 ,0.63,0.39
8527,2359,2358,40 ,100 ,37 ,45 ,2 ,21 ,1 ,34 ,36 ,82 ,4 ,7 ,0 ,11 ,0.27,0.61
8528,2361,2360,42 ,7 ,35 ,3 ,3 ,1 ,4 ,3 ,22 ,4 ,9 ,2 ,11 ,1 ,0.59,0.33
8529,2363,2362,76 ,80 ,40 ,63 ,20 ,14 ,16 ,3 ,62 ,66 ,14 ,14 ,0 ,0 ,0.34,0.52
8530,2365,2364,140 ,77 ,91 ,57 ,39 ,16 ,10 ,4 ,138 ,59 ,1 ,18 ,1 ,0 ,0.63,0.38
8531,2367,2366,31 ,43 ,17 ,31 ,12 ,11 ,2 ,1 ,23 ,22 ,8 ,21 ,0 ,0 ,0.46,0.46
8532,2369,2368,16 ,73 ,12 ,65 ,4 ,3 ,0 ,5 ,12 ,71 ,4 ,2 ,0 ,0 ,0.23,0.53
8533,2371,2370,15 ,12 ,10 ,3 ,5 ,3 ,0 ,6 ,6 ,9 ,0 ,3 ,9 ,0 ,0.55,0.57
8534,2373,2372,36 ,79 ,24 ,53 ,11 ,20 ,1 ,6 ,29 ,75 ,7 ,3 ,0 ,1 ,0.29,0.42
8535,2375,2374,17 ,13 ,7 ,4 ,3 ,8 ,7 ,1 ,12 ,7 ,0 ,1 ,5 ,5 ,0.37,0.3
8536,2377,2376,54 ,66 ,42 ,40 ,3 ,10 ,9 ,16 ,50 ,47 ,4 ,6 ,0 ,13 ,0.48,0.59
8537,2379,2378,38 ,40 ,16 ,29 ,21 ,11 ,1 ,0 ,35 ,25 ,3 ,14 ,0 ,1 ,0.56,0.43
8538,2380,2617,20 ,19 ,9 ,17 ,6 ,2 ,5 ,0 ,8 ,4 ,12 ,2 ,0 ,13 ,0.57,0.63
8539,2382,2381,79 ,50 ,52 ,32 ,15 ,8 ,12 ,10 ,70 ,45 ,6 ,5 ,3 ,0 ,0.45,0.33
8540,2384,2383,32 ,30 ,21 ,22 ,11 ,1 ,0 ,7 ,27 ,22 ,5 ,2 ,0 ,6 ,0.35,0.4
8541,2386,2385,120 ,115 ,45 ,71 ,39 ,29 ,36 ,15 ,105 ,112 ,14 ,3 ,1 ,0 ,0.58,0.41
8542,2388,2387,74 ,63 ,24 ,29 ,30 ,31 ,20 ,3 ,72 ,53 ,2 ,9 ,0 ,1 ,0.5,0.47
8543,2390,2389,33 ,7 ,18 ,1 ,9 ,3 ,6 ,3 ,23 ,7 ,0 ,0 ,10 ,0 ,0.7,0.5
8544,2392,2391,67 ,61 ,65 ,56 ,1 ,5 ,1 ,0 ,67 ,58 ,0 ,3 ,0 ,0 ,0.44,0.35
8545,2394,2393,7 ,19 ,2 ,9 ,2 ,7 ,3 ,3 ,7 ,13 ,0 ,4 ,0 ,2 ,0.63,0.47
8546,2396,2395,3 ,10 ,1 ,4 ,1 ,6 ,1 ,0 ,3 ,10 ,0 ,0 ,0 ,0 ,0.3,0.52
8547,2671,2397,110 ,55 ,93 ,29 ,9 ,13 ,8 ,13 ,101 ,55 ,2 ,0 ,7 ,0 ,0.45,0.45
8548,2398,2625,15 ,3 ,9 ,0 ,2 ,2 ,4 ,1 ,8 ,3 ,1 ,0 ,6 ,0 ,0.65,0.23
8549,2399,2600,5 ,3 ,2 ,0 ,1 ,0 ,2 ,3 ,5 ,3 ,0 ,0 ,0 ,0 ,0.55,0.6
8550,2401,2400,114 ,105 ,76 ,79 ,34 ,20 ,4 ,6 ,91 ,88 ,23 ,17 ,0 ,0 ,0.47,0.42
8551,2403,2402,17 ,46 ,8 ,42 ,2 ,4 ,7 ,0 ,17 ,9 ,0 ,0 ,0 ,37 ,0.62,0.61
8552,2405,2404,38 ,28 ,34 ,13 ,4 ,7 ,0 ,8 ,35 ,28 ,0 ,0 ,3 ,0 ,0.62,0.39
8553,2407,2406,27 ,8 ,14 ,4 ,9 ,4 ,4 ,0 ,8 ,1 ,10 ,3 ,9 ,4 ,0.71,0.34
8554,2409,2408,14 ,0 ,14 ,0 ,0 ,0 ,0 ,0 ,13 ,0 ,0 ,0 ,1 ,0 ,0.48,0.0
8555,2411,2410,131 ,56 ,97 ,41 ,30 ,13 ,4 ,2 ,102 ,52 ,24 ,4 ,5 ,0 ,0.57,0.25
8556,2413,2412,46 ,22 ,35 ,17 ,7 ,3 ,4 ,2 ,30 ,20 ,2 ,2 ,14 ,0 ,0.54,0.42
8557,2415,2414,66 ,54 ,41 ,44 ,18 ,5 ,7 ,5 ,63 ,52 ,1 ,2 ,2 ,0 ,0.48,0.4
8558,2416,2664,17 ,86 ,7 ,39 ,4 ,21 ,6 ,26 ,17 ,71 ,0 ,5 ,0 ,10 ,0.21,0.64
8559,2418,2417,42 ,71 ,26 ,48 ,11 ,16 ,5 ,7 ,41 ,67 ,1 ,1 ,0 ,3 ,0.28,0.45
8560,2420,2419,79 ,97 ,51 ,60 ,15 ,18 ,13 ,19 ,69 ,92 ,10 ,5 ,0 ,0 ,0.47,0.47
8561,2422,2421,16 ,30 ,12 ,24 ,3 ,4 ,1 ,2 ,9 ,9 ,7 ,1 ,0 ,20 ,0.48,0.65
8562,2424,2423,39 ,94 ,29 ,33 ,7 ,37 ,3 ,24 ,26 ,81 ,4 ,5 ,9 ,8 ,0.38,0.65
8563,2426,2425,62 ,31 ,44 ,12 ,11 ,8 ,7 ,11 ,55 ,30 ,3 ,1 ,4 ,0 ,0.41,0.29
8564,2601,2427,8 ,25 ,5 ,20 ,0 ,1 ,3 ,4 ,7 ,7 ,1 ,1 ,0 ,17 ,0.38,0.59
8565,2429,2428,22 ,32 ,14 ,19 ,3 ,10 ,5 ,3 ,20 ,26 ,2 ,6 ,0 ,0 ,0.36,0.55
8566,2431,2430,45 ,31 ,35 ,19 ,4 ,2 ,6 ,10 ,35 ,31 ,0 ,0 ,10 ,0 ,0.42,0.37
8567,2433,2432,28 ,59 ,13 ,11 ,11 ,19 ,4 ,29 ,17 ,51 ,11 ,3 ,0 ,5 ,0.51,0.54
8568,2435,2434,2 ,2 ,1 ,1 ,1 ,0 ,0 ,1 ,2 ,2 ,0 ,0 ,0 ,0 ,0.33,0.4
8569,2437,2436,22 ,27 ,9 ,18 ,7 ,0 ,6 ,9 ,21 ,27 ,0 ,0 ,1 ,0 ,0.4,0.35
8570,2439,2438,10 ,8 ,6 ,5 ,2 ,0 ,2 ,3 ,10 ,8 ,0 ,0 ,0 ,0 ,0.32,0.24
8571,2441,2440,57 ,55 ,32 ,37 ,9 ,10 ,16 ,8 ,55 ,53 ,0 ,2 ,2 ,0 ,0.58,0.39
8572,2443,2442,26 ,50 ,18 ,37 ,6 ,7 ,2 ,6 ,25 ,24 ,1 ,2 ,0 ,24 ,0.57,0.75
8573,2445,2444,107 ,77 ,52 ,47 ,45 ,13 ,10 ,17 ,72 ,65 ,34 ,12 ,1 ,0 ,0.46,0.53
8574,2447,2446,62 ,104 ,35 ,67 ,22 ,25 ,5 ,12 ,53 ,88 ,9 ,16 ,0 ,0 ,0.36,0.47
8575,2449,2448,18 ,0 ,16 ,0 ,1 ,0 ,1 ,0 ,6 ,0 ,0 ,0 ,12 ,0 ,0.66,0.0
8576,2451,2450,48 ,35 ,29 ,26 ,17 ,9 ,2 ,0 ,31 ,15 ,14 ,19 ,3 ,1 ,0.55,0.41
8577,2453,2452,84 ,71 ,42 ,48 ,28 ,16 ,14 ,7 ,62 ,62 ,17 ,8 ,5 ,1 ,0.49,0.39
8578,2455,2454,16 ,3 ,14 ,3 ,1 ,0 ,1 ,0 ,5 ,3 ,3 ,0 ,8 ,0 ,0.59,1.0
8579,2457,2456,92 ,61 ,59 ,48 ,18 ,4 ,15 ,9 ,92 ,58 ,0 ,1 ,0 ,2 ,0.57,0.38
8580,2459,2458,12 ,20 ,6 ,13 ,6 ,3 ,0 ,4 ,9 ,5 ,2 ,1 ,1 ,14 ,0.38,0.71
8581,2461,2059,85 ,73 ,43 ,52 ,30 ,14 ,12 ,7 ,61 ,71 ,24 ,2 ,0 ,0 ,0.52,0.53
8582,2463,2462,14 ,5 ,4 ,1 ,4 ,0 ,6 ,4 ,10 ,5 ,1 ,0 ,3 ,0 ,0.7,0.45
8583,2640,2464,90 ,65 ,60 ,39 ,18 ,11 ,12 ,15 ,88 ,65 ,2 ,0 ,0 ,0 ,0.54,0.43
8584,2466,2465,62 ,94 ,46 ,37 ,11 ,34 ,5 ,23 ,61 ,83 ,0 ,9 ,1 ,2 ,0.43,0.55
8585,2468,2467,42 ,12 ,31 ,5 ,8 ,2 ,3 ,5 ,27 ,10 ,2 ,1 ,13 ,1 ,0.57,0.46
8586,2470,2469,3 ,36 ,2 ,30 ,1 ,4 ,0 ,2 ,3 ,12 ,0 ,10 ,0 ,14 ,0.25,0.65
8587,2472,2471,49 ,26 ,22 ,16 ,13 ,9 ,14 ,1 ,35 ,24 ,8 ,2 ,6 ,0 ,0.62,0.32
8588,2474,2473,47 ,81 ,26 ,48 ,16 ,13 ,5 ,20 ,43 ,71 ,3 ,8 ,1 ,2 ,0.36,0.55
8589,2635,2637,9 ,19 ,5 ,13 ,2 ,6 ,2 ,0 ,7 ,5 ,2 ,9 ,0 ,5 ,0.5,0.73
8590,2476,2475,75 ,17 ,61 ,10 ,14 ,3 ,0 ,4 ,42 ,15 ,17 ,2 ,16 ,0 ,0.7,0.43
8591,2478,2477,34 ,21 ,25 ,13 ,6 ,7 ,3 ,1 ,20 ,13 ,13 ,8 ,1 ,0 ,0.58,0.35
8592,2480,2479,67 ,52 ,32 ,36 ,2 ,13 ,33 ,3 ,67 ,52 ,0 ,0 ,0 ,0 ,0.37,0.43
8593,2482,2481,110 ,65 ,76 ,49 ,29 ,16 ,5 ,0 ,83 ,61 ,26 ,4 ,1 ,0 ,0.46,0.48
8594,2484,2483,17 ,16 ,12 ,11 ,2 ,4 ,3 ,1 ,15 ,11 ,2 ,4 ,0 ,1 ,0.41,0.5
8595,2486,2485,10 ,54 ,8 ,18 ,0 ,6 ,2 ,30 ,9 ,51 ,1 ,1 ,0 ,2 ,0.29,0.54
8596,2488,2487,10 ,0 ,9 ,0 ,0 ,0 ,1 ,0 ,2 ,0 ,0 ,0 ,8 ,0 ,0.76,0.0
8597,2490,2489,27 ,12 ,17 ,4 ,4 ,4 ,6 ,4 ,27 ,10 ,0 ,2 ,0 ,0 ,0.49,0.18
8598,2492,2491,100 ,61 ,65 ,48 ,31 ,13 ,4 ,0 ,90 ,58 ,10 ,3 ,0 ,0 ,0.56,0.33
8599,2494,2493,86 ,89 ,47 ,45 ,33 ,24 ,6 ,20 ,80 ,89 ,1 ,0 ,5 ,0 ,0.45,0.37
8600,2496,2495,73 ,37 ,32 ,13 ,25 ,15 ,16 ,9 ,53 ,31 ,12 ,6 ,8 ,0 ,0.48,0.66
8601,2498,2497,44 ,71 ,33 ,63 ,7 ,6 ,4 ,2 ,38 ,67 ,2 ,0 ,4 ,4 ,0.31,0.42
8602,2500,2499,63 ,28 ,30 ,15 ,21 ,6 ,12 ,7 ,43 ,23 ,2 ,5 ,18 ,0 ,0.52,0.44
8603,2502,2501,25 ,8 ,16 ,3 ,3 ,3 ,6 ,2 ,25 ,8 ,0 ,0 ,0 ,0 ,0.37,0.24
8604,2504,2503,47 ,30 ,22 ,24 ,20 ,6 ,5 ,0 ,36 ,18 ,11 ,6 ,0 ,6 ,0.42,0.5
8605,2506,2505,11 ,13 ,3 ,6 ,5 ,2 ,3 ,5 ,11 ,7 ,0 ,6 ,0 ,0 ,0.34,0.59
8606,2508,2507,32 ,34 ,16 ,27 ,10 ,5 ,6 ,2 ,22 ,12 ,4 ,2 ,6 ,20 ,0.51,0.47
8607,2510,2509,13 ,1 ,12 ,0 ,1 ,0 ,0 ,1 ,5 ,1 ,0 ,0 ,8 ,0 ,0.48,0.33
8608,2512,2511,16 ,94 ,10 ,54 ,3 ,22 ,3 ,18 ,14 ,75 ,2 ,17 ,0 ,2 ,0.26,0.6
8609,2514,2513,17 ,29 ,13 ,18 ,2 ,3 ,2 ,8 ,16 ,25 ,1 ,2 ,0 ,2 ,0.36,0.6
8610,2516,2515,0 ,1 ,0 ,0 ,0 ,1 ,0 ,0 ,0 ,0 ,0 ,1 ,0 ,0 ,0.0,0.33
8611,2518,2517,12 ,5 ,8 ,4 ,0 ,0 ,4 ,1 ,11 ,5 ,0 ,0 ,1 ,0 ,0.31,0.2
8612,2520,2519,42 ,36 ,22 ,33 ,8 ,2 ,12 ,1 ,42 ,18 ,0 ,2 ,0 ,16 ,0.56,0.51
8613,2522,2521,105 ,106 ,44 ,62 ,47 ,43 ,14 ,1 ,83 ,61 ,22 ,44 ,0 ,1 ,0.66,0.41
8614,2524,2523,30 ,33 ,19 ,14 ,9 ,9 ,2 ,10 ,16 ,30 ,5 ,2 ,9 ,1 ,0.44,0.49
8615,2526,2525,70 ,78 ,33 ,51 ,30 ,8 ,7 ,19 ,49 ,62 ,11 ,9 ,10 ,7 ,0.6,0.69
8616,2528,2527,32 ,31 ,21 ,17 ,10 ,10 ,1 ,4 ,27 ,23 ,3 ,7 ,2 ,1 ,0.45,0.48
8617,2530,2529,27 ,20 ,19 ,10 ,5 ,4 ,3 ,6 ,20 ,15 ,3 ,1 ,4 ,4 ,0.75,0.55
8618,2532,2531,43 ,47 ,26 ,26 ,11 ,12 ,6 ,9 ,41 ,47 ,1 ,0 ,1 ,0 ,0.48,0.47
8619,2534,2533,17 ,28 ,9 ,22 ,3 ,2 ,5 ,4 ,16 ,10 ,1 ,4 ,0 ,14 ,0.54,0.68
8620,2536,2535,107 ,67 ,71 ,40 ,34 ,20 ,2 ,7 ,84 ,60 ,23 ,7 ,0 ,0 ,0.62,0.33
8621,2538,2537,74 ,20 ,51 ,14 ,23 ,6 ,0 ,0 ,62 ,19 ,9 ,1 ,3 ,0 ,0.55,0.32
8622,2540,2539,114 ,44 ,88 ,35 ,20 ,3 ,6 ,6 ,107 ,44 ,5 ,0 ,2 ,0 ,0.57,0.23
8623,2542,2541,7 ,8 ,6 ,5 ,1 ,1 ,0 ,2 ,3 ,8 ,0 ,0 ,4 ,0 ,0.46,0.47
8624,2544,2543,26 ,37 ,19 ,27 ,7 ,5 ,0 ,5 ,24 ,33 ,1 ,4 ,1 ,0 ,0.4,0.45
8625,2546,2545,21 ,27 ,16 ,8 ,4 ,5 ,1 ,14 ,20 ,25 ,1 ,2 ,0 ,0 ,0.58,0.43
8626,2548,2547,24 ,29 ,24 ,16 ,0 ,9 ,0 ,4 ,14 ,17 ,1 ,1 ,9 ,11 ,0.51,0.43
8627,2550,2549,9 ,12 ,4 ,6 ,4 ,1 ,1 ,5 ,8 ,8 ,1 ,0 ,0 ,4 ,0.45,0.42
8628,2552,2551,147 ,112 ,71 ,81 ,30 ,12 ,46 ,19 ,124 ,91 ,22 ,21 ,1 ,0 ,0.54,0.62
8629,2554,2553,12 ,18 ,4 ,16 ,8 ,1 ,0 ,1 ,1 ,2 ,5 ,6 ,6 ,10 ,0.46,0.72
8630,2556,2555,18 ,4 ,15 ,2 ,3 ,0 ,0 ,2 ,4 ,4 ,0 ,0 ,14 ,0 ,0.52,0.19
8631,2558,2557,56 ,46 ,24 ,25 ,10 ,14 ,22 ,7 ,39 ,31 ,11 ,12 ,6 ,3 ,0.61,0.48
8632,2560,2559,49 ,100 ,28 ,79 ,14 ,11 ,7 ,10 ,37 ,90 ,12 ,6 ,0 ,4 ,0.55,0.55
8633,2562,2561,37 ,15 ,23 ,9 ,7 ,1 ,7 ,5 ,35 ,15 ,0 ,0 ,2 ,0 ,0.75,0.5
8634,2564,2563,34 ,42 ,10 ,7 ,7 ,6 ,17 ,29 ,34 ,41 ,0 ,1 ,0 ,0 ,0.46,0.52
8635,2566,2565,174 ,177 ,151 ,164 ,17 ,13 ,6 ,0 ,112 ,146 ,60 ,31 ,2 ,0 ,0.57,0.6
8636,2568,2567,34 ,55 ,26 ,27 ,8 ,16 ,0 ,12 ,30 ,44 ,4 ,6 ,0 ,5 ,0.48,0.68
8637,2570,2569,14 ,27 ,6 ,21 ,1 ,1 ,7 ,5 ,14 ,16 ,0 ,0 ,0 ,11 ,0.7,0.64
8638,2572,2571,6 ,21 ,4 ,12 ,2 ,8 ,0 ,1 ,6 ,16 ,0 ,0 ,0 ,5 ,0.25,0.61
8639,2574,2573,135 ,91 ,79 ,53 ,19 ,26 ,37 ,12 ,124 ,84 ,10 ,7 ,1 ,0 ,0.53,0.41
8640,2576,2575,50 ,70 ,35 ,28 ,5 ,25 ,10 ,17 ,50 ,70 ,0 ,0 ,0 ,0 ,0.33,0.3
8641,2578,2577,69 ,41 ,51 ,30 ,12 ,7 ,6 ,4 ,43 ,35 ,17 ,6 ,9 ,0 ,0.45,0.34
8642,2580,2579,60 ,57 ,30 ,40 ,9 ,8 ,21 ,9 ,47 ,39 ,13 ,10 ,0 ,8 ,0.61,0.47
8643,2582,2581,4 ,7 ,1 ,1 ,2 ,2 ,1 ,4 ,4 ,7 ,0 ,0 ,0 ,0 ,0.66,0.53
8644,2584,2583,5 ,4 ,0 ,4 ,2 ,0 ,3 ,0 ,5 ,4 ,0 ,0 ,0 ,0 ,0.38,0.5
8645,2586,2585,45 ,122 ,34 ,62 ,1 ,27 ,10 ,33 ,42 ,114 ,2 ,2 ,1 ,6 ,0.44,0.53
8646,2588,2587,18 ,15 ,11 ,5 ,5 ,1 ,2 ,9 ,17 ,14 ,1 ,1 ,0 ,0 ,0.23,0.34
8647,2590,2589,16 ,19 ,13 ,18 ,1 ,0 ,2 ,1 ,15 ,7 ,1 ,0 ,0 ,12 ,0.51,0.67
8648,2592,2591,36 ,58 ,28 ,28 ,6 ,26 ,2 ,4 ,34 ,41 ,0 ,17 ,2 ,0 ,0.46,0.55
8649,2594,2593,40 ,56 ,16 ,51 ,10 ,3 ,14 ,2 ,39 ,44 ,1 ,1 ,0 ,11 ,0.43,0.46
8650,2596,2595,60 ,78 ,34 ,48 ,19 ,12 ,7 ,18 ,54 ,72 ,1 ,6 ,5 ,0 ,0.3,0.7
8651,2598,2597,40 ,53 ,36 ,33 ,1 ,15 ,3 ,5 ,37 ,50 ,3 ,3 ,0 ,0 ,0.44,0.45
8652,2600,2599,33 ,9 ,26 ,4 ,3 ,2 ,4 ,3 ,28 ,9 ,4 ,0 ,1 ,0 ,0.47,0.25
8653,2602,2601,23 ,34 ,10 ,21 ,7 ,4 ,6 ,9 ,16 ,24 ,7 ,3 ,0 ,7 ,0.36,0.47
8654,2604,2603,26 ,42 ,11 ,41 ,10 ,1 ,5 ,0 ,22 ,21 ,3 ,0 ,1 ,21 ,0.57,0.5
8655,2606,2605,21 ,3 ,16 ,0 ,5 ,2 ,0 ,1 ,2 ,1 ,5 ,2 ,14 ,0 ,0.72,0.75
8656,2608,2607,40 ,54 ,15 ,42 ,11 ,8 ,14 ,4 ,35 ,49 ,5 ,5 ,0 ,0 ,0.57,0.52
8657,2610,2609,8 ,15 ,4 ,11 ,1 ,3 ,3 ,1 ,7 ,8 ,0 ,0 ,1 ,7 ,0.61,0.55
8658,2612,2611,35 ,21 ,26 ,7 ,8 ,8 ,1 ,6 ,26 ,13 ,3 ,7 ,6 ,1 ,0.53,0.55
8659,2614,2613,162 ,99 ,56 ,48 ,45 ,37 ,61 ,14 ,148 ,91 ,14 ,8 ,0 ,0 ,0.52,0.5
8660,2616,2615,59 ,50 ,52 ,40 ,1 ,9 ,6 ,1 ,57 ,50 ,2 ,0 ,0 ,0 ,0.34,0.34
8661,2618,2617,51 ,70 ,20 ,20 ,16 ,32 ,15 ,18 ,44 ,68 ,7 ,1 ,0 ,1 ,0.51,0.46
8662,2620,2619,46 ,35 ,25 ,25 ,12 ,6 ,9 ,4 ,25 ,32 ,15 ,3 ,6 ,0 ,0.51,0.53
8663,2622,2621,1 ,1 ,0 ,1 ,0 ,0 ,1 ,0 ,1 ,1 ,0 ,0 ,0 ,0 ,0.5,1.0
8664,2624,2623,55 ,39 ,39 ,22 ,13 ,3 ,3 ,14 ,46 ,34 ,7 ,2 ,2 ,3 ,0.49,0.43
8665,2626,2625,12 ,12 ,11 ,6 ,1 ,6 ,0 ,0 ,0 ,6 ,2 ,6 ,10 ,0 ,0.75,0.7
8666,2628,2627,46 ,48 ,15 ,37 ,21 ,9 ,10 ,2 ,43 ,42 ,3 ,5 ,0 ,1 ,0.39,0.39
8667,2630,2629,36 ,32 ,30 ,23 ,6 ,6 ,0 ,3 ,36 ,31 ,0 ,0 ,0 ,1 ,0.43,0.42
8668,2632,2631,21 ,13 ,20 ,2 ,0 ,2 ,1 ,9 ,10 ,13 ,1 ,0 ,10 ,0 ,0.67,0.61
8669,2634,2633,79 ,17 ,69 ,5 ,6 ,8 ,4 ,4 ,32 ,17 ,2 ,0 ,45 ,0 ,0.52,0.45
8670,2636,2635,13 ,21 ,12 ,15 ,0 ,0 ,1 ,6 ,2 ,7 ,5 ,4 ,6 ,10 ,0.59,0.84
8671,2638,2637,41 ,89 ,30 ,62 ,11 ,14 ,0 ,13 ,34 ,81 ,7 ,8 ,0 ,0 ,0.41,0.54
8672,2640,2639,22 ,9 ,14 ,0 ,2 ,3 ,6 ,6 ,19 ,9 ,0 ,0 ,3 ,0 ,0.55,0.3
8673,2642,2641,90 ,136 ,44 ,122 ,11 ,14 ,35 ,0 ,87 ,129 ,3 ,7 ,0 ,0 ,0.34,0.53
8674,2644,2643,3 ,12 ,2 ,11 ,0 ,1 ,1 ,0 ,3 ,7 ,0 ,2 ,0 ,3 ,0.33,0.63
8675,2646,2645,41 ,104 ,25 ,79 ,8 ,11 ,8 ,14 ,41 ,89 ,0 ,1 ,0 ,14 ,0.53,0.53
8676,2648,2647,68 ,153 ,24 ,79 ,25 ,45 ,19 ,29 ,61 ,140 ,6 ,8 ,1 ,5 ,0.44,0.56
8677,2650,2649,107 ,78 ,56 ,69 ,31 ,5 ,20 ,4 ,98 ,70 ,2 ,8 ,7 ,0 ,0.5,0.36
8678,2652,2651,25 ,23 ,7 ,12 ,6 ,8 ,12 ,3 ,18 ,13 ,7 ,10 ,0 ,0 ,0.35,0.35
8679,2654,2653,61 ,62 ,46 ,28 ,12 ,18 ,3 ,16 ,46 ,62 ,4 ,0 ,11 ,0 ,0.49,0.38
8680,2656,2655,9 ,7 ,5 ,4 ,3 ,2 ,1 ,1 ,9 ,7 ,0 ,0 ,0 ,0 ,0.52,0.43
8681,2658,2657,35 ,33 ,19 ,27 ,14 ,1 ,2 ,5 ,24 ,27 ,6 ,4 ,5 ,2 ,0.37,0.51
8682,2660,2659,8 ,16 ,7 ,11 ,1 ,1 ,0 ,4 ,8 ,9 ,0 ,5 ,0 ,2 ,0.36,0.57
8683,2662,2661,23 ,6 ,15 ,5 ,6 ,1 ,2 ,0 ,20 ,6 ,1 ,0 ,2 ,0 ,0.28,0.3
8684,2664,2663,57 ,5 ,44 ,3 ,9 ,0 ,4 ,2 ,22 ,4 ,0 ,1 ,35 ,0 ,0.65,0.38
8685,2666,2665,77 ,5 ,76 ,2 ,0 ,2 ,1 ,1 ,6 ,5 ,0 ,0 ,71 ,0 ,0.42,0.16
8686,2668,2667,88 ,54 ,22 ,30 ,23 ,6 ,43 ,18 ,88 ,53 ,0 ,1 ,0 ,0 ,0.61,0.41
8687,2670,2669,131 ,55 ,118 ,45 ,12 ,3 ,1 ,7 ,104 ,43 ,9 ,4 ,18 ,8 ,0.62,0.36
8688,2672,2671,98 ,123 ,52 ,118 ,35 ,5 ,11 ,0 ,96 ,119 ,2 ,1 ,0 ,3 ,0.4,0.39
8689,2146,2100,29 ,20 ,16 ,18 ,9 ,2 ,4 ,0 ,19 ,8 ,1 ,2 ,9 ,10 ,0.59,0.52
8690,2016,2381,113 ,149 ,79 ,129 ,20 ,8 ,14 ,12 ,108 ,133 ,5 ,16 ,0 ,0 ,0.45,0.49
8691,2226,2044,46 ,34 ,22 ,9 ,10 ,13 ,14 ,12 ,45 ,29 ,1 ,5 ,0 ,0 ,0.48,0.45
8692,2430,2166,43 ,8 ,40 ,2 ,2 ,1 ,1 ,5 ,8 ,7 ,0 ,0 ,35 ,1 ,0.71,0.47
8693,2227,2241,30 ,53 ,27 ,15 ,2 ,16 ,1 ,22 ,29 ,53 ,0 ,0 ,1 ,0 ,0.32,0.48
8694,2676,2675,28 ,8 ,19 ,2 ,9 ,5 ,0 ,1 ,3 ,3 ,10 ,5 ,15 ,0 ,0.73,0.61
8695,2097,2172,54 ,37 ,40 ,35 ,8 ,2 ,6 ,0 ,52 ,28 ,2 ,4 ,0 ,5 ,0.43,0.56
8696,2357,2075,13 ,21 ,8 ,9 ,3 ,7 ,2 ,5 ,12 ,20 ,1 ,1 ,0 ,0 ,0.52,0.37
8697,2229,1996,29 ,37 ,12 ,34 ,9 ,0 ,8 ,3 ,29 ,14 ,0 ,0 ,0 ,23 ,0.36,0.66
8698,2316,2674,36 ,36 ,21 ,13 ,10 ,17 ,5 ,6 ,30 ,27 ,6 ,9 ,0 ,0 ,0.45,0.5
8699,2255,2673,15 ,13 ,3 ,3 ,9 ,3 ,3 ,7 ,14 ,10 ,1 ,2 ,0 ,1 ,0.45,0.52
8700,1979,2183,72 ,72 ,56 ,54 ,13 ,15 ,3 ,3 ,67 ,64 ,3 ,8 ,2 ,0 ,0.52,0.39
8701,2322,2393,98 ,100 ,81 ,47 ,6 ,20 ,11 ,33 ,79 ,97 ,0 ,0 ,19 ,3 ,0.64,0.39
