ID,event_name,main_card,year,country,month,day,city,region,event_url
773,UFC 328: Chimaev vs. Strickland,1,2026, USA,May,09,Newark, New Jersey,http://ufcstats.com/event-details/9eedac48b497de5a
772,UFC Fight Night: Della Maddalena vs. Prates,0,2026, Australia,May,02,Perth, Western Australia,http://ufcstats.com/event-details/872b018076f831b0
771,UFC Fight Night: Sterling vs. Zalal,0,2026, USA,April,25,Las Vegas, Nevada,http://ufcstats.com/event-details/e60d773a0a42048a
770,UFC Fight Night: Burns vs. Malott,0,2026, Canada,April,18,Winnipeg, Manitoba,http://ufcstats.com/event-details/c3ac8d0da7b05772
769,UFC 327: Prochazka vs. Ulberg,1,2026, USA,April,11,Miami, Florida,http://ufcstats.com/event-details/f3eb664db7fb1df3
768,UFC Fight Night: Moicano vs. Duncan,0,2026, USA,April,04,Las Vegas, Nevada,http://ufcstats.com/event-details/9a70f67ad2187fa3
767,UFC Fight Night: Adesanya vs. Pyfer,0,2026, USA,March,28,Seattle, Washington,http://ufcstats.com/event-details/5c38639f860a5542
766,UFC Fight Night: Evloev vs. Murphy,0,2026, United Kingdom,March,21,London, England,http://ufcstats.com/event-details/69108cb8b32efe04
765,UFC Fight Night: Emmett vs. Vallejos,0,2026, USA,March,14,Las Vegas, Nevada,http://ufcstats.com/event-details/babc6b5745335f18
764,UFC 326: Holloway vs. Oliveira 2,1,2026, USA,March,07,Las Vegas, Nevada,http://ufcstats.com/event-details/15ec018d144710db
763,UFC Fight Night: Moreno vs. Kavanagh,0,2026, Mexico,February,28,Mexico City, Distrito Federal,http://ufcstats.com/event-details/0cfbbfa0ba6d9855
762,UFC Fight Night: Strickland vs. Hernandez,0,2026, USA,February,21,Houston, Texas,http://ufcstats.com/event-details/79ab17db3b40831a
761,UFC Fight Night: Bautista vs. Oliveira,0,2026, USA,February,07,Las Vegas, Nevada,http://ufcstats.com/event-details/c337c3c85b1871e0
760,UFC 325: Volkanovski vs. Lopes 2,1,2026, Australia,January,31,Sydney, New South Wales,http://ufcstats.com/event-details/30ad2050273d016a
759,UFC 324: Gaethje vs. Pimblett,1,2026, USA,January,24,Las Vegas, Nevada,http://ufcstats.com/event-details/00e11b5c8b7bfeeb
758,UFC Fight Night: Royval vs. Kape,0,2025, USA,December,13,Las Vegas, Nevada,http://ufcstats.com/event-details/bc0f994de0521926
757,UFC 323: Dvalishvili vs. Yan 2,1,2025, USA,December,06,Las Vegas, Nevada,http://ufcstats.com/event-details/bd92cf5da5413d2a
756,UFC Fight Night: Tsarukyan vs. Hooker,0,2025, Qatar,November,22,Doha,unknown,http://ufcstats.com/event-details/92c96df8bdab5fea
755,UFC 322: Della Maddalena vs. Makhachev,1,2025, USA,November,15,New York City, New York,http://ufcstats.com/event-details/8db1b36dde268ef6
754,UFC Fight Night: Bonfim vs. Brown,0,2025, USA,November,08,Las Vegas, Nevada,http://ufcstats.com/event-details/6436029b50a9c255
753,UFC Fight Night: Garcia vs. Onama,0,2025, USA,November,01,Las Vegas, Nevada,http://ufcstats.com/event-details/0e2c2daf11b5d8f2
752,UFC 321: Aspinall vs. Gane,1,2025, United Arab Emirates,October,25,Abu Dhabi, Abu Dhabi,http://ufcstats.com/event-details/7956f026e2672c47
751,UFC Fight Night: De Ridder vs. Allen,0,2025, Canada,October,18,Vancouver, British Columbia,http://ufcstats.com/event-details/38e5d9dcb0fddc42
750,UFC Fight Night: Oliveira vs. Gamrot,0,2025, Brazil,October,11,Rio de Janeiro, Rio de Janeiro,http://ufcstats.com/event-details/9336e86cfd4ceaa1
749,UFC 320: Ankalaev vs. Pereira 2,1,2025, USA,October,04,Las Vegas, Nevada,http://ufcstats.com/event-details/8944a0f9b2f0ce6d
748,UFC Fight Night: Ulberg vs. Reyes,0,2025, Australia,September,27,Perth, Western Australia,http://ufcstats.com/event-details/ed220e87bef0cc64
747,UFC Fight Night: Lopes vs. Silva,0,2025, USA,September,13,San Antonio, Texas,http://ufcstats.com/event-details/5efaaf313b652dd7
746,UFC Fight Night: Imavov vs. Borralho,0,2025, France,September,06,Paris, Ile-de-France,http://ufcstats.com/event-details/6e380a4d73ab4f0e
745,UFC Fight Night: Walker vs. Zhang,0,2025, China,August,23,Shanghai, Hebei,http://ufcstats.com/event-details/754968e325d6f60d
744,UFC - Road to UFC 4.6,1,2025, China,August,22,Shanghai, Hebei,http://ufcstats.com/event-details/8fbcd82bf7f352bf
743,UFC 319: Du Plessis vs. Chimaev,1,2025, USA,August,16,Chicago, Illinois,http://ufcstats.com/event-details/421ccfc6ddb17958
742,UFC Fight Night: Dolidze vs. Hernandez,0,2025, USA,August,09,Las Vegas, Nevada,http://ufcstats.com/event-details/6cd3dfc54f01287f
741,UFC Fight Night: Taira vs. Park,0,2025, USA,August,02,Las Vegas, Nevada,http://ufcstats.com/event-details/f2c934689243fe4e
740,UFC Fight Night: Whittaker vs. De Ridder,0,2025, United Arab Emirates,July,26,Abu Dhabi, Abu Dhabi,http://ufcstats.com/event-details/28d8638ea0a71908
739,UFC 318: Holloway vs. Poirier 3,1,2025, USA,July,19,New Orleans, Louisiana,http://ufcstats.com/event-details/b8e2f10efb6eca85
738,UFC Fight Night: Lewis vs. Teixeira,0,2025, USA,July,12,Nashville, Tennessee,http://ufcstats.com/event-details/7b03d9df5910917d
737,UFC 317: Topuria vs. Oliveira,1,2025, USA,June,28,Las Vegas, Nevada,http://ufcstats.com/event-details/66766984842c13dc
736,UFC Fight Night: Hill vs. Rountree Jr.,0,2025, Azerbaijan,June,21,Baku,unknown,http://ufcstats.com/event-details/400c7b43c86d27d3
735,UFC Fight Night: Usman vs. Buckley,0,2025, USA,June,14,Atlanta, Georgia,http://ufcstats.com/event-details/de277a4abcfeea46
734,UFC 316: Dvalishvili vs. O'Malley 2,1,2025, USA,June,07,Newark, New Jersey,http://ufcstats.com/event-details/18c49685296c60e6
733,UFC Fight Night: Blanchfield vs. Barber,0,2025, USA,May,31,Las Vegas, Nevada,http://ufcstats.com/event-details/2a898bf9fb7710b3
732,UFC Fight Night: Burns vs. Morales,0,2025, USA,May,17,Las Vegas, Nevada,http://ufcstats.com/event-details/8ad022dd81224f61
731,UFC 315: Muhammad vs. Della Maddalena,1,2025, Canada,May,10,Montreal, Quebec,http://ufcstats.com/event-details/118463dd8db16e7f
730,UFC Fight Night: Sandhagen vs. Figueiredo,0,2025, USA,May,03,Des Moines, Iowa,http://ufcstats.com/event-details/de20ffb3fc2e7629
729,UFC Fight Night: Machado Garry vs. Prates,0,2025, USA,April,26,Kansas City, Missouri,http://ufcstats.com/event-details/b2e3aca4cd363477
728,UFC 314: Volkanovski vs. Lopes,1,2025, USA,April,12,Miami, Florida,http://ufcstats.com/event-details/22f4b6cb6b1bd7fd
727,UFC Fight Night: Emmett vs. Murphy,0,2025, USA,April,05,Las Vegas, Nevada,http://ufcstats.com/event-details/86b30a86664cb6e4
726,UFC Fight Night: Moreno vs. Erceg,0,2025, Mexico,March,29,Mexico City, Distrito Federal,http://ufcstats.com/event-details/0f7210aa8d61af8d
725,UFC Fight Night: Edwards vs. Brady,0,2025, United Kingdom,March,22,London, England,http://ufcstats.com/event-details/cc2ad11b1f9d818b
724,UFC Fight Night: Vettori vs. Dolidze 2,0,2025, USA,March,15,Las Vegas, Nevada,http://ufcstats.com/event-details/39f62b833e4cf126
723,UFC 313: Pereira vs. Ankalaev,1,2025, USA,March,08,Las Vegas, Nevada,http://ufcstats.com/event-details/ca936c67687789e9
722,UFC Fight Night: Kape vs. Almabayev,0,2025, USA,March,01,Las Vegas, Nevada,http://ufcstats.com/event-details/9766ed20b68c7c33
721,UFC Fight Night: Cejudo vs. Song,0,2025, USA,February,22,Seattle, Washington,http://ufcstats.com/event-details/c50ea21fe9ef478d
720,UFC Fight Night: Cannonier vs. Rodrigues,0,2025, USA,February,15,Las Vegas, Nevada,http://ufcstats.com/event-details/ce7871949b0ed2bf
719,UFC 312: Du Plessis vs. Strickland 2,1,2025, Australia,February,08,Sydney, New South Wales,http://ufcstats.com/event-details/e6015889f50075d2
718,UFC Fight Night: Adesanya vs. Imavov,0,2025, Saudi Arabia,February,01,Riyadh, Riyadh,http://ufcstats.com/event-details/80dbeb1dd5b53e64
717,UFC 311: Makhachev vs. Moicano,1,2025, USA,January,18,Inglewood, California,http://ufcstats.com/event-details/39f68882def7a507
716,UFC Fight Night: Dern vs. Ribas 2,0,2025, USA,January,11,Las Vegas, Nevada,http://ufcstats.com/event-details/81ddc98fceb30086
715,UFC Fight Night: Covington vs. Buckley,0,2024, USA,December,14,Tampa, Florida,http://ufcstats.com/event-details/72c9c2eadfc3277e
714,UFC 310: Pantoja vs. Asakura,1,2024, USA,December,07,Las Vegas, Nevada,http://ufcstats.com/event-details/ad23903ef3af7406
713,UFC Fight Night: Yan vs. Figueiredo,0,2024, China,November,23,Macau,unknown,http://ufcstats.com/event-details/e955046551f8c7dd
712,UFC 309: Jones vs. Miocic,1,2024, USA,November,16,New York City, New York,http://ufcstats.com/event-details/daff32bc96d1eabf
711,UFC Fight Night: Magny vs. Prates,0,2024, USA,November,09,Las Vegas, Nevada,http://ufcstats.com/event-details/585f9ffdb0cd0466
710,UFC Fight Night: Moreno vs. Albazi,0,2024, Canada,November,02,Edmonton, Alberta,http://ufcstats.com/event-details/3ab0df1ddd5f1dc2
709,UFC 308: Topuria vs. Holloway,1,2024, United Arab Emirates,October,26,Abu Dhabi, Abu Dhabi,http://ufcstats.com/event-details/221b2a3070c7ce3e
708,UFC Fight Night: Hernandez vs. Pereira,0,2024, USA,October,19,Las Vegas, Nevada,http://ufcstats.com/event-details/6a0047ac8c99fece
707,UFC Fight Night: Royval vs. Taira,0,2024, USA,October,12,Las Vegas, Nevada,http://ufcstats.com/event-details/5bdcbd8dd681a257
706,UFC 307: Pereira vs. Rountree Jr.,1,2024, USA,October,05,Salt Lake City, Utah,http://ufcstats.com/event-details/eee8efec7b951d84
705,UFC Fight Night: Moicano vs. Saint Denis,0,2024, France,September,28,Paris, Ile-de-France,http://ufcstats.com/event-details/079488710f012779
704,UFC 306: Riyadh Season Noche UFC,1,2024, USA,September,14,Las Vegas, Nevada,http://ufcstats.com/event-details/0c01568b1ac77bff
703,UFC Fight Night: Burns vs. Brady,0,2024, USA,September,07,Las Vegas, Nevada,http://ufcstats.com/event-details/ee0b69e307c857e5
702,UFC Fight Night: Cannonier vs. Borralho,0,2024, USA,August,24,Las Vegas, Nevada,http://ufcstats.com/event-details/be8ad887e4d674b0
701,UFC 305: Du Plessis vs. Adesanya,1,2024, Australia,August,17,Perth, Western Australia,http://ufcstats.com/event-details/32ba186f4b0e3267
700,UFC Fight Night: Tybura vs. Spivac 2,0,2024, USA,August,10,Las Vegas, Nevada,http://ufcstats.com/event-details/2c733e059462c1dc
699,UFC Fight Night: Sandhagen vs. Nurmagomedov,0,2024, United Arab Emirates,August,03,Abu Dhabi, Abu Dhabi,http://ufcstats.com/event-details/fe435e440b5de0ff
698,UFC 304: Edwards vs. Muhammad 2,1,2024, United Kingdom,July,27,Manchester, England,http://ufcstats.com/event-details/026b4f7049085842
697,UFC Fight Night: Lemos vs. Jandiroba,0,2024, USA,July,20,Las Vegas, Nevada,http://ufcstats.com/event-details/c11036da9162cb5f
696,UFC Fight Night: Namajunas vs. Cortez,0,2024, USA,July,13,Denver, Colorado,http://ufcstats.com/event-details/66e0a70352fef46a
695,UFC 303: Pereira vs. Prochazka 2,1,2024, USA,June,29,Las Vegas, Nevada,http://ufcstats.com/event-details/f3743d8ef5dde970
694,UFC Fight Night: Whittaker vs. Aliskerov,0,2024, Saudi Arabia,June,22,Riyadh, Riyadh,http://ufcstats.com/event-details/b12a1d19ee383b7c
693,UFC Fight Night: Perez vs. Taira,0,2024, USA,June,15,Las Vegas, Nevada,http://ufcstats.com/event-details/9c5828c6fd9dc948
692,UFC Fight Night: Cannonier vs. Imavov,0,2024, USA,June,08,Louisville, Kentucky,http://ufcstats.com/event-details/cba3a2dfbc06ce79
691,UFC 302: Makhachev vs. Poirier,1,2024, USA,June,01,Newark, New Jersey,http://ufcstats.com/event-details/6e4acc2c115215b5
690,UFC Fight Night: Barboza vs. Murphy,0,2024, USA,May,18,Las Vegas, Nevada,http://ufcstats.com/event-details/46baf0f57edfa4df
689,UFC Fight Night: Lewis vs. Nascimento,0,2024, USA,May,11,St. Louis, Missouri,http://ufcstats.com/event-details/5dfe71ade71f3a4b
688,UFC 301: Pantoja vs. Erceg,1,2024, Brazil,May,04,Rio de Janeiro, Rio de Janeiro,http://ufcstats.com/event-details/981ab7a0576f76a0
687,UFC Fight Night: Nicolau vs. Perez,0,2024, USA,April,27,Las Vegas, Nevada,http://ufcstats.com/event-details/a16ce18149021139
686,UFC 300: Pereira vs. Hill,1,2024, USA,April,13,Las Vegas, Nevada,http://ufcstats.com/event-details/6750e338922a099d
685,UFC Fight Night: Allen vs. Curtis 2,0,2024, USA,April,06,Las Vegas, Nevada,http://ufcstats.com/event-details/899eaba48fa864a6
684,UFC Fight Night: Blanchfield vs. Fiorot,0,2024, USA,March,30,Atlantic City, New Jersey,http://ufcstats.com/event-details/dba230fe33011201
683,UFC Fight Night: Ribas vs. Namajunas,0,2024, USA,March,23,Las Vegas, Nevada,http://ufcstats.com/event-details/79ff6545b0abc685
682,UFC Fight Night: Tuivasa vs. Tybura,0,2024, USA,March,16,Las Vegas, Nevada,http://ufcstats.com/event-details/c398235fcaf8d71d
681,UFC 299: O'Malley vs. Vera 2,1,2024, USA,March,09,Miami, Florida,http://ufcstats.com/event-details/a9df5ae20a97b090
680,UFC Fight Night: Rozenstruik vs. Gaziev,0,2024, USA,March,02,Las Vegas, Nevada,http://ufcstats.com/event-details/e4a9dbade7c7e1a7
679,UFC Fight Night: Moreno vs. Royval 2,0,2024, Mexico,February,24,Mexico City, Distrito Federal,http://ufcstats.com/event-details/902ab9197b83d0db
678,UFC 298: Volkanovski vs. Topuria,1,2024, USA,February,17,Anaheim, California,http://ufcstats.com/event-details/dab0e6cb8c932162
677,UFC Fight Night: Hermansson vs. Pyfer,0,2024, USA,February,10,Las Vegas, Nevada,http://ufcstats.com/event-details/eaea0fc7b76525a8
676,UFC Fight Night: Dolidze vs. Imavov,0,2024, USA,February,03,Las Vegas, Nevada,http://ufcstats.com/event-details/cce79e827569f26e
675,UFC 297: Strickland vs. Du Plessis,1,2024, Canada,January,20,Toronto, Ontario,http://ufcstats.com/event-details/bd85ca0bb4f26cfc
674,UFC Fight Night: Ankalaev vs. Walker 2,0,2024, USA,January,13,Las Vegas, Nevada,http://ufcstats.com/event-details/010986ee359fb863
673,UFC 296: Edwards vs. Covington,1,2023, USA,December,16,Las Vegas, Nevada,http://ufcstats.com/event-details/a8e8587a06e73c87
672,UFC Fight Night: Song vs. Gutierrez,0,2023, USA,December,09,Las Vegas, Nevada,http://ufcstats.com/event-details/5ef0088c1b19beeb
671,UFC Fight Night: Dariush vs. Tsarukyan,0,2023, USA,December,02,Austin, Texas,http://ufcstats.com/event-details/53e4e21f4c688801
670,UFC Fight Night: Allen vs. Craig,0,2023, USA,November,18,Las Vegas, Nevada,http://ufcstats.com/event-details/3feed7d02711d8b7
669,UFC 295: Prochazka vs. Pereira,1,2023, USA,November,11,New York City, New York,http://ufcstats.com/event-details/5a558ba1ff5e9121
668,UFC Fight Night: Almeida vs. Lewis,0,2023, Brazil,November,04,Sao Paulo, Sao Paulo,http://ufcstats.com/event-details/7c4ec656d8fcb867
667,UFC 294: Makhachev vs. Volkanovski 2,1,2023, United Arab Emirates,October,21,Abu Dhabi, Abu Dhabi,http://ufcstats.com/event-details/13a0fb8fbdafb54f
666,UFC Fight Night: Yusuff vs. Barboza,0,2023, USA,October,14,Las Vegas, Nevada,http://ufcstats.com/event-details/f3a078277b3b8ff4
665,UFC Fight Night: Dawson vs. Green,0,2023, USA,October,07,Las Vegas, Nevada,http://ufcstats.com/event-details/c8a49ff2acb6f3c5
664,UFC Fight Night: Fiziev vs. Gamrot,0,2023, USA,September,23,Las Vegas, Nevada,http://ufcstats.com/event-details/c945adc22c2bfe8f
663,UFC Fight Night: Grasso vs. Shevchenko 2,0,2023, USA,September,16,Las Vegas, Nevada,http://ufcstats.com/event-details/8fa2b06572365321
662,UFC 293: Adesanya vs. Strickland,1,2023, Australia,September,09,Sydney, New South Wales,http://ufcstats.com/event-details/ece280745f8727b8
661,UFC Fight Night: Gane vs. Spivac,0,2023, France,September,02,Paris, Ile-de-France,http://ufcstats.com/event-details/ef61d9f5176b3200
660,UFC Fight Night: Holloway vs. The Korean Zombie,0,2023, Singapore,August,26,Kallang,unknown,http://ufcstats.com/event-details/89a407032911e27e
659,UFC 292: Sterling vs. O'Malley,1,2023, USA,August,19,Boston, Massachusetts,http://ufcstats.com/event-details/2719f300b0439039
658,UFC Fight Night: Luque vs. Dos Anjos,0,2023, USA,August,12,Las Vegas, Nevada,http://ufcstats.com/event-details/d2fa318f34d0aadc
657,UFC Fight Night: Sandhagen vs. Font,0,2023, USA,August,05,Nashville, Tennessee,http://ufcstats.com/event-details/6f81b6de2557739a
656,UFC 291: Poirier vs. Gaethje 2,1,2023, USA,July,29,Salt Lake City, Utah,http://ufcstats.com/event-details/ccd58ff71e260ed5
655,UFC Fight Night: Aspinall vs. Tybura,0,2023, United Kingdom,July,22,London, England,http://ufcstats.com/event-details/1174782eacde9b0c
654,UFC Fight Night: Holm vs. Bueno Silva,0,2023, USA,July,15,Las Vegas, Nevada,http://ufcstats.com/event-details/c9885b1b7c7055a0
653,UFC 290: Volkanovski vs. Rodriguez,1,2023, USA,July,08,Las Vegas, Nevada,http://ufcstats.com/event-details/6085ceb59087514b
652,UFC Fight Night: Strickland vs. Magomedov,0,2023, USA,July,01,Las Vegas, Nevada,http://ufcstats.com/event-details/e9e1acc96536bb4f
651,UFC Fight Night: Emmett vs. Topuria,0,2023, USA,June,24,Jacksonville, Florida,http://ufcstats.com/event-details/a780d16cf7eed44d
650,UFC Fight Night: Vettori vs. Cannonier,0,2023, USA,June,17,Las Vegas, Nevada,http://ufcstats.com/event-details/b9415726dc3ec526
649,UFC 289: Nunes vs. Aldana,1,2023, Canada,June,10,Vancouver, British Columbia,http://ufcstats.com/event-details/b6c6d1731ff00eeb
648,UFC Fight Night: Kara-France vs. Albazi,0,2023, USA,June,03,Las Vegas, Nevada,http://ufcstats.com/event-details/7abe471b61725980
647,UFC Fight Night: Dern vs. Hill,0,2023, USA,May,20,Las Vegas, Nevada,http://ufcstats.com/event-details/6f812143641ceff8
646,UFC Fight Night: Rozenstruik vs. Almeida,0,2023, USA,May,13,Charlotte, North Carolina,http://ufcstats.com/event-details/901cddcbfa079097
645,UFC 288: Sterling vs. Cejudo,1,2023, USA,May,06,Newark, New Jersey,http://ufcstats.com/event-details/3c6976f8182d9527
644,UFC Fight Night: Song vs. Simon,0,2023, USA,April,29,Las Vegas, Nevada,http://ufcstats.com/event-details/51b1e2fd9872005b
643,UFC Fight Night: Pavlovich vs. Blaydes,0,2023, USA,April,22,Las Vegas, Nevada,http://ufcstats.com/event-details/6fb1ba67bef41b37
642,UFC Fight Night: Holloway vs. Allen,0,2023, USA,April,15,Kansas City, Missouri,http://ufcstats.com/event-details/15b1b21cd743d652
641,UFC 287: Pereira vs. Adesanya 2,1,2023, USA,April,08,Miami, Florida,http://ufcstats.com/event-details/3dc3022232b79c7a
640,UFC Fight Night: Vera vs. Sandhagen,0,2023, USA,March,25,San Antonio, Texas,http://ufcstats.com/event-details/aec273fcb765330d
639,UFC 286: Edwards vs. Usman 3,1,2023, United Kingdom,March,18,London, England,http://ufcstats.com/event-details/e4bb7e483c4ad318
638,UFC Fight Night: Yan vs. Dvalishvili,0,2023, USA,March,11,Las Vegas, Nevada,http://ufcstats.com/event-details/35080a7f406f9ab3
637,UFC 285: Jones vs. Gane,1,2023, USA,March,04,Las Vegas, Nevada,http://ufcstats.com/event-details/1ccff7f0cfdf85eb
636,UFC Fight Night: Muniz vs. Allen,0,2023, USA,February,25,Las Vegas, Nevada,http://ufcstats.com/event-details/806975e1b4f47b27
635,UFC Fight Night: Andrade vs. Blanchfield,0,2023, USA,February,18,Las Vegas, Nevada,http://ufcstats.com/event-details/f21a3d68fb9df387
634,UFC 284: Makhachev vs. Volkanovski,1,2023, Australia,February,11,Perth, Western Australia,http://ufcstats.com/event-details/01dd4cdc2446f665
633,UFC Fight Night: Lewis vs. Spivac,0,2023, USA,February,04,Las Vegas, Nevada,http://ufcstats.com/event-details/d26394fc0e8e880a
632,UFC 283: Teixeira vs. Hill,1,2023, Brazil,January,21,Rio de Janeiro, Rio de Janeiro,http://ufcstats.com/event-details/5717efc6f271cd52
631,UFC Fight Night: Strickland vs. Imavov,0,2023, USA,January,14,Las Vegas, Nevada,http://ufcstats.com/event-details/2e2cdb6e9eb84bb9
630,UFC Fight Night: Cannonier vs. Strickland,0,2022, USA,December,17,Las Vegas, Nevada,http://ufcstats.com/event-details/56ec58954158966a
629,UFC 282: Blachowicz vs. Ankalaev,1,2022, USA,December,10,Las Vegas, Nevada,http://ufcstats.com/event-details/f65a0eb902f9476b
628,UFC Fight Night: Thompson vs. Holland,0,2022, USA,December,03,Orlando, Florida,http://ufcstats.com/event-details/b23388ff8ac6637b
627,UFC Fight Night: Nzechukwu vs. Cutelaba,0,2022, USA,November,19,Las Vegas, Nevada,http://ufcstats.com/event-details/012fc7cd0779c09a
626,UFC 281: Adesanya vs. Pereira,1,2022, USA,November,12,New York City, New York,http://ufcstats.com/event-details/b3b6e80b7d5f8f0d
625,UFC Fight Night: Rodriguez vs. Lemos,0,2022, USA,November,05,Las Vegas, Nevada,http://ufcstats.com/event-details/756f45905fb20cb5
624,UFC Fight Night: Kattar vs. Allen,0,2022, USA,October,29,Las Vegas, Nevada,http://ufcstats.com/event-details/be5aab761c40ef35
623,UFC 280: Oliveira vs. Makhachev,1,2022, United Arab Emirates,October,22,Abu Dhabi, Abu Dhabi,http://ufcstats.com/event-details/885e7f70dcac0007
622,UFC Fight Night: Grasso vs. Araujo,0,2022, USA,October,15,Las Vegas, Nevada,http://ufcstats.com/event-details/49c29e57d4e2be6f
621,UFC Fight Night: Dern vs. Yan,0,2022, USA,October,01,Las Vegas, Nevada,http://ufcstats.com/event-details/4f670b7972fa0a2e
620,UFC Fight Night: Sandhagen vs. Song,0,2022, USA,September,17,Las Vegas, Nevada,http://ufcstats.com/event-details/8d477c3fbe001f9d
619,UFC 279: Diaz vs. Ferguson,1,2022, USA,September,10,Las Vegas, Nevada,http://ufcstats.com/event-details/93bf96be327fcd98
618,UFC Fight Night: Gane vs. Tuivasa,0,2022, France,September,03,Paris, Ile-de-France,http://ufcstats.com/event-details/00a905a4a4a2b071
617,UFC 278: Usman vs. Edwards,1,2022, USA,August,20,Salt Lake City, Utah,http://ufcstats.com/event-details/4f853e98886283cf
616,UFC Fight Night: Vera vs. Cruz,0,2022, USA,August,13,San Diego, California,http://ufcstats.com/event-details/a23e63184c65f5b8
615,UFC Fight Night: Santos vs. Hill,0,2022, USA,August,06,Las Vegas, Nevada,http://ufcstats.com/event-details/8f6a18831a120817
614,UFC 277: Pena vs. Nunes 2,1,2022, USA,July,30,Dallas, Texas,http://ufcstats.com/event-details/b0a6124751a56bc4
613,UFC Fight Night: Blaydes vs. Aspinall,0,2022, United Kingdom,July,23,London, England,http://ufcstats.com/event-details/319c15b8aac5bfde
612,UFC Fight Night: Ortega vs. Rodriguez,0,2022, USA,July,16,Elmont, New York,http://ufcstats.com/event-details/8fd76e1b49c00ae2
611,UFC Fight Night: Dos Anjos vs. Fiziev,0,2022, USA,July,09,Las Vegas, Nevada,http://ufcstats.com/event-details/31da66df48c0c1a0
610,UFC 276: Adesanya vs. Cannonier,1,2022, USA,July,02,Las Vegas, Nevada,http://ufcstats.com/event-details/4a9e305633f3ef47
609,UFC Fight Night: Tsarukyan vs. Gamrot,0,2022, USA,June,25,Las Vegas, Nevada,http://ufcstats.com/event-details/eb42d4febfafefd1
608,UFC Fight Night: Kattar vs. Emmett,0,2022, USA,June,18,Austin, Texas,http://ufcstats.com/event-details/a0a680fe2f6cc8e6
607,UFC 275: Teixeira vs. Prochazka,1,2022, Singapore,June,11,Kallang,unknown,http://ufcstats.com/event-details/3a24769a4855040a
606,UFC Fight Night: Volkov vs. Rozenstruik,0,2022, USA,June,04,Las Vegas, Nevada,http://ufcstats.com/event-details/57591bbf1623574e
605,UFC Fight Night: Holm vs. Vieira,0,2022, USA,May,21,Las Vegas, Nevada,http://ufcstats.com/event-details/a6c32678efd4f434
604,UFC Fight Night: Blachowicz vs. Rakic,0,2022, USA,May,14,Las Vegas, Nevada,http://ufcstats.com/event-details/60ba33c3f555a7a3
603,UFC 274: Oliveira vs. Gaethje,1,2022, USA,May,07,Phoenix, Arizona,http://ufcstats.com/event-details/253d3f9e97ca149a
602,UFC Fight Night: Font vs. Vera,0,2022, USA,April,30,Las Vegas, Nevada,http://ufcstats.com/event-details/6bf5a7d3e081ade2
601,UFC Fight Night: Lemos vs. Andrade,0,2022, USA,April,23,Las Vegas, Nevada,http://ufcstats.com/event-details/236a37d96d476164
600,UFC Fight Night: Luque vs. Muhammad,0,2022, USA,April,16,Las Vegas, Nevada,http://ufcstats.com/event-details/8753e125f4499816
599,UFC 273: Volkanovski vs. The Korean Zombie,1,2022, USA,April,09,Jacksonville, Florida,http://ufcstats.com/event-details/3a97fda0de6f1fa4
598,UFC Fight Night: Blaydes vs. Daukaus,0,2022, USA,March,26,Columbus, Ohio,http://ufcstats.com/event-details/1fac46d466abd5b8
597,UFC Fight Night: Volkov vs. Aspinall,0,2022, United Kingdom,March,19,London, England,http://ufcstats.com/event-details/1d00756835ca67c9
596,UFC Fight Night: Santos vs. Ankalaev,0,2022, USA,March,12,Las Vegas, Nevada,http://ufcstats.com/event-details/1f9344211ca7fd60
595,UFC 272: Covington vs. Masvidal,1,2022, USA,March,05,Las Vegas, Nevada,http://ufcstats.com/event-details/75e0d3cc2262b732
594,UFC Fight Night: Makhachev vs. Green,0,2022, USA,February,26,Las Vegas, Nevada,http://ufcstats.com/event-details/f6a7b02c42e9fc5b
593,UFC Fight Night: Walker vs. Hill,0,2022, USA,February,19,Las Vegas, Nevada,http://ufcstats.com/event-details/77940e45bc86208e
592,UFC 271: Adesanya vs. Whittaker 2,1,2022, USA,February,12,Houston, Texas,http://ufcstats.com/event-details/cbb682f5fcc44bfc
591,UFC Fight Night: Hermansson vs. Strickland,0,2022, USA,February,05,Las Vegas, Nevada,http://ufcstats.com/event-details/883922e5cd6d8473
590,UFC 270: Ngannou vs. Gane,1,2022, USA,January,22,Anaheim, California,http://ufcstats.com/event-details/335ad945324c3a2e
589,UFC Fight Night: Kattar vs. Chikadze,0,2022, USA,January,15,Las Vegas, Nevada,http://ufcstats.com/event-details/f5585e675af7afd4
588,UFC Fight Night: Lewis vs. Daukaus,0,2021, USA,December,18,Las Vegas, Nevada,http://ufcstats.com/event-details/2a470ad41c22c25a
587,UFC 269: Oliveira vs. Poirier,1,2021, USA,December,11,Las Vegas, Nevada,http://ufcstats.com/event-details/ef927e4fe2117ab8
586,UFC Fight Night: Font vs. Aldo,0,2021, USA,December,04,Las Vegas, Nevada,http://ufcstats.com/event-details/509697e08673d2e5
585,UFC Fight Night: Vieira vs. Tate,0,2021, USA,November,20,Las Vegas, Nevada,http://ufcstats.com/event-details/c95fbc085e17a532
584,UFC Fight Night: Holloway vs. Rodriguez,0,2021, USA,November,13,Las Vegas, Nevada,http://ufcstats.com/event-details/b5abaa65f87938eb
583,UFC 268: Usman vs. Covington 2,1,2021, USA,November,06,New York City, New York,http://ufcstats.com/event-details/48e093ea1f43a053
582,UFC 267: Blachowicz vs. Teixeira,1,2021, United Arab Emirates,October,30,Abu Dhabi, Abu Dhabi,http://ufcstats.com/event-details/3974fa35c917af1d
581,UFC Fight Night: Costa vs. Vettori,0,2021, USA,October,23,Las Vegas, Nevada,http://ufcstats.com/event-details/8a9c6c4301f6d088
580,UFC Fight Night: Ladd vs. Dumont,0,2021, USA,October,16,Las Vegas, Nevada,http://ufcstats.com/event-details/8f4616698508f24d
579,UFC Fight Night: Dern vs. Rodriguez,0,2021, USA,October,09,Las Vegas, Nevada,http://ufcstats.com/event-details/d247691a6c0e9034
578,UFC Fight Night: Santos vs. Walker,0,2021, USA,October,02,Las Vegas, Nevada,http://ufcstats.com/event-details/e15d0a2519d6a0b5
577,UFC 266: Volkanovski vs. Ortega,1,2021, USA,September,25,Las Vegas, Nevada,http://ufcstats.com/event-details/0eec866a077889f0
576,UFC Fight Night: Smith vs. Spann,0,2021, USA,September,18,Las Vegas, Nevada,http://ufcstats.com/event-details/4c27ca8c8481f79a
575,UFC Fight Night: Brunson vs. Till,0,2021, USA,September,04,Las Vegas, Nevada,http://ufcstats.com/event-details/b9532d815060de7f
574,UFC Fight Night: Barboza vs. Chikadze,0,2021, USA,August,28,Las Vegas, Nevada,http://ufcstats.com/event-details/0db9d2486d564a3c
573,UFC Fight Night: Cannonier vs. Gastelum,0,2021, USA,August,21,Las Vegas, Nevada,http://ufcstats.com/event-details/2f13e4020cea5b38
572,UFC 265: Lewis vs. Gane,1,2021, USA,August,07,Houston, Texas,http://ufcstats.com/event-details/972197a8c61ac413
571,UFC Fight Night: Hall vs. Strickland,0,2021, USA,July,31,Las Vegas, Nevada,http://ufcstats.com/event-details/320edfb0332b7073
570,UFC Fight Night: Sandhagen vs. Dillashaw,0,2021, USA,July,24,Las Vegas, Nevada,http://ufcstats.com/event-details/e57f0b06ea39e360
569,UFC Fight Night: Makhachev vs. Moises,0,2021, USA,July,17,Las Vegas, Nevada,http://ufcstats.com/event-details/40389d39a92f5bfa
568,UFC 264: Poirier vs. McGregor 3,1,2021, USA,July,10,Las Vegas, Nevada,http://ufcstats.com/event-details/8a0be41c0380188d
567,UFC Fight Night: Gane vs. Volkov,0,2021, USA,June,26,Las Vegas, Nevada,http://ufcstats.com/event-details/a1d6b308781aa2f5
566,UFC Fight Night: Jung vs. Ige,0,2021, USA,June,19,Las Vegas, Nevada,http://ufcstats.com/event-details/9ddfb3369a3b0394
565,UFC 263: Adesanya vs. Vettori 2,1,2021, USA,June,12,Glendale, Arizona,http://ufcstats.com/event-details/0b64d0fed453ef7f
564,UFC Fight Night: Rozenstruik vs. Sakai,0,2021, USA,June,05,Las Vegas, Nevada,http://ufcstats.com/event-details/3b2485c8d5c8b580
563,UFC Fight Night: Font vs. Garbrandt,0,2021, USA,May,22,Las Vegas, Nevada,http://ufcstats.com/event-details/277ffed20cf07aea
562,UFC 262: Oliveira vs. Chandler,1,2021, USA,May,15,Houston, Texas,http://ufcstats.com/event-details/744f50016c39c26c
561,UFC Fight Night: Rodriguez vs. Waterson,0,2021, USA,May,08,Las Vegas, Nevada,http://ufcstats.com/event-details/58a36b4ccf5dc30e
560,UFC Fight Night: Reyes vs. Prochazka,0,2021, USA,May,01,Las Vegas, Nevada,http://ufcstats.com/event-details/d57e6a8971b6d2bd
559,UFC 261: Usman vs. Masvidal 2,1,2021, USA,April,24,Jacksonville, Florida,http://ufcstats.com/event-details/27541033b97c076d
558,UFC Fight Night: Whittaker vs. Gastelum,0,2021, USA,April,17,Las Vegas, Nevada,http://ufcstats.com/event-details/4a35913bd9aa4161
557,UFC Fight Night: Vettori vs. Holland,0,2021, USA,April,10,Las Vegas, Nevada,http://ufcstats.com/event-details/9114c8ded5ccd71d
556,UFC 260: Miocic vs. Ngannou,1,2021, USA,March,27,Las Vegas, Nevada,http://ufcstats.com/event-details/6597b611f1c32555
555,UFC Fight Night: Brunson vs. Holland,0,2021, USA,March,20,Las Vegas, Nevada,http://ufcstats.com/event-details/c36e1f4fa755ffb4
554,UFC Fight Night: Edwards vs. Muhammad,0,2021, USA,March,13,Las Vegas, Nevada,http://ufcstats.com/event-details/8c90c1563972e44d
553,UFC 259: Blachowicz vs. Adesanya,1,2021, USA,March,06,Las Vegas, Nevada,http://ufcstats.com/event-details/6e2b1d631832921d
552,UFC Fight Night: Rozenstruik vs. Gane,0,2021, USA,February,27,Las Vegas, Nevada,http://ufcstats.com/event-details/81b57acd6975ac06
551,UFC Fight Night: Blaydes vs. Lewis,0,2021, USA,February,20,Las Vegas, Nevada,http://ufcstats.com/event-details/bfe95ec546692b13
550,UFC 258: Usman vs. Burns,1,2021, USA,February,13,Las Vegas, Nevada,http://ufcstats.com/event-details/3f7c14c7eca7195d
549,UFC Fight Night: Overeem vs. Volkov,0,2021, USA,February,06,Las Vegas, Nevada,http://ufcstats.com/event-details/a1153013cb5f628f
548,UFC 257: Poirier vs. McGregor,1,2021, United Arab Emirates,January,23,Abu Dhabi, Abu Dhabi,http://ufcstats.com/event-details/4304992c2acc187b
547,UFC Fight Night: Chiesa vs. Magny,0,2021, United Arab Emirates,January,20,Abu Dhabi, Abu Dhabi,http://ufcstats.com/event-details/56116537d71a578c
546,UFC Fight Night: Holloway vs. Kattar,0,2021, United Arab Emirates,January,16,Abu Dhabi, Abu Dhabi,http://ufcstats.com/event-details/307064d3e0f036c2
545,UFC Fight Night: Thompson vs. Neal,0,2020, USA,December,19,Las Vegas, Nevada,http://ufcstats.com/event-details/e49c2db95e572dc8
544,UFC 256: Figueiredo vs. Moreno,1,2020, USA,December,12,Las Vegas, Nevada,http://ufcstats.com/event-details/d0d43cb9b14f231c
543,UFC Fight Night: Hermansson vs. Vettori,0,2020, USA,December,05,Las Vegas, Nevada,http://ufcstats.com/event-details/398b440e73d55b8b
542,UFC Fight Night: Smith vs. Clark,0,2020, USA,November,28,Las Vegas, Nevada,http://ufcstats.com/event-details/992c82450d96f726
541,UFC 255: Figueiredo vs. Perez,1,2020, USA,November,21,Las Vegas, Nevada,http://ufcstats.com/event-details/bbb15f301e4a490a
540,UFC Fight Night: Felder vs. Dos Anjos,0,2020, USA,November,14,Las Vegas, Nevada,http://ufcstats.com/event-details/3bc27ec15facbcf3
539,UFC Fight Night: Santos vs. Teixeira,0,2020, USA,November,07,Las Vegas, Nevada,http://ufcstats.com/event-details/41dca66f9dadfc86
538,UFC Fight Night: Hall vs. Silva,0,2020, USA,October,31,Las Vegas, Nevada,http://ufcstats.com/event-details/ad044be25c94dcfd
537,UFC 254: Khabib vs. Gaethje,1,2020, United Arab Emirates,October,24,Abu Dhabi, Abu Dhabi,http://ufcstats.com/event-details/c3c38c86f5ab9b5c
536,UFC Fight Night: Ortega vs. The Korean Zombie,0,2020, United Arab Emirates,October,17,Abu Dhabi, Abu Dhabi,http://ufcstats.com/event-details/d4f364dd076bb0e2
535,UFC Fight Night: Moraes vs. Sandhagen,0,2020, United Arab Emirates,October,10,Abu Dhabi, Abu Dhabi,http://ufcstats.com/event-details/fd4578cac86d75ca
534,UFC Fight Night: Holm vs. Aldana,0,2020, United Arab Emirates,October,03,Abu Dhabi, Abu Dhabi,http://ufcstats.com/event-details/805ad1801eb26abb
533,UFC 253: Adesanya vs. Costa,1,2020, United Arab Emirates,September,26,Abu Dhabi, Abu Dhabi,http://ufcstats.com/event-details/e69c5ce12f4e762b
532,UFC Fight Night: Covington vs. Woodley,0,2020, USA,September,19,Las Vegas, Nevada,http://ufcstats.com/event-details/831b937811804dad
531,UFC Fight Night: Waterson vs. Hill,0,2020, USA,September,12,Las Vegas, Nevada,http://ufcstats.com/event-details/9c37681096c6f3a9
530,UFC Fight Night: Overeem vs. Sakai,0,2020, USA,September,05,Las Vegas, Nevada,http://ufcstats.com/event-details/542db012217ecb83
529,UFC Fight Night: Smith vs. Rakic,0,2020, USA,August,29,Las Vegas, Nevada,http://ufcstats.com/event-details/e29cf523ebd155c5
528,UFC Fight Night: Munhoz vs. Edgar,0,2020, USA,August,22,Las Vegas, Nevada,http://ufcstats.com/event-details/af1e5c64b8663aa0
527,UFC 252: Miocic vs. Cormier 3,1,2020, USA,August,15,Las Vegas, Nevada,http://ufcstats.com/event-details/bda04c573563cc2e
526,UFC Fight Night: Lewis vs. Oleinik,0,2020, USA,August,08,Las Vegas, Nevada,http://ufcstats.com/event-details/7a82635ffa9b59fe
525,UFC Fight Night: Brunson vs. Shahbazyan,0,2020, USA,August,01,Las Vegas, Nevada,http://ufcstats.com/event-details/3746e21bb508391a
524,UFC Fight Night: Whittaker vs. Till,0,2020, United Arab Emirates,July,25,Abu Dhabi, Abu Dhabi,http://ufcstats.com/event-details/dde70a112e053a6c
523,UFC Fight Night: Figueiredo vs. Benavidez 2,0,2020, United Arab Emirates,July,18,Abu Dhabi, Abu Dhabi,http://ufcstats.com/event-details/ddbd0d6259ce57cc
522,UFC Fight Night: Kattar vs. Ige,0,2020, United Arab Emirates,July,15,Abu Dhabi, Abu Dhabi,http://ufcstats.com/event-details/18f5669a92e99d92
521,UFC 251: Usman vs. Masvidal,1,2020, United Arab Emirates,July,11,Abu Dhabi, Abu Dhabi,http://ufcstats.com/event-details/dbd198f780286aca
520,UFC Fight Night: Poirier vs. Hooker,0,2020, USA,June,27,Las Vegas, Nevada,http://ufcstats.com/event-details/c32eab6c2119e989
519,UFC Fight Night: Blaydes vs. Volkov,0,2020, USA,June,20,Las Vegas, Nevada,http://ufcstats.com/event-details/2eab7a6c8b0ed8cc
518,UFC Fight Night: Eye vs. Calvillo,0,2020, USA,June,13,Las Vegas, Nevada,http://ufcstats.com/event-details/1e13936d708bcff7
517,UFC 250: Nunes vs. Spencer,1,2020, USA,June,06,Las Vegas, Nevada,http://ufcstats.com/event-details/4c12aa7ca246e7a4
516,UFC Fight Night: Woodley vs. Burns,0,2020, USA,May,30,Las Vegas, Nevada,http://ufcstats.com/event-details/14b9e0f2679a2205
515,UFC Fight Night: Overeem vs. Harris,0,2020, USA,May,16,Jacksonville, Florida,http://ufcstats.com/event-details/dfb965c9824425db
514,UFC Fight Night: Smith vs. Teixeira,0,2020, USA,May,13,Jacksonville, Florida,http://ufcstats.com/event-details/5f8e00c27b7e7410
513,UFC 249: Ferguson vs. Gaethje,1,2020, USA,May,09,Jacksonville, Florida,http://ufcstats.com/event-details/898337ef520fe4d3
512,UFC Fight Night: Lee vs. Oliveira,0,2020, Brazil,March,14,Brasilia, Distrito Federal,http://ufcstats.com/event-details/53278852bcd91e11
511,UFC 248: Adesanya vs. Romero,1,2020, USA,March,07,Las Vegas, Nevada,http://ufcstats.com/event-details/0b5b6876c2a4723f
510,UFC Fight Night: Benavidez vs. Figueiredo,0,2020, USA,February,29,Norfolk, Virginia,http://ufcstats.com/event-details/fc9a9559a05f2704
509,UFC Fight Night: Felder vs. Hooker,0,2020, New Zealand,February,22,Auckland,unknown,http://ufcstats.com/event-details/33b2f68ef95252e0
508,UFC Fight Night: Anderson vs. Blachowicz,0,2020, USA,February,15,Rio Rancho, New Mexico,http://ufcstats.com/event-details/5df17b3620145578
507,UFC 247: Jones vs. Reyes,1,2020, USA,February,08,Houston, Texas,http://ufcstats.com/event-details/b26d3e3746fb4024
506,UFC Fight Night: Blaydes vs. Dos Santos,0,2020, USA,January,25,Raleigh, North Carolina,http://ufcstats.com/event-details/44aa652b181bcf68
505,UFC 246: McGregor vs. Cowboy,1,2020, USA,January,18,Las Vegas, Nevada,http://ufcstats.com/event-details/0c1773639c795466
504,UFC Fight Night: Edgar vs. The Korean Zombie,0,2019, South Korea,December,21,Busan,unknown,http://ufcstats.com/event-details/74fefd43f073cd2f
503,UFC 245: Usman vs. Covington,1,2019, USA,December,14,Las Vegas, Nevada,http://ufcstats.com/event-details/4565d435005319c0
502,UFC Fight Night: Overeem vs. Rozenstruik,0,2019, USA,December,07,Washington, DC,http://ufcstats.com/event-details/b09890ba7ce1d1e2
501,UFC Fight Night: Blachowicz vs. Jacare,0,2019, Brazil,November,16,Sao Paulo, Sao Paulo,http://ufcstats.com/event-details/81ca2c245b19b3c5
500,UFC Fight Night: Zabit vs. Kattar,0,2019, Russia,November,09,Moscow, Moscow,http://ufcstats.com/event-details/8d5daf67983b65ba
499,UFC 244: Masvidal vs. Diaz,1,2019, USA,November,02,New York City, New York,http://ufcstats.com/event-details/fd87b1bbfcde9d5e
498,UFC Fight Night: Maia vs. Askren,0,2019, Singapore,October,26,Kallang,unknown,http://ufcstats.com/event-details/df05aa15b2d66f57
497,UFC Fight Night: Reyes vs. Weidman,0,2019, USA,October,18,Boston, Massachusetts,http://ufcstats.com/event-details/3ae10ac4df3df05c
496,UFC Fight Night: Joanna vs. Waterson,0,2019, USA,October,12,Tampa, Florida,http://ufcstats.com/event-details/0941df56f6ac954b
495,UFC 243: Whittaker vs. Adesanya,1,2019, Australia,October,05,Melbourne, Victoria,http://ufcstats.com/event-details/3cf68c1d17f66af7
494,UFC Fight Night: Hermansson vs. Cannonier,0,2019, Denmark,September,28,Copenhagen,unknown,http://ufcstats.com/event-details/1bf49bf829964144
493,UFC Fight Night: Rodriguez vs. Stephens,0,2019, Mexico,September,21,Mexico City, Distrito Federal,http://ufcstats.com/event-details/94a5aaf573f780ad
492,UFC Fight Night: Cowboy vs. Gaethje,0,2019, Canada,September,14,Vancouver, British Columbia,http://ufcstats.com/event-details/4834ff149dc9542a
491,UFC 242: Khabib vs. Poirier,1,2019, United Arab Emirates,September,07,Abu Dhabi, Abu Dhabi,http://ufcstats.com/event-details/a79bfbc01b2264d6
490,UFC Fight Night: Andrade vs. Zhang,0,2019, China,August,31,Shenzhen, Guangdong,http://ufcstats.com/event-details/2c104b7e59a72629
489,UFC 241: Cormier vs. Miocic 2,1,2019, USA,August,17,Anaheim, California,http://ufcstats.com/event-details/70167689d6a01793
488,UFC Fight Night: Shevchenko vs. Carmouche 2,0,2019, Uruguay,August,10,Montevideo,unknown,http://ufcstats.com/event-details/e5d03e4d966126bd
487,UFC Fight Night: Covington vs. Lawler,0,2019, USA,August,03,Newark, New Jersey,http://ufcstats.com/event-details/03da33a102d9a45f
486,UFC 240: Holloway vs. Edgar,1,2019, Canada,July,27,Edmonton, Alberta,http://ufcstats.com/event-details/abcf7e55a0a9ed89
485,UFC Fight Night: Dos Anjos vs. Edwards,0,2019, USA,July,20,San Antonio, Texas,http://ufcstats.com/event-details/9e0f28d1f639ad73
484,UFC Fight Night: De Randamie vs. Ladd,0,2019, USA,July,13,Sacramento, California,http://ufcstats.com/event-details/2f8f3c69522db931
483,UFC 239: Jones vs. Santos,1,2019, USA,July,06,Las Vegas, Nevada,http://ufcstats.com/event-details/6c9383ffab2725a5
482,UFC Fight Night: Ngannou vs. Dos Santos,0,2019, USA,June,29,Minneapolis, Minnesota,http://ufcstats.com/event-details/c0c1bc0766df4c00
481,UFC Fight Night: Moicano vs. The Korean Zombie,0,2019, USA,June,22,Greenville, South Carolina,http://ufcstats.com/event-details/b16a7e6a627e9789
480,UFC 238: Cejudo vs. Moraes,1,2019, USA,June,08,Chicago, Illinois,http://ufcstats.com/event-details/e31502e3f79d00c5
479,UFC Fight Night: Gustafsson vs. Smith,0,2019, Sweden,June,01,Stockholm,unknown,http://ufcstats.com/event-details/cbc071cb20ea59c7
478,UFC Fight Night: Dos Anjos vs. Lee,0,2019, USA,May,18,Rochester, New York,http://ufcstats.com/event-details/6b8f28da9a483049
477,UFC 237: Namajunas vs. Andrade,1,2019, Brazil,May,11,Rio de Janeiro, Rio de Janeiro,http://ufcstats.com/event-details/9de7c97e1c0d7927
476,UFC Fight Night: Iaquinta vs. Cowboy,0,2019, Canada,May,04,Ottawa, Ontario,http://ufcstats.com/event-details/351264d11286d09a
475,UFC Fight Night: Jacare vs. Hermansson,0,2019, USA,April,27,Sunrise, Florida,http://ufcstats.com/event-details/c912f676692c353a
474,UFC Fight Night: Overeem vs. Oleinik,0,2019, Russia,April,20,Saint Petersburg, Saint Petersburg,http://ufcstats.com/event-details/7dcf06c1967801c1
473,UFC 236: Holloway vs. Poirier 2,1,2019, USA,April,13,Atlanta, Georgia,http://ufcstats.com/event-details/b0550072e5f0afa7
472,UFC Fight Night: Barboza vs. Gaethje,0,2019, USA,March,30,Philadelphia, Pennsylvania,http://ufcstats.com/event-details/9649d75defe0dedb
471,UFC Fight Night: Thompson vs. Pettis,0,2019, USA,March,23,Nashville, Tennessee,http://ufcstats.com/event-details/487c170da059857d
470,UFC Fight Night: Till vs. Masvidal,0,2019, United Kingdom,March,16,London, England,http://ufcstats.com/event-details/80eacd4da0617c57
469,UFC Fight Night: Lewis vs. Dos Santos,0,2019, USA,March,09,Wichita, Kansas,http://ufcstats.com/event-details/e96d8538d3f9d0ed
468,UFC 235: Jones vs. Smith,1,2019, USA,March,02,Las Vegas, Nevada,http://ufcstats.com/event-details/2d5fbe2103f97053
467,UFC Fight Night: Blachowicz vs. Santos,0,2019, Czech Republic,February,23,Prague,unknown,http://ufcstats.com/event-details/6546af7ab545b90c
466,UFC Fight Night: Ngannou vs. Velasquez,0,2019, USA,February,17,Phoenix, Arizona,http://ufcstats.com/event-details/a7a79b8efbceaaac
465,UFC 234: Adesanya vs. Silva,1,2019, Australia,February,09,Melbourne, Victoria,http://ufcstats.com/event-details/b5882371e2a3900d
464,UFC Fight Night: Assuncao vs. Moraes 2,0,2019, Brazil,February,02,Fortaleza, Ceara,http://ufcstats.com/event-details/84283233ec42be5f
463,UFC Fight Night: Cejudo vs. Dillashaw,0,2019, USA,January,19,Brooklyn, New York,http://ufcstats.com/event-details/d4da8995fc91e7ef
462,UFC 232: Jones vs. Gustafsson 2,1,2018, USA,December,29,Los Angeles, California,http://ufcstats.com/event-details/c046100aea0dba9a
461,UFC Fight Night: Lee vs. Iaquinta,0,2018, USA,December,15,Milwaukee, Wisconsin,http://ufcstats.com/event-details/7a703c565ccaa18f
460,UFC 231: Holloway vs. Ortega,1,2018, Canada,December,08,Toronto, Ontario,http://ufcstats.com/event-details/2a74bbba57058f12
459,UFC Fight Night: Dos Santos vs. Tuivasa,0,2018, Australia,December,01,Adelaide, South Australia,http://ufcstats.com/event-details/d1d20e651e6cbc02
458,The Ultimate Fighter: Heavy Hitters Finale,1,2018, USA,November,30,Las Vegas, Nevada,http://ufcstats.com/event-details/c7ac79839e86ce33
457,UFC Fight Night: Blaydes vs. Ngannou 2,0,2018, China,November,24,Beijing,unknown,http://ufcstats.com/event-details/de25520d54eab12d
456,UFC Fight Night: Magny vs. Ponzinibbio,0,2018, Argentina,November,17,Buenos Aires, Buenos Aires,http://ufcstats.com/event-details/aa3153a9941b4d44
455,UFC Fight Night: Korean Zombie vs. Rodriguez,0,2018, USA,November,10,Denver, Colorado,http://ufcstats.com/event-details/42c96a9c4802e2e1
454,UFC 230: Cormier vs. Lewis,1,2018, USA,November,03,New York City, New York,http://ufcstats.com/event-details/20821819c401ced8
453,UFC Fight Night: Oezdemir vs. Smith,0,2018, Canada,October,27,Moncton, New Brunswick,http://ufcstats.com/event-details/33a331684283900f
452,UFC 229: Khabib vs. McGregor,1,2018, USA,October,06,Las Vegas, Nevada,http://ufcstats.com/event-details/1ef0eae31904e534
451,UFC Fight Night: Marreta vs. Anders,0,2018, Brazil,September,22,Sao Paulo, Sao Paulo,http://ufcstats.com/event-details/852454c572675334
450,UFC Fight Night: Hunt vs. Oleinik,0,2018, Russia,September,15,Moscow, Moscow,http://ufcstats.com/event-details/8d49545dadf9b919
449,UFC 228: Woodley vs. Till,1,2018, USA,September,08,Dallas, Texas,http://ufcstats.com/event-details/d5ae8074631762fc
448,UFC Fight Night: Gaethje vs. Vick,0,2018, USA,August,25,Lincoln, Nebraska,http://ufcstats.com/event-details/c0342805a1948cbb
447,UFC 227: Dillashaw vs. Garbrandt 2,1,2018, USA,August,04,Los Angeles, California,http://ufcstats.com/event-details/03b1e846b09f721d
446,UFC Fight Night: Alvarez vs. Poirier 2,0,2018, Canada,July,28,Calgary, Alberta,http://ufcstats.com/event-details/322a56923b396b4d
445,UFC Fight Night: Shogun vs. Smith,0,2018, Germany,July,22,Hamburg, Hamburg,http://ufcstats.com/event-details/4f732e58ed907eff
444,UFC Fight Night: Dos Santos vs. Ivanov,0,2018, USA,July,14,Boise, Idaho,http://ufcstats.com/event-details/b45d6b73f4ca4467
443,UFC 226: Miocic vs. Cormier,1,2018, USA,July,07,Las Vegas, Nevada,http://ufcstats.com/event-details/35585d970300d45a
442,The Ultimate Fighter: Undefeated Finale,1,2018, USA,July,06,Las Vegas, Nevada,http://ufcstats.com/event-details/8215e4fe24e8e81b
441,UFC Fight Night: Cowboy vs. Edwards,0,2018, Singapore,June,23,Kallang,unknown,http://ufcstats.com/event-details/ac5f67109accb482
440,UFC 225: Whittaker vs. Romero 2,1,2018, USA,June,09,Chicago, Illinois,http://ufcstats.com/event-details/2eae41f61776c60f
439,UFC Fight Night: Rivera vs. Moraes,0,2018, USA,June,01,Utica, New York,http://ufcstats.com/event-details/d29b5c4f22c6357d
438,UFC Fight Night: Thompson vs. Till,0,2018, United Kingdom,May,27,Liverpool, England,http://ufcstats.com/event-details/f5990c11974d8e9c
437,UFC Fight Night: Maia vs. Usman,0,2018, Chile,May,19,Santiago,unknown,http://ufcstats.com/event-details/3144121470023e9a
436,UFC 224: Nunes vs. Pennington,1,2018, Brazil,May,12,Rio de Janeiro, Rio de Janeiro,http://ufcstats.com/event-details/67ec58d7cf599835
435,UFC Fight Night: Barboza vs. Lee,0,2018, USA,April,21,Atlantic City, New Jersey,http://ufcstats.com/event-details/ad99fa5325519169
434,UFC Fight Night: Poirier vs. Gaethje,0,2018, USA,April,14,Glendale, Arizona,http://ufcstats.com/event-details/620be7e0712d431b
433,UFC 223: Khabib vs. Iaquinta,1,2018, USA,April,07,Brooklyn, New York,http://ufcstats.com/event-details/49e7e05f902479ca
432,UFC Fight Night: Werdum vs. Volkov,0,2018, United Kingdom,March,17,London, England,http://ufcstats.com/event-details/eed2b71d77d95416
431,UFC 222: Cyborg vs. Kunitskaya,1,2018, USA,March,03,Las Vegas, Nevada,http://ufcstats.com/event-details/7929be8290289a47
430,UFC Fight Night: Emmett vs. Stephens,0,2018, USA,February,24,Orlando, Florida,http://ufcstats.com/event-details/daa89f01e1c0f42a
429,UFC Fight Night: Cerrone vs. Medeiros,0,2018, USA,February,18,Austin, Texas,http://ufcstats.com/event-details/d181689653115b6a
428,UFC 221: Romero vs. Rockhold,1,2018, Australia,February,10,Perth, Western Australia,http://ufcstats.com/event-details/15515e797aedc137
427,UFC Fight Night: Machida vs. Anders,0,2018, Brazil,February,03,Belem, Para,http://ufcstats.com/event-details/7cf20446453f852b
426,UFC Fight Night: Jacare vs. Brunson 2,0,2018, USA,January,27,Charlotte, North Carolina,http://ufcstats.com/event-details/602bb270f2bdbf02
425,UFC 220: Miocic vs. Ngannou,1,2018, USA,January,20,Boston, Massachusetts,http://ufcstats.com/event-details/02177caefe7c07d4
424,UFC Fight Night: Stephens vs. Choi,0,2018, USA,January,14,St. Louis, Missouri,http://ufcstats.com/event-details/fc1868f56d3036eb
423,UFC 219: Cyborg vs. Holm,1,2017, USA,December,30,Las Vegas, Nevada,http://ufcstats.com/event-details/04076783ca83d6ae
422,UFC Fight Night: Lawler vs. Dos Anjos,0,2017, Canada,December,16,Winnipeg, Manitoba,http://ufcstats.com/event-details/eaa0a728cc91ef60
421,UFC Fight Night: Swanson vs. Ortega,0,2017, USA,December,09,Fresno, California,http://ufcstats.com/event-details/bcd124bcd3d5be46
420,UFC 218: Holloway vs. Aldo 2,1,2017, USA,December,02,Detroit, Michigan,http://ufcstats.com/event-details/9e30f69cc0869301
419,The Ultimate Fighter: A New World Champion Finale,1,2017, USA,December,01,Las Vegas, Nevada,http://ufcstats.com/event-details/30e8b4505f5ccf92
418,UFC Fight Night: Bisping vs. Gastelum,0,2017, China,November,25,Shanghai, Hebei,http://ufcstats.com/event-details/e7bc606d269896aa
417,UFC Fight Night: Werdum vs. Tybura,0,2017, Australia,November,18,Sydney, New South Wales,http://ufcstats.com/event-details/caced97768818230
416,UFC Fight Night: Poirier vs. Pettis,0,2017, USA,November,11,Norfolk, Virginia,http://ufcstats.com/event-details/d856a0080ac09ed7
415,UFC 217: Bisping vs. St-Pierre,1,2017, USA,November,04,New York City, New York,http://ufcstats.com/event-details/a25b71fe5e31fa97
414,UFC Fight Night: Brunson vs. Machida,0,2017, Brazil,October,28,Sao Paulo, Sao Paulo,http://ufcstats.com/event-details/a7724f51e32e763e
413,UFC Fight Night: Cerrone vs. Till,0,2017, Poland,October,21,Gdansk,unknown,http://ufcstats.com/event-details/d6b68eaf4b68b160
412,UFC 216: Ferguson vs. Lee,1,2017, USA,October,07,Las Vegas, Nevada,http://ufcstats.com/event-details/cc5834a495d1ea08
411,UFC Fight Night: Saint Preux vs. Okami,0,2017, Japan,September,22,Saitama, Saitama,http://ufcstats.com/event-details/9211aae062b799d6
410,UFC Fight Night: Rockhold vs. Branch,0,2017, USA,September,16,Pittsburgh, Pennsylvania,http://ufcstats.com/event-details/1979c80150f630c4
409,UFC 215: Nunes vs Shevchenko 2,1,2017, Canada,September,09,Edmonton, Alberta,http://ufcstats.com/event-details/d86e913c548c07c2
408,UFC Fight Night: Volkov vs. Struve,0,2017, Netherlands,September,02,Rotterdam, Zuid-Holland,http://ufcstats.com/event-details/a3244e3238541482
407,UFC Fight Night: Pettis vs. Moreno,0,2017, Mexico,August,05,Mexico City, Distrito Federal,http://ufcstats.com/event-details/f4a031ac205ac580
406,UFC 214: Cormier vs. Jones 2,1,2017, USA,July,29,Anaheim, California,http://ufcstats.com/event-details/ff9578cdbfabd323
405,UFC Fight Night: Weidman vs. Gastelum,0,2017, USA,July,22,Uniondale, New York,http://ufcstats.com/event-details/9f3d6ddef3d3cccc
404,UFC Fight Night: Nelson vs. Ponzinibbio,0,2017, United Kingdom,July,16,Glasgow, Scotland,http://ufcstats.com/event-details/d7907a9a968e4d29
403,UFC 213: Romero vs. Whittaker,1,2017, USA,July,08,Las Vegas, Nevada,http://ufcstats.com/event-details/686cccbf1a4de453
402,The Ultimate Fighter: Redemption Finale,1,2017, USA,July,07,Las Vegas, Nevada,http://ufcstats.com/event-details/23bd78c3f89bdb54
401,UFC Fight Night: Chiesa vs. Lee,0,2017, USA,June,25,Oklahoma City, Oklahoma,http://ufcstats.com/event-details/99bf06f20491cb54
400,UFC Fight Night: Holm vs. Correia,0,2017, Singapore,June,17,Kallang,unknown,http://ufcstats.com/event-details/353de740bb6c7e75
399,UFC Fight Night: Lewis vs. Hunt,0,2017, New Zealand,June,10,Auckland,unknown,http://ufcstats.com/event-details/90e7447d8b7f3f35
398,UFC 212: Aldo vs. Holloway,1,2017, Brazil,June,03,Rio de Janeiro, Rio de Janeiro,http://ufcstats.com/event-details/1507214bbc7a79e2
397,UFC Fight Night: Gustafsson vs. Teixeira,0,2017, Sweden,May,28,Stockholm,unknown,http://ufcstats.com/event-details/1c7cce2f5c17160d
396,UFC 211: Miocic vs. Dos Santos,1,2017, USA,May,13,Dallas, Texas,http://ufcstats.com/event-details/5df10509264586e5
395,UFC Fight Night: Swanson vs. Lobov,0,2017, USA,April,22,Nashville, Tennessee,http://ufcstats.com/event-details/bc7f7f0ba3db74d2
394,UFC on FOX: Johnson vs. Reis,1,2017, USA,April,15,Kansas City, Missouri,http://ufcstats.com/event-details/ed069a95aaaf4f56
393,UFC 210: Cormier vs. Johnson 2,1,2017, USA,April,08,Buffalo, New York,http://ufcstats.com/event-details/e7bfdb5e0112891e
392,UFC Fight Night: Manuwa vs. Anderson,0,2017, United Kingdom,March,18,London, England,http://ufcstats.com/event-details/c0231720fe516994
391,UFC Fight Night: Belfort vs. Gastelum,0,2017, Brazil,March,11,Fortaleza, Ceara,http://ufcstats.com/event-details/47b7e4e60813b7b2
390,UFC 209: Woodley vs. Thompson 2,1,2017, USA,March,04,Las Vegas, Nevada,http://ufcstats.com/event-details/20e403a1acfef130
389,UFC Fight Night: Lewis vs. Browne,0,2017, Canada,February,19,Halifax, Nova Scotia,http://ufcstats.com/event-details/b4ad3a06ee4d660c
388,UFC 208: Holm vs. De Randamie,1,2017, USA,February,11,Brooklyn, New York,http://ufcstats.com/event-details/865aa315ea62c511
387,UFC Fight Night: Bermudez vs. The Korean Zombie,0,2017, USA,February,04,Houston, Texas,http://ufcstats.com/event-details/6a8a06b542e1516d
386,UFC on FOX: Shevchenko vs. Pena,1,2017, USA,January,28,Denver, Colorado,http://ufcstats.com/event-details/4512e46543b960ad
385,UFC Fight Night: Rodriguez vs. Penn,0,2017, USA,January,15,Phoenix, Arizona,http://ufcstats.com/event-details/46effbd1135423c5
384,UFC 207: Nunes vs. Rousey,1,2016, USA,December,30,Las Vegas, Nevada,http://ufcstats.com/event-details/4b2390cfaceb91d8
383,UFC on FOX: VanZant vs. Waterson,1,2016, USA,December,17,Sacramento, California,http://ufcstats.com/event-details/32541eb5d12668b4
382,UFC 206: Holloway vs. Pettis,1,2016, Canada,December,10,Toronto, Ontario,http://ufcstats.com/event-details/6e3282d57d2467a0
381,UFC Fight Night: Lewis vs. Abdurakhimov,0,2016, USA,December,09,Albany, New York,http://ufcstats.com/event-details/7139cd2ae4bf6a29
380,The Ultimate Fighter: Tournament of Champions Finale,1,2016, USA,December,03,Las Vegas, Nevada,http://ufcstats.com/event-details/bd4389b71fdc0ce2
379,UFC Fight Night: Whittaker vs. Brunson,0,2016, Australia,November,26,Melbourne, Victoria,http://ufcstats.com/event-details/73e09f837f3b5ecc
378,UFC Fight Night: Bader vs. Nogueira,0,2016, Brazil,November,19,Sao Paulo, Sao Paulo,http://ufcstats.com/event-details/5cde96e0a1a1fffe
377,UFC Fight Night: Mousasi vs. Hall 2,0,2016, United Kingdom,November,19,Belfast, Northern Ireland,http://ufcstats.com/event-details/6810d8d2dd557cf9
376,UFC 205: Alvarez vs McGregor,1,2016, USA,November,12,New York City, New York,http://ufcstats.com/event-details/4956f60b7fa57c1a
375,UFC Fight Night: Dos Anjos vs. Ferguson,0,2016, Mexico,November,05,Mexico City, Distrito Federal,http://ufcstats.com/event-details/6083f497c22cc075
374,UFC 204: Bisping vs. Henderson,1,2016, United Kingdom,October,08,Manchester, England,http://ufcstats.com/event-details/154a6b3ffae264cd
373,UFC Fight Night: Lineker vs. Dodson,0,2016, USA,October,01,Portland, Oregon,http://ufcstats.com/event-details/a196332ee4aa8a82
372,UFC Fight Night: Cyborg vs. Lansberg,0,2016, Brazil,September,24,Brasilia, Distrito Federal,http://ufcstats.com/event-details/e18012194473e8b0
371,UFC Fight Night: Poirier vs. Johnson,0,2016, USA,September,17,Hidalgo, Texas,http://ufcstats.com/event-details/d6455cb4bee503ce
370,UFC 203: Miocic vs. Overeem,1,2016, USA,September,10,Cleveland, Ohio,http://ufcstats.com/event-details/2dc7f1762dc0a7ef
369,UFC Fight Night: Arlovski vs. Barnett,0,2016, Germany,September,03,Hamburg, Hamburg,http://ufcstats.com/event-details/2b4faacc16d66898
368,UFC on FOX: Maia vs. Condit,1,2016, Canada,August,27,Vancouver, British Columbia,http://ufcstats.com/event-details/cfbccfed4e4796fe
367,UFC 202: Diaz vs. McGregor 2,1,2016, USA,August,20,Las Vegas, Nevada,http://ufcstats.com/event-details/5da4e8dc02e50ac0
366,UFC Fight Night: Rodriguez vs. Caceres,0,2016, USA,August,06,Salt Lake City, Utah,http://ufcstats.com/event-details/232c582f29f8f65e
365,UFC 201: Lawler vs. Woodley,1,2016, USA,July,30,Atlanta, Georgia,http://ufcstats.com/event-details/72cbe507644a587c
364,UFC on FOX: Holm vs. Shevchenko,1,2016, USA,July,23,Chicago, Illinois,http://ufcstats.com/event-details/8a028648f3f0761d
363,UFC Fight Night: McDonald vs. Lineker,0,2016, USA,July,13,Sioux Falls, South Dakota,http://ufcstats.com/event-details/5e7a28f20927d64a
362,UFC 200: Tate vs Nunes,1,2016, USA,July,09,Las Vegas, Nevada,http://ufcstats.com/event-details/aa5b4eff51bdc7d1
361,The Ultimate Fighter: Team Joanna vs. Team Cláudia Finale,1,2016, USA,July,08,Las Vegas, Nevada,http://ufcstats.com/event-details/cd42bbe8887bba90
360,UFC Fight Night: Dos Anjos vs. Alvarez,0,2016, USA,July,07,Las Vegas, Nevada,http://ufcstats.com/event-details/45a2ba3ef82b9700
359,UFC Fight Night: MacDonald vs Thompson,0,2016, Canada,June,18,Ottawa, Ontario,http://ufcstats.com/event-details/563d051c9e769b24
358,UFC 199: Rockhold vs. Bisping 2,1,2016, USA,June,04,Los Angeles, California,http://ufcstats.com/event-details/ff4c3ab594c7fac3
357,UFC Fight Night: Almeida vs Garbrandt,0,2016, USA,May,29,Las Vegas, Nevada,http://ufcstats.com/event-details/990060b2a68a7b82
356,UFC 198: Werdum vs Miocic,1,2016, Brazil,May,14,Curitiba, Parana,http://ufcstats.com/event-details/a4bf17bd3ba3423b
355,UFC Fight Night: Overeem vs Arlovski,0,2016, Netherlands,May,08,Rotterdam, Zuid-Holland,http://ufcstats.com/event-details/a314687f372b2cec
354,UFC 197: Jones vs Saint Preux,1,2016, USA,April,23,Las Vegas, Nevada,http://ufcstats.com/event-details/3d481aa374c954a1
353,UFC on FOX: Teixeira vs Evans,1,2016, USA,April,16,Tampa, Florida,http://ufcstats.com/event-details/e7e970d508529bf3
352,UFC Fight Night: Rothwell vs Dos Santos,0,2016, Croatia,April,10,Zagreb,unknown,http://ufcstats.com/event-details/4887e5bc4dbb73ff
351,UFC Fight Night: Hunt vs Mir,0,2016, Australia,March,19,Brisbane, Queensland,http://ufcstats.com/event-details/e60201cfab7d656d
350,UFC 196: McGregor vs Diaz,1,2016, USA,March,05,Las Vegas, Nevada,http://ufcstats.com/event-details/db1f2ed63b54b9a7
349,UFC Fight Night: Silva vs Bisping,0,2016, United Kingdom,February,27,London, England,http://ufcstats.com/event-details/39c568f8c579913e
348,UFC Fight Night: Cowboy vs Cowboy,0,2016, USA,February,21,Pittsburgh, Pennsylvania,http://ufcstats.com/event-details/d56bb6dff2ae77eb
347,UFC Fight Night: Hendricks vs Thompson,0,2016, USA,February,06,Las Vegas, Nevada,http://ufcstats.com/event-details/de99da2c0d18d34a
346,UFC on FOX: Johnson vs. Bader,1,2016, USA,January,30,Newark, New Jersey,http://ufcstats.com/event-details/b3fb8d2293e17a59
345,UFC Fight Night: Dillashaw vs Cruz,0,2016, USA,January,17,Boston, Massachusetts,http://ufcstats.com/event-details/c6becb722706c7d8
344,UFC 195: Lawler vs Condit,1,2016, USA,January,02,Las Vegas, Nevada,http://ufcstats.com/event-details/380e8b023290d091
343,UFC on FOX: Dos Anjos vs. Cowboy 2,1,2015, USA,December,19,Orlando, Florida,http://ufcstats.com/event-details/80d918336163b80c
342,UFC 194: Aldo vs McGregor,1,2015, USA,December,12,Las Vegas, Nevada,http://ufcstats.com/event-details/354808cf38d9d73c
341,The Ultimate Fighter: Team McGregor vs. Team Faber Finale,1,2015, USA,December,11,Las Vegas, Nevada,http://ufcstats.com/event-details/20fbff570c678e1c
340,UFC Fight Night: Namajunas vs. VanZant,0,2015, USA,December,10,Las Vegas, Nevada,http://ufcstats.com/event-details/dd39f1ca787a3d9d
339,UFC Fight Night: Henderson vs Masvidal,0,2015, South Korea,November,28,Seoul,unknown,http://ufcstats.com/event-details/4d636c3aa1105950
338,UFC Fight Night: Magny vs Gastelum,0,2015, Mexico,November,21,Monterrey, Nuevo Leon,http://ufcstats.com/event-details/243b07fc65ccbb16
337,UFC 193: Rousey vs Holm,1,2015, Australia,November,14,Melbourne, Victoria,http://ufcstats.com/event-details/8d04923f2db59b7f
336,UFC Fight Night: Belfort vs Henderson 3,0,2015, Brazil,November,07,Sao Paulo, Sao Paulo,http://ufcstats.com/event-details/5345f86680378fc1
335,UFC Fight Night: Holohan vs Smolka,0,2015, Ireland,October,24,Dublin, Leinster,http://ufcstats.com/event-details/f3155a94ca420126
334,UFC 192: Cormier vs Gustafsson,1,2015, USA,October,03,Houston, Texas,http://ufcstats.com/event-details/119ebea97e914dcf
333,UFC Fight Night: Barnett vs Nelson,0,2015, Japan,September,26,Saitama,unknown,http://ufcstats.com/event-details/a4dd5c9a75763295
332,UFC 191: Johnson vs Dodson 2,1,2015, USA,September,05,Las Vegas, Nevada,http://ufcstats.com/event-details/82f5c81f4e3c3eb5
331,UFC Fight Night: Holloway vs Oliveira,0,2015, Canada,August,23,Saskatoon, Saskatchewan,http://ufcstats.com/event-details/2ce6541127b0e232
330,UFC Fight Night: Teixeira vs Saint Preux,0,2015, USA,August,08,Nashville, Tennessee,http://ufcstats.com/event-details/b71667c778b6d9e5
329,UFC 190: Rousey vs Correia,1,2015, Brazil,August,01,Rio de Janeiro, Rio de Janeiro,http://ufcstats.com/event-details/a9c45a8b21eabadc
328,UFC on FOX: Dillashaw vs. Barao II,1,2015, USA,July,25,Chicago, Illinois,http://ufcstats.com/event-details/0c3838c8f7c620c2
327,UFC Fight Night: Bisping vs Leites,0,2015, United Kingdom,July,18,Glasgow, Scotland,http://ufcstats.com/event-details/ef7fa30364cbe7f2
326,UFC Fight Night: Mir vs Duffee,0,2015, USA,July,15,San Diego, California,http://ufcstats.com/event-details/36877f0e62b25b96
325,The Ultimate Fighter: American Top Team vs. Blackzilians Finale,1,2015, USA,July,12,Las Vegas, Nevada,http://ufcstats.com/event-details/a890f9a791ed615d
324,UFC 189: Mendes vs McGregor,1,2015, USA,July,11,Las Vegas, Nevada,http://ufcstats.com/event-details/3be081c29bf734d9
323,UFC Fight Night: Machida vs Romero,0,2015, USA,June,27,Hollywood, Florida,http://ufcstats.com/event-details/86e388ed20761ad9
322,UFC Fight Night: Jedrzejczyk vs Penne,0,2015, Germany,June,20,Berlin, Berlin,http://ufcstats.com/event-details/194fc025f9355db6
321,UFC 188: Velasquez vs Werdum,1,2015, Mexico,June,13,Mexico City, Distrito Federal,http://ufcstats.com/event-details/a58114c6dd0add64
320,UFC Fight Night: Boetsch vs Henderson,0,2015, USA,June,06,New Orleans, Louisiana,http://ufcstats.com/event-details/06dc1a58663579d2
319,UFC Fight Night: Condit vs Alves,0,2015, Brazil,May,30,Goiania, Goias,http://ufcstats.com/event-details/aae0897825336b1a
318,UFC 187: Johnson vs Cormier,1,2015, USA,May,23,Las Vegas, Nevada,http://ufcstats.com/event-details/4f7e290e71d60f87
317,UFC Fight Night: Edgar vs Faber,0,2015, Philippines,May,16,Manila,unknown,http://ufcstats.com/event-details/b1605ea39fba6af6
316,UFC Fight Night: Miocic vs Hunt,0,2015, Australia,May,09,Adelaide, South Australia,http://ufcstats.com/event-details/8a1b4330c7957961
315,UFC 186: Johnson vs Horiguchi,1,2015, Canada,April,25,Montreal, Quebec,http://ufcstats.com/event-details/997b4f52f76a0b53
314,UFC on FOX: Machida vs Rockhold,1,2015, USA,April,18,Newark, New Jersey,http://ufcstats.com/event-details/bc7cf284c1c2f16e
313,UFC Fight Night: Gonzaga vs Cro Cop 2,0,2015, Poland,April,11,Krakow,unknown,http://ufcstats.com/event-details/5de61b03868035ff
312,UFC Fight Night: Mendes vs Lamas,0,2015, USA,April,04,Fairfax, Virginia,http://ufcstats.com/event-details/16d09e800ad7ec79
311,UFC Fight Night: Maia vs LaFlare,0,2015, Brazil,March,21,Rio de Janeiro,unknown,http://ufcstats.com/event-details/fa534853eb195270
310,UFC 185: Pettis vs Dos Anjos,1,2015, USA,March,14,Dallas, Texas,http://ufcstats.com/event-details/f54200f1dfb9b5d4
309,UFC 184: Rousey vs Zingano,1,2015, USA,February,28,Los Angeles, California,http://ufcstats.com/event-details/ad4e9055bf8cd04d
308,UFC Fight Night: Bigfoot vs Mir,0,2015, Brazil,February,22,Porto Alegre, Rio Grande do Sul,http://ufcstats.com/event-details/0577808d22dfe79c
307,UFC Fight Night: Henderson vs Thatch,0,2015, USA,February,14,Broomfield, Colorado,http://ufcstats.com/event-details/f9c7fe2682af3802
306,UFC 183: Silva vs Diaz,1,2015, USA,January,31,Las Vegas, Nevada,http://ufcstats.com/event-details/43563a32c3f10e95
305,UFC on FOX: Gustafsson vs Johnson,1,2015, Sweden,January,24,Stockholm,unknown,http://ufcstats.com/event-details/706404da0775dcbc
304,UFC Fight Night: McGregor vs Siver,0,2015, USA,January,18,Boston, Massachusetts,http://ufcstats.com/event-details/f9aa6376ae16bfb4
303,UFC 182: Jones vs Cormier,1,2015, USA,January,03,Las Vegas, Nevada,http://ufcstats.com/event-details/a72d260b436924c4
302,UFC Fight Night: Machida vs Dollaway,0,2014, Brazil,December,20,Barueri, Sao Paulo,http://ufcstats.com/event-details/4e5bbc4566049cbf
301,UFC on FOX: Dos Santos vs Miocic,1,2014, USA,December,13,Phoenix, Arizona,http://ufcstats.com/event-details/d4a12dfa4067742f
300,The Ultimate Fighter: A Champion Will Be Crowned Finale,1,2014, USA,December,12,Las Vegas, Nevada,http://ufcstats.com/event-details/222d6b547de2e035
299,UFC 181: Hendricks vs Lawler II,1,2014, USA,December,06,Las Vegas, Nevada,http://ufcstats.com/event-details/dfdd0c5dd0d4bc23
298,UFC Fight Night: Edgar vs Swanson,0,2014, USA,November,22,Austin, Texas,http://ufcstats.com/event-details/155a02a8b4311057
297,UFC 180: Werdum vs Hunt,1,2014, Mexico,November,15,Mexico City, Distrito Federal,http://ufcstats.com/event-details/59851163aaf1aed8
296,UFC Fight Night 56: Shogun vs Saint Preux,0,2014, Brazil,November,08,Uberlandia, Minas Gerais,http://ufcstats.com/event-details/6ca68b636fbc1f18
295,UFC Fight Night: Rockhold vs Bisping,0,2014, Australia,November,07,Sydney, New South Wales,http://ufcstats.com/event-details/371a1c91b24dec2b
294,UFC 179: Aldo vs Mendes 2,1,2014, Brazil,October,25,Rio de Janeiro,unknown,http://ufcstats.com/event-details/53f02bbc41d99432
293,UFC Fight Night: MacDonald vs Saffiedine,0,2014, Canada,October,04,Halifax, Nova Scotia,http://ufcstats.com/event-details/0313bf497de9c470
292,UFC Fight Night: Nelson vs Story,0,2014, Sweden,October,04,Stockholm,unknown,http://ufcstats.com/event-details/8dc4f34c1f50d00d
291,UFC 178: Johnson vs Cariaso,1,2014, USA,September,27,Las Vegas, Nevada,http://ufcstats.com/event-details/3bb030257966b022
290,UFC Fight Night: Hunt vs Nelson,0,2014, Japan,September,20,Saitama,unknown,http://ufcstats.com/event-details/2dea80c069847321
289,UFC Fight Night: Bigfoot vs Arlovski,0,2014, Brazil,September,13,Brasilia, Distrito Federal,http://ufcstats.com/event-details/a71feb7ea7592a71
288,UFC Fight Night: Jacare vs Mousasi,0,2014, USA,September,05,Ledyard, Connecticut,http://ufcstats.com/event-details/9bcfb40dbcd50568
287,UFC 177: Dillashaw vs Soto,1,2014, USA,August,30,Sacramento, California,http://ufcstats.com/event-details/269d103c96a4c3a5
286,UFC Fight Night: Henderson vs Dos Anjos,0,2014, USA,August,23,Tulsa, Oklahoma,http://ufcstats.com/event-details/063649e21bc9d6d5
285,UFC Fight Night: Bisping vs Le,0,2014, China,August,23,Macau,unknown,http://ufcstats.com/event-details/770b9d4813c25902
284,UFC Fight Night: Bader vs Saint Preux,0,2014, USA,August,16,Bangor, Maine,http://ufcstats.com/event-details/fd7acf42bd6e7e95
283,UFC on FOX: Lawler vs Brown,1,2014, USA,July,26,San Jose, California,http://ufcstats.com/event-details/05fbfe628658c538
282,UFC Fight Night: McGregor vs Brandao,0,2014, Ireland,July,19,Dublin, Leinster,http://ufcstats.com/event-details/073eee4e62f0d988
281,UFC Fight Night: Cowboy vs Miller,0,2014, USA,July,16,Atlantic City, New Jersey,http://ufcstats.com/event-details/79ded75550efc139
280,The Ultimate Fighter: Team Edgar vs. Team Penn Finale,1,2014, USA,July,06,Las Vegas, Nevada,http://ufcstats.com/event-details/1c5879330d42255f
279,UFC 175: Weidman vs Machida,1,2014, USA,July,05,Las Vegas, Nevada,http://ufcstats.com/event-details/53adf5b845d91e4a
278,UFC Fight Night: Swanson vs Stephens,0,2014, USA,June,28,San Antonio, Texas,http://ufcstats.com/event-details/c0ed7b208197e8de
277,UFC Fight Night: Te Huna vs Marquardt,0,2014, New Zealand,June,28,Auckland,unknown,http://ufcstats.com/event-details/ac9521250dc1a14c
276,UFC 174: Johnson vs Bagautinov,1,2014, Canada,June,14,Vancouver, British Columbia,http://ufcstats.com/event-details/5b5307450405abf0
275,UFC Fight Night: Henderson vs Khabilov,0,2014, USA,June,07,Albuquerque, New Mexico,http://ufcstats.com/event-details/1fcfc3709fe58151
274,UFC Fight Night: Miocic vs Maldonado,0,2014, Brazil,May,31,Sao Paulo,unknown,http://ufcstats.com/event-details/59aaf2730b84698a
273,UFC Fight Night: Munoz vs Mousasi,0,2014, Germany,May,31,Berlin,unknown,http://ufcstats.com/event-details/b757c73f443d4fca
272,UFC 173: Barao vs Dillashaw,1,2014, USA,May,24,Las Vegas, Nevada,http://ufcstats.com/event-details/9ca265dfe8323db3
271,UFC Fight Night: Brown vs Silva,0,2014, USA,May,10,Cincinnati, Ohio,http://ufcstats.com/event-details/579fcdfcabd23a7b
270,UFC 172: Jones vs Teixeira,1,2014, USA,April,26,Baltimore, Maryland,http://ufcstats.com/event-details/4f2fcbefb668689d
269,UFC on FOX: Werdum vs Browne,1,2014, USA,April,19,Orlando, Florida,http://ufcstats.com/event-details/a421465acbe59c77
268,UFC Fight Night: Bisping vs Kennedy,0,2014, Canada,April,16,Quebec City, Quebec,http://ufcstats.com/event-details/f9f07bb5a43535ed
267,UFC Fight Night: Minotauro vs Nelson,0,2014, United Arab Emirates,April,11,Abu Dhabi,unknown,http://ufcstats.com/event-details/d632d156c0549e07
266,UFC Fight Night: Shogun vs Henderson 2,0,2014, Brazil,March,23,Natal, Rio Grande do Norte,http://ufcstats.com/event-details/d5f820c11a121050
265,UFC 171: Hendricks vs Lawler,1,2014, USA,March,15,Dallas, Texas,http://ufcstats.com/event-details/179f1948dc234f1f
264,UFC Fight Night: Gustafsson vs Manuwa,0,2014, United Kingdom,March,08,London, England,http://ufcstats.com/event-details/ebc1f40e00e0c481
263,UFC Fight Night: Kim vs Hathaway,0,2014, China,March,01,Macau,unknown,http://ufcstats.com/event-details/a26198ba5093147e
262,UFC 170: Rousey vs McMann,1,2014, USA,February,22,Las Vegas, Nevada,http://ufcstats.com/event-details/3138fab619faf4d1
261,UFC Fight Night: Machida vs Mousasi,0,2014, Brazil,February,15,Jaragua do Sul, Santa Catarina,http://ufcstats.com/event-details/51b0bb73a1da34bc
260,UFC 169: Barao vs Faber 2,1,2014, USA,February,01,Newark, New Jersey,http://ufcstats.com/event-details/fc31f896cde2bc2e
259,UFC on FOX: Henderson vs Thomson,1,2014, USA,January,25,Chicago, Illinois,http://ufcstats.com/event-details/a8d521d913df4e31
258,UFC Fight Night: Rockhold vs Philippou,0,2014, USA,January,15,Duluth, Georgia,http://ufcstats.com/event-details/30a09e43f15f1d75
257,UFC Fight Night: Saffiedine vs Lim,0,2014, Singapore,January,04,Singapore,unknown,http://ufcstats.com/event-details/e5c9de15bb58b1c6
256,UFC 168: Weidman vs Silva 2,1,2013, USA,December,28,Las Vegas, Nevada,http://ufcstats.com/event-details/83d0de122f2f9664
255,UFC on FOX: Johnson vs. Benavidez 2,1,2013, USA,December,14,Sacramento, California,http://ufcstats.com/event-details/480b702debcb5433
254,UFC Fight Night: Hunt vs Bigfoot,0,2013, Australia,December,06,Brisbane, Queensland,http://ufcstats.com/event-details/ee457ef1e1c326c1
253,The Ultimate Fighter: Team Rousey vs. Team Tate Finale,1,2013, USA,November,30,Las Vegas, Nevada,http://ufcstats.com/event-details/9a967e8e43dcef63
252,UFC 167: St-Pierre vs Hendricks,1,2013, USA,November,16,Las Vegas, Nevada,http://ufcstats.com/event-details/28f3c2258a1d8874
251,UFC Fight Night: Belfort vs Henderson 2,0,2013, Brazil,November,09,Goiania, Goias,http://ufcstats.com/event-details/5d7c18191b8aa432
250,UFC Fight Night: Fight for the Troops 3,0,2013, USA,November,06,Fort Campbell, Kentucky,http://ufcstats.com/event-details/35dc6220b113b7ec
249,UFC Fight Night: Machida vs Munoz,0,2013, United Kingdom,October,26,Manchester, England,http://ufcstats.com/event-details/60884f31ead1609c
248,UFC 166: Velasquez vs Dos Santos 3,1,2013, USA,October,19,Houston, Texas,http://ufcstats.com/event-details/eae4aec1a5a8ff01
247,UFC Fight Night: Maia vs Shields,0,2013, Brazil,October,09,Barueri, Sao Paulo,http://ufcstats.com/event-details/43612456979e5d5e
246,UFC 165: Jones vs Gustafsson,1,2013, Canada,September,21,Toronto, Ontario,http://ufcstats.com/event-details/df5a77121ba84a5d
245,UFC Fight Night: Teixeira vs Bader,0,2013, Brazil,September,04,Belo Horizonte, Minas Gerais,http://ufcstats.com/event-details/b23fca14c7b79935
244,UFC 164: Henderson vs Pettis 2,1,2013, USA,August,31,Milwaukee, Wisconsin,http://ufcstats.com/event-details/980b4e712489098e
243,UFC Fight Night: Condit vs Kampmann 2,0,2013, USA,August,28,Indianapolis, Indiana,http://ufcstats.com/event-details/e5c38954c006f15c
242,UFC Fight Night: Shogun vs Sonnen,0,2013, USA,August,17,Boston, Massachusetts,http://ufcstats.com/event-details/cf1a88371c8cb690
241,UFC 163: Aldo vs Jung,1,2013, Brazil,August,03,Rio de Janeiro,unknown,http://ufcstats.com/event-details/ebc5af72ad5a28cb
240,UFC on FOX: Johnson vs Moraga,1,2013, USA,July,27,Seattle, Washington,http://ufcstats.com/event-details/5330fe7e4c3af81c
239,UFC 162: Silva vs Weidman,1,2013, USA,July,06,Las Vegas, Nevada,http://ufcstats.com/event-details/e0b74df14f52cd15
238,UFC 161: Evans vs Henderson,1,2013, Canada,June,15,Winnipeg, Manitoba,http://ufcstats.com/event-details/8fd1f27e86661ede
237,UFC on FUEL TV: Nogueira vs. Werdum,1,2013, Brazil,June,08,Fortaleza, Ceara,http://ufcstats.com/event-details/7865707fd684d77b
236,UFC 160: Velasquez vs Silva 2,1,2013, USA,May,25,Las Vegas, Nevada,http://ufcstats.com/event-details/3c241737a6069b9f
235,UFC on FX: Belfort vs. Rockhold,1,2013, Brazil,May,18,Jaragua do Sul, Santa Catarina,http://ufcstats.com/event-details/030f08370fd1c2bb
234,UFC 159: Jones vs Sonnen,1,2013, USA,April,27,Newark, New Jersey,http://ufcstats.com/event-details/ea0ad155451ed1f5
233,UFC on FOX: Henderson vs Melendez,1,2013, USA,April,20,San Jose, California,http://ufcstats.com/event-details/aa79d5399571068e
232,The Ultimate Fighter: Team Jones vs. Team Sonnen Finale,1,2013, USA,April,13,Las Vegas, Nevada,http://ufcstats.com/event-details/ce47f49e5c386a9c
231,UFC on FUEL TV: Mousasi vs Latifi,1,2013, Sweden,April,06,Stockholm,unknown,http://ufcstats.com/event-details/6291ac0a3726732f
230,UFC 158: St-Pierre vs Diaz,1,2013, Canada,March,16,Montreal, Quebec,http://ufcstats.com/event-details/f1b2a4365799c48b
229,UFC on FUEL TV: Silva vs. Stann,1,2013, Japan,March,02,Saitama,unknown,http://ufcstats.com/event-details/83c6c3e0f8bde8ee
228,UFC 157: Rousey vs Carmouche,1,2013, USA,February,23,Anaheim, California,http://ufcstats.com/event-details/09c44b317c98bf96
227,UFC on FUEL TV: Barao vs McDonald,1,2013, United Kingdom,February,16,London, England,http://ufcstats.com/event-details/4679a38cced7c64a
226,UFC 156: Aldo vs Edgar,1,2013, USA,February,02,Las Vegas, Nevada,http://ufcstats.com/event-details/601cf40c09090853
225,UFC on FOX: Johnson vs Dodson,1,2013, USA,January,26,Chicago, Illinois,http://ufcstats.com/event-details/738acab0c6934dd8
224,UFC on FX: Belfort vs Bisping,1,2013, Brazil,January,19,Sao Paulo,unknown,http://ufcstats.com/event-details/56f4b81ec4db61af
223,UFC 155: Dos Santos vs Velasquez II,1,2012, USA,December,29,Las Vegas, Nevada,http://ufcstats.com/event-details/c6e6926a81adcd00
222,The Ultimate Fighter: Team Carwin vs. Team Nelson Finale,1,2012, USA,December,15,Las Vegas, Nevada,http://ufcstats.com/event-details/c6da1c24fe473418
221,UFC on FX: Sotiropoulos vs Pearson,1,2012, Australia,December,14,Gold Coast, Queensland,http://ufcstats.com/event-details/e8c170a64dc920ac
220,UFC on FOX: Henderson vs Diaz,1,2012, USA,December,08,Seattle, Washington,http://ufcstats.com/event-details/d1e6a6536ee62517
219,UFC 154: St-Pierre vs Condit,1,2012, Canada,November,17,Montreal, Quebec,http://ufcstats.com/event-details/d41937647eae9a34
218,UFC Macao: Franklin vs Le,1,2012, China,November,10,Macau,unknown,http://ufcstats.com/event-details/319fa1bd3176bded
217,UFC 153: Silva vs Bonnar,1,2012, Brazil,October,13,Rio de Janeiro,unknown,http://ufcstats.com/event-details/96d173b7f92aa520
216,UFC on FX: Browne vs Bigfoot,1,2012, USA,October,05,Minneapolis, Minnesota,http://ufcstats.com/event-details/6a0b80a24f22e152
215,UFC on FUEL TV: Struve vs Miocic,1,2012, United Kingdom,September,29,Nottingham, England,http://ufcstats.com/event-details/6cbb7661c3258617
214,UFC 152: Jones vs Belfort,1,2012, Canada,September,22,Toronto, Ontario,http://ufcstats.com/event-details/53e533db1b8e9712
213,UFC 150: Henderson vs Edgar II,1,2012, USA,August,11,Denver, Colorado,http://ufcstats.com/event-details/3c48019bc387b80c
212,UFC on FOX: Shogun vs Vera,1,2012, USA,August,04,Los Angeles, California,http://ufcstats.com/event-details/f62850b3c7480db9
211,UFC 149: Faber vs Barao,1,2012, Canada,July,21,Calgary, Alberta,http://ufcstats.com/event-details/abbc4fc02e0d84b3
210,UFC on FUEL TV: Munoz vs Weidman,1,2012, USA,July,11,San Jose, California,http://ufcstats.com/event-details/d3b5ad3b15a64a18
209,UFC 148: Silva vs Sonnen 2,1,2012, USA,July,07,Las Vegas, Nevada,http://ufcstats.com/event-details/e8efeb9cf33b1941
208,UFC 147: Silva vs Franklin 2,1,2012, Brazil,June,23,Belo Horizonte, Minas Gerais,http://ufcstats.com/event-details/3da19339ee7051d5
207,UFC on FX: Maynard vs Guida,1,2012, USA,June,22,Atlantic City, New Jersey,http://ufcstats.com/event-details/505934897b8b4824
206,UFC on FX: Johnson vs McCall,1,2012, USA,June,08,Sunrise, Florida,http://ufcstats.com/event-details/49590e0508b2c19f
205,The Ultimate Fighter: Live Finale,1,2012, USA,June,01,Las Vegas, Nevada,http://ufcstats.com/event-details/96087e90d900f0ef
204,UFC 146: Dos Santos vs Mir,1,2012, USA,May,26,Las Vegas, Nevada,http://ufcstats.com/event-details/4985113c0928aa62
203,UFC on FUEL TV: Korean Zombie vs Poirier,1,2012, USA,May,15,Fairfax, Virginia,http://ufcstats.com/event-details/8caca5857ce0e30b
202,UFC on FOX: Diaz vs Miller,1,2012, USA,May,05,East Rutherford, New Jersey,http://ufcstats.com/event-details/5898357a45a73674
201,UFC 145: Jones vs Evans,1,2012, USA,April,21,Atlanta, Georgia,http://ufcstats.com/event-details/155bfc7ed36622df
200,UFC on FUEL TV: Gustafsson vs Silva,1,2012, Sweden,April,14,Stockholm,unknown,http://ufcstats.com/event-details/21f2974fd08085e3
199,UFC on FX: Alves vs Kampmann,1,2012, Australia,March,02,Sydney, New South Wales,http://ufcstats.com/event-details/b5ea750025697880
198,UFC 144: Edgar vs Henderson,1,2012, Japan,February,25,Saitama,unknown,http://ufcstats.com/event-details/8377c5572cb356f3
197,UFC on FUEL TV: Sanchez vs Ellenberger,1,2012, USA,February,15,Omaha, Nebraska,http://ufcstats.com/event-details/0a97691039c4bbfb
196,UFC 143: Diaz vs Condit,1,2012, USA,February,04,Las Vegas, Nevada,http://ufcstats.com/event-details/df2cf66d8c0123db
195,UFC on FOX: Evans vs Davis,1,2012, USA,January,28,Chicago, Illinois,http://ufcstats.com/event-details/c3c23c99477c041b
194,UFC on FX: Guillard vs Miller,1,2012, USA,January,20,Nashville, Tennessee,http://ufcstats.com/event-details/4d74641fac830182
193,UFC 142: Aldo vs Mendes,1,2012, Brazil,January,14,Rio de Janeiro,unknown,http://ufcstats.com/event-details/18524b46c570730b
192,UFC 141: Lesnar vs Overeem,1,2011, USA,December,30,Las Vegas, Nevada,http://ufcstats.com/event-details/91720876db0ee468
191,UFC 140: Jones vs Machida,1,2011, Canada,December,10,Toronto, Ontario,http://ufcstats.com/event-details/6d7886b094b471ac
190,The Ultimate Fighter: Team Bisping vs Team Miller Finale,1,2011, USA,December,03,Las Vegas, Nevada,http://ufcstats.com/event-details/1f5f75658551f2d3
189,UFC 139: Shogun vs Henderson,1,2011, USA,November,19,San Jose, California,http://ufcstats.com/event-details/0ec821423baa26bd
188,UFC on FOX: Velasquez vs Dos Santos,1,2011, USA,November,12,Anaheim, California,http://ufcstats.com/event-details/1c061eb6e29eaa0a
187,UFC 138: Leben vs Munoz,1,2011, United Kingdom,November,05,Birmingham, England,http://ufcstats.com/event-details/e780ccc79a209985
186,UFC 137: Penn vs Diaz,1,2011, USA,October,29,Las Vegas, Nevada,http://ufcstats.com/event-details/8788beb528894f33
185,UFC 136: Edgar vs Maynard 3,1,2011, USA,October,08,Houston, Texas,http://ufcstats.com/event-details/7d5b12de1625984e
184,UFC Live: Cruz vs Johnson,1,2011, USA,October,01,Washington, DC,http://ufcstats.com/event-details/44f9c777fed7ca03
183,UFC 135: Jones vs Rampage,1,2011, USA,September,24,Denver, Colorado,http://ufcstats.com/event-details/73ef22f25d0f70e2
182,UFC Fight Night: Shields vs Ellenberger,0,2011, USA,September,17,New Orleans, Louisiana,http://ufcstats.com/event-details/1ffc38f67785797b
181,UFC 134: Silva vs Okami,1,2011, Brazil,August,27,Rio de Janeiro,unknown,http://ufcstats.com/event-details/18968f97ad34f15c
180,UFC Live: Hardy vs Lytle,1,2011, USA,August,14,Milwaukee, Wisconsin,http://ufcstats.com/event-details/4c8d6fde2dde07c4
179,UFC 133: Evans vs Ortiz 2,1,2011, USA,August,06,Philadelphia, Pennsylvania,http://ufcstats.com/event-details/f1f9e48a0d150757
178,UFC 132: Cruz vs Faber,1,2011, USA,July,02,Las Vegas, Nevada,http://ufcstats.com/event-details/83fd97284f4bb4a4
177,UFC Live: Kongo vs Barry,1,2011, USA,June,26,Pittsburgh, Pennsylvania,http://ufcstats.com/event-details/d023ae89a2a4a41e
176,UFC 131: Dos Santos vs Carwin,1,2011, Canada,June,11,Vancouver, British Columbia,http://ufcstats.com/event-details/aac5ac38148f0528
175,The Ultimate Fighter: Team Lesnar vs Team dos Santos Finale,1,2011, USA,June,04,Las Vegas, Nevada,http://ufcstats.com/event-details/3ba3b5cc94498437
174,UFC 130: Rampage vs Hamill,1,2011, USA,May,28,Las Vegas, Nevada,http://ufcstats.com/event-details/b732b326c362fb62
173,UFC 129: St-Pierre vs Shields,1,2011, Canada,April,30,Toronto, Ontario,http://ufcstats.com/event-details/2db7fa8db6bc9632
172,UFC Fight Night: Nogueira vs Davis,0,2011, USA,March,26,Seattle, Washington,http://ufcstats.com/event-details/8a59d346dc976a10
171,UFC 128: Shogun vs Jones,1,2011, USA,March,19,Newark, New Jersey,http://ufcstats.com/event-details/1411c630ba711b64
170,UFC Live: Sanchez vs Kampmann,1,2011, USA,March,03,Louisville, Kentucky,http://ufcstats.com/event-details/a54fc2d6fc224dc3
169,UFC 127: Penn vs Fitch,1,2011, Australia,February,26,Sydney, New South Wales,http://ufcstats.com/event-details/88a9bc81271ccd89
168,UFC 126: Silva vs Belfort,1,2011, USA,February,05,Las Vegas, Nevada,http://ufcstats.com/event-details/65ddc8a9ac4e8531
167,UFC Fight Night: Fight for the Troops 2,0,2011, USA,January,22,Killeen, Texas,http://ufcstats.com/event-details/282fa667ff9c51ed
166,UFC 125: Resolution,1,2011, USA,January,01,Las Vegas, Nevada,http://ufcstats.com/event-details/d1152823307d7e7c
165,UFC 124: St-Pierre vs Koscheck 2,1,2010, Canada,December,11,Montreal, Quebec,http://ufcstats.com/event-details/132f860d02953f4c
164,The Ultimate Fighter: Team GSP vs Team Koscheck Finale,1,2010, USA,December,04,Las Vegas, Nevada,http://ufcstats.com/event-details/5d7bdab5e03e3216
163,UFC 123: Rampage vs Machida,1,2010, USA,November,20,Auburn Hills, Michigan,http://ufcstats.com/event-details/dd992d569aaebee6
162,UFC 122: Marquardt vs Okami,1,2010, Germany,November,13,Oberhausen, North Rhine-Westphalia,http://ufcstats.com/event-details/0ff11cc094e887bc
161,UFC 121: Lesnar vs Velasquez,1,2010, USA,October,23,Anaheim, California,http://ufcstats.com/event-details/afdb76fbd86f6d11
160,UFC 120: Bisping vs Akiyama,1,2010, United Kingdom,October,16,London, England,http://ufcstats.com/event-details/d512d9f204059f57
159,UFC 119: Mir vs Cro Cop,1,2010, USA,September,25,Indianapolis, Indiana,http://ufcstats.com/event-details/ad32471f01e7b1a5
158,UFC Fight Night: Marquardt vs Palhares,0,2010, USA,September,15,Austin, Texas,http://ufcstats.com/event-details/acff437707625fc7
157,UFC 118: Edgar vs Penn 2,1,2010, USA,August,28,Boston, Massachusetts,http://ufcstats.com/event-details/054defd5420a551f
156,UFC 117: Silva vs Sonnen,1,2010, USA,August,07,Oakland, California,http://ufcstats.com/event-details/2f3f12002564bb55
155,UFC Live: Jones vs Matyushenko,1,2010, USA,August,01,San Diego, California,http://ufcstats.com/event-details/f12f979b657ab876
154,UFC 116: Lesnar vs Carwin,1,2010, USA,July,03,Las Vegas, Nevada,http://ufcstats.com/event-details/140745cbbcb023ac
153,The Ultimate Fighter: Team Liddell vs Team Ortiz Finale,1,2010, USA,June,19,Las Vegas, Nevada,http://ufcstats.com/event-details/9bcf8603ceb25680
152,UFC 115: Liddell vs Franklin,1,2010, Canada,June,12,Vancouver, British Columbia,http://ufcstats.com/event-details/cfb65863d5099327
151,UFC 114: Rampage vs Evans,1,2010, USA,May,29,Las Vegas, Nevada,http://ufcstats.com/event-details/bfc2fc38a0e20211
150,UFC 113: Machida vs Shogun 2,1,2010, Canada,May,08,Montreal, Quebec,http://ufcstats.com/event-details/d0c29452d3272603
149,UFC 112: Invincible,1,2010, United Arab Emirates,April,10,Abu Dhabi,unknown,http://ufcstats.com/event-details/24b033b3daf1c9df
148,UFC Fight Night: Florian vs Gomi,0,2010, USA,March,31,Charlotte, North Carolina,http://ufcstats.com/event-details/3ed134d85dfbd7b4
147,UFC 111: St-Pierre vs Hardy,1,2010, USA,March,27,Newark, New Jersey,http://ufcstats.com/event-details/c80095f6092271a7
146,UFC Live: Vera vs Jones,1,2010, USA,March,21,Broomfield, Colorado,http://ufcstats.com/event-details/3795fca327cbcf23
145,UFC 110: Nogueira vs Velasquez,1,2010, Australia,February,20,Sydney, New South Wales,http://ufcstats.com/event-details/49efbdc6c9f650c4
144,UFC 109: Relentless,1,2010, USA,February,06,Las Vegas, Nevada,http://ufcstats.com/event-details/15edcf67ccf5be84
143,UFC Fight Night: Maynard vs Diaz,0,2010, USA,January,11,Fairfax, Virginia,http://ufcstats.com/event-details/58bc81376286b3d3
142,UFC 108: Evans vs Silva,1,2010, USA,January,02,Las Vegas, Nevada,http://ufcstats.com/event-details/a6d8bfe9e0c8153b
141,UFC 107: Penn vs Sanchez,1,2009, USA,December,12,Memphis, Tennessee,http://ufcstats.com/event-details/821cd80aab70d5f9
140,The Ultimate Fighter: Heavyweights Finale,1,2009, USA,December,05,Las Vegas, Nevada,http://ufcstats.com/event-details/91d73ee59347ac16
139,UFC 106: Ortiz vs Griffin 2,1,2009, USA,November,21,Las Vegas, Nevada,http://ufcstats.com/event-details/84a067c46306a737
138,UFC 105: Couture vs Vera,1,2009, United Kingdom,November,14,Manchester, England,http://ufcstats.com/event-details/fa8b9e6b0c2269f8
137,UFC 104: Machida vs Shogun,1,2009, USA,October,24,Los Angeles, California,http://ufcstats.com/event-details/7c0847d3854a95f2
136,UFC 103: Franklin vs Belfort,1,2009, USA,September,19,Dallas, Texas,http://ufcstats.com/event-details/896c322f56b8be5a
135,UFC Fight Night: Diaz vs Guillard,0,2009, USA,September,16,Oklahoma City, Oklahoma,http://ufcstats.com/event-details/a8ea84cbe1655f0a
134,UFC 102: Couture vs Nogueira,1,2009, USA,August,29,Portland, Oregon,http://ufcstats.com/event-details/c6a33ff198aaaeeb
133,UFC 101: Declaration,1,2009, USA,August,08,Philadelphia, Pennsylvania,http://ufcstats.com/event-details/48d1f690b763934c
132,UFC 100,1,2009, USA,July,11,Las Vegas, Nevada,http://ufcstats.com/event-details/0ee783aa00e468f0
131,The Ultimate Fighter: United States vs. United Kingdom Finale,1,2009, USA,June,20,Las Vegas, Nevada,http://ufcstats.com/event-details/4908c5ee68a50ee5
130,UFC 99: The Comeback,1,2009, Germany,June,13,Cologne, North Rhine-Westphalia,http://ufcstats.com/event-details/cb6783c39c01d896
129,UFC 98: Evans vs Machida,1,2009, USA,May,23,Las Vegas, Nevada,http://ufcstats.com/event-details/c4b6099f0d25f75e
128,UFC 97: Redemption,1,2009, Canada,April,18,Montreal, Quebec,http://ufcstats.com/event-details/1652f3213655b935
127,UFC Fight Night: Condit vs Kampmann,0,2009, USA,April,01,Nashville, Tennessee,http://ufcstats.com/event-details/04d5718ed2661e8c
126,UFC 96: Jackson vs Jardine,1,2009, USA,March,07,Columbus, Ohio,http://ufcstats.com/event-details/29b5791e51e7e832
125,UFC 95: Sanchez vs Stevenson,1,2009, United Kingdom,February,21,London, England,http://ufcstats.com/event-details/7d21de9c6d7c98b2
124,UFC Fight Night: Lauzon vs Stephens,0,2009, USA,February,07,Tampa, Florida,http://ufcstats.com/event-details/d1759b2b7be9be56
123,UFC 94: St-Pierre vs Penn 2,1,2009, USA,January,31,Las Vegas, Nevada,http://ufcstats.com/event-details/2a542ee8a8b83559
122,UFC 93: Franklin vs Henderson,1,2009, Ireland,January,17,Dublin, Leinster,http://ufcstats.com/event-details/68c6cd5287b473a7
121,UFC 92: The Ultimate 2008,1,2008, USA,December,27,Las Vegas, Nevada,http://ufcstats.com/event-details/23ab42947c1990e3
120,The Ultimate Fighter: Team Nogueira vs. Team Mir Finale,1,2008, USA,December,13,Las Vegas, Nevada,http://ufcstats.com/event-details/ea398c802d9998ee
119,UFC Fight Night - Fight for the Troops,0,2008, USA,December,10,Fayetteville, North Carolina,http://ufcstats.com/event-details/30cd319d39ee689b
118,UFC 91: Couture vs Lesnar,1,2008, USA,November,15,Las Vegas, Nevada,http://ufcstats.com/event-details/a2b06ca02bca14c0
117,UFC 90: Silva vs Cote,1,2008, USA,October,25,Rosemont, Illinois,http://ufcstats.com/event-details/c670aa48827d6be6
116,UFC 89: Bisping vs Leben,1,2008, United Kingdom,October,18,Birmingham, England,http://ufcstats.com/event-details/312f47c3d2f83ffa
115,UFC Fight Night: Diaz vs Neer,0,2008, USA,September,17,Omaha, Nebraska,http://ufcstats.com/event-details/279093302a6f44b3
114,UFC 88: Breakthrough,1,2008, USA,September,06,Atlanta, Georgia,http://ufcstats.com/event-details/0db70ca89e1c7374
113,UFC 87: Seek And Destroy,1,2008, USA,August,09,Minneapolis, Minnesota,http://ufcstats.com/event-details/19ffeb5e3fffd6d5
112,UFC: Silva vs Irvin,1,2008, USA,July,19,Las Vegas, Nevada,http://ufcstats.com/event-details/46f11d15c0134fe3
111,UFC 86: Jackson vs Griffin,1,2008, USA,July,05,Las Vegas, Nevada,http://ufcstats.com/event-details/bf12aca029bfcc47
110,The Ultimate Fighter: Team Rampage vs Team Forrest Finale,1,2008, USA,June,21,Las Vegas, Nevada,http://ufcstats.com/event-details/2299605af59fd309
109,UFC 85: Bedlam,1,2008, United Kingdom,June,07,London, England,http://ufcstats.com/event-details/2efbc83a6b9b7f86
108,UFC 84: Ill Will,1,2008, USA,May,24,Las Vegas, Nevada,http://ufcstats.com/event-details/2549d63da9c456cb
107,UFC 83: Serra vs St-Pierre 2,1,2008, Canada,April,19,Montreal, Quebec,http://ufcstats.com/event-details/ad047e3073a775f3
106,UFC Fight Night: Florian vs Lauzon,0,2008, USA,April,02,Broomfield, Colorado,http://ufcstats.com/event-details/b9e871af730f826c
105,UFC 82: Pride of a Champion,1,2008, USA,March,01,Columbus, Ohio,http://ufcstats.com/event-details/598a58db87b890ee
104,UFC 81: Breaking Point,1,2008, USA,February,02,Las Vegas, Nevada,http://ufcstats.com/event-details/597db668b01c442c
103,UFC Fight Night: Swick vs Burkman,0,2008, USA,January,23,Las Vegas, Nevada,http://ufcstats.com/event-details/33e33d51f289d2a1
102,UFC 80: Rapid Fire,1,2008, United Kingdom,January,19,Newcastle, England,http://ufcstats.com/event-details/a24e080000fa7a35
101,UFC 79: Nemesis,1,2007, USA,December,29,Las Vegas, Nevada,http://ufcstats.com/event-details/7269329bd87eb479
100,The Ultimate Fighter: Team Hughes vs. Team Serra Finale,1,2007, USA,December,08,Las Vegas, Nevada,http://ufcstats.com/event-details/df85d6ec3493d120
99,UFC 78: Validation,1,2007, USA,November,17,Newark, New Jersey,http://ufcstats.com/event-details/1d147d4163a6989b
98,UFC 77: Hostile Territory,1,2007, USA,October,20,Cincinnati, Ohio,http://ufcstats.com/event-details/91181b29be041f1c
97,UFC 76: Knockout,1,2007, USA,September,22,Anaheim, California,http://ufcstats.com/event-details/bad28b7b34f334de
96,UFC Fight Night: Thomas vs Florian,0,2007, USA,September,19,Las Vegas, Nevada,http://ufcstats.com/event-details/f341f9551ba744e2
95,UFC 75: Champion vs Champion,1,2007, United Kingdom,September,08,London, England,http://ufcstats.com/event-details/0aa92558424ced9e
94,UFC 74: Respect,1,2007, USA,August,25,Las Vegas, Nevada,http://ufcstats.com/event-details/a5c53b3ddb31cc7d
93,UFC 73: Stacked,1,2007, USA,July,07,Sacramento, California,http://ufcstats.com/event-details/2a6f8136da1e52c0
92,The Ultimate Fighter: Team Pulver vs. Team Penn Finale,1,2007, USA,June,23,Las Vegas, Nevada,http://ufcstats.com/event-details/e7ec11096eac0282
91,UFC 72: Victory,1,2007, United Kingdom,June,16,Belfast, Northern Ireland,http://ufcstats.com/event-details/5ca158b1cc9cb242
90,UFC Fight Night: Stout vs Fisher,0,2007, USA,June,12,Hollywood, Florida,http://ufcstats.com/event-details/304fcd812f12c589
89,UFC 71: Liddell vs Jackson,1,2007, USA,May,26,Las Vegas, Nevada,http://ufcstats.com/event-details/2e04a3b4a2011b97
88,UFC 70: Nations Collide,1,2007, United Kingdom,April,21,Manchester, England,http://ufcstats.com/event-details/4604ab1de9058474
87,UFC 69: Shootout,1,2007, USA,April,07,Houston, Texas,http://ufcstats.com/event-details/c1684f00c626f4c0
86,UFC Fight Night: Stevenson vs Guillard,0,2007, USA,April,05,Las Vegas, Nevada,http://ufcstats.com/event-details/a6c2f5381d575920
85,UFC 68: The Uprising,1,2007, USA,March,03,Columbus, Ohio,http://ufcstats.com/event-details/de3ed2e152520c8d
84,UFC 67: All or Nothing,1,2007, USA,February,03,Las Vegas, Nevada,http://ufcstats.com/event-details/63b65af1c5cb02cb
83,UFC Fight Night: Evans vs Salmon,0,2007, USA,January,25,Hollywood, Florida,http://ufcstats.com/event-details/13c4313ed0f744f3
82,UFC 66: Liddell vs Ortiz 2,1,2006, USA,December,30,Las Vegas, Nevada,http://ufcstats.com/event-details/ee5df903f80c6816
81,UFC Fight Night: Sanchez vs Riggs,0,2006, USA,December,13,San Diego, California,http://ufcstats.com/event-details/21b8a0f5c231096f
80,UFC 65: Bad Intentions,1,2006, USA,November,18,Sacramento, California,http://ufcstats.com/event-details/3fed746acfd026dd
79,The Ultimate Fighter: The Comeback Finale,1,2006, USA,November,11,Las Vegas, Nevada,http://ufcstats.com/event-details/baf942f4bcb09894
78,UFC 64: Unstoppable,1,2006, USA,October,14,Las Vegas, Nevada,http://ufcstats.com/event-details/13b2f59210dda9cc
77,Ortiz vs Shamrock 3: The Final Chapter,1,2006, USA,October,10,Hollywood, Florida,http://ufcstats.com/event-details/577ec7e108b94be3
76,UFC 63: Hughes vs Penn,1,2006, USA,September,23,Anaheim, California,http://ufcstats.com/event-details/13e62d766b709aa6
75,UFC 62: Liddell vs Sobral,1,2006, USA,August,26,Las Vegas, Nevada,http://ufcstats.com/event-details/f717b6002486f73f
74,UFC Fight Night 6,0,2006, USA,August,17,Las Vegas, Nevada,http://ufcstats.com/event-details/46c8ec317aff28ac
73,UFC 61: Bitter Rivals,1,2006, USA,July,08,Las Vegas, Nevada,http://ufcstats.com/event-details/f70144caea5c4c80
72,UFC Fight Night 5,0,2006, USA,June,28,Las Vegas, Nevada,http://ufcstats.com/event-details/445a98acb8985970
71,The Ultimate Fighter: Team Ortiz vs. Team Shamrock Finale,1,2006, USA,June,24,Las Vegas, Nevada,http://ufcstats.com/event-details/1dab0d1d81dd06db
70,UFC 60: Hughes vs Gracie,1,2006, USA,May,27,Los Angeles, California,http://ufcstats.com/event-details/a54a35a670d8e852
69,UFC 59: Reality Check,1,2006, USA,April,15,Anaheim, California,http://ufcstats.com/event-details/03688dc3c3af3ac1
68,UFC Fight Night 4,0,2006, USA,April,06,Las Vegas, Nevada,http://ufcstats.com/event-details/b361180739bed4b0
67,UFC 58: USA vs Canada,1,2006, USA,March,04,Las Vegas, Nevada,http://ufcstats.com/event-details/0e9869d712e81f8f
66,UFC 57: Liddell vs Couture 3,1,2006, USA,February,04,Las Vegas, Nevada,http://ufcstats.com/event-details/977081bc01197656
65,UFC Fight Night 3,0,2006, USA,January,16,Las Vegas, Nevada,http://ufcstats.com/event-details/2ee09ec2a0695eb9
64,UFC 56: Full Force,1,2005, USA,November,19,Las Vegas, Nevada,http://ufcstats.com/event-details/c7e9d15cfce52f1d
63,The Ultimate Fighter: Team Hughes vs. Team Franklin Finale,1,2005, USA,November,05,Las Vegas, Nevada,http://ufcstats.com/event-details/31ceaf0e670c1578
62,UFC 55: Fury,1,2005, USA,October,07,Uncasville, Connecticut,http://ufcstats.com/event-details/271fe91f4ba9d2c5
61,UFC Fight Night 2,0,2005, USA,October,03,Las Vegas, Nevada,http://ufcstats.com/event-details/efaf544314bb5c2e
60,UFC 54: Boiling Point,1,2005, USA,August,20,Las Vegas, Nevada,http://ufcstats.com/event-details/669a3cb6e394f515
59,UFC Fight Night 1,0,2005, USA,August,06,Las Vegas, Nevada,http://ufcstats.com/event-details/3f24c96753dbd9f9
58,UFC 53: Heavy Hitters,1,2005, USA,June,04,Atlantic City, New Jersey,http://ufcstats.com/event-details/d3711d3784b76255
57,UFC 52: Couture vs Liddell 2,1,2005, USA,April,16,Las Vegas, Nevada,http://ufcstats.com/event-details/c933d423ebdbbbdb
56,The Ultimate Fighter: Team Couture vs. Team Liddell Finale,1,2005, USA,April,09,Las Vegas, Nevada,http://ufcstats.com/event-details/fbbde91f7bc2d3c5
55,UFC 51: Super Saturday,1,2005, USA,February,05,Las Vegas, Nevada,http://ufcstats.com/event-details/85d905f7c4f5a1af
54,UFC 50: The War Of '04,1,2004, USA,October,22,Atlantic City, New Jersey,http://ufcstats.com/event-details/ce783bf73b5131f9
53,UFC 49: Unfinished Business,1,2004, USA,August,21,Las Vegas, Nevada,http://ufcstats.com/event-details/b4bc2e3353a770b5
52,UFC 48: Payback,1,2004, USA,June,19,Las Vegas, Nevada,http://ufcstats.com/event-details/429e7d3725852ce9
51,UFC 47: It's On!,1,2004, USA,April,02,Las Vegas, Nevada,http://ufcstats.com/event-details/e8fb8e53bc2e29d6
50,UFC 46: Supernatural,1,2004, USA,January,31,Las Vegas, Nevada,http://ufcstats.com/event-details/94609dd91731d428
49,UFC 45: Revolution,1,2003, USA,November,21,Uncasville, Connecticut,http://ufcstats.com/event-details/e670f8cc2969a789
48,UFC 44: Undisputed,1,2003, USA,September,26,Las Vegas, Nevada,http://ufcstats.com/event-details/c61f66d8c3fd5f07
47,UFC 43: Meltdown,1,2003, USA,June,06,Las Vegas, Nevada,http://ufcstats.com/event-details/108afe61a26bcbf4
46,UFC 42: Sudden Impact,1,2003, USA,April,25,Miami, Florida,http://ufcstats.com/event-details/ae58685caf8e4a0d
45,UFC 41: Onslaught,1,2003, USA,February,28,Atlantic City, New Jersey,http://ufcstats.com/event-details/bba678d312590087
44,UFC 40: Vendetta,1,2002, USA,November,22,Las Vegas, Nevada,http://ufcstats.com/event-details/e06fd1260ac865a7
43,UFC 39: The Warriors Return,1,2002, USA,September,27,Uncasville, Connecticut,http://ufcstats.com/event-details/0cf935519d439ba6
42,UFC 38: Brawl at the Hall,1,2002, United Kingdom,July,13,London, England,http://ufcstats.com/event-details/1dc56b59cb28425d
41,UFC 37.5: As Real As It Gets,1,2002, USA,June,22,Las Vegas, Nevada,http://ufcstats.com/event-details/9ccdd2ce45903f34
40,UFC 37: High Impact,1,2002, USA,May,10,Bossier City, Louisiana,http://ufcstats.com/event-details/9fd1f08dd4aec14a
39,UFC 36: Worlds Collide,1,2002, USA,March,22,Las Vegas, Nevada,http://ufcstats.com/event-details/02fc8f50f56eb307
38,UFC 35: Throwdown,1,2002, USA,January,11,Uncasville, Connecticut,http://ufcstats.com/event-details/946f341df6472ee0
37,UFC 34: High Voltage,1,2001, USA,November,02,Las Vegas, Nevada,http://ufcstats.com/event-details/4dc496aa0cfc0d95
36,UFC 33: Victory in Vegas,1,2001, USA,September,28,Las Vegas, Nevada,http://ufcstats.com/event-details/c75b99887c8c3f5a
35,UFC 32: Showdown in the Meadowlands,1,2001, USA,June,29,East Rutherford, New Jersey,http://ufcstats.com/event-details/7b9aa973e5c04624
34,UFC 31: Locked and Loaded,1,2001, USA,May,04,Atlantic City, New Jersey,http://ufcstats.com/event-details/20bd6c3e03c46ee6
33,UFC 30: Battle on the Boardwalk,1,2001, USA,February,23,Atlantic City, New Jersey,http://ufcstats.com/event-details/2b1587a3376ab743
32,UFC 29: Defense of the Belts,1,2000, Japan,December,16,Tokyo,unknown,http://ufcstats.com/event-details/08ae5cd9aef7ddd3
31,UFC 28: High Stakes,1,2000, USA,November,17,Atlantic City, New Jersey,http://ufcstats.com/event-details/da6dfd09cca1d705
30,UFC 27: Ultimate Bad Boyz,1,2000, USA,September,22,New Orleans, Louisiana,http://ufcstats.com/event-details/31652c9267606d54
29,UFC 26: Ultimate Field Of Dreams,1,2000, USA,June,09,Cedar Rapids, Iowa,http://ufcstats.com/event-details/cedfdf8d423d500c
28,UFC 25: Ultimate Japan 3,1,2000, Japan,April,14,Tokyo,unknown,http://ufcstats.com/event-details/d2b1c1317a39f6c6
27,UFC 24: First Defense,1,2000, USA,March,10,Lake Charles, Louisiana,http://ufcstats.com/event-details/20ec0061400178ca
26,UFC 23: Ultimate Japan 2,1,1999, Japan,November,19,Chiba,unknown,http://ufcstats.com/event-details/a8fa0c4e95512806
25,UFC 22: Only One Can be Champion,1,1999, USA,September,24,Lake Charles, Louisiana,http://ufcstats.com/event-details/afaad7d6a581e307
24,UFC 21: Return of the Champions,1,1999, USA,July,16,Cedar Rapids, Iowa,http://ufcstats.com/event-details/1a1a4d7a29041d77
23,UFC 20: Battle for the Gold,1,1999, USA,May,07,Birmingham, Alabama,http://ufcstats.com/event-details/a7b48e18ca27795d
22,UFC 19: Ultimate Young Guns,1,1999, USA,March,05,Bay St. Louis, Mississippi,http://ufcstats.com/event-details/a220be6d41d6f97d
21,UFC 18: The Road to the Heavyweight Title,1,1999, USA,January,08,New Orleans, Louisiana,http://ufcstats.com/event-details/c9bbf1a0285a8076
20,UFC - Ultimate Brazil,1,1998, Brazil,October,16,Sao Paulo,unknown,http://ufcstats.com/event-details/32a3025d5db456ae
19,UFC 17: Redemption,1,1998, USA,May,15,Mobile, Alabama,http://ufcstats.com/event-details/4a01dc8376736ef5
18,UFC 16: Battle in the Bayou,1,1998, USA,March,13,New Orleans, Louisiana,http://ufcstats.com/event-details/749685d24e2cac50
17,UFC - Ultimate Japan,1,1997, Japan,December,21,Yokohama, Kanagawa,http://ufcstats.com/event-details/29f935654825331b
16,UFC 15: Collision Course,1,1997, USA,October,17,Bay St. Louis, Mississippi,http://ufcstats.com/event-details/07a18ae55dfc3cd9
15,UFC 14: Showdown,1,1997, USA,July,27,Birmingham, Alabama,http://ufcstats.com/event-details/dc950d59dc590aca
14,UFC 13: The Ultimate Force,1,1997, USA,May,30,Augusta, Georgia,http://ufcstats.com/event-details/5bd533d50c8e7b8a
13,UFC 12: Judgement Day,1,1997, USA,February,07,Dothan, Alabama,http://ufcstats.com/event-details/96eff1a628adcc7f
12,UFC - Ultimate Ultimate '96,1,1996, USA,December,07,Birmingham, Alabama,http://ufcstats.com/event-details/9b5b5a75523728f3
11,UFC 11: The Proving Ground,1,1996, USA,September,20,Augusta, Georgia,http://ufcstats.com/event-details/6ceff86fae4f6b3b
10,UFC 10: The Tournament,1,1996, USA,July,12,Birmingham, Alabama,http://ufcstats.com/event-details/aee8eecfc4bfb1e7
9,UFC 9: Motor City Madness,1,1996, USA,May,17,Detroit, Michigan,http://ufcstats.com/event-details/a390eb8a9b2df298
8,UFC 8: David vs Goliath,1,1996, Puerto Rico,February,16,San Juan,unknown,http://ufcstats.com/event-details/b63e800c18e011b5
7,UFC - Ultimate Ultimate '95,1,1995, USA,December,16,Denver, Colorado,http://ufcstats.com/event-details/31bbd46d57dfbcb7
6,UFC 7: The Brawl in Buffalo,1,1995, USA,September,08,Buffalo, New York,http://ufcstats.com/event-details/5af480a3b2e1726b
5,UFC 6: Clash of the Titans,1,1995, USA,July,14,Casper, Wyoming,http://ufcstats.com/event-details/1c3f5e85b59ec710
4,UFC 5: The Return of the Beast,1,1995, USA,April,07,Charlotte, North Carolina,http://ufcstats.com/event-details/dedc3bb440d09554
3,UFC 4: Revenge of the Warriors,1,1994, USA,December,16,Tulsa, Oklahoma,http://ufcstats.com/event-details/b60391da771deefe
2,UFC 3: The American Dream,1,1994, USA,September,09,Charlotte, North Carolina,http://ufcstats.com/event-details/1a49e0670dfaca31
1,UFC 2: No Way Out,1,1994, USA,March,11,Denver, Colorado,http://ufcstats.com/event-details/a6a9ab5a824e8f66
